user_id,product_id,label,prob,pred
154001,27573,0,0.037332,0
78575,21903,0,0.900908,1
135124,9358,0,0.000487,0
26699,15040,0,0.243404,0
14876,22250,0,0.191848,0
195759,19734,0,0.708409,1
58387,43986,0,0.151504,0
181349,49416,0,0.393442,0
167086,41950,1,0.77226,1
123250,36310,0,0.082689,0
157887,31838,0,0.067237,0
183125,10060,0,0.000265,0
87618,39374,0,0.025967,0
66713,14702,0,0.552275,1
60078,17923,0,0.119814,0
70839,26620,0,0.209416,0
73988,40706,1,0.487935,0
184487,11048,0,0.053516,0
2609,6799,0,0.000196,0
6334,36070,0,0.001125,0
157290,28431,0,0.098409,0
24241,44471,0,0.544553,1
56130,27510,1,0.883424,1
37795,36443,0,3.8e-05,0
43448,33000,0,0.000164,0
136893,25653,0,0.414171,0
176056,24114,0,0.000661,0
145575,21376,0,0.00025,0
127988,29447,1,0.404421,0
55155,28842,0,0.655945,1
202094,15996,0,0.000121,0
58144,36865,1,0.312216,0
121467,4210,0,0.012459,0
109415,42887,0,0.255515,0
22640,8197,0,0.303851,0
108393,13176,0,0.000119,0
29396,30967,0,0.14479,0
93217,46526,0,0.376046,0
99749,13251,0,0.000367,0
45966,19706,0,0.477889,0
24670,43194,0,0.047593,0
181528,14778,0,0.331329,0
172200,1194,0,0.000145,0
198779,1463,0,0.000526,0
202404,44008,0,0.159797,0
116773,37067,1,0.908773,1
63703,42342,0,0.468632,0
170581,4086,0,7.2e-05,0
80710,32854,0,0.054307,0
173255,13176,0,0.939712,1
56089,24830,0,0.044046,0
140008,248,0,6.6e-05,0
67195,7485,0,0.000278,0
58647,39509,0,0.115732,0
63002,1364,0,0.737432,1
61877,6377,0,0.000169,0
10451,14576,0,0.208011,0
139570,12779,0,0.000242,0
22280,21195,0,0.286113,0
144680,23913,0,0.591417,1
108250,34731,0,0.0291,0
116640,44371,0,0.000289,0
121977,29409,0,0.020308,0
100835,22935,0,0.395132,0
102971,27451,0,0.14874,0
114592,23499,0,0.112136,0
128530,29529,0,0.066521,0
112872,14897,0,0.42218,0
88649,33636,0,0.000764,0
202516,1117,0,0.000283,0
131227,20114,0,0.611525,1
68160,49044,0,0.000333,0
89337,21513,0,0.27075,0
22599,45007,0,0.50095,1
204152,33731,0,0.000365,0
190887,42411,0,0.005866,0
158382,10549,0,0.064398,0
27473,10017,0,0.697112,1
13760,36695,0,0.000425,0
178320,42450,0,0.00033,0
186094,47144,0,0.778892,1
61583,26620,0,0.820596,1
132866,24964,0,0.000603,0
102486,33120,1,0.852039,1
44463,41366,0,0.199763,0
55857,36364,0,0.000127,0
187491,7989,0,0.089531,0
163745,5876,0,0.000916,0
140674,5913,0,0.000292,0
31963,11610,0,0.026211,0
138861,25266,0,0.000464,0
186585,33881,0,0.226124,0
135561,49510,0,0.269673,0
152197,22754,0,0.000608,0
195366,37354,0,0.157104,0
46423,35750,0,0.000331,0
173708,49429,0,0.173144,0
1975,44570,0,0.00151,0
47991,21376,0,0.000117,0
184557,12232,0,0.152128,0
57021,40009,0,0.001097,0
204605,24385,0,0.000114,0
166522,39790,0,0.125817,0
37703,43967,0,0.3072,0
148189,42585,0,0.000463,0
140210,2605,0,0.018158,0
189045,34126,0,0.044554,0
194994,45063,0,0.134653,0
139980,40696,0,0.04177,0
42836,12125,0,0.472205,0
138826,32598,0,0.004052,0
3918,10814,0,0.000387,0
171771,41057,0,0.137993,0
68737,5120,1,0.968205,1
21679,10565,0,0.020949,0
93644,35672,0,0.000152,0
151805,29440,0,0.001052,0
201456,9385,0,0.673135,1
158741,35561,0,0.007716,0
44463,43223,0,0.152199,0
147226,37354,0,0.115759,0
15054,5989,0,0.260118,0
97518,39475,0,0.000233,0
47971,22825,0,0.440543,0
54112,35221,0,0.01025,0
96381,22935,0,0.524668,1
6774,25588,0,0.000363,0
2694,9434,0,0.288249,0
173651,40182,0,0.228924,0
63038,5566,0,0.172783,0
108211,46676,0,0.000301,0
154364,39190,0,0.000633,0
19262,45664,0,0.087964,0
87876,32139,0,0.719548,1
70122,41065,0,0.000424,0
60627,3599,0,0.000134,0
51636,18140,0,0.778845,1
17765,13755,0,0.000354,0
165999,18059,0,0.543748,1
68160,3172,0,0.000316,0
137648,11742,0,9.3e-05,0
77489,18208,0,0.005389,0
80338,13807,0,0.00041,0
87929,15823,0,0.000566,0
86688,30656,0,0.007617,0
106443,15937,0,0.000168,0
61658,40545,0,0.000201,0
163247,24507,0,0.161169,0
46900,31720,0,0.5361,1
96807,21938,0,0.484421,0
28992,30795,0,0.844669,1
138283,39040,0,0.259297,0
76406,13310,0,0.249931,0
151253,7878,1,0.600538,1
136754,16759,0,0.417178,0
55896,33198,0,0.000557,0
160380,42972,0,0.267383,0
67583,48532,0,0.020138,0
185441,5491,0,5.5e-05,0
125907,32978,0,0.000363,0
38796,13740,0,0.119642,0
180417,39368,0,2.6e-05,0
151768,11132,1,0.562273,1
173238,26692,0,0.211628,0
101691,36962,0,0.28922,0
159240,33007,0,0.750064,1
132976,35951,0,0.496527,0
93325,1514,0,0.443096,0
15561,2846,0,0.683128,1
109661,23722,0,0.00016,0
119179,2002,0,0.00018,0
48351,17553,0,0.51124,1
116287,8239,0,0.206041,0
7149,35935,0,0.000372,0
112280,39928,0,0.000333,0
189928,8174,0,0.00054,0
20712,31727,0,0.242559,0
127485,16696,1,0.960095,1
196314,38827,0,0.002059,0
37817,47788,0,0.000945,0
1461,42265,0,0.483989,0
79933,21621,0,0.139372,0
95869,35053,0,0.173721,0
137805,47865,0,0.036125,0
82661,14064,0,0.026943,0
47060,4895,0,0.437606,0
57020,49652,0,0.047765,0
37650,23288,0,0.107826,0
35638,21461,0,0.000207,0
170192,47990,0,0.351064,0
103563,30489,0,0.000215,0
3546,21225,0,0.151769,0
62939,12911,0,0.000351,0
65369,46667,0,0.000325,0
79747,26209,0,7.3e-05,0
136994,17789,0,0.531024,1
159702,28871,0,0.137688,0
107923,45535,0,0.133511,0
112110,46691,0,0.000191,0
145974,480,0,0.000121,0
189600,43768,0,0.524152,1
170045,5450,0,0.000924,0
205200,29189,0,0.001083,0
123271,2846,0,0.713447,1
25082,38622,0,0.011401,0
182045,5496,0,0.000582,0
126232,2275,0,0.39448,0
36599,196,0,0.319848,0
161332,48543,0,0.204944,0
176216,31821,0,0.000557,0
99942,4986,0,0.000186,0
176690,21938,0,0.384306,0
29046,20583,0,0.015029,0
59107,17526,0,8.9e-05,0
115904,38154,0,0.382627,0
172237,13198,0,0.311554,0
19891,44632,0,0.001569,0
7543,45664,0,0.006358,0
123906,44632,0,0.063509,0
107106,14010,0,0.563067,1
201572,39004,0,0.048239,0
53982,16349,0,0.000829,0
3009,28842,0,0.32835,0
198397,33846,0,0.284195,0
84048,13874,0,0.193746,0
109072,2562,0,0.000149,0
159219,42383,0,0.327934,0
51631,27104,0,0.638082,1
84835,14097,0,0.360321,0
40331,41618,0,0.778657,1
122096,7821,0,0.000116,0
89149,14223,0,5e-05,0
111486,26901,0,6e-05,0
56875,4210,0,0.000313,0
106527,36506,0,0.121284,0
84822,36724,0,0.248162,0
95069,42768,0,0.031689,0
150764,35217,0,0.000282,0
134570,38747,0,0.000395,0
173481,22849,0,0.000611,0
70979,6201,1,0.574404,1
6495,17341,0,0.000275,0
129355,34092,0,0.01075,0
18524,19508,0,0.135006,0
174991,43295,0,0.619354,1
152424,40706,1,0.723224,1
49549,23744,0,0.000126,0
82433,45603,0,0.916449,1
7565,40377,0,0.021255,0
193709,44487,0,0.179587,0
100926,9507,1,0.61133,1
123139,16185,0,0.441139,0
94888,22993,0,0.036436,0
140641,9387,0,0.391416,0
173460,46654,0,0.000287,0
134984,21137,0,0.404169,0
141210,47209,0,0.039188,0
145919,20580,0,0.000321,0
84464,43697,0,0.000113,0
64981,40706,0,5.7e-05,0
149568,49235,0,0.00056,0
127547,41385,0,0.00012,0
45008,37067,0,0.12137,0
75126,37220,0,0.066737,0
140416,7975,1,0.113828,0
47954,1994,0,0.00032,0
54652,11323,0,0.748871,1
11456,697,0,0.254839,0
53925,19448,0,0.000535,0
2278,39411,0,0.040263,0
139272,38608,0,0.000484,0
115548,34126,1,0.336599,0
189104,4932,0,0.000481,0
124786,1319,0,0.440524,0
65456,26889,0,0.001091,0
149008,21267,0,0.713625,1
86509,46346,0,0.00021,0
173696,5212,0,0.025916,0
41314,25985,0,0.038383,0
194234,30784,1,0.582502,1
131513,39055,0,0.825554,1
101279,4792,0,0.000178,0
176287,4472,0,0.00058,0
106865,9076,0,0.001176,0
106161,1376,0,2.6e-05,0
97272,27978,0,0.176018,0
54836,31263,0,0.445422,0
70339,20554,0,4e-05,0
136112,1017,0,0.018119,0
173805,20734,0,0.000267,0
170842,5716,0,0.304221,0
126810,23029,0,0.000121,0
66699,21903,0,0.359166,0
135059,37053,0,0.260042,0
142378,35951,0,0.00076,0
171823,14897,0,0.659763,1
91345,11760,0,0.068437,0
129634,9839,0,0.000545,0
77145,24971,0,0.069123,0
165932,19068,0,0.636692,1
170536,13563,1,0.772884,1
86697,22123,0,0.940437,1
60965,16830,0,0.000206,0
55834,17461,0,0.000671,0
55287,5390,0,0.000154,0
43277,12145,0,0.194557,0
143664,14992,0,0.549923,1
158051,7430,0,3.2e-05,0
75454,46667,0,0.469458,0
162996,47209,1,0.4008,0
126868,9666,0,0.000257,0
42299,46069,0,0.464188,0
71785,8903,0,0.342408,0
162777,37358,0,0.015619,0
18951,27086,0,0.546237,1
140514,10500,0,0.000973,0
82758,21903,0,0.5154,1
66747,651,0,0.324207,0
26145,19660,1,0.612348,1
44575,14917,1,0.422852,0
129795,11265,0,0.000156,0
16298,8281,0,7.3e-05,0
38382,8503,0,0.000116,0
105428,7156,0,0.000174,0
186453,19660,0,0.000124,0
45117,2846,0,0.000227,0
94260,24476,0,9.4e-05,0
72244,11791,0,0.084915,0
157395,24964,0,0.000536,0
71056,37220,0,0.00028,0
170422,11631,0,0.071548,0
188810,7461,0,0.008897,0
94710,44628,0,0.119325,0
162126,46692,0,0.877043,1
146885,7787,0,9.1e-05,0
116590,36051,0,0.687331,1
128533,43643,0,0.000153,0
158553,2519,0,0.000348,0
26726,17616,0,0.000252,0
63925,20619,0,0.05989,0
16945,15392,0,0.000119,0
139733,13641,0,0.209513,0
27592,21903,0,0.000633,0
177650,27900,0,0.298416,0
190923,15269,0,0.000194,0
91543,39059,0,0.000442,0
5338,13535,0,0.000309,0
150566,890,0,0.80922,1
37817,39561,0,0.000498,0
67276,41844,0,0.000851,0
94285,1409,0,7e-05,0
162534,49404,0,0.000113,0
169758,48623,0,0.2136,0
155632,13430,0,0.446434,0
71782,30391,0,0.135486,0
88697,28299,0,0.008503,0
1164,41319,0,0.009011,0
116395,13380,0,0.279549,0
137278,33000,0,0.325736,0
62367,49113,0,0.000418,0
32079,28842,0,0.000684,0
71080,39180,0,0.926531,1
128614,47156,0,0.738284,1
37650,13284,0,0.016756,0
23657,4287,0,0.131622,0
29888,28191,0,0.341616,0
182359,9783,0,0.177504,0
4072,5621,0,0.017422,0
142365,16349,1,0.578212,1
183710,37940,1,0.828021,1
200388,12258,0,0.128188,0
114887,19519,0,0.000108,0
81936,28934,0,0.51278,1
191038,47734,0,0.000212,0
49298,45343,0,0.127756,0
55315,24852,0,0.835959,1
33916,6046,0,0.000502,0
52337,37173,0,0.442617,0
15052,44008,0,0.786501,1
33931,31343,0,0.708216,1
160084,13885,0,0.068389,0
56907,26209,0,7.3e-05,0
133262,21462,0,0.000361,0
144160,12779,0,0.038694,0
85514,19678,0,0.529537,1
69847,3376,0,0.400736,0
178830,9623,0,0.799707,1
32798,17872,0,0.390228,0
72060,26298,0,0.707133,1
182821,427,0,3.1e-05,0
68230,24390,0,0.614419,1
66138,24010,0,0.000155,0
130597,32265,0,0.088275,0
10666,39693,0,0.187328,0
170585,5684,0,0.000773,0
5198,27845,0,0.000307,0
86304,39083,0,0.032254,0
187771,16083,1,0.308325,0
175469,11512,0,0.177117,0
204524,42850,0,3.7e-05,0
29821,2966,0,0.000724,0
113299,6276,0,0.294666,0
61794,48747,0,0.154314,0
103482,9507,0,0.0189,0
182618,12481,0,0.304747,0
126874,46455,0,0.060135,0
143552,28204,0,0.426131,0
25405,12916,0,0.000244,0
171333,15276,0,0.314693,0
4199,47209,0,0.40627,0
120419,5077,0,0.000617,0
16226,44290,0,0.214067,0
185719,26751,0,0.000133,0
118090,31927,0,0.097506,0
40419,24852,0,0.000452,0
105058,2966,0,0.00039,0
192993,24852,0,0.000446,0
24077,20114,0,0.000447,0
197007,4920,0,0.363469,0
183371,43768,0,0.000269,0
92491,22035,0,0.804289,1
93502,44201,0,0.461964,0
72239,40815,0,0.000182,0
36478,1217,0,0.213393,0
106184,30233,0,0.496669,0
194576,5024,0,0.000197,0
129655,3586,0,0.124448,0
96192,8197,0,0.011036,0
170810,11193,0,0.000445,0
106184,18411,0,0.020597,0
93027,27061,0,0.000168,0
179828,19125,0,0.000414,0
18556,6184,0,0.671227,1
203708,40516,0,0.36486,0
8037,24489,0,0.17686,0
93902,42834,0,0.103333,0
12858,43961,0,0.477928,0
106608,5652,0,0.300162,0
167086,7485,0,0.568092,1
156522,29990,0,0.02752,0
75720,24294,0,0.000345,0
95978,22952,0,0.113503,0
131077,14778,0,0.000181,0
119078,10668,0,0.006672,0
148540,49110,0,0.425479,0
42063,35914,0,0.243692,0
150695,7035,0,0.00024,0
204934,47766,0,0.000747,0
107598,7615,0,0.000322,0
136982,20887,0,0.000306,0
133676,24964,0,0.000445,0
203456,45123,0,0.137879,0
158495,42001,0,0.31337,0
62838,12955,0,8.3e-05,0
195338,4799,0,0.510047,1
175768,18487,0,0.373203,0
110702,25513,0,0.715318,1
148468,43838,0,6e-06,0
63004,2716,0,0.228036,0
156377,18037,0,0.262778,0
23280,41047,0,0.289575,0
145067,40054,0,0.172901,0
87823,37238,0,0.014231,0
124727,45753,0,0.154586,0
172755,33000,0,0.215191,0
131091,14594,0,0.540166,1
113113,22890,0,0.129663,0
205101,3376,0,0.780269,1
48259,28384,0,0.019205,0
58040,4920,0,0.040117,0
141592,13517,0,0.000152,0
157270,33787,0,0.000323,0
138826,35315,0,0.090039,0
190609,23622,0,0.264434,0
85332,23375,0,0.942046,1
146705,8571,0,0.682617,1
162155,32455,0,0.4835,0
66477,33731,0,0.720185,1
23039,8955,0,0.000187,0
71006,47734,0,0.449045,0
130182,7350,0,0.897512,1
15662,18389,0,0.879086,1
66137,37158,0,0.86474,1
138900,5077,0,0.48641,0
78487,8174,0,0.489508,0
152972,21344,0,0.1155,0
25035,36036,0,0.489569,0
2609,13176,0,0.000247,0
136922,7963,0,0.000495,0
193330,32090,0,5.8e-05,0
196686,39657,1,0.8831,1
189212,27344,0,0.001289,0
76295,39984,0,0.000218,0
156850,12419,0,0.000328,0
143841,24852,0,0.000783,0
115595,33731,0,0.000225,0
96776,16462,0,0.103637,0
157512,4731,0,0.005006,0
117356,9852,0,0.120544,0
173428,40199,0,0.738354,1
135292,20542,0,0.896292,1
107317,43054,0,0.011144,0
8337,10492,0,0.038176,0
194395,24654,0,5.3e-05,0
44017,16825,0,0.595625,1
177202,14197,0,0.117072,0
167997,34243,0,0.831451,1
87779,24834,0,0.00051,0
126230,48775,0,0.249497,0
117939,31915,0,0.173025,0
53303,35580,0,0.001342,0
57553,46023,0,0.252815,0
37995,13808,0,0.602603,1
86377,15937,0,0.532226,1
150695,4096,0,0.00016,0
101550,4802,0,0.041057,0
111166,40009,1,0.359607,0
74826,16249,0,0.000559,0
63783,27730,0,0.482733,0
52467,15569,0,0.000234,0
125340,18090,0,0.000339,0
97816,7014,0,0.009147,0
125407,25005,0,0.000411,0
16289,42013,0,0.148044,0
149360,25753,0,0.913506,1
125265,5876,1,0.906334,1
151658,3093,0,0.000181,0
126868,21174,0,0.000333,0
147855,10246,0,0.270315,0
87366,8575,0,0.000748,0
118629,23165,0,0.45498,0
183569,5785,0,0.000816,0
32229,5098,0,0.001731,0
141369,24852,0,5.9e-05,0
111926,11599,0,9.5e-05,0
153139,34244,0,0.084906,0
59336,39411,0,0.127124,0
128637,25670,0,0.000393,0
45133,40604,0,0.607686,1
133546,16797,0,0.008474,0
146426,13920,0,0.058631,0
4129,42265,0,0.984391,1
144702,19461,0,0.000448,0
187075,44142,0,0.855666,1
14577,16965,0,0.000253,0
22861,2,0,6.3e-05,0
200885,8637,0,0.45784,0
134602,15333,0,0.166423,0
146203,3959,1,0.91725,1
176030,39408,0,0.710347,1
128777,14668,0,0.248017,0
113071,47209,0,0.116583,0
117290,47526,0,0.540374,1
71043,24830,1,0.397587,0
149093,9243,0,8.4e-05,0
68701,26553,1,0.810793,1
132872,3634,0,0.000109,0
120691,37215,0,0.000427,0
98759,16276,0,0.0006,0
131403,33222,0,0.000348,0
69542,13829,0,0.030653,0
1810,18391,0,0.872952,1
182482,4920,1,0.689188,1
184546,22827,0,0.227565,0
140678,9076,0,0.358706,0
150237,13176,0,8.8e-05,0
108038,9124,0,0.000361,0
138201,21463,0,0.000307,0
98847,12206,0,0.023416,0
114770,13802,0,0.000168,0
140493,32099,0,0.000324,0
192070,47766,0,0.000893,0
82307,30509,0,0.296858,0
75707,28079,0,0.11312,0
85238,48857,0,0.726736,1
142582,11416,0,0.156841,0
53776,5077,0,0.000635,0
199180,33508,0,0.80327,1
59625,18362,1,0.823847,1
133262,27966,0,0.000268,0
54436,27845,1,0.956286,1
187337,36780,0,0.005208,0
88080,16797,0,0.000381,0
49030,2447,0,6.1e-05,0
82447,41787,0,0.000531,0
126348,16759,0,0.000831,0
182018,27521,0,0.000835,0
137233,25533,0,0.555094,1
143989,26209,0,0.001,0
148258,47626,0,0.000634,0
104784,7054,0,0.000394,0
196565,23400,0,0.252726,0
89200,44485,0,0.052909,0
6708,4642,0,0.000792,0
64296,31553,0,0.189332,0
7945,5612,0,0.000599,0
169930,12456,0,0.11147,0
149598,5618,0,0.000192,0
57559,43867,0,5.7e-05,0
133262,43475,0,0.00032,0
79000,27142,0,0.000247,0
30877,18670,1,0.804775,1
199833,44142,0,0.335136,0
155950,21542,0,0.000551,0
100720,9934,0,0.060039,0
87214,1818,1,0.519894,1
186195,28564,0,0.000177,0
21247,16570,0,0.230851,0
153319,31506,0,0.000229,0
20555,14890,0,0.273446,0
62161,43550,0,0.070722,0
7821,19005,0,0.049711,0
157532,40603,0,0.044816,0
102493,40571,0,0.000413,0
59604,28476,0,6.9e-05,0
183957,17400,0,0.199074,0
74009,17872,0,0.339937,0
126645,9550,0,0.914773,1
77797,5450,0,0.000771,0
74578,1583,0,0.199091,0
77008,15801,0,0.241264,0
23876,44204,0,0.012159,0
97367,39475,0,0.174599,0
179526,25740,0,7.2e-05,0
172277,19019,0,0.099824,0
112487,14715,1,0.200218,0
114542,28207,0,0.000272,0
127837,39001,0,0.035957,0
105939,33407,0,0.00026,0
180829,44914,0,0.921918,1
6895,38383,0,0.214547,0
21911,28204,0,0.335073,0
185010,7952,0,0.000438,0
189096,39928,0,0.000931,0
146021,28553,0,0.000538,0
56461,20327,0,0.974056,1
66057,27086,0,0.403742,0
46333,2137,0,0.908767,1
151304,23373,0,5.1e-05,0
66249,35629,0,0.008914,0
182876,3376,0,0.678737,1
192218,37646,0,0.000831,0
22017,47521,0,0.113896,0
175469,6091,0,0.037255,0
122968,24852,1,0.917036,1
143299,26177,0,0.00038,0
9943,1215,0,0.666573,1
50376,28601,0,0.000871,0
92797,30941,0,0.078034,0
160245,11005,1,0.514834,1
23641,37229,0,0.278968,0
54607,4421,0,0.375062,0
5335,3339,0,0.041803,0
57030,30839,0,0.118486,0
144717,26800,0,0.160198,0
159719,21903,1,0.920896,1
127547,33776,0,1.5e-05,0
105999,43530,0,0.05782,0
108146,34448,0,0.001267,0
914,14901,0,0.000187,0
53686,28849,0,0.000197,0
129687,11580,0,0.000195,0
50187,8774,0,0.023931,0
113238,3081,0,0.000282,0
89175,40706,0,0.000208,0
122736,35395,0,0.000432,0
167223,38063,0,0.000972,0
60267,40852,0,0.000716,0
188318,1215,0,0.336703,0
205461,33290,0,0.00026,0
41917,47626,1,0.674808,1
190119,32433,0,0.21075,0
4794,7746,0,0.04433,0
186227,16759,0,5.8e-05,0
85384,33352,0,0.000826,0
15537,10473,0,0.000195,0
201825,45097,0,0.11663,0
161048,1113,0,0.213815,0
88466,18883,0,5.9e-05,0
39068,41665,0,0.562408,1
30654,2079,0,0.000152,0
167684,21903,0,0.237544,0
180259,30774,0,0.437161,0
99495,35912,0,0.001712,0
183211,33787,0,0.678934,1
28245,31553,0,0.418827,0
24179,46667,0,0.01906,0
145644,29474,0,0.044922,0
88680,33493,0,0.005503,0
163530,44008,0,0.936905,1
72066,40310,0,0.651327,1
192051,34126,0,0.280328,0
188065,29553,0,0.000283,0
159702,28993,0,0.272749,0
134675,22007,0,0.06956,0
78639,49383,0,0.000693,0
163244,7893,0,0.045673,0
130282,44787,0,0.088586,0
151276,26604,0,0.072074,0
174098,17683,0,0.830309,1
178840,16797,1,0.666029,1
8349,24830,0,0.03407,0
85952,43086,0,0.026086,0
5325,7830,0,5.6e-05,0
41777,12456,0,0.881488,1
166239,6128,0,0.747,1
111864,26317,0,0.000508,0
61592,39804,0,0.000194,0
13910,37592,0,0.131961,0
48286,8490,0,0.828234,1
177562,1158,0,8.9e-05,0
100241,13512,0,0.311767,0
143343,46845,0,9.4e-05,0
73755,30404,0,5.3e-05,0
77087,30284,0,0.079298,0
37734,41999,0,0.631284,1
124068,41743,0,2.6e-05,0
11129,32580,0,0.344994,0
160158,33846,0,0.000388,0
147106,1541,1,0.585058,1
165820,37107,0,0.006931,0
144870,46880,0,0.000339,0
157312,2838,1,0.878853,1
173435,11536,0,0.520231,1
107430,3798,1,0.943656,1
171660,28199,0,0.815247,1
53075,42719,0,0.189085,0
174848,20754,0,0.049132,0
16032,45633,0,0.083362,0
81971,33493,0,0.071164,0
171224,21903,0,0.634946,1
29344,27711,0,0.009606,0
15407,21405,0,0.7147,1
64258,45007,0,0.000142,0
149373,48595,0,0.000329,0
164922,24184,0,0.00027,0
5927,40706,0,0.000161,0
22898,32611,0,0.127367,0
25245,993,0,4.4e-05,0
157407,18814,0,0.000497,0
190561,17861,0,0.023254,0
21019,7485,0,0.000488,0
32888,44310,0,0.373085,0
167098,6348,0,0.000569,0
182080,33507,0,0.000113,0
151986,36618,0,0.038267,0
102915,47626,1,0.278843,0
95779,30290,0,0.551952,1
181262,29223,0,0.059695,0
121424,11712,0,0.837311,1
188559,3376,0,0.000468,0
155327,26209,0,0.000462,0
44513,26939,0,0.230278,0
184711,10706,0,0.240606,0
162677,23115,0,0.017106,0
50296,7996,0,0.002975,0
173353,20073,0,0.042517,0
134015,38400,0,0.541568,1
133942,29557,0,1.9e-05,0
81753,21019,1,0.987829,1
87946,2388,0,0.288176,0
53893,37687,0,0.487558,0
183112,48110,0,0.696064,1
75793,47209,0,0.431035,0
127601,23579,0,0.000779,0
43302,30252,0,0.57351,1
76886,27336,0,0.434729,0
184780,26842,0,0.66481,1
153937,28204,1,0.980911,1
88999,35894,0,0.255255,0
99437,2716,0,0.535336,1
16257,25017,1,0.929107,1
97533,4671,0,0.095238,0
192545,29080,0,0.000149,0
138283,1446,0,0.002371,0
74957,38533,0,0.352068,0
174948,3172,0,0.010982,0
352,32717,0,0.000442,0
38673,49383,0,0.000518,0
22292,2078,0,0.203389,0
60329,23190,0,0.177112,0
145925,28601,0,0.000492,0
3779,40709,0,0.000457,0
124544,18689,0,0.909111,1
141009,46359,0,0.01142,0
87765,11230,0,0.43857,0
81373,23076,0,0.041611,0
104244,33768,1,0.086935,0
107159,945,0,0.00011,0
67074,21938,0,0.00119,0
186363,26351,0,0.118122,0
59084,14084,0,0.060491,0
81676,890,0,0.050599,0
62003,4071,0,0.42143,0
49104,33647,1,0.95089,1
188563,13646,0,0.000141,0
137933,27344,0,7.3e-05,0
49537,6343,0,0.243822,0
53924,24221,0,6.3e-05,0
141787,17601,0,0.625664,1
85901,31372,0,0.013566,0
105304,40878,0,0.621994,1
83878,5428,0,0.000212,0
51671,28842,0,0.502181,1
175713,5818,0,0.000584,0
167888,30721,0,0.114152,0
85091,13176,0,0.20232,0
79482,49683,0,0.298304,0
143445,22290,0,0.000207,0
170693,31506,0,0.073841,0
205163,8490,0,0.000392,0
178670,3142,0,0.111179,0
127,49340,0,0.000191,0
173804,2726,0,0.453323,0
103950,29662,0,0.18956,0
103514,1176,0,0.066986,0
94954,20842,0,0.961566,1
134758,45104,0,0.405654,0
71198,34126,0,0.368068,0
85600,40948,0,0.000264,0
15160,21936,0,0.248658,0
172001,28299,0,0.000566,0
108630,4938,0,0.218684,0
158508,21405,0,0.000425,0
132653,37065,0,0.000241,0
62772,20084,0,0.010829,0
43836,38311,0,0.948926,1
184368,31660,0,0.219323,0
192414,41220,0,0.000618,0
97965,15635,0,0.002393,0
39637,35906,0,0.000362,0
50095,22880,0,0.03277,0
157563,11688,0,0.035103,0
188494,32355,0,0.000281,0
138325,31231,0,0.324028,0
78183,26425,0,0.000181,0
142195,48057,0,0.000524,0
188878,21996,0,0.000248,0
149093,32338,0,0.000277,0
11542,15680,0,0.000194,0
171274,26706,0,0.00044,0
171981,43749,1,0.528614,1
87551,49204,0,6.7e-05,0
177487,22627,0,0.004677,0
78544,49478,0,9.8e-05,0
98026,11154,0,0.000378,0
181466,32429,0,0.773283,1
54315,17915,0,0.7119,1
42746,23165,0,0.000589,0
55924,39877,0,0.000327,0
29626,13176,0,0.001196,0
81194,10125,0,0.854517,1
74279,25305,0,0.409064,0
100627,27629,0,0.130596,0
201165,35725,0,0.386568,0
70076,35221,0,0.519874,1
108847,23729,0,0.268819,0
205580,35004,0,0.00034,0
30373,17896,0,0.680811,1
195886,32689,0,0.789521,1
170551,23032,0,0.000104,0
156928,23495,0,0.096722,0
17684,10603,0,0.217177,0
41037,45570,0,0.020736,0
112116,44987,0,0.02506,0
24047,7175,0,0.000414,0
95145,42265,0,0.859042,1
105877,25272,0,0.000217,0
88863,13431,0,0.606123,1
68865,1194,0,0.00048,0
185322,40634,0,0.000187,0
23787,7615,0,0.228176,0
133497,43205,0,0.17724,0
15052,9839,0,0.931706,1
160556,32293,0,0.728011,1
155921,26280,0,0.031083,0
168599,10305,0,0.284449,0
53694,23909,0,0.723317,1
114680,4793,1,0.824617,1
32186,46906,0,0.72037,1
174848,25627,0,0.564073,1
167972,19875,1,0.787385,1
2205,19057,1,0.73967,1
23319,24838,0,0.000772,0
119283,14470,0,0.636504,1
112725,41665,0,0.664982,1
54272,12738,0,0.236491,0
183897,31848,0,0.793122,1
107947,37687,0,0.4053,0
16559,9741,0,0.000188,0
152779,46676,0,0.329374,0
199169,43986,0,0.192807,0
1210,24930,0,0.071999,0
58095,34509,0,0.154742,0
76678,23734,0,0.027423,0
124564,49235,0,0.210069,0
130082,8012,0,9.9e-05,0
73080,12935,0,8.4e-05,0
10595,22844,0,0.015995,0
60005,25927,0,0.600449,1
177827,1787,0,0.003375,0
140113,32689,0,0.000639,0
177764,40311,0,0.807951,1
151132,34279,0,0.115254,0
474,548,0,0.000179,0
101465,14858,1,0.776628,1
154884,31355,1,0.011574,0
67847,30248,0,0.106899,0
165235,34050,0,0.002981,0
169989,45694,0,0.023771,0
68479,23909,0,0.546042,1
114652,41597,1,0.978318,1
113322,46294,0,0.168971,0
2342,7882,0,0.000214,0
31351,6835,0,0.639248,1
173646,9387,1,0.970724,1
77749,13535,0,0.382322,0
20798,18292,0,0.000292,0
181827,22656,0,7.6e-05,0
97393,4447,0,0.026331,0
92024,5876,0,0.469473,0
142100,23178,0,0.000469,0
76461,33527,0,1.8e-05,0
104295,44142,0,0.326612,0
138591,16295,0,0.054198,0
58728,10163,1,0.676778,1
75624,38241,0,0.38914,0
136782,19143,0,0.042533,0
202735,20431,0,0.0504,0
36267,23537,0,0.146306,0
40279,3327,0,0.027702,0
96863,35547,0,0.607033,1
17274,18281,0,0.000326,0
30172,47029,0,0.491455,0
141179,42768,0,0.000541,0
115481,21903,0,0.035096,0
206079,36695,0,9.1e-05,0
46581,9364,0,0.030637,0
68157,23597,0,0.032458,0
201829,35535,0,0.28346,0
106757,47209,1,0.936065,1
37625,19949,0,0.259736,0
120713,30211,0,1.9e-05,0
33931,13076,0,0.220224,0
154835,48417,0,0.000329,0
177827,25588,0,0.003636,0
86340,23088,0,0.337437,0
58701,44912,0,0.008518,0
178426,2099,0,0.522094,1
5016,31183,0,0.080879,0
32696,22108,0,0.641266,1
175859,30192,0,0.000392,0
52131,4302,0,0.000219,0
149550,31506,0,0.293096,0
191708,39228,0,0.000419,0
154243,49235,0,0.000322,0
40774,45946,0,0.04299,0
141662,47766,1,0.953484,1
132018,15290,0,0.000919,0
132206,29553,0,0.585194,1
84352,43530,1,0.957641,1
12435,10326,0,0.108556,0
50321,41690,0,0.000656,0
40753,2716,0,0.131249,0
113954,35948,0,0.000241,0
38620,41053,0,0.000292,0
155554,48666,0,0.2092,0
26585,9124,0,0.192787,0
29460,42824,0,0.000112,0
205223,31981,0,0.870919,1
96897,17807,0,0.260312,0
137856,24764,0,0.163811,0
37245,24852,1,0.928416,1
168688,34254,0,0.00046,0
97382,2120,0,0.000137,0
11512,23910,0,0.127459,0
44842,45066,0,0.24778,0
157611,10193,0,0.161004,0
71532,47144,0,0.000449,0
188886,1409,0,0.128612,0
52008,1356,0,0.005543,0
76834,8193,0,0.000912,0
97816,49113,0,0.037229,0
812,9781,0,2.3e-05,0
16668,16349,0,0.000709,0
12385,34668,1,0.928524,1
192533,16521,0,0.012399,0
22591,12271,0,0.077628,0
62707,8193,0,0.289646,0
62829,47209,0,0.876257,1
65074,47766,0,0.000283,0
23655,40154,0,0.006728,0
24036,19894,0,0.081706,0
1584,29418,0,0.009316,0
9879,5785,0,0.368985,0
36820,15472,0,0.147099,0
1563,37003,0,0.000147,0
14263,35430,0,0.031485,0
7266,6341,0,0.000457,0
47197,33957,0,0.00034,0
117159,32700,0,0.000345,0
21246,36060,0,8.9e-05,0
159573,4605,0,0.905922,1
51058,40706,0,0.522495,1
137265,5876,0,0.000404,0
156316,8424,0,0.771943,1
41314,26461,0,0.006546,0
141028,28289,0,0.56467,1
156077,47941,0,0.259874,0
61845,1359,0,0.038068,0
106865,45333,0,0.000415,0
80544,39363,0,0.5436,1
81835,37220,0,0.107954,0
138252,4421,0,0.168385,0
80797,13269,0,0.27522,0
109892,40002,0,0.172585,0
82096,12408,0,0.255853,0
46902,26499,0,0.603944,1
156368,5545,0,0.21028,0
48850,26405,1,0.401804,0
29144,14021,0,0.000274,0
82545,44683,0,0.232132,0
196674,47257,0,0.023773,0
91871,5713,0,0.000284,0
99551,31082,0,0.022114,0
104263,38777,0,0.456923,0
110223,21616,0,0.000807,0
148539,30036,0,0.165381,0
93126,5380,1,0.010688,0
58841,2469,0,0.925671,1
198454,8069,0,0.000125,0
16669,35689,0,0.000142,0
41941,2966,0,0.200339,0
27648,14146,1,0.289114,0
31238,16974,0,0.000206,0
177097,9373,0,0.000135,0
39544,12606,0,0.027096,0
6886,44624,0,0.314097,0
69542,6638,0,0.031084,0
88872,26313,0,0.000473,0
59872,19508,0,0.262345,0
178111,19156,0,0.000731,0
69458,34434,0,0.26008,0
36663,13712,0,0.808151,1
45777,36011,1,0.900206,1
185638,26668,0,0.094516,0
178449,3512,0,0.594588,1
132905,22947,0,0.215697,0
22259,43686,0,0.00028,0
39727,4367,0,0.000303,0
183059,47049,0,0.00052,0
13192,18439,0,0.536869,1
37752,43693,0,0.000288,0
168380,29987,1,0.768067,1
111596,17948,0,0.000373,0
134295,5235,0,0.018103,0
60040,9755,0,6.7e-05,0
118672,11741,0,0.634426,1
122262,9175,0,0.872091,1
48435,24241,0,0.475471,0
14605,30593,0,0.000291,0
110486,27323,0,0.000363,0
150396,260,0,0.00043,0
172299,35652,0,0.000275,0
102199,27080,0,0.000179,0
56961,45531,0,0.759974,1
5706,21616,0,0.553588,1
115537,32734,0,0.133741,0
189234,47966,0,0.00043,0
44046,43691,0,0.073541,0
3485,44661,0,0.719169,1
127,41651,0,0.001581,0
109892,8871,0,0.016286,0
61145,21582,0,0.097464,0
20843,8638,0,0.03225,0
161094,15803,0,0.01073,0
113567,18531,0,0.32332,0
79274,42536,0,0.001099,0
198183,18531,0,0.70369,1
91162,46802,0,0.000143,0
66497,40706,0,0.355374,0
130988,45603,0,0.272093,0
126397,32455,0,0.000494,0
140006,38734,0,0.519504,1
52819,19097,0,0.168065,0
64770,2295,0,0.326986,0
20297,25043,0,0.103916,0
121888,16479,0,0.200474,0
7345,39132,0,0.253885,0
135738,19354,1,0.683158,1
77788,11422,0,6.6e-05,0
34407,5858,0,0.491467,0
11885,24852,0,0.694814,1
95315,21292,0,0.423726,0
112774,21372,0,0.284251,0
187717,1969,0,0.154721,0
113166,9065,0,0.000166,0
103206,37825,0,0.008314,0
103402,4697,0,0.645188,1
143311,11258,0,0.267895,0
85952,19706,0,0.002768,0
18523,17281,0,0.313994,0
63129,43523,0,0.836699,1
23378,42030,0,0.000186,0
98094,13802,0,0.205808,0
143422,14811,0,0.018636,0
5870,30700,0,0.018528,0
155921,38260,0,0.016172,0
40328,18531,0,0.000326,0
10202,26885,0,0.163093,0
62549,4005,0,0.034234,0
97803,27456,0,0.292471,0
65927,7177,0,0.716169,1
185464,36527,0,0.437143,0
145076,4778,0,0.173351,0
185685,32156,1,0.271278,0
168741,21137,0,0.419061,0
161848,20255,0,0.191116,0
54246,17616,0,0.609656,1
140766,33113,0,0.028686,0
66418,43961,1,0.574428,1
131610,20955,0,0.000591,0
62396,47449,0,0.000558,0
169131,19057,0,0.000411,0
117023,46331,0,0.252283,0
94113,4605,0,0.269169,0
126868,35989,0,0.000237,0
16692,18594,0,0.485158,0
91349,47144,0,0.693159,1
149595,6218,0,0.000107,0
139670,49570,0,0.213604,0
8150,11463,0,0.000206,0
115547,3667,0,0.008713,0
2349,11301,0,0.504633,1
62367,15290,0,0.000616,0
140777,37047,0,0.011486,0
109911,4367,0,0.145097,0
202876,37933,0,0.002746,0
41346,34584,0,0.087476,0
72814,3957,0,0.000208,0
103747,28008,0,0.158695,0
146347,1215,0,0.373595,0
54494,5818,0,0.000215,0
118225,6656,0,0.000205,0
13562,34551,0,0.002386,0
166733,28842,1,0.788205,1
92044,17449,0,0.000144,0
62605,47402,0,0.000193,0
142461,27325,0,0.890381,1
93083,36962,0,6.3e-05,0
86462,17264,0,0.19011,0
147745,31847,0,0.008056,0
148201,26993,0,0.000473,0
13194,24838,0,0.000362,0
60556,48192,0,0.000519,0
65156,25706,0,0.000441,0
80227,8929,0,0.442828,0
64361,16185,0,0.000403,0
49675,22260,1,0.409944,0
107494,4487,0,0.000124,0
148824,46673,0,0.000207,0
34215,15424,0,0.000204,0
50131,27104,0,0.000141,0
85767,26283,0,0.543882,1
164932,30391,0,0.000692,0
122957,37120,0,0.013544,0
192634,18025,0,0.457484,0
143993,39989,0,0.048861,0
205406,23348,0,0.061863,0
160763,2180,0,0.000253,0
95975,27958,0,0.322019,0
59480,32691,0,0.604749,1
150485,30489,0,0.000494,0
91327,23457,0,0.000516,0
149360,31355,0,0.362909,0
122147,2309,0,0.000396,0
106105,17400,0,0.095305,0
33458,9755,0,1e-04,0
126818,4461,0,0.032231,0
108351,19508,0,0.21381,0
179810,17224,0,0.018593,0
23378,21783,0,0.000175,0
79213,29662,0,0.000202,0
101279,34217,0,6.7e-05,0
188733,24964,0,0.802348,1
108250,28373,0,0.755501,1
72856,33316,0,0.000168,0
114755,27204,0,0.006684,0
60051,49544,0,0.049609,0
18922,162,0,0.560305,1
129795,37795,0,0.000225,0
67344,41787,0,0.000737,0
90027,27336,0,0.069342,0
109017,30233,1,0.667404,1
157842,25890,0,0.255332,0
72951,16896,0,0.30089,0
194558,9901,0,0.24122,0
205114,9623,0,0.000174,0
92706,43545,0,0.759229,1
199514,47626,0,0.84431,1
709,11993,0,0.735242,1
198523,28934,0,0.311635,0
122566,27247,0,0.000433,0
107992,46969,0,0.214886,0
131895,27514,0,0.233501,0
79931,21376,0,0.000482,0
193500,16174,0,0.000162,0
194377,29615,0,0.935782,1
94285,42445,0,3.5e-05,0
194994,46990,0,0.507974,1
8105,21847,0,0.030181,0
90030,26209,0,0.265087,0
193441,35851,0,0.004249,0
109294,11759,0,0.667378,1
95269,14705,0,0.000144,0
178538,41483,0,0.012837,0
50143,46157,0,0.000223,0
79449,21850,0,0.000467,0
108693,47526,0,0.424446,0
132793,5146,1,0.088846,0
136195,5618,0,0.756712,1
186868,44987,0,0.027884,0
56115,22935,0,0.38958,0
44527,48368,0,0.258388,0
32552,27156,0,0.521667,1
48921,40388,0,0.000295,0
165852,5876,0,0.133478,0
15747,41950,0,0.770265,1
194376,43986,0,0.000273,0
200009,40604,0,0.747531,1
126,47601,0,0.000445,0
104369,13988,0,0.561379,1
67384,20995,0,0.178942,0
197254,30591,0,0.000325,0
71494,27992,0,0.193921,0
53889,24221,0,0.000597,0
35592,14678,0,0.602042,1
154766,7185,0,0.376184,0
136998,18523,0,0.000342,0
58507,23753,1,0.010045,0
146400,21903,1,0.933399,1
108519,7978,0,0.040434,0
94868,35221,0,0.000376,0
97727,28076,0,0.000271,0
203404,5449,0,0.086418,0
167994,6187,0,0.594998,1
161967,47672,0,0.38214,0
194474,49683,0,0.67783,1
13045,44632,0,0.956709,1
27104,22474,0,0.063475,0
78150,31040,0,0.000348,0
49354,14211,0,0.609525,1
198283,28058,0,0.034407,0
155334,18382,0,0.799238,1
140713,17438,0,0.250232,0
166840,10403,0,0.039557,0
36245,41593,0,0.123142,0
183459,26521,0,0.053439,0
159397,15872,0,0.069923,0
102622,40706,0,0.276364,0
161299,43961,0,0.000194,0
65080,26209,0,0.000713,0
31330,5161,0,0.772999,1
103582,2067,0,0.098107,0
191073,45842,0,0.000245,0
44587,9871,0,0.019233,0
15843,37524,0,0.082279,0
146563,26767,0,0.000103,0
70229,42887,0,0.07817,0
52026,26128,0,0.358597,0
120226,26201,0,0.000208,0
115351,2750,0,0.175244,0
58802,40706,0,0.21057,0
52008,32734,0,0.419982,0
160226,45290,0,0.081728,0
93608,4347,1,0.567877,1
43697,46667,1,0.270781,0
199550,25424,1,0.936635,1
146836,9786,0,0.017859,0
182274,21903,0,0.000988,0
190927,1126,0,0.191188,0
194320,14881,0,0.0003,0
719,24010,0,0.176998,0
17862,7150,0,0.0003,0
112125,7963,0,0.317262,0
49684,28535,0,0.000437,0
170618,8197,0,0.0003,0
138889,14678,0,0.42681,0
42430,14168,0,0.090482,0
156522,23537,1,0.048459,0
93570,18564,0,0.000594,0
62226,21872,0,0.319851,0
164624,38656,0,0.000115,0
133321,7748,0,0.197735,0
102059,13822,0,0.068692,0
148618,11136,0,0.088162,0
7808,27514,0,0.090697,0
190887,41007,0,0.085428,0
28472,13599,0,4.4e-05,0
28837,24810,0,0.504268,1
151581,41687,0,0.12821,0
68717,21405,0,0.000568,0
153103,27845,0,8.6e-05,0
87498,18027,0,0.000334,0
66232,28199,0,0.191744,0
44871,25824,0,0.132214,0
177408,11580,0,0.123331,0
68445,8859,0,0.000398,0
198959,28842,0,0.24587,0
20553,47766,1,0.928817,1
52592,14870,0,0.000181,0
5036,4058,0,0.390959,0
128569,46906,0,0.001262,0
95798,9955,0,0.60214,1
142028,21616,0,9.1e-05,0
53525,10106,0,0.682215,1
142241,35951,0,0.271336,0
51636,7704,0,0.105044,0
204397,46785,1,0.257955,0
35382,44987,0,0.000174,0
134380,21137,0,0.000462,0
2077,25005,0,0.056992,0
92993,49098,0,0.000488,0
157248,44566,0,0.000379,0
53696,47060,0,6.9e-05,0
60112,44142,0,0.458211,0
49181,38452,0,0.040648,0
148170,47516,0,0.136314,0
11915,45633,0,0.403031,0
78480,24964,0,0.000703,0
54411,47083,0,0.00032,0
73728,49005,0,0.581595,1
157590,5491,0,0.634113,1
199743,37674,0,6.5e-05,0
110363,14761,0,0.008294,0
115589,23782,0,0.000438,0
152793,31506,0,0.000764,0
23304,40380,0,0.238891,0
100031,11716,0,0.00043,0
120865,31066,0,0.072066,0
91925,41890,0,0.012794,0
43971,25824,0,0.000404,0
74437,35217,0,0.000248,0
83157,2228,0,0.07741,0
81062,40852,0,0.703513,1
76394,26115,0,0.000541,0
41493,7443,0,0.000739,0
95765,49683,0,0.457461,0
10301,42680,0,0.433122,0
49314,34969,0,0.454141,0
24776,7489,0,0.960422,1
22646,48229,0,0.000285,0
62142,38777,0,0.000203,0
41777,34216,0,0.27737,0
40738,24852,0,0.000205,0
39885,5450,1,0.960461,1
102261,14877,0,0.058703,0
118318,46162,0,0.222087,0
15503,6101,0,0.144949,0
41139,21872,0,0.215395,0
125778,43961,0,0.000211,0
193301,29307,0,0.000207,0
77410,2055,0,0.070795,0
164407,17526,0,0.000651,0
110413,30450,0,0.000354,0
34794,30336,0,0.000616,0
81298,29034,0,0.579529,1
16742,27344,0,0.022205,0
41205,27392,0,0.000496,0
39671,31623,0,0.012076,0
106093,32238,0,7e-05,0
55911,5488,0,0.105211,0
127072,22779,0,0.017184,0
39896,37158,0,0.00027,0
2589,21278,0,0.349719,0
127634,37590,0,0.00035,0
167988,47629,0,0.068019,0
98523,46667,0,0.141215,0
154766,3283,0,0.55977,1
13777,8442,0,0.082567,0
93729,46667,0,0.000453,0
152468,13984,0,0.000323,0
179556,17207,0,0.000125,0
67161,39877,0,0.086992,0
197589,1234,0,0.052448,0
71700,196,0,0.000205,0
29912,21093,0,0.000499,0
9518,25464,0,0.00074,0
8953,46847,0,0.000295,0
62661,30137,0,0.525159,1
71755,14267,0,0.034587,0
195727,15658,0,0.46651,0
195552,2649,0,0.249518,0
8349,24964,0,0.041167,0
79235,27104,0,0.042564,0
148618,44422,0,0.313846,0
184895,14114,0,0.082272,0
187895,9424,0,0.354636,0
97529,36070,0,0.000585,0
82544,4799,0,0.039727,0
92401,24412,0,0.006923,0
203595,6387,0,0.10933,0
189985,37687,0,0.613913,1
41977,7035,0,0.000422,0
75736,20561,0,0.000488,0
186078,46654,0,0.000229,0
23050,13385,0,0.1758,0
199323,22636,0,1.3e-05,0
103025,43352,0,0.23645,0
130509,23322,0,0.337849,0
181955,40941,0,0.000616,0
155551,16997,0,0.032157,0
28826,15143,0,0.021799,0
23015,16241,0,0.000641,0
145730,42205,0,0.315578,0
87105,44098,0,0.00019,0
167584,42701,0,0.675889,1
192412,7021,0,0.000912,0
108115,33000,0,0.544061,1
155385,40742,0,0.291274,0
180459,9819,0,0.510168,1
139370,47766,0,0.001287,0
89200,24852,0,0.428923,0
182592,15011,0,0.443146,0
64773,26765,0,0.156469,0
64454,17794,0,0.000523,0
47698,29659,0,0.156467,0
58969,37,1,0.337478,0
195091,31471,0,0.000731,0
39249,42535,0,0.084076,0
51120,25146,0,0.000963,0
102127,12496,0,0.205919,0
90373,41540,0,0.00077,0
117863,17747,0,0.083776,0
44190,22888,0,0.000167,0
64298,46088,1,0.925019,1
52820,20280,1,0.831021,1
184055,31651,0,0.103375,0
190033,35976,0,0.602333,1
69324,5450,0,0.053232,0
187726,21574,0,0.000141,0
120713,29922,0,5.3e-05,0
161912,7877,0,0.030196,0
135261,11257,0,0.005537,0
73583,17568,1,0.885068,1
193664,12916,0,0.797383,1
85113,47209,0,0.000846,0
100213,16883,0,0.202828,0
149561,12078,0,0.000447,0
156519,39024,0,0.000234,0
117220,49258,0,0.012372,0
79235,47209,0,0.34724,0
82662,13874,0,0.000251,0
92249,29615,0,0.00054,0
36336,8501,0,0.019557,0
203191,2210,0,0.194373,0
84691,16882,0,0.89375,1
2531,36695,0,0.009497,0
12130,5991,0,0.000217,0
158922,28928,0,0.000495,0
196524,40706,0,0.32037,0
58441,13984,0,0.048805,0
157289,13740,0,0.262307,0
4323,23115,0,8.2e-05,0
130296,19987,0,0.03074,0
89008,8670,0,0.092984,0
68294,20995,0,0.000502,0
157241,35715,0,0.236051,0
17933,5077,0,0.000423,0
47584,46676,0,0.016056,0
161339,6476,0,0.014136,0
115997,43421,0,0.090929,0
94959,44142,0,0.082957,0
5856,30561,0,0.887872,1
41556,16927,0,2.7e-05,0
183569,47766,0,0.000498,0
79349,38289,1,0.05398,0
90259,29298,0,0.054301,0
78557,38003,1,0.582733,1
194629,673,0,0.030946,0
63650,26373,0,0.00021,0
140274,47626,0,0.617403,1
75736,24097,0,0.000723,0
33353,20632,0,0.785079,1
82544,25837,0,0.062588,0
120735,10246,0,0.000191,0
189428,38400,0,0.71118,1
128979,35503,1,0.242554,0
4100,17225,0,0.001444,0
36323,5876,0,0.509723,1
175164,35336,0,0.000194,0
110896,41220,0,0.000342,0
105170,21267,0,0.000498,0
28924,15290,0,0.378748,0
66599,47977,0,0.465703,0
94005,40706,0,0.216738,0
54599,46355,0,0.007104,0
25283,11827,0,0.128892,0
95573,13819,0,0.77878,1
108987,46886,0,0.739399,1
67644,13176,0,0.361437,0
52456,14129,0,0.2545,0
117191,24156,0,0.086665,0
99136,24795,0,0.505269,1
92707,5825,0,0.030017,0
108535,27695,0,0.724807,1
88100,42929,0,0.617514,1
50754,34551,0,0.740369,1
71594,11265,0,0.207812,0
183353,9544,0,0.130332,0
141227,49131,1,0.752083,1
156850,1866,0,7.9e-05,0
10429,16259,0,0.043137,0
150982,44167,0,0.307957,0
84235,11408,0,0.000251,0
51566,43789,0,0.466006,0
155350,37701,0,7.8e-05,0
124064,17872,0,0.168583,0
69138,44611,0,0.000184,0
193042,19048,0,0.116215,0
80779,7746,0,0.017571,0
162380,26172,0,0.120716,0
99106,39578,0,0.100406,0
201797,13631,0,3.7e-05,0
154895,38192,0,0.354227,0
29828,17487,0,0.027503,0
118735,30391,0,0.247939,0
183459,29557,0,0.095096,0
98413,24492,0,0.000225,0
140641,10442,0,0.198895,0
151078,8518,0,0.424595,0
68827,9695,1,0.235956,0
202970,32502,0,0.000521,0
184142,27966,1,0.805348,1
53114,6184,0,0.000304,0
54315,35328,0,0.608518,1
201370,7260,0,0.231549,0
47587,43005,0,0.000486,0
73701,7014,0,0.148924,0
124283,14161,0,0.224589,0
52705,33021,0,0.04899,0
151304,35535,0,7.3e-05,0
105343,26390,0,0.000845,0
183259,20580,0,0.398225,0
190389,27001,0,0.003589,0
20613,8021,0,0.00044,0
17442,28842,1,0.799234,1
77489,34067,0,0.063578,0
135187,5918,1,0.87629,1
83362,24841,0,0.000202,0
162796,38844,0,0.094742,0
72699,44449,0,7.9e-05,0
174737,10385,0,0.963958,1
134346,1063,0,0.196057,0
29396,35887,1,0.255183,0
198779,5450,0,0.000839,0
68160,11688,0,0.000163,0
144443,43933,0,0.000414,0
8920,42824,0,4.9e-05,0
144534,24489,0,0.000227,0
171091,3039,0,0.000277,0
43113,3835,0,0.058294,0
167848,44717,0,0.489175,0
81908,46665,0,0.000202,0
193205,1640,0,0.000416,0
16580,27344,0,0.51077,1
117426,3628,0,0.250019,0
11848,49279,0,0.000366,0
94521,7559,0,0.595549,1
152122,33731,0,0.717712,1
108993,4149,0,0.000654,0
187252,14992,0,0.620198,1
169430,13924,0,0.006387,0
5446,37634,0,0.043947,0
57242,1215,1,0.396987,0
1312,8518,0,0.492652,0
151845,8025,1,0.33477,0
191972,11673,0,0.268075,0
67916,46969,0,0.100069,0
31382,26209,0,0.131675,0
65322,38579,0,0.151706,0
95437,17847,0,0.938193,1
159137,10280,0,0.513112,1
134013,20721,0,0.114993,0
176948,2457,0,0.767874,1
103913,34496,0,0.000225,0
202107,30994,0,0.450564,0
23428,21914,0,0.148193,0
44024,7533,0,0.229444,0
110352,36598,0,0.281633,0
144211,40408,0,0.077493,0
127234,40077,0,0.055792,0
947,7026,0,0.592105,1
125386,28842,0,0.238628,0
145335,1240,0,0.000587,0
17474,13679,0,0.054593,0
52472,41665,0,0.596512,1
150169,43409,0,0.00025,0
41534,27104,0,0.000644,0
19318,27104,0,0.000173,0
186846,46716,0,4.6e-05,0
41126,13885,0,2.7e-05,0
114015,9766,0,0.798433,1
30906,23236,0,0.000152,0
167266,48749,0,0.000147,0
12442,26723,0,0.162011,0
147503,11844,0,0.105092,0
180930,24631,0,0.000112,0
5446,27676,0,0.107133,0
72436,19734,1,0.892377,1
192289,20424,0,0.021948,0
80311,39408,0,0.000101,0
40595,16953,0,5.1e-05,0
89537,48825,0,0.000221,0
33388,23898,0,0.000286,0
28546,15892,0,0.144963,0
190595,40934,0,0.150954,0
131140,34407,0,0.26464,0
49470,7175,0,0.33323,0
59421,21137,0,0.000591,0
25457,5337,0,0.452524,0
28835,45007,0,0.228033,0
168866,19231,0,5.2e-05,0
83763,46667,0,0.00015,0
49187,45646,0,0.000374,0
198640,19816,0,0.000546,0
151569,39322,0,0.451398,0
103618,6568,0,0.000195,0
39394,2339,0,0.83653,1
66638,14462,0,0.519395,1
181775,46906,0,0.001407,0
169699,31215,0,0.00041,0
44231,13944,0,0.737816,1
61365,19503,0,0.028993,0
97350,25072,0,3.9e-05,0
170285,47209,0,0.902232,1
85561,28605,0,0.021593,0
177224,18389,0,0.210345,0
20318,31717,0,0.360803,0
159081,39803,0,0.055685,0
68770,16797,0,0.000281,0
176823,34160,0,0.887573,1
72110,29479,0,1.8e-05,0
182391,11408,0,0.127196,0
5335,38357,0,0.020928,0
193074,46969,0,0.072225,0
85324,12911,0,0.135522,0
86969,2062,0,0.114678,0
10157,27294,0,0.817049,1
177650,47464,0,0.425061,0
156688,2130,0,0.203952,0
142702,8352,0,0.149062,0
147285,45066,0,0.543722,1
107543,36070,0,0.79636,1
82621,41618,0,0.397991,0
106288,25659,0,0.228141,0
62103,13759,0,0.000364,0
23010,27196,0,0.000244,0
43450,23032,0,1e-04,0
154204,9094,0,5.7e-05,0
68460,28928,0,0.000802,0
97680,39275,0,0.000188,0
3607,12044,0,0.490987,0
45533,33527,0,0.305451,0
6530,32691,0,0.758939,1
23505,21137,0,0.001291,0
160284,22089,0,0.000429,0
143995,19767,0,6.3e-05,0
192130,37825,0,0.2203,0
27769,26648,0,0.000109,0
18838,35140,0,0.620341,1
80004,19706,0,9.4e-05,0
168866,16823,0,0.000295,0
29546,16083,0,0.000803,0
113809,33731,0,0.116328,0
117155,5479,0,0.027182,0
161951,32851,0,0.267751,0
53922,24838,0,0.000701,0
198118,13176,1,0.973321,1
43158,27086,0,0.833231,1
69132,13158,0,0.39077,0
113141,28179,0,0.061485,0
114818,18956,0,8.2e-05,0
142907,15541,0,0.074542,0
71,22849,1,0.92018,1
81912,14612,0,5.6e-05,0
201878,20542,0,0.000169,0
140428,20682,0,0.000395,0
76375,34551,0,9.9e-05,0
27468,2314,0,0.923489,1
124291,31551,0,0.000749,0
125166,24492,0,0.219992,0
175720,26664,0,0.117457,0
134153,44359,0,0.000258,0
39786,5818,0,0.000179,0
187378,10305,0,0.02379,0
136893,5896,0,0.091172,0
138921,33929,0,0.366821,0
31443,38108,0,0.069764,0
184636,9290,0,0.362849,0
19819,13263,0,0.678094,1
12740,7503,0,0.000167,0
106608,6348,0,0.820254,1
155159,23165,0,0.047157,0
126872,49131,0,0.372297,0
199229,22825,0,0.01332,0
162921,10755,0,0.004951,0
205488,18908,0,0.000702,0
184365,14137,0,0.011106,0
51357,4832,0,0.5625,1
165291,40604,0,0.073156,0
57560,24184,0,0.248242,0
190469,5194,0,0.668207,1
13699,18380,0,0.000421,0
129738,42191,0,0.297242,0
34393,23952,0,0.000201,0
93845,19938,0,0.118743,0
29351,45535,0,0.000323,0
190070,29262,0,0.029516,0
8909,34230,0,0.517578,1
69457,45787,0,0.193332,0
83202,13203,0,0.053698,0
93231,46575,0,0.741338,1
19076,26209,0,0.675365,1
96953,29815,0,0.201991,0
36383,42900,0,0.094184,0
25466,14376,0,0.509468,1
81093,41220,0,0.800761,1
45470,7693,0,0.000183,0
86759,48620,0,0.23509,0
75664,27104,0,0.016915,0
202215,26209,0,0.000376,0
175657,47993,0,0.764271,1
171540,3176,0,0.170309,0
147532,45588,0,0.000145,0
65781,23236,0,0.030685,0
197377,48493,0,0.359353,0
37142,37215,0,6.2e-05,0
189034,32255,0,0.004251,0
89639,13874,1,0.311745,0
64131,5750,0,0.266266,0
53696,47626,0,0.001711,0
57963,33314,0,0.222846,0
171009,19863,0,0.000326,0
27610,37832,0,0.000296,0
79746,47734,1,0.767303,1
40210,46886,0,0.033154,0
198149,22935,0,0.358281,0
137925,45006,0,0.656566,1
188425,44580,0,0.000141,0
121506,23322,0,0.060745,0
119308,32857,0,0.000455,0
78240,34637,0,0.000526,0
47971,13058,0,0.013729,0
103951,13176,0,0.000205,0
54353,10613,0,0.000252,0
83849,432,0,0.503273,1
84835,22866,0,0.340406,0
100301,21137,0,0.299471,0
23293,32218,0,0.000255,0
88441,25659,0,0.243934,0
49892,10177,0,0.000363,0
61516,25005,0,0.10186,0
125659,33043,0,0.205374,0
1303,27240,0,0.302882,0
37982,26209,0,0.185638,0
5346,19057,0,0.167847,0
77996,24831,0,0.026608,0
181344,20152,0,0.038645,0
203332,40054,0,5.5e-05,0
117435,27772,0,8.1e-05,0
205350,28647,0,0.000378,0
80232,32299,0,2.1e-05,0
110220,7411,0,0.225894,0
163406,26096,0,9.8e-05,0
89846,44632,0,0.000545,0
60404,27156,0,0.108782,0
39038,27336,0,0.313063,0
188627,21011,0,0.412146,0
134612,35202,1,0.917129,1
125890,1700,0,0.203964,0
150837,13807,0,0.000138,0
136315,19886,0,0.00036,0
14051,12276,0,0.090855,0
114889,12703,0,0.218125,0
80779,11005,0,0.202015,0
64979,21272,0,0.2282,0
79778,38557,0,3.5e-05,0
37296,32923,0,0.219626,0
149358,39279,0,0.000719,0
20606,13249,0,0.000163,0
167573,38159,0,0.000468,0
67026,17794,0,0.502004,1
126940,47357,0,0.340534,0
6417,26312,0,0.050929,0
126868,46682,0,0.000121,0
115537,49520,0,0.299253,0
106695,9285,0,0.257007,0
195585,40136,0,0.000149,0
198362,12846,0,0.120961,0
60406,11408,0,0.041635,0
191905,41276,0,0.000347,0
148212,47156,0,0.063417,0
139050,13265,0,0.000305,0
156084,44219,0,0.248294,0
137104,31717,0,0.60164,1
182537,49198,0,0.442367,0
132773,13176,0,0.375299,0
36820,37766,0,0.222291,0
92959,8516,0,0.388507,0
100684,11576,0,0.486317,0
153396,48109,0,0.841541,1
158441,42817,0,0.11638,0
83492,29594,0,0.06815,0
162468,47766,0,0.349172,0
71316,37710,0,0.000809,0
190412,37504,0,0.404125,0
138573,28842,0,0.000306,0
161678,24184,1,0.9112,1
59107,45056,0,0.000123,0
151599,43768,0,0.000461,0
21078,14084,1,0.876361,1
81357,26940,0,0.454291,0
183158,40078,0,0.000123,0
39516,890,0,0.236934,0
17683,8251,0,0.204235,0
46223,47672,0,0.419928,0
34131,43713,0,0.085681,0
102137,31506,0,8.6e-05,0
122028,48775,0,0.000368,0
97873,26128,0,0.488595,0
27716,1090,0,0.299274,0
119148,40256,0,0.007963,0
137447,9507,0,0.000591,0
97659,32689,0,0.925976,1
38756,6422,1,0.020603,0
63237,37145,0,0.342752,0
63388,20282,0,8.9e-05,0
179296,47626,1,0.279549,0
31189,39558,0,0.000109,0
80699,46064,0,0.242004,0
82046,9076,0,0.624712,1
205206,33768,0,0.946763,1
62801,1244,0,0.381811,0
201805,49298,0,0.083196,0
182170,47078,0,0.008111,0
117013,24852,0,0.030597,0
57199,2516,0,0.086301,0
132638,32864,0,0.378703,0
99979,45374,0,0.00012,0
82888,11561,0,0.000501,0
9039,40593,0,0.463467,0
59752,16619,1,0.914141,1
28080,25146,0,0.491273,0
122634,39032,0,0.785737,1
63559,36962,0,0.000186,0
80004,24701,0,0.00023,0
121580,5223,0,0.186909,0
164358,21137,0,0.000749,0
201436,27105,0,0.19467,0
101812,30849,0,0.000575,0
121843,40396,0,0.000458,0
82661,38456,1,0.753431,1
94150,24838,1,0.221232,0
163038,14127,0,9.1e-05,0
124207,34194,0,0.386372,0
205963,13702,1,0.884527,1
144869,19048,0,0.595924,1
63898,14809,0,0.166225,0
102833,21614,0,0.579519,1
43393,21137,0,0.00045,0
100367,26917,0,0.0007,0
203177,22451,0,0.00024,0
390,6615,0,0.753008,1
138861,40686,0,1e-05,0
118133,36107,0,0.22402,0
9799,48871,0,0.000624,0
189034,13709,0,0.020625,0
48661,41463,0,0.000426,0
108351,28849,1,0.352079,0
182022,39097,0,0.844975,1
24037,46667,0,0.000141,0
117182,41665,1,0.053273,0
152871,16521,0,0.000474,0
111786,5120,1,0.967768,1
96249,34969,0,0.816827,1
193729,47000,1,0.418767,0
41019,41665,0,0.162006,0
33216,24487,0,0.090261,0
107832,24964,0,0.49156,0
112571,39108,0,0.743955,1
25507,13471,0,0.00052,0
187910,49347,0,0.012853,0
5335,48079,0,0.004839,0
71839,20608,0,0.000103,0
104237,16773,0,0.442863,0
50113,23537,0,0.035973,0
364,38368,0,0.000544,0
9445,15937,0,0.000515,0
116818,9434,0,0.38706,0
55445,36725,0,5.9e-05,0
136907,4227,0,0.000266,0
75766,25504,0,0.130656,0
152495,149,0,0.000361,0
10372,23826,0,0.000165,0
35384,2763,0,0.000287,0
164762,17548,0,0.000188,0
191824,39121,0,0.139982,0
139311,12683,0,0.668417,1
10595,41319,0,0.007246,0
51096,14515,0,7.4e-05,0
89513,513,0,0.008523,0
76678,41694,0,0.267874,0
81975,10941,0,0.447596,0
132821,15984,0,0.006313,0
118820,48681,0,0.000589,0
4727,4796,0,0.000728,0
46564,41131,0,0.000316,0
42180,24363,0,0.523654,1
83589,27104,0,0.000576,0
38164,20282,0,0.000296,0
190329,13431,0,0.000435,0
130374,38557,0,0.000182,0
67318,11987,0,0.000259,0
68763,30659,0,0.292094,0
193330,42333,0,0.001876,0
59413,48476,0,0.000207,0
108176,33606,0,0.095471,0
157339,26728,0,0.01217,0
205859,47042,0,0.063602,0
94268,9708,0,0.002811,0
140742,20590,0,0.350859,0
193372,7144,0,0.029624,0
70804,17154,0,0.249048,0
100926,3376,0,0.121153,0
203027,26940,0,0.000105,0
173759,35833,0,0.102233,0
14019,8368,0,0.000356,0
196590,34092,0,0.000152,0
86887,39812,0,0.326026,0
92508,43122,0,0.482864,0
191057,46725,0,0.000105,0
81228,46654,0,0.316922,0
61008,13032,0,0.000242,0
60396,19412,0,5.8e-05,0
3482,39509,0,0.000116,0
132836,4605,0,0.520516,1
195086,28165,0,0.006897,0
124341,10448,0,0.005915,0
66706,9337,0,0.000133,0
190396,20711,0,0.138547,0
105055,17794,0,0.489295,0
100590,16797,0,0.229794,0
118137,16332,0,0.158304,0
5841,22935,0,0.000334,0
127666,14252,0,0.46722,0
180492,20590,0,0.000201,0
63809,14444,1,0.311528,0
97416,1999,0,0.148117,0
21666,44449,0,0.000497,0
153786,28052,0,0.407677,0
19753,39781,0,0.194666,0
137495,46584,0,0.196303,0
185441,1483,0,3.2e-05,0
3971,15290,0,0.237691,0
171015,32156,0,0.000452,0
52698,32573,0,0.000305,0
175175,46979,0,0.818518,1
130943,95,0,4.3e-05,0
186825,48775,0,0.19472,0
66500,29442,0,0.006748,0
90802,7021,0,0.821811,1
14630,18550,1,0.973547,1
81971,31717,0,0.589092,1
21283,21903,0,0.050949,0
106430,18150,0,0.241599,0
10345,33540,0,0.122396,0
194558,12333,0,0.19884,0
95984,44359,0,0.320708,0
70265,2732,0,0.000144,0
84854,15264,0,0.03548,0
32922,37848,0,0.000416,0
84871,10644,0,0.040126,0
145228,30839,0,0.000451,0
127497,19346,0,0.107111,0
188666,30135,0,0.411956,0
193939,9421,0,0.000163,0
173696,43789,0,0.342273,0
47862,11763,0,0.647223,1
3114,25416,0,0.051748,0
129127,38159,0,0.000298,0
29168,2452,0,0.000304,0
181211,2361,0,0.017357,0
163857,17878,0,0.125778,0
175875,41290,0,0.000945,0
58107,14084,0,0.00053,0
144702,33819,0,0.000676,0
192931,22825,0,0.025147,0
171661,40366,0,0.001519,0
163049,45613,0,0.206081,0
26848,24243,0,0.971754,1
110374,38273,0,0.224326,0
92587,25985,0,0.021566,0
163860,16048,1,0.057214,0
158976,46969,0,0.599592,1
57380,27323,0,0.000201,0
181218,39877,0,0.582546,1
71636,48587,0,0.497108,0
81408,38847,0,0.043338,0
51901,42736,0,0.00092,0
50121,16797,0,0.212154,0
115892,28800,0,0.000115,0
203531,34690,0,0.000549,0
205717,14151,0,0.051021,0
177594,47310,0,0.056664,0
196314,19678,0,0.178065,0
155816,38609,0,0.303273,0
18635,18441,0,6.1e-05,0
147276,28601,0,0.661401,1
53836,19508,1,0.159663,0
164139,40646,0,0.000262,0
72098,33055,0,0.537476,1
57571,39921,0,0.000565,0
74530,7901,0,0.006726,0
99207,24216,0,0.000168,0
6895,10189,0,0.00944,0
105939,33043,0,0.000121,0
186085,45309,0,0.061718,0
79743,22663,0,0.162848,0
198228,2154,0,4.9e-05,0
133778,24830,0,0.000475,0
80311,25890,0,4.8e-05,0
69124,21072,0,0.000237,0
165611,44813,0,0.05019,0
2371,47591,0,0.015507,0
196622,37890,0,0.000147,0
121921,42701,0,0.000556,0
88247,43086,0,0.159751,0
36928,39180,0,0.000489,0
7985,26569,0,0.479338,0
102312,21573,0,0.000396,0
121482,36076,0,0.910313,1
36691,31717,0,0.792713,1
113232,42441,0,0.00033,0
76229,20899,0,0.644725,1
153024,34898,0,0.083964,0
86443,38707,0,0.017851,0
172233,47357,0,0.000647,0
62068,45933,0,0.000697,0
67465,21050,0,0.000544,0
17509,36205,0,0.203187,0
55713,32642,0,0.005011,0
176952,42282,0,0.00027,0
183173,38051,0,6.8e-05,0
91043,27433,0,8.8e-05,0
97372,16645,0,0.011202,0
121562,30849,0,0.000731,0
73507,15399,1,0.723053,1
14814,49176,0,0.213754,0
32713,42701,0,0.159632,0
120590,39928,0,0.000354,0
81493,10132,0,0.376497,0
190475,22108,0,0.439417,0
95441,4605,0,0.397551,0
83036,33754,0,0.000873,0
32253,22935,1,0.853487,1
127601,15566,0,0.000715,0
201797,11140,0,0.000179,0
27288,2120,0,0.001021,0
69545,23229,0,0.000275,0
179014,44904,0,0.165423,0
191613,32116,0,0.000204,0
64868,18140,0,0.562356,1
112116,242,0,0.019764,0
79737,16714,0,0.907236,1
186546,21137,1,0.977204,1
72759,45607,0,0.00368,0
37829,1938,0,0.000378,0
46451,4314,0,0.000151,0
71785,28537,0,0.603273,1
139684,28836,0,0.000438,0
65685,49683,0,0.000523,0
179166,35896,0,0.000309,0
92118,11408,0,0.409188,0
19210,43945,0,0.331462,0
40726,25804,0,0.568646,1
129474,1560,0,0.962339,1
36250,18479,0,0.000318,0
90378,39891,0,0.000122,0
61288,8555,0,0.001123,0
31976,24852,0,0.885057,1
201141,4846,0,0.18922,0
112009,28278,0,0.212798,0
165545,22750,1,0.326785,0
38710,33508,0,0.260147,0
115200,546,0,0.081654,0
70000,2434,0,0.000235,0
80436,27966,0,0.746177,1
204089,43789,0,0.310253,0
104721,23165,0,0.33359,0
86194,34969,1,0.527077,1
24456,3892,0,0.000161,0
103218,32486,0,0.000189,0
143952,17649,0,0.00035,0
162762,18171,0,0.007827,0
142399,21288,0,0.514228,1
180456,34050,0,0.000454,0
69052,39408,0,0.006795,0
110172,10306,0,0.188014,0
162134,29487,0,0.000455,0
190394,28465,0,0.834905,1
129555,45566,0,0.014995,0
53166,22959,0,0.271538,0
18383,17375,0,0.003598,0
57766,13269,0,0.000539,0
200321,9837,0,0.043719,0
32229,26520,0,0.029725,0
180502,31748,0,0.000233,0
48132,6910,0,0.010917,0
10451,10151,0,0.060881,0
84453,36051,0,0.000263,0
38146,3988,0,0.148751,0
15459,29865,0,0.001709,0
60501,2295,0,0.500557,1
99557,24852,1,0.975376,1
101156,22293,0,0.000319,0
71570,24852,1,0.875121,1
200792,39561,0,0.281465,0
42408,45607,0,0.024685,0
168845,10193,0,0.157269,0
164278,30257,0,0.377984,0
6141,42858,0,0.000527,0
190389,10534,0,0.00291,0
128570,12196,0,0.037166,0
99713,36315,0,0.200803,0
48988,3999,0,0.010425,0
205240,31640,0,0.000224,0
36058,46906,0,0.028144,0
36246,29987,0,0.001136,0
32194,14159,0,0.000466,0
117975,33731,0,0.000663,0
2646,29203,0,0.008486,0
83157,19048,0,0.129331,0
45217,36929,0,0.000297,0
73707,31553,0,0.000304,0
166111,33554,0,0.101665,0
30680,10904,0,0.473437,0
39320,45712,0,0.000159,0
96924,5322,0,0.841559,1
89304,5337,0,0.000121,0
162937,46979,0,0.940348,1
63318,11481,0,0.236117,0
180534,46979,0,0.241918,0
119603,1202,0,0.000387,0
132299,24097,0,0.000129,0
156090,14462,0,0.668976,1
20906,23794,0,0.000188,0
49675,40545,0,0.129529,0
185742,11984,0,0.286268,0
154556,17794,0,0.073012,0
144697,37646,0,0.334008,0
205264,397,0,6.7e-05,0
203025,46107,0,0.258011,0
201112,48347,0,9e-05,0
126121,21717,0,0.155535,0
66387,20887,0,0.079163,0
83364,14592,0,0.033347,0
65207,45761,0,0.596149,1
31387,5876,1,0.84083,1
97264,47655,0,0.13324,0
155742,15902,0,0.413404,0
143236,10607,0,0.172208,0
188804,27086,0,0.080174,0
2870,15795,0,0.31286,0
61561,19348,0,0.0006,0
149412,35819,0,0.078355,0
191562,11576,0,0.000547,0
23304,42333,0,0.48599,0
136112,43662,1,0.885483,1
82887,5006,0,0.072548,0
178817,47192,0,0.137334,0
60918,21938,0,0.510112,1
42992,25527,0,0.121992,0
167518,43194,0,0.309753,0
160850,2099,0,0.000137,0
30012,38216,0,0.157964,0
22775,41198,0,0.01632,0
134145,44514,0,0.000181,0
165173,28311,1,0.096795,0
102070,29084,0,0.04585,0
42706,47672,0,0.025923,0
164484,32839,0,0.231398,0
69942,7992,0,0.699004,1
121436,45650,0,0.000148,0
103718,30391,0,0.000819,0
47986,40232,0,0.119924,0
164558,43073,0,0.469595,0
200565,11331,0,0.000403,0
92535,5450,0,0.001484,0
129355,15354,0,0.29793,0
82286,33122,0,0.453984,0
193045,42231,0,0.054808,0
83728,12572,0,0.93694,1
131385,40689,0,0.052792,0
38339,26369,0,0.000443,0
31097,14657,0,0.000788,0
48332,1521,1,0.927778,1
143948,44008,0,0.002133,0
70682,5794,0,0.505509,1
124887,12078,0,0.815806,1
105289,9534,0,0.378297,0
14493,1244,0,0.683427,1
178309,40723,0,0.000111,0
192692,49383,0,0.584512,1
34823,14992,0,0.700464,1
93898,33511,0,0.000165,0
33947,23901,0,6.1e-05,0
110123,43908,0,6.4e-05,0
28847,35725,0,0.017478,0
162449,204,0,0.000254,0
80862,27966,1,0.558528,1
60845,4920,0,0.693618,1
176070,9422,0,0.000672,0
93885,40706,0,0.764815,1
43304,19048,0,0.000618,0
41546,31268,0,0.156154,0
116656,28199,0,0.000117,0
118469,25804,0,0.245929,0
140663,25890,0,0.000377,0
93698,49683,0,0.604131,1
83681,6340,0,0.453181,0
133013,33792,0,0.000167,0
4915,25340,0,0.34878,0
156762,21376,1,0.881264,1
205782,24184,0,0.000479,0
203364,10385,0,0.74133,1
92360,46308,0,0.000348,0
3219,22935,0,0.444019,0
134788,46968,0,0.003509,0
21227,436,0,0.125164,0
170415,5169,0,0.06386,0
197897,22825,0,0.428884,0
3168,33636,0,0.064598,0
29212,38689,1,0.385763,0
9124,35424,0,0.176698,0
136818,19596,0,0.000138,0
9493,44359,0,0.30705,0
154305,12779,0,0.000236,0
134744,8324,0,0.043857,0
204241,13085,0,0.220558,0
32617,3561,0,0.002705,0
83562,49533,0,8.4e-05,0
140870,16549,1,0.86844,1
42654,13147,1,0.974551,1
70507,5886,0,0.245501,0
141711,23672,0,0.290436,0
93845,44303,0,0.038804,0
121858,24390,1,0.567065,1
135365,19887,0,0.000161,0
10451,35752,0,0.020336,0
635,5161,0,0.000137,0
143768,12845,0,0.015266,0
202190,17155,0,0.000105,0
52359,26453,0,0.000116,0
82433,11173,0,0.193627,0
171402,27521,0,0.000268,0
57424,24231,0,0.31609,0
9244,5210,0,0.063249,0
79008,5462,0,0.002419,0
9981,17224,1,0.892356,1
128334,31506,0,0.308809,0
127103,2540,0,0.36112,0
80468,22474,0,0.000111,0
19844,13252,0,0.148924,0
89254,13924,0,0.010526,0
167888,28821,1,0.761154,1
136001,47209,0,0.000261,0
180437,8309,0,0.510349,1
180691,26683,0,0.427868,0
25951,1217,0,0.679912,1
64684,30252,0,0.09367,0
20744,4844,0,0.017247,0
59651,39877,0,0.000632,0
198631,23288,0,0.74022,1
25870,1713,0,0.000128,0
155642,5296,0,0.312236,0
137392,43352,0,0.000805,0
164222,24010,0,0.564911,1
56096,9366,0,8.7e-05,0
30681,3327,0,0.000247,0
135746,27104,0,0.000527,0
147291,27548,0,6.7e-05,0
140508,43194,0,0.094821,0
165754,21709,0,0.958548,1
120796,23909,0,0.000707,0
197970,904,0,0.003052,0
165980,21288,0,0.591739,1
97975,3880,0,0.109421,0
146386,33957,0,0.000392,0
116217,41844,0,0.000416,0
110636,28643,0,0.000112,0
193844,46969,0,0.000762,0
78144,11281,0,0.103848,0
36457,38371,0,0.234358,0
202621,39984,0,0.245525,0
115912,31717,0,0.059585,0
204436,34034,0,0.1697,0
129652,21903,0,0.000136,0
178966,2535,0,0.009179,0
169150,28014,0,0.026323,0
110909,17668,0,0.245987,0
168741,24852,0,0.874074,1
14365,40268,0,0.000436,0
89200,46906,0,0.115895,0
193042,9000,0,0.052049,0
48143,23029,0,0.000407,0
43420,45066,0,0.946284,1
97401,49374,0,0.000187,0
203979,22556,1,0.935325,1
25307,4726,0,0.162701,0
94003,42170,0,0.795047,1
128377,4920,0,0.70719,1
69463,45410,0,5.7e-05,0
87479,41787,1,0.97715,1
146397,36849,0,0.060412,0
41231,43122,0,0.320275,0
71345,29205,0,0.000194,0
168275,11096,0,0.040985,0
191174,20869,0,0.056284,0
186227,4605,0,0.000133,0
19392,28842,0,0.00044,0
186196,14233,0,0.142207,0
20083,43875,0,0.000148,0
78039,40386,0,7.6e-05,0
59998,27966,0,0.780653,1
82619,19017,0,0.131471,0
177530,34358,0,0.000736,0
136028,23986,0,0.052635,0
2970,27086,0,0.000598,0
170980,13885,0,0.000461,0
53385,33454,0,0.893846,1
104309,20588,0,0.466748,0
203692,39113,0,0.025474,0
7247,15200,0,0.706229,1
148917,10017,0,9.8e-05,0
138242,28465,0,0.000621,0
101893,26648,0,0.00554,0
79795,18465,0,0.000824,0
202380,26985,0,0.000368,0
32273,3952,1,0.840938,1
199156,11068,0,0.000522,0
114554,42719,0,0.296738,0
116979,6758,0,0.532334,1
54353,20998,0,0.000207,0
87297,48235,0,0.000434,0
30137,38231,0,0.032342,0
92305,651,0,0.633935,1
152471,15472,0,0.000249,0
119024,44858,0,0.02824,0
151158,1,0,0.114607,0
77614,21461,0,0.166076,0
24309,24622,0,0.187371,0
30910,6153,0,1.1e-05,0
3989,13870,0,0.000425,0
193550,49075,0,0.212492,0
57829,40415,0,4.6e-05,0
134540,41433,0,0.014494,0
177263,35068,0,0.000278,0
96832,46059,0,0.169093,0
127466,44912,0,0.000167,0
72110,21582,0,0.000138,0
163332,3599,0,0.000268,0
15466,44525,0,0.00013,0
84189,21511,0,0.279043,0
58736,31506,0,0.478299,0
187339,46979,0,0.87671,1
131093,25146,0,7.2e-05,0
145009,19821,0,0.363912,0
155788,6664,0,0.000157,0
127102,22568,0,0.29215,0
180734,38603,0,0.335804,0
202795,13231,0,0.000173,0
70185,20423,0,0.456293,0
90662,13500,0,0.500532,1
200343,5115,0,0.000278,0
13735,25072,0,9.6e-05,0
74969,20431,0,0.000418,0
88950,48679,0,0.000942,0
106184,7021,0,0.175649,0
16429,17207,0,0.000114,0
11512,45290,0,0.361666,0
174963,18465,0,0.224889,0
158695,18370,0,0.702562,1
85979,39275,0,0.200354,0
155405,16004,0,0.077576,0
19042,20977,0,0.217328,0
129234,11737,0,0.000589,0
199999,40934,0,0.002015,0
30191,10655,0,0.000455,0
8390,4920,0,0.848778,1
203637,5860,0,0.452408,0
135441,34619,0,0.000548,0
94071,4960,0,0.218254,0
187214,45504,0,0.894898,1
68075,27471,0,0.000375,0
142157,34969,0,0.45261,0
199785,41950,0,0.191307,0
123661,35554,0,0.000224,0
138271,49585,0,0.106703,0
203343,28289,0,0.000316,0
147891,41508,0,0.00026,0
163286,25659,0,0.152514,0
193393,31040,0,0.18382,0
117829,15740,0,0.579464,1
20774,34658,0,0.0005,0
180083,712,0,0.000713,0
79411,14493,0,0.04676,0
198056,4847,0,0.80664,1
162978,47626,0,0.001565,0
88124,14256,0,0.307598,0
149128,3800,0,0.33916,0
27372,18110,1,0.839935,1
198261,38689,0,0.000443,0
127713,41750,0,0.000588,0
66197,19678,1,0.737075,1
12740,30391,0,0.000765,0
163179,42265,0,0.530515,1
52479,19711,0,0.251836,0
154556,47626,0,0.065739,0
145503,7177,0,0.017371,0
85536,23836,0,0.000325,0
18270,26209,1,0.434715,0
99520,47626,0,0.000138,0
178638,1015,0,0.135983,0
117965,2380,0,0.052175,0
92706,14010,0,0.104309,0
55838,37193,0,0.000323,0
54602,23400,0,0.334041,0
179784,21137,0,0.693802,1
49122,21137,0,0.001361,0
192289,29668,0,0.051371,0
90392,8277,0,0.921183,1
30385,5684,0,0.457542,0
143711,48697,0,0.235204,0
49634,1197,0,0.391309,0
166459,24599,0,0.002827,0
95609,43647,1,0.471357,0
39755,19508,0,0.042653,0
195253,47672,0,0.318878,0
158936,3541,0,0.005816,0
185005,22559,1,0.627153,1
32157,37766,0,0.742523,1
6222,43789,0,0.10549,0
141845,40604,0,0.079685,0
90539,40706,0,0.127935,0
175800,39922,1,0.833132,1
155827,31605,0,0.014303,0
129755,39812,0,0.140337,0
47094,44880,0,0.386998,0
66038,47766,0,0.564112,1
116283,18465,0,0.000677,0
109218,22442,0,0.654675,1
96887,47597,0,3.6e-05,0
70871,14947,0,0.000546,0
141340,21225,0,0.150233,0
38964,27966,0,0.511163,1
31124,1408,0,0.000187,0
68157,22795,0,0.29425,0
136679,15328,0,0.401925,0
73994,32085,0,0.164731,0
84392,44375,0,0.000301,0
69652,9649,0,0.000305,0
164319,26348,0,0.237464,0
77422,19348,0,0.000449,0
105706,36685,0,0.071973,0
84304,11737,1,0.420084,0
183489,39275,0,0.326306,0
151905,38400,0,0.430214,0
46451,13853,0,0.000246,0
7398,13730,0,0.013932,0
136315,17202,0,0.000645,0
40360,13440,0,2.7e-05,0
83541,2314,0,0.647446,1
138512,20114,1,0.722968,1
75897,33037,0,0.000806,0
110798,3381,0,0.000301,0
71532,47626,0,0.000417,0
156682,40516,0,0.150673,0
162947,36389,0,0.236051,0
41238,9421,0,0.000522,0
120087,33290,0,0.000274,0
90575,13733,0,0.000538,0
120157,10673,0,0.096213,0
187979,20577,0,0.000257,0
27954,1541,0,0.700565,1
105058,49622,0,0.000385,0
159840,38456,0,0.245283,0
50210,21137,0,0.906385,1
82591,5744,0,0.083208,0
167649,11777,0,0.295581,0
158056,8030,0,0.001148,0
61279,26604,0,0.000329,0
20979,5157,0,0.064223,0
164404,39984,0,0.149369,0
65974,4920,0,0.000975,0
131993,35652,0,0.186259,0
169915,47788,0,0.026496,0
194037,34608,0,0.076165,0
812,15613,0,0.000214,0
61311,13517,0,9.2e-05,0
60554,43768,0,0.000663,0
101340,37606,0,0.000313,0
205224,42265,0,0.000556,0
195331,34126,0,0.384215,0
34383,7863,0,0.227567,0
1545,18027,0,0.440885,0
145746,30960,0,0.766124,1
65278,20794,0,0.012104,0
123366,5876,0,0.324265,0
137930,561,0,2.6e-05,0
150074,36118,1,0.144578,0
149146,27163,0,0.000717,0
105118,18849,0,0.000687,0
66262,11520,0,0.945197,1
150237,2175,0,0.000169,0
195032,18465,0,0.754564,1
32066,33401,0,0.000595,0
127547,37654,0,8.3e-05,0
173708,9387,0,0.47589,0
68250,20682,0,0.063635,0
69266,33768,0,0.808142,1
111846,42828,0,0.000425,0
73303,27845,0,0.604335,1
89819,27344,0,0.794043,1
113599,18908,0,0.000406,0
65875,35951,0,0.698415,1
84321,20904,0,0.003468,0
122377,3266,0,0.00037,0
46819,20323,1,0.968203,1
82929,1402,1,0.965189,1
157951,46979,0,0.000535,0
131043,31040,0,0.000751,0
105734,5240,0,0.000298,0
127009,17181,0,0.000115,0
10810,20842,0,0.000394,0
8843,6481,0,0.000248,0
59145,5876,0,0.000726,0
7228,39973,0,4.6e-05,0
139691,19366,0,0.207434,0
48869,29159,0,0.020083,0
109917,31960,0,0.060413,0
200978,8309,0,0.137408,0
153396,19732,0,0.108509,0
6122,37113,0,8.3e-05,0
127064,19678,0,0.000383,0
81730,8518,0,0.637812,1
51566,8518,0,0.627079,1
189042,34448,0,0.318932,0
77466,36259,0,0.000967,0
54283,43086,0,0.081814,0
95441,28597,0,0.524536,1
82706,46812,0,0.113467,0
72342,9849,0,0.044884,0
120865,32864,0,0.487831,0
132210,38241,0,0.000302,0
41389,31130,0,6e-05,0
32014,30307,0,0.327852,0
42555,19478,0,0.000146,0
49370,41774,0,0.665233,1
32102,32429,0,0.002112,0
80842,5652,0,0.304143,0
185961,15613,0,0.257108,0
147130,34862,0,0.000277,0
136998,19261,0,0.000137,0
195002,31087,0,0.954019,1
92848,21573,0,0.000572,0
18298,2450,0,0.339613,0
198217,39275,0,1.2e-05,0
82344,3481,0,0.000939,0
65481,4726,0,6.4e-05,0
101030,45200,0,0.754293,1
193858,39194,0,0.06376,0
116651,9725,0,0.800663,1
17363,44292,0,0.91792,1
37627,47626,0,0.000271,0
175425,38797,0,0.000354,0
98675,23517,0,0.025566,0
194505,24764,0,0.000201,0
198781,35221,0,0.000473,0
85393,16673,1,0.04036,0
65819,19706,0,0.046034,0
83690,15392,0,0.133625,0
201712,7518,0,0.178125,0
178735,41774,0,0.000133,0
153777,47766,0,0.000853,0
154267,39121,1,0.284381,0
68415,19370,0,0.123572,0
117435,28643,0,5.7e-05,0
68484,43957,0,0.079397,0
122089,47626,0,0.395013,0
154306,5876,0,0.762365,1
103217,39794,0,0.005299,0
15395,311,0,0.00049,0
190156,45144,0,0.03612,0
140230,27714,0,0.025928,0
150649,29223,0,0.251882,0
56890,23594,0,0.266719,0
132481,49667,1,0.943185,1
110198,30599,0,0.069602,0
163569,12206,0,0.034218,0
183846,38494,0,0.706188,1
31765,39249,0,0.062638,0
167187,42814,0,0.207899,0
167720,37065,0,0.092818,0
198699,39619,0,0.187719,0
60818,4461,0,0.014596,0
102096,13176,0,0.000768,0
146530,49325,0,0.324144,0
143496,28931,0,0.000494,0
11948,27050,0,0.04488,0
175425,35176,0,0.000337,0
115302,5450,1,0.648132,1
2186,7150,0,0.11938,0
61850,17579,0,0.689302,1
143422,38908,0,0.016267,0
169064,19658,0,0.00533,0
70102,34648,0,0.184836,0
474,35510,0,0.000166,0
198929,1511,0,0.000612,0
98614,311,0,0.000221,0
64145,11461,0,0.04801,0
107232,34823,0,1.2e-05,0
175083,47734,0,0.149328,0
148073,29299,0,0.076122,0
170440,2943,0,0.201276,0
154762,25890,0,0.532415,1
156517,43772,0,0.102569,0
102422,49098,0,0.346385,0
92840,22935,0,0.470561,0
117493,22210,0,0.010833,0
59340,6948,0,0.000459,0
33098,12341,0,0.486908,0
203733,23363,0,0.065275,0
105293,21903,0,0.00027,0
144869,25824,1,0.364823,0
2118,22090,0,0.245288,0
172603,4605,0,0.000359,0
26225,29178,0,0.103437,0
82603,43928,0,0.269201,0
119050,39408,0,0.335245,0
17735,16283,0,0.182595,0
50172,28842,0,0.114347,0
22284,21938,0,0.000502,0
164319,44115,0,0.061683,0
166693,33232,0,0.000108,0
83719,8277,0,0.464464,0
93266,47098,0,0.124907,0
69646,43295,0,0.000681,0
178033,10504,0,0.000499,0
464,26723,0,0.000209,0
165594,11710,0,0.000118,0
46033,21903,0,0.077279,0
46356,27471,0,3.8e-05,0
60863,10275,0,0.638446,1
139354,38374,0,0.000305,0
76715,49235,1,0.965586,1
1246,44642,0,0.11132,0
90911,19292,0,0.000243,0
204524,48104,0,0.000132,0
89636,23634,0,0.164858,0
188667,25466,0,0.535953,1
79056,454,0,8.4e-05,0
17957,19938,0,0.184376,0
104795,4920,0,0.00081,0
74797,12385,0,0.049801,0
141155,17794,0,0.49639,0
113599,11520,0,0.000581,0
121984,21472,0,0.016437,0
5828,15649,0,0.579984,1
166039,7781,0,0.000824,0
182474,48171,0,0.013935,0
45003,34287,1,0.097861,0
95870,31342,0,0.000695,0
51566,47601,0,0.052907,0
151736,20638,0,0.000674,0
194846,47301,0,0.335646,0
190821,11363,0,7.9e-05,0
158362,22524,0,0.157792,0
204681,45633,0,0.195229,0
115415,34449,0,0.214224,0
136991,47086,0,0.096825,0
97661,9963,0,0.000194,0
38348,46913,0,0.111533,0
182199,38293,0,0.181052,0
155339,17370,0,0.000737,0
93308,9076,0,0.023278,0
68865,16797,0,0.000591,0
16464,14168,0,0.000607,0
140433,24009,0,0.120755,0
48245,7026,0,0.284607,0
44558,34530,0,0.142462,0
150244,13740,0,0.617364,1
7665,44661,0,0.043416,0
174688,22164,0,0.640729,1
15579,15100,0,0.164609,0
121022,29387,0,0.483709,0
95063,49191,0,3.1e-05,0
1844,44035,0,0.455553,0
88181,15290,0,0.599646,1
176219,37086,0,0.223472,0
149749,45,0,0.000797,0
46251,26648,0,8.8e-05,0
31189,43904,0,0.000163,0
183101,5171,0,0.00019,0
69110,27881,0,0.057622,0
68439,29826,0,0.036346,0
173440,28985,0,0.000486,0
126828,47792,0,0.000257,0
37650,30759,0,0.036806,0
69847,45208,0,0.133114,0
18159,18963,0,0.301867,0
196431,42450,0,0.584026,1
41858,8571,0,0.407065,0
40905,24390,0,0.000164,0
19974,11046,0,0.27941,0
20797,34243,1,0.80717,1
169489,3464,0,0.133038,0
21250,47766,0,0.297686,0
152936,11182,0,0.515792,1
99551,31342,0,0.324927,0
44091,30960,0,0.000718,0
195728,38996,0,0.191998,0
170099,23170,0,0.107476,0
24940,20682,0,0.000249,0
27017,12341,0,0.000238,0
127340,36735,0,0.000659,0
25861,24852,0,0.00081,0
101496,21288,0,0.073924,0
49347,31893,0,0.498246,0
190433,27845,0,0.000149,0
52960,30623,0,0.005987,0
178590,22317,0,1.9e-05,0
80118,24231,0,0.053652,0
44502,34244,0,0.78473,1
146271,46256,0,0.359585,0
193900,19508,0,8.7e-05,0
184212,1947,0,0.24367,0
175410,14858,0,0.552779,1
170735,13212,0,4e-05,0
179834,33388,0,0.367424,0
192289,24221,1,0.045638,0
173407,23955,0,0.000138,0
128520,40078,0,0.078932,0
182022,27845,0,0.565702,1
151024,24964,0,0.000146,0
34219,23554,0,0.000112,0
107596,26113,0,0.472892,0
55713,42265,0,0.016872,0
9832,37033,0,2.9e-05,0
75191,28110,0,0.000177,0
169530,22963,0,0.290378,0
82597,41950,0,0.538915,1
137007,14536,0,0.000589,0
107494,27171,0,0.00011,0
90150,27336,0,6.1e-05,0
114225,4086,0,0.170378,0
81703,14858,0,0.000574,0
202775,37646,0,0.255158,0
140648,42943,0,0.000693,0
168727,1823,0,0.290573,0
163962,17397,0,0.000138,0
167190,22939,0,3.9e-05,0
192321,16995,0,0.316463,0
171400,17067,0,0.018046,0
42353,26047,0,0.118408,0
106184,36322,0,0.082043,0
176783,5649,0,0.033668,0
17792,12099,1,0.964105,1
192910,21903,0,0.404606,0
23713,33471,0,0.186695,0
51037,10326,1,0.937291,1
20097,4052,0,0.057387,0
99115,27521,1,0.757857,1
157590,1158,0,0.145402,0
117725,28476,0,0.475132,0
51248,40542,1,0.660963,1
93898,14462,0,0.000243,0
143402,38226,0,3.7e-05,0
179529,8174,0,0.126043,0
76534,22922,0,0.063602,0
52223,17264,0,0.208613,0
114824,16349,0,0.602459,1
73174,10309,0,0.390038,0
174085,8670,0,0.000357,0
41508,32364,0,8.5e-05,0
525,26283,0,0.762155,1
20814,14678,0,0.000366,0
70831,21292,0,0.000465,0
199780,40706,0,0.007127,0
24257,26369,0,0.554112,1
172768,22290,0,0.057285,0
914,2108,0,0.000327,0
133262,42585,0,0.000272,0
69022,18523,0,0.026523,0
11518,22035,0,0.919351,1
29041,17224,0,0.013879,0
197351,40377,0,0.00018,0
52698,32655,0,0.000404,0
162605,38773,0,0.00056,0
200679,32740,0,0.000381,0
141606,36085,0,6.7e-05,0
26791,17256,0,0.000451,0
131043,30489,0,0.000758,0
160650,26376,0,0.00062,0
143402,8251,0,5.4e-05,0
169851,22247,0,7e-05,0
72943,21137,0,0.618609,1
22284,26209,0,0.000424,0
95765,36809,0,0.076743,0
150244,21137,0,0.726936,1
205747,8670,0,0.273971,0
76608,21405,0,0.482717,0
195169,12113,0,0.005698,0
191174,14976,0,0.006451,0
158690,14881,0,0.000123,0
129687,34126,0,0.000268,0
154163,329,0,0.182207,0
150063,9430,0,0.318909,0
61424,24184,1,0.3643,0
154964,37552,0,0.00024,0
2432,37096,0,0.188211,0
190932,26904,0,0.063831,0
28226,11826,0,0.359605,0
205273,9755,0,0.008727,0
67755,29993,0,0.178518,0
202352,15221,0,0.942203,1
70619,27544,0,0.210491,0
159792,29382,0,0.014635,0
67178,8021,0,8.4e-05,0
131610,39275,0,0.000148,0
122073,46906,0,0.000572,0
96875,43352,0,0.516716,1
87398,40358,0,0.001881,0
474,34134,0,0.00019,0
183263,44146,0,7.8e-05,0
117126,49235,0,0.404327,0
144305,41570,0,0.038166,0
49453,13378,1,0.649913,1
18062,21927,0,0.000769,0
39788,23848,0,0.001028,0
34284,44325,0,0.248761,0
39873,26047,0,0.834131,1
164820,27104,0,0.000343,0
40905,41787,0,0.000497,0
170848,43973,0,0.037615,0
43653,23695,0,0.003364,0
159900,48123,0,0.000719,0
49314,31713,0,0.025487,0
153033,24954,0,0.044072,0
24236,7778,0,0.000262,0
201928,48364,0,0.596879,1
44108,26430,0,0.00024,0
120714,14874,0,0.000737,0
5487,24222,0,0.005541,0
1272,12419,0,0.083325,0
32794,15487,0,0.00019,0
84411,48017,0,8.5e-05,0
150249,24260,0,0.163385,0
163857,17334,0,0.276419,0
203089,26606,0,0.000544,0
111345,47087,0,0.000902,0
181208,38273,0,0.000438,0
106554,4137,0,0.702016,1
81603,43713,0,0.57319,1
198993,28553,0,0.000201,0
135371,44479,0,0.001096,0
16173,31238,0,0.106639,0
155233,8571,0,0.285639,0
147482,27629,0,0.000652,0
201507,35503,0,0.000415,0
192121,35770,0,0.000303,0
62742,22935,0,0.362802,0
171854,8811,0,0.701429,1
176075,7781,0,0.000528,0
14872,5315,0,0.137615,0
152183,14741,0,0.169157,0
91118,5746,0,0.664422,1
31874,39812,0,0.000535,0
197970,43295,0,0.030399,0
146530,43961,0,0.66179,1
12077,47223,0,0.538075,1
139881,13565,0,0.000271,0
130651,21938,0,0.51105,1
29939,27451,0,0.000243,0
159844,22935,0,0.000956,0
158335,890,0,0.151736,0
21647,13113,0,0.000108,0
188267,47861,0,0.000283,0
163454,23405,0,0.008857,0
26536,3631,0,0.004851,0
30948,33043,0,0.121799,0
81300,48018,0,0.000783,0
127540,34137,0,0.922071,1
1822,23452,1,0.968821,1
162808,24535,0,0.000406,0
201417,19468,0,0.123147,0
8706,34124,0,0.01983,0
41394,6348,0,0.000382,0
90216,47626,1,0.968488,1
201588,26911,0,0.030975,0
177706,20463,0,0.766818,1
16357,43930,0,0.001733,0
44926,16281,0,0.00024,0
135535,38400,0,0.000594,0
104839,34550,0,0.063116,0
180410,19468,0,0.031873,0
61169,5001,0,0.164204,0
134946,7010,0,0.000177,0
147819,28993,0,0.235823,0
4801,32650,0,0.238683,0
17509,16145,0,0.171962,0
143099,18818,0,0.003223,0
7506,49235,0,0.748583,1
154489,16696,0,0.00067,0
146005,24852,0,0.00063,0
200722,16965,0,0.277999,0
88938,33682,1,0.352406,0
124165,46823,0,0.169515,0
21050,10957,0,0.000441,0
42784,45349,0,0.000232,0
168185,25588,0,0.126878,0
168007,47766,0,0.943049,1
185042,40146,0,0.292125,0
123301,24571,0,0.000383,0
10342,29288,0,0.023733,0
142838,18814,0,0.000225,0
143707,13802,0,0.000327,0
145692,22825,0,0.914245,1
74152,36326,0,0.039577,0
138795,47977,0,0.000342,0
34785,9337,0,0.025397,0
185127,21445,0,0.000593,0
63098,16213,0,0.492676,0
128626,39094,1,0.650312,1
34013,11520,0,0.496646,0
50929,32707,0,0.000459,0
168313,9743,0,0.000301,0
165641,37067,0,0.527583,1
97372,24221,0,0.04822,0
157817,47626,0,0.00059,0
98094,31853,0,0.256425,0
21128,21903,0,0.82838,1
184304,21868,0,1e-04,0
144914,11182,0,0.314626,0
94339,27984,0,0.150698,0
195897,13167,0,0.351207,0
89842,8197,1,0.931258,1
190344,40203,0,0.061741,0
33619,23,0,0.236796,0
149022,41844,0,0.001024,0
175725,17008,0,0.145941,0
203283,38618,0,0.466891,0
167715,38511,0,0.50417,1
1820,36011,0,0.47724,0
177166,26209,0,0.346541,0
24910,42736,0,0.407817,0
158823,39238,0,0.199964,0
36974,41561,1,0.90003,1
41990,49683,0,0.47921,0
107208,2314,0,0.293859,0
4971,22093,0,0.000324,0
96192,35004,0,0.045436,0
52654,28800,0,0.000157,0
69464,25893,0,0.19727,0
48426,32573,0,0.246863,0
199370,41621,0,0.000376,0
11770,42421,0,5.1e-05,0
3546,17982,0,0.783286,1
154942,10478,0,0.042145,0
196601,3856,0,0.638207,1
52740,26083,0,0.001609,0
167509,43295,0,0.742151,1
124556,5451,1,0.509032,1
187378,7051,0,0.137303,0
195115,29388,0,0.540899,1
26359,13212,0,0.040069,0
102582,28666,0,0.345583,0
7027,25256,0,0.043975,0
4198,13176,0,0.000643,0
192519,33102,0,0.364277,0
100773,31185,0,0.00014,0
33906,21137,0,0.000659,0
141171,33816,0,0.431725,0
153410,43768,0,0.284404,0
46424,23198,0,0.37211,0
129122,21553,0,0.000488,0
187715,196,0,0.000362,0
141069,3634,0,0.013616,0
43979,16759,0,0.00091,0
127464,49141,0,0.000781,0
123466,46522,0,0.191075,0
17363,26800,0,0.113929,0
8715,25588,0,0.000535,0
203644,17794,0,0.000708,0
12139,3990,0,0.286904,0
181278,40388,0,0.025771,0
162067,28842,0,0.525012,1
73879,35042,0,0.00032,0
59892,27065,0,0.000437,0
30043,45862,1,0.748239,1
159341,39275,0,0.403495,0
53693,13819,0,0.240943,0
6168,21955,0,0.775464,1
130566,23165,0,0.237129,0
172416,19429,0,0.000221,0
77664,12347,0,0.000271,0
84569,46347,0,0.000261,0
43211,22788,0,0.27736,0
159269,12791,0,0.021083,0
99713,9020,1,0.95612,1
3276,47209,0,0.967237,1
200633,24852,0,0.00079,0
125355,35821,0,0.01024,0
201089,23194,0,0.000264,0
20575,18382,0,0.000398,0
62055,31343,0,0.301478,0
151334,8680,0,1e-04,0
64658,38777,0,0.620687,1
144046,27966,0,0.000132,0
8499,42479,0,0.000532,0
6486,8746,0,0.00068,0
106637,1025,0,0.412294,0
105825,33819,0,0.318089,0
60078,12358,0,0.096141,0
27504,43744,0,0.827191,1
20561,21137,0,0.425635,0
88963,15040,0,0.000404,0
185883,27531,0,0.000603,0
42676,5618,0,0.171293,0
164304,21137,0,0.324625,0
107961,35176,1,0.953704,1
155229,16759,0,0.215984,0
131946,45249,0,0.000203,0
115912,19457,0,0.514158,1
114928,8626,0,0.084317,0
165173,28289,1,0.596015,1
51719,22234,0,0.005996,0
181566,45009,0,0.055179,0
101292,25146,0,0.800474,1
181827,46692,0,8.2e-05,0
107729,21645,0,0.327583,0
141593,2466,0,0.000123,0
7378,13176,0,0.796775,1
70841,49621,0,0.000984,0
20379,31486,0,0.000216,0
114560,36865,0,0.387374,0
12232,31287,0,0.006125,0
97319,44325,0,7.3e-05,0
20843,22963,0,0.177292,0
65130,26060,0,0.000384,0
96316,42828,0,0.000345,0
76957,42736,0,0.000132,0
1618,1468,0,0.001066,0
147482,13370,0,0.000606,0
172618,37646,0,0.511123,1
124829,24852,0,0.00018,0
119462,24129,0,0.000432,0
32552,29127,0,0.48725,0
55040,16988,0,0.034047,0
93480,18441,0,0.023268,0
88557,4562,0,0.806168,1
138774,38400,0,0.000473,0
164319,2745,0,0.246076,0
156695,37119,0,0.000103,0
57621,39984,0,0.046941,0
8440,44325,0,0.000261,0
27104,18370,0,0.045795,0
80354,6473,0,0.000331,0
109942,35951,0,0.135551,0
56461,895,0,0.414201,0
21267,43692,0,0.03051,0
191308,33198,1,0.954664,1
144115,35761,0,0.000597,0
121115,10049,0,0.542219,1
124012,23995,0,0.000152,0
155687,14881,0,0.333921,0
55267,29127,0,0.564878,1
197361,17794,0,0.60304,1
110025,18148,0,0.000465,0
105805,21009,0,0.417962,0
201170,47209,0,0.896398,1
163857,22210,0,0.008569,0
49580,42585,0,0.21242,0
127001,39348,0,0.360855,0
95471,47927,0,1.9e-05,0
176076,16133,0,0.006472,0
81443,1197,0,0.000773,0
177386,1194,0,0.56872,1
168857,47185,0,0.000718,0
114525,14992,0,0.000328,0
40627,44359,0,0.000106,0
195585,14379,0,0.000535,0
181652,21011,0,9.1e-05,0
107936,38414,0,0.001637,0
157028,47209,0,0.426495,0
13218,7955,0,0.207393,0
163502,9477,0,0.001194,0
86130,42701,0,0.340839,0
68582,40541,0,0.229661,0
127084,40706,0,0.768184,1
56282,21769,0,0.000361,0
51813,49247,0,0.716088,1
81408,2885,0,0.004005,0
2884,27663,0,0.678922,1
88765,13016,0,0.529817,1
4649,42625,0,0.000407,0
75898,49585,0,8e-05,0
159117,4565,0,0.355998,0
160713,7021,0,0.12849,0
34715,5202,0,0.204018,0
105783,49248,0,0.745973,1
38469,27744,0,0.076896,0
168701,44303,0,0.038551,0
72738,43712,1,0.01583,0
180728,26416,0,0.066076,0
152792,32205,0,0.000189,0
147812,9327,0,0.028573,0
39225,8571,0,0.120905,0
139883,13535,0,0.000404,0
182977,19049,0,0.000285,0
91046,29801,0,0.136089,0
20082,44632,0,0.000229,0
17277,12232,0,0.342389,0
188020,30226,0,0.020633,0
187714,16995,0,0.293226,0
44971,27845,0,0.929242,1
153149,19048,0,0.000452,0
68852,45264,0,0.003066,0
2156,29487,0,0.745262,1
198517,19910,0,0.313347,0
153278,47409,0,0.591624,1
165820,2966,0,0.009527,0
91287,16145,0,0.094116,0
143698,24852,0,0.963602,1
111641,45149,0,0.087071,0
47212,26201,0,0.000504,0
24028,48946,0,0.00014,0
54597,13712,0,0.000209,0
42655,36736,0,0.031934,0
114423,23001,0,0.147452,0
102831,30057,0,0.000462,0
111972,33175,0,0.206182,0
199005,39408,0,0.000309,0
46564,45511,0,0.000429,0
98523,25801,0,0.013702,0
81537,49520,0,0.53164,1
115941,8571,0,0.311362,0
144490,43389,0,0.000415,0
17363,29867,0,0.012299,0
104570,43875,0,0.001318,0
161636,37611,0,0.465206,0
146257,49227,0,0.017781,0
195944,47877,0,0.488635,0
131577,30191,0,0.109414,0
77968,2295,0,0.000309,0
61483,41540,0,0.816587,1
175310,7731,0,0.000396,0
59413,33462,0,0.000303,0
19200,21295,0,0.00046,0
198602,432,0,0.960425,1
29014,45577,0,0.000115,0
178449,20779,0,0.091784,0
122439,45084,1,0.85502,1
18910,14130,0,0.000264,0
60078,44991,0,0.04728,0
201001,41690,0,0.077652,0
41019,40761,0,0.008254,0
60396,45633,0,0.000143,0
37820,15709,0,0.653059,1
60755,44424,0,0.129734,0
32124,46906,0,0.901607,1
38246,9420,0,0.16352,0
60862,38644,0,0.171179,0
135809,42526,1,0.733033,1
69330,14947,1,0.987346,1
116596,28156,1,0.249414,0
144314,5605,0,0.01163,0
91560,6193,0,0.000325,0
37777,40332,0,0.109368,0
156668,25588,0,0.000704,0
74094,1263,0,0.165479,0
178250,34024,0,0.000361,0
156018,9839,0,0.001202,0
134598,11611,0,0.000224,0
30910,29921,0,0.000183,0
16052,25806,0,0.126182,0
161079,30391,0,0.190783,0
94770,31717,0,0.060811,0
120317,34126,0,0.654024,1
64258,44142,0,0.000197,0
116656,27117,0,0.000285,0
156784,10193,0,0.000175,0
116929,31040,0,0.017358,0
169827,432,0,0.000404,0
27610,20687,0,0.000196,0
10738,22950,0,0.021794,0
70152,41805,0,0.136154,0
163247,12797,0,0.321524,0
158003,19445,0,0.205946,0
181600,39729,0,0.028397,0
189951,27596,0,0.715561,1
64783,8358,0,0.739507,1
94710,40545,1,0.686399,1
54233,40268,0,0.554216,1
57337,46516,0,0.203446,0
187243,45603,0,0.000876,0
44046,13637,0,0.096109,0
10345,13802,0,0.11215,0
159412,17971,0,0.132418,0
188186,16083,0,0.935748,1
165837,34590,0,0.20577,0
70904,10621,0,0.529435,1
183248,24288,0,0.000334,0
153986,47348,0,0.04921,0
196758,30307,0,0.273245,0
195006,33754,0,0.000586,0
33695,28990,0,0.000411,0
99376,2587,0,0.459526,0
157739,46672,0,0.000335,0
11977,45660,0,0.329427,0
110633,20607,0,0.105273,0
9878,28842,0,0.743362,1
117965,7664,0,0.256774,0
102868,36872,0,0.186337,0
28531,27966,0,0.861094,1
12344,6317,0,0.238571,0
63120,177,0,0.965956,1
162601,30695,0,0.083299,0
164307,48230,0,0.280161,0
84943,11943,0,0.000187,0
86909,40142,0,0.000281,0
7549,27423,0,0.015469,0
117023,25138,0,0.259643,0
35169,1500,0,3.2e-05,0
91924,33351,0,0.000313,0
120833,17131,0,0.20852,0
187910,3237,0,0.005391,0
136064,11068,0,0.000486,0
190257,35206,0,0.000105,0
156769,47766,0,0.362886,0
118937,37119,0,0.585816,1
71839,33194,0,4.9e-05,0
62355,36696,0,0.050339,0
161622,37038,0,0.0047,0
34057,21616,0,0.001192,0
76678,36216,1,0.92591,1
154576,47990,0,0.042166,0
30889,13866,0,0.070042,0
128132,41155,0,0.026666,0
144800,47792,0,0.246073,0
2528,34974,0,0.205132,0
24330,23729,0,0.000198,0
8274,49267,0,0.113036,0
97228,14251,0,0.089107,0
34775,26790,0,0.941979,1
162614,20840,0,0.783915,1
75001,9839,0,0.261483,0
117182,33731,0,0.038285,0
157062,34126,0,0.311122,0
24611,47766,0,0.087681,0
31093,781,0,0.019884,0
10507,14233,0,0.407708,0
106865,29142,0,0.000313,0
55979,14612,0,0.000163,0
32931,95,0,0.00753,0
188025,27104,0,0.862975,1
86236,21810,0,8.4e-05,0
31164,39411,0,0.57934,1
48906,48857,0,0.000144,0
125287,38400,0,0.175668,0
22040,28257,0,2.6e-05,0
92118,4421,1,0.399217,0
187082,14678,0,0.000676,0
42105,29662,0,0.000337,0
128511,46900,0,0.32832,0
104782,45948,0,0.000414,0
23824,21709,1,0.879007,1
106924,25740,1,0.814715,1
127781,49683,0,0.000791,0
50418,44961,0,0.253973,0
108937,3330,0,0.312544,0
159714,38770,0,0.039008,0
21163,2314,0,6.4e-05,0
103158,46667,0,0.5787,1
94792,38318,0,0.000217,0
45183,46984,1,0.313318,0
96999,43967,0,0.000195,0
89836,14852,0,0.000583,0
194012,18339,0,0.194828,0
103261,2050,1,0.654869,1
17070,2078,0,0.187726,0
109709,4790,0,0.373703,0
5951,10403,0,0.239477,0
51872,45066,0,0.000404,0
15743,28577,0,0.000438,0
166286,42625,0,0.63759,1
113176,48210,0,0.000269,0
103252,5332,0,0.000122,0
149182,7274,1,0.678659,1
146446,35951,0,0.000686,0
131048,23955,1,0.887417,1
27741,46131,0,0.357446,0
17647,17600,0,0.538969,1
35061,29780,0,0.002719,0
110505,7021,0,0.00023,0
142794,8955,0,7.1e-05,0
11576,22848,0,0.078589,0
20744,27690,0,0.146771,0
1264,20324,0,0.000124,0
109332,10333,0,0.521602,1
46715,884,0,0.000233,0
136275,28450,0,0.000147,0
162690,33234,1,0.922721,1
153236,23337,0,0.000323,0
141464,544,0,0.08179,0
104936,22069,0,0.645568,1
1240,30461,0,3.7e-05,0
10716,38029,0,0.034119,0
75853,18539,0,0.019862,0
48622,5603,0,0.084285,0
23808,17794,0,0.660046,1
22640,43086,0,0.265016,0
40109,20448,0,0.000295,0
127868,22298,0,0.014331,0
183606,40706,0,0.000205,0
92393,16479,0,4e-05,0
173945,46593,0,0.162798,0
156913,8787,0,0.004096,0
179873,26497,1,0.864831,1
136661,24062,0,0.000225,0
43524,43768,0,0.795033,1
167987,41437,0,0.573142,1
101368,44008,0,0.516318,1
167536,3376,0,0.184002,0
124721,33672,0,0.000314,0
76121,20400,0,0.007775,0
70078,975,0,0.270259,0
93083,40910,0,3.3e-05,0
176076,43735,0,0.025073,0
39620,37255,0,0.000208,0
8063,33089,0,0.387091,0
179746,20107,0,0.112918,0
153919,26767,0,1e-04,0
82464,32402,0,0.64276,1
148250,1483,0,0.000525,0
106061,5077,0,0.572016,1
164277,6576,0,0.000185,0
174996,38456,0,0.329754,0
174081,33752,0,0.000577,0
79785,31181,1,0.176986,0
46100,8929,0,0.16848,0
195998,41642,0,0.340242,0
141844,38293,0,0.000305,0
110442,14862,0,0.002372,0
79382,22180,0,0.857878,1
125955,17747,0,4.6e-05,0
195434,34969,0,0.000314,0
1495,14165,0,0.724925,1
184259,35921,0,0.61023,1
56870,23265,0,0.360917,0
74671,22952,0,0.399193,0
59595,34429,0,0.000361,0
10814,43643,0,0.846736,1
27837,28553,0,0.00025,0
149182,47854,0,0.242225,0
60040,39479,0,3.4e-05,0
39038,11941,0,0.259715,0
112656,22454,0,0.419764,0
88607,41845,0,0.199148,0
29344,10025,0,0.101897,0
32186,7694,0,0.291663,0
87100,35629,0,0.036227,0
64659,29456,0,0.000199,0
136555,16622,0,0.004574,0
186249,46226,0,0.720738,1
152717,11452,0,0.36213,0
160174,24279,0,0.346642,0
12647,8518,0,0.000754,0
25264,21183,0,0.000474,0
91263,12419,0,5.4e-05,0
15357,47532,0,0.00799,0
90687,27744,0,0.000334,0
74142,19691,0,0.000107,0
947,14895,0,0.084624,0
91193,48235,0,0.000209,0
127801,43352,0,0.697613,1
124727,4920,0,0.944662,1
29650,27966,0,0.000834,0
199850,14540,0,0.108374,0
144702,2835,0,0.000282,0
164294,46979,0,0.904831,1
32632,7021,0,0.000109,0
183512,24964,0,0.76384,1
125341,47716,0,0.012213,0
149542,35547,0,0.000537,0
177230,21616,0,0.000697,0
104433,2806,0,6.6e-05,0
525,26862,0,0.03068,0
129454,49275,0,0.128137,0
202941,27521,0,0.000679,0
138584,36316,0,0.000818,0
166280,13984,0,0.00045,0
65333,21461,0,0.435788,0
135185,8518,0,0.434128,0
26023,47626,0,0.000708,0
103547,43713,0,0.321649,0
154946,32638,0,0.198871,0
52075,25,1,0.501962,1
25030,23649,0,0.407362,0
158832,45645,0,0.570307,1
42945,17281,0,0.106502,0
158577,19051,0,0.03565,0
151574,27841,0,0.114695,0
183006,48163,0,0.000423,0
45528,1158,1,0.874424,1
169284,27737,0,0.000455,0
117733,40706,0,0.000378,0
47527,19734,0,0.506387,1
191148,16973,0,0.275493,0
62498,7622,0,0.671539,1
178846,8478,0,0.000955,0
114771,13338,0,0.307707,0
152919,14556,0,0.000151,0
1531,14376,0,0.036962,0
27573,30720,0,0.001228,0
140344,11046,0,0.051834,0
170489,37291,0,0.000815,0
183401,15261,0,0.201928,0
136888,35939,0,0.000188,0
107430,31985,0,0.025945,0
88375,18418,0,0.248105,0
102691,49131,0,0.624461,1
65470,15937,0,0.039487,0
42144,39059,0,0.145662,0
2558,22491,0,0.000228,0
80568,47144,0,0.00039,0
24541,27521,1,0.918793,1
151838,47500,0,0.190917,0
140607,21938,0,0.810833,1
58919,34134,0,0.780434,1
131883,28199,0,0.509326,1
182612,4605,0,0.652564,1
93246,21936,0,0.354223,0
117993,24964,0,5.7e-05,0
197103,26209,1,0.504355,1
126676,16462,0,0.000274,0
58218,41065,0,0.000619,0
135967,7978,0,0.000237,0
186261,12218,0,0.978041,1
39118,45842,1,0.407334,0
173405,29529,0,0.403342,0
56078,13514,0,0.107263,0
155788,33857,0,0.000125,0
80463,32052,0,0.649134,1
173543,32056,0,0.000132,0
42997,34350,0,7.1e-05,0
38163,31717,1,0.916456,1
141369,5250,0,0.000114,0
122380,21616,0,0.713587,1
141844,35842,0,0.000526,0
53840,43295,0,0.000502,0
192289,48476,0,0.044039,0
117357,13829,0,0.034676,0
143707,329,0,0.000167,0
129926,12392,0,0.000638,0
135839,47163,0,0.000408,0
169628,429,0,0.258056,0
98200,33572,0,0.800181,1
160222,31127,0,0.766716,1
89520,6184,0,0.000364,0
136940,43697,0,0.000127,0
102520,43205,0,0.036409,0
122028,30175,0,7.3e-05,0
66320,31725,0,0.720672,1
43120,31506,0,0.274628,0
136125,27258,0,0.152857,0
94268,43965,0,0.00204,0
20882,1541,0,0.148336,0
88484,5467,0,0.012076,0
199728,16816,1,0.552043,1
70140,30309,0,0.000302,0
78154,16185,0,0.000298,0
25451,47766,1,0.805757,1
103404,21137,1,0.893631,1
79970,42176,1,0.723374,1
92673,3869,0,2.3e-05,0
2518,4029,0,0.165552,0
76016,31683,0,0.462683,0
116401,26032,0,0.035432,0
150594,21301,0,0.473256,0
16882,21737,0,0.160713,0
168796,8953,0,0.175725,0
80204,29223,0,0.000539,0
15689,42674,0,0.000108,0
12540,47209,0,0.971165,1
4593,18811,0,0.000363,0
112455,3800,0,0.267199,0
105308,42447,0,0.821313,1
159004,43413,0,0.558924,1
15316,26431,0,0.854396,1
73425,42585,0,0.270232,0
14399,4920,1,0.130358,0
14684,12163,0,0.000138,0
197480,7916,0,0.520751,1
102494,12514,0,6.2e-05,0
125726,7818,0,0.000267,0
98364,8277,0,0.000499,0
28605,44471,0,0.000287,0
132217,7088,0,0.014084,0
76016,43961,0,0.67156,1
39766,35921,0,0.000418,0
136322,35108,0,0.000354,0
37710,42526,0,0.806598,1
34628,4960,0,0.012467,0
145250,1376,0,0.000227,0
21045,3513,0,0.432575,0
104600,44419,0,0.093172,0
120890,33898,0,0.046986,0
38178,28258,0,0.135655,0
146446,43165,0,0.000706,0
140014,22869,0,6.2e-05,0
113708,45260,0,0.000148,0
103732,29436,0,0.010666,0
23199,15466,0,0.057426,0
137300,9515,0,0.00036,0
160185,31506,0,0.134779,0
57511,6850,0,0.026817,0
206183,2086,0,0.000353,0
142050,3362,0,0.450248,0
151687,5794,0,0.000771,0
161194,4508,0,0.000273,0
38667,29956,0,0.758059,1
154695,1463,0,0.000703,0
48114,25466,0,0.000211,0
101176,28985,0,0.001128,0
100655,35077,0,0.000332,0
13979,1577,0,0.536079,1
19525,11688,0,0.549075,1
109451,35752,1,0.35995,0
65506,20052,0,0.030514,0
26083,17334,0,0.000738,0
146059,23986,0,0.000104,0
50214,48767,0,0.005319,0
13849,14168,1,0.865983,1
169915,47209,0,0.38877,0
127709,44570,0,0.000535,0
186140,47144,0,0.495592,0
108281,46064,0,0.496911,0
179374,3661,0,0.034606,0
24288,24852,0,0.000656,0
102188,34969,0,0.505016,1
199610,40942,0,0.410979,0
61791,8671,0,0.170989,0
103963,25718,0,0.290406,0
75664,2362,0,0.039455,0
100580,11826,0,0.194211,0
65981,25659,0,0.000348,0
167481,18432,0,0.541127,1
15537,937,0,0.00015,0
73517,25370,0,0.097868,0
111189,22169,0,0.000185,0
28098,16185,0,0.603001,1
120997,16823,0,0.386941,0
94178,48865,0,0.000323,0
40019,18370,0,0.035015,0
135431,3651,0,0.033006,0
205007,24382,0,0.1104,0
6962,30529,0,0.090477,0
14330,38683,0,0.578485,1
126256,23770,0,0.061468,0
60059,12727,0,0.098152,0
140797,22343,0,0.043072,0
99749,4429,0,0.000526,0
76323,5134,0,0.0002,0
142486,29921,0,0.136196,0
62495,35360,1,0.555523,1
99144,26201,0,0.049673,0
156850,8728,0,0.000804,0
146677,19759,0,0.00076,0
138358,26315,0,0.001282,0
189063,13627,0,0.506767,1
1722,15964,0,0.04953,0
40738,8518,0,0.000249,0
90539,24925,0,0.130638,0
68639,6104,0,0.817973,1
83780,3318,0,0.16175,0
153372,19508,0,0.011025,0
177988,45002,0,1e-05,0
7578,2596,0,0.000163,0
107888,33810,0,0.067023,0
127124,7723,0,0.688588,1
172977,45056,0,0.01909,0
60396,21137,0,0.000113,0
71883,32293,0,0.76328,1
166016,16185,1,0.319788,0
139285,1354,0,0.410173,0
17478,25637,0,0.299468,0
130852,6473,0,0.000398,0
73155,48732,1,0.220168,0
88973,39928,0,0.128976,0
32863,1818,0,0.000137,0
47257,30950,0,0.062923,0
78443,37208,0,0.04598,0
27536,43352,0,4.5e-05,0
120862,33274,0,0.039334,0
165364,8993,0,0.470322,0
28314,6615,0,0.178088,0
49875,5262,0,0.846352,1
183334,34165,0,0.02498,0
128010,15290,0,0.099536,0
103262,6101,0,0.141486,0
97309,25466,0,0.012353,0
95565,36962,0,0.072233,0
80428,46799,0,6.5e-05,0
73441,46749,0,0.803356,1
35441,45386,0,6.3e-05,0
138519,48957,0,0.362733,0
52479,14947,0,0.117558,0
66808,43569,0,0.000293,0
30829,13259,0,0.870065,1
35269,9595,0,0.00439,0
52647,33127,0,0.490204,0
91925,5025,0,0.27899,0
23998,43452,0,0.054867,0
120273,45535,0,0.000583,0
162777,12341,0,0.093935,0
3677,32573,1,0.382428,0
94119,21225,0,0.00029,0
29297,4675,0,0.000161,0
61772,27966,1,0.635834,1
144443,19057,0,0.000667,0
60604,22935,0,0.120912,0
14865,26317,0,0.133423,0
5655,22825,0,0.06938,0
147066,15610,0,3.6e-05,0
24104,17341,0,0.000215,0
44209,49683,0,0.632397,1
168985,27796,0,0.008867,0
8028,13351,0,0.000988,0
202920,35072,0,0.021427,0
53075,47532,0,0.179109,0
165175,17872,0,0.229793,0
141657,24838,0,0.804363,1
148351,37665,0,0.140134,0
173032,14992,0,0.201001,0
133789,26209,0,0.000347,0
180531,19706,0,0.058862,0
173675,4205,0,0.113377,0
167263,43086,0,0.000331,0
150488,18531,1,0.815787,1
84851,34429,0,0.000579,0
202252,28289,0,0.082838,0
163036,22750,1,0.15977,0
27895,32030,0,0.000344,0
150695,37766,0,0.000311,0
104721,33718,0,0.007326,0
158077,27243,1,0.008992,0
103991,8424,0,0.000787,0
52482,20957,0,0.136121,0
103129,9092,0,0.000453,0
175284,25466,0,0.001458,0
25051,42699,0,0.399421,0
27923,29487,0,0.000295,0
178250,2717,0,0.000207,0
44618,35866,0,4.6e-05,0
9799,28204,0,0.000797,0
31875,17807,0,0.00026,0
62555,32757,0,0.000391,0
27495,29382,0,0.00025,0
167357,28204,0,0.422048,0
144908,34530,0,0.150923,0
69684,39922,0,0.115848,0
129711,8460,0,0.000807,0
29967,36693,0,0.000202,0
41295,34584,0,0.030463,0
95063,3761,0,4.5e-05,0
126038,23400,0,0.000461,0
90216,31506,0,0.245157,0
164325,24830,0,0.311806,0
162722,23215,0,0.011449,0
51111,19057,0,0.00119,0
165611,7297,0,0.23123,0
183428,12206,0,0.000206,0
146856,11163,0,0.738349,1
196391,13396,0,0.000547,0
22911,27845,1,0.88311,1
92618,32655,0,0.000541,0
177676,196,0,0.000298,0
24257,24852,0,0.625414,1
148999,3260,0,0.38723,0
43524,17794,0,0.7278,1
169013,27796,0,0.289065,0
105019,47042,0,0.000213,0
39903,4913,0,0.000337,0
196650,12834,0,4.8e-05,0
146263,5451,0,0.000591,0
47460,31553,0,0.000422,0
79285,18441,0,4.5e-05,0
79570,5484,0,2.2e-05,0
22849,12409,0,0.086078,0
167308,3390,0,0.000186,0
152928,23537,0,0.046447,0
33284,13176,0,0.806472,1
187954,19057,0,0.612712,1
196639,19846,0,0.028181,0
167308,28380,0,7.3e-05,0
182327,6361,0,0.235882,0
91470,47209,0,0.455161,0
143307,13409,0,0.292708,0
171125,38834,0,0.076914,0
40650,48395,0,0.209075,0
67847,11512,0,0.294235,0
15229,3339,0,3.7e-05,0
82834,47348,0,0.000345,0
158977,45007,0,0.000554,0
47682,14898,0,0.047804,0
113591,14084,0,0.257618,0
40604,37107,0,0.006824,0
99979,44014,0,0.000166,0
140999,30057,0,0.000814,0
201011,20940,1,0.699293,1
90414,19711,0,0.355942,0
173011,24852,0,0.937587,1
191135,35748,0,0.002261,0
194802,43743,0,0.04108,0
43718,37518,0,0.005762,0
27837,7948,0,0.000519,0
30496,44359,0,0.000267,0
115659,16254,0,0.364198,0
187337,21376,0,0.026598,0
173414,27521,0,0.635363,1
32690,26863,0,0.073397,0
109474,30827,0,0.529935,1
179824,48364,0,0.70892,1
192289,48595,0,0.038898,0
84280,17341,0,0.000236,0
192931,28883,0,0.081224,0
13927,32655,0,0.881065,1
191300,22935,0,0.000674,0
141124,36695,0,0.319397,0
35323,42768,0,0.357258,0
75148,29277,0,0.436869,0
180130,9076,0,0.39367,0
126302,36086,1,0.641913,1
180158,9510,0,0.302689,0
112426,46692,1,0.750133,1
137798,27288,0,0.238971,0
128263,17794,0,0.12286,0
70647,41149,1,0.547558,1
153785,16837,0,0.854001,1
1538,19604,0,0.019664,0
96267,8277,0,0.663573,1
71128,6046,0,0.589718,1
103599,4455,0,0.000364,0
50113,18175,0,0.068359,0
160005,23265,0,0.277268,0
34816,160,0,0.000324,0
86802,11961,0,0.002345,0
77362,34448,0,0.000193,0
36257,37849,0,0.221478,0
68986,26604,0,0.000792,0
110358,33000,0,0.000374,0
43299,24852,0,0.000412,0
126986,32566,0,0.90489,1
88154,48015,0,0.000461,0
42746,44008,0,7.6e-05,0
47912,49075,0,0.030181,0
82847,19478,0,0.023288,0
37283,25745,0,0.784596,1
164020,28798,0,0.1798,0
88027,42014,0,0.007955,0
99495,41540,0,0.038024,0
106407,19734,0,0.346024,0
86224,12127,0,0.000884,0
84178,47223,0,0.014217,0
177263,49496,0,0.000257,0
152664,37524,0,0.000169,0
20454,21938,0,0.000326,0
202849,47966,0,0.000162,0
184085,46990,0,0.210936,0
101645,13252,0,0.000802,0
184599,13182,0,0.092685,0
71259,31238,0,0.000163,0
114558,36185,0,0.865705,1
162386,22395,0,0.000318,0
59038,14653,0,0.065745,0
36740,8518,0,0.035765,0
194395,37119,0,9.9e-05,0
160672,41950,0,0.000367,0
70147,13176,0,0.000944,0
53690,12183,0,0.082839,0
137789,3740,0,0.067361,0
99268,24964,0,0.4237,0
166171,35430,0,0.21097,0
97821,37511,0,0.000102,0
12586,18625,0,0.000118,0
82461,26312,0,0.000258,0
199369,45574,0,0.469447,0
3320,28934,0,0.202829,0
187504,44895,0,0.125768,0
182059,27044,0,0.047068,0
119091,45535,0,0.069242,0
91862,2966,0,0.00073,0
97977,2974,0,0.000231,0
40592,5646,0,0.406296,0
41308,12686,0,0.007787,0
183158,1529,0,0.000167,0
177633,37354,1,0.945672,1
42401,36878,0,0.000146,0
97031,34126,0,0.001019,0
55924,41220,0,0.000358,0
107074,10108,0,0.08666,0
188171,25890,0,0.520546,1
114070,18883,0,0.000303,0
34414,48717,0,2.1e-05,0
139412,38622,0,0.249938,0
69643,42458,0,0.213437,0
159714,33990,0,0.028673,0
198013,42352,0,0.000221,0
101207,38768,0,0.928858,1
83648,22166,0,0.000411,0
72817,41629,0,0.000457,0
158387,49488,0,0.420222,0
90628,23178,0,0.000563,0
15710,651,0,0.124317,0
98664,46802,0,0.333187,0
54698,13452,0,0.669464,1
45930,41387,0,0.000195,0
46715,31915,0,0.00086,0
109942,29487,0,0.241758,0
173050,26209,0,0.524318,1
128184,27973,0,9.7e-05,0
140844,34497,0,0.047322,0
83524,23341,0,0.000335,0
163814,48679,0,0.541547,1
138242,14867,0,0.000614,0
161337,19681,0,3.7e-05,0
758,4451,0,0.000278,0
58226,48297,0,0.122151,0
16339,38693,0,0.000347,0
120997,28849,0,0.334202,0
143736,40002,0,0.507617,1
146234,21938,0,0.000266,0
110963,37188,0,0.000265,0
173751,19653,0,0.142616,0
49030,4605,0,0.000253,0
103448,32047,0,0.672892,1
29227,47766,0,0.02676,0
151259,22031,0,0.000528,0
112305,42030,1,0.874148,1
160317,46222,0,0.203951,0
201825,16616,0,0.509746,1
140777,48549,0,0.003123,0
16418,26856,0,0.759966,1
203924,19895,0,0.434484,0
205106,37257,0,0.220848,0
110835,31981,1,0.928592,1
104705,25588,0,0.140776,0
8545,16349,0,0.000451,0
32321,43295,0,0.308356,0
162140,21513,0,0.000101,0
29449,44944,0,0.000211,0
157542,24739,1,0.715391,1
188588,19156,0,0.000479,0
59137,7751,0,0.052613,0
173608,40516,0,0.007827,0
154726,49235,0,0.685346,1
78240,33065,0,0.000279,0
19627,16797,0,0.000347,0
22451,17830,0,0.000197,0
133919,30720,0,0.001094,0
46708,26895,0,0.037504,0
109227,18531,0,0.000127,0
29327,14461,0,0.000144,0
122833,44548,0,0.000664,0
71653,31248,0,0.000381,0
53996,22944,0,0.310083,0
190356,40604,0,0.000134,0
56886,16290,0,0.017498,0
121926,4461,0,8.2e-05,0
7713,45061,0,0.003187,0
72761,21405,0,0.729693,1
46041,7644,0,0.000456,0
204736,34358,0,0.590968,1
65284,48556,0,0.00014,0
37897,42736,0,0.396994,0
181597,35853,0,0.006136,0
37526,19478,0,0.652119,1
188565,1438,0,6.5e-05,0
114434,24320,0,0.000977,0
97886,18465,0,0.000476,0
6774,20842,0,0.000777,0
174559,40604,0,0.475667,0
162242,41950,0,0.161459,0
44089,39408,0,0.188632,0
121695,18288,0,0.8641,1
141517,33819,0,0.063382,0
42555,14129,0,0.00035,0
89795,365,0,0.000407,0
31216,5327,0,0.922869,1
29368,41319,0,0.367915,0
168530,26168,0,0.496107,0
66808,44661,0,0.001285,0
92699,13176,0,0.982564,1
202168,13740,0,0.379687,0
118374,25640,0,0.000108,0
199347,40992,0,0.000447,0
145444,42315,0,9.4e-05,0
91760,42719,0,0.407357,0
13950,22859,0,0.08013,0
153907,17560,0,4.9e-05,0
201797,35416,0,7e-06,0
161782,8382,0,0.000527,0
134216,43365,0,0.000304,0
49551,13673,0,7e-05,0
170144,35665,0,0.105391,0
124893,10749,0,0.144612,0
83512,4605,0,0.121577,0
128533,4269,0,0.000268,0
50264,21292,0,0.325861,0
152122,204,0,0.189081,0
4100,651,0,0.00054,0
110149,9844,0,0.01167,0
76309,31433,0,6.3e-05,0
115476,16797,1,0.915907,1
29775,43713,0,0.27089,0
24709,28289,0,0.000208,0
1654,38944,1,0.611003,1
77285,20837,0,0.000304,0
39928,6061,0,0.017164,0
35061,13997,0,0.023811,0
31200,21616,0,0.000427,0
109698,6274,0,0.298257,0
112976,41610,0,0.17957,0
92486,13774,0,0.03382,0
93772,30406,0,0.000447,0
195632,42183,0,0.059492,0
187507,31506,1,0.046699,0
163772,28427,0,0.139255,0
132217,31759,0,0.074199,0
158355,44880,0,0.000563,0
171281,27238,0,0.08258,0
5507,34024,0,0.2808,0
152410,46172,0,0.000348,0
99821,12099,0,0.641128,1
71151,7658,0,0.000434,0
193065,16797,0,0.256278,0
187564,20345,0,0.33307,0
33059,27949,0,0.000123,0
85070,46528,0,0.568717,1
93452,31601,0,0.449332,0
202776,37220,0,0.278118,0
42532,35451,0,0.050601,0
91289,32946,0,0.005094,0
160556,41223,0,0.013665,0
93504,35420,0,0.477168,0
17941,2763,0,0.000719,0
44272,33129,0,0.000688,0
166877,29405,0,0.000596,0
97011,22035,0,0.764092,1
127896,35363,0,0.0006,0
31307,34534,1,0.041231,0
10237,24708,0,0.713627,1
175316,45296,0,0.494411,0
199776,38312,0,0.358001,0
188559,12845,0,0.000208,0
10592,31486,0,0.000329,0
131973,9175,0,0.000186,0
54843,48726,0,0.050949,0
42059,1516,0,0.000254,0
31939,13984,0,0.000145,0
108684,30795,0,0.642913,1
1579,25640,0,0.05716,0
204348,39981,0,0.10992,0
98346,40516,0,0.805756,1
146625,21010,0,0.0066,0
63538,16797,0,0.000671,0
152573,46505,0,0.045043,0
164471,21019,0,0.000133,0
78900,12667,0,0.12694,0
176545,31701,0,0.630318,1
854,35231,0,0.002381,0
94525,31371,0,0.000263,0
62161,26242,0,0.329841,0
32551,17487,0,0.630355,1
206015,21616,0,0.645533,1
23217,46755,0,0.000408,0
60724,35004,0,0.000341,0
37979,45774,0,0.709922,1
115277,45007,0,0.670168,1
186311,10252,0,0.188182,0
76900,31605,0,0.789071,1
143219,47141,0,0.000739,0
72901,29987,0,0.30807,0
148409,23234,0,0.327351,0
170346,40868,0,0.498361,0
858,48193,0,9.6e-05,0
202990,28604,0,0.000168,0
23241,41220,0,0.000414,0
88375,24830,0,0.249389,0
133707,23801,0,0.454313,0
8744,45398,0,0.079397,0
101239,43889,0,0.395564,0
111999,18370,0,0.173224,0
64893,46906,0,0.329679,0
24105,47380,0,0.000281,0
171827,10032,0,0.01542,0
68484,26751,0,0.012363,0
204751,47626,0,0.000399,0
148097,2327,0,0.362579,0
35783,19508,0,0.00018,0
157312,28156,1,0.75528,1
73804,9550,0,0.616699,1
193896,7021,0,0.000494,0
50688,21903,0,0.690074,1
179775,44683,0,0.173405,0
93266,17151,0,0.17326,0
118273,6348,1,0.707589,1
167684,20767,0,0.106958,0
147199,8277,0,0.000802,0
146431,13457,0,0.075164,0
42344,10599,0,0.000326,0
21780,29640,0,0.000734,0
148707,38312,0,0.665796,1
205091,46022,0,0.466623,0
94268,46827,0,0.023816,0
53360,8670,0,0.000146,0
167497,35921,0,0.000483,0
55911,49215,0,0.294273,0
73160,33754,1,0.936594,1
74847,48229,0,0.000218,0
83668,38527,0,0.071702,0
1694,9547,0,0.250902,0
11986,44126,0,0.067382,0
24562,9794,0,0.000894,0
65120,30720,1,0.363192,0
176062,39199,0,0.736335,1
65524,37711,0,0.026446,0
199553,21903,0,0.352849,0
139301,664,0,8.2e-05,0
66500,7156,0,0.015611,0
128001,7644,0,0.633716,1
55136,19508,0,0.34494,0
129271,49605,1,0.5439,1
189600,25890,1,0.898847,1
192051,31927,0,0.814058,1
158758,25890,0,0.53235,1
2862,43504,0,0.654065,1
134621,43483,0,0.03198,0
93720,44683,0,0.000755,0
189455,20738,0,0.00024,0
178970,26209,0,0.271298,0
194628,27509,0,0.000112,0
162281,39984,0,0.339286,0
75243,21083,0,0.000745,0
170050,21903,0,0.00073,0
29381,39275,0,0.240113,0
148739,907,0,0.456328,0
146721,1511,0,0.000685,0
192027,34034,0,0.101958,0
4967,424,0,0.000502,0
108828,27845,0,0.000294,0
183200,31015,0,0.539685,1
202830,48205,0,0.000135,0
94150,12986,0,0.186166,0
170386,47492,0,0.626092,1
47379,25357,1,0.16632,0
153786,27093,0,0.318502,0
136097,5652,0,0.000266,0
93370,40709,0,0.106752,0
109765,3777,1,0.184595,0
73016,32700,0,0.039852,0
125128,9431,1,0.278026,0
44235,15144,0,0.007102,0
77052,7969,0,0.000349,0
52868,30759,0,7.4e-05,0
77489,26002,0,0.081129,0
117493,4232,0,0.024437,0
154060,277,0,0.000594,0
151120,43631,1,0.653716,1
52550,35708,0,0.07803,0
56048,23594,0,0.024818,0
39614,6994,0,0.169671,0
91303,19713,0,0.00011,0
171827,23740,0,0.033249,0
105428,31506,0,0.000192,0
159620,19677,0,0.506072,1
168938,3631,0,5.8e-05,0
130890,16254,0,0.000762,0
136402,21009,0,0.07629,0
14078,36287,0,0.2406,0
23789,4044,0,0.561343,1
106238,28248,0,0.030789,0
1461,13176,0,0.948563,1
184881,36550,0,0.110985,0
110633,46979,0,0.818774,1
96206,41831,0,0.02678,0
200589,21174,0,0.000384,0
68510,13702,0,0.111866,0
185322,47866,0,0.000417,0
18970,38984,0,0.174684,0
66997,34862,0,0.000291,0
17341,24857,0,0.103822,0
62670,34680,0,0.269032,0
61148,42240,0,9.5e-05,0
121463,12075,0,0.000266,0
149685,9839,0,0.000518,0
28558,13702,0,0.22383,0
119091,47626,0,0.185239,0
51198,27729,0,0.649201,1
179072,30907,0,0.015876,0
145849,44479,1,0.860552,1
145076,8518,0,0.402642,0
95676,7992,0,7.9e-05,0
195320,25659,0,0.330268,0
4418,23347,1,0.206306,0
39249,49198,0,0.149674,0
55369,26972,0,0.000359,0
46333,31096,1,0.911728,1
133057,14766,0,0.000643,0
174712,4605,0,0.49222,0
204759,5025,0,0.001081,0
43216,4462,0,0.000455,0
144268,38383,0,0.731642,1
31743,13924,0,3e-05,0
70675,19003,0,0.335547,0
103981,21447,0,0.000261,0
103211,47865,0,0.000116,0
190676,44632,0,0.000122,0
14263,34940,0,0.128013,0
65898,38182,0,0.054294,0
66699,8277,0,0.077362,0
25459,41665,0,0.267906,0
108231,4605,1,0.785155,1
101239,44422,0,0.328248,0
37993,35132,0,0.479057,0
121051,18572,0,0.248197,0
67026,31717,0,0.495329,0
202695,29328,0,0.048429,0
181491,14168,0,0.001148,0
30064,29487,0,0.000201,0
130514,9825,0,0.168441,0
45042,8838,1,0.568674,1
29621,38159,0,5.7e-05,0
106994,17334,0,0.37583,0
39832,6721,0,0.01633,0
146840,26604,0,0.000698,0
169280,44359,0,0.201578,0
102034,6274,0,0.433481,0
147292,37658,0,0.317768,0
894,23734,0,0.000118,0
83544,21798,0,0.137316,0
64131,6829,0,0.37378,0
170600,46256,0,0.055911,0
16473,22492,0,0.106694,0
60425,13870,0,0.007707,0
47137,4957,0,0.540263,1
60084,28720,0,0.000207,0
126857,31528,0,0.001033,0
73375,36695,0,0.000929,0
59948,3104,0,0.212578,0
68651,44156,0,0.000652,0
188295,6328,0,0.346619,0
61395,30633,0,0.098656,0
56880,26604,0,0.000433,0
87398,31564,0,0.071223,0
128328,27845,0,0.19552,0
81261,42110,0,0.125561,0
181262,10108,0,0.717003,1
6427,30756,0,0.000402,0
4534,38760,0,0.598192,1
175890,26714,0,0.000992,0
36328,42736,0,0.473892,0
148252,24018,0,3.9e-05,0
99601,28985,0,0.590664,1
140359,11777,0,0.000897,0
30696,22298,1,0.95399,1
206201,25422,0,0.000303,0
92574,23805,0,0.232988,0
117435,30784,0,7.8e-05,0
115580,459,0,0.417829,0
161493,5460,0,0.000449,0
72281,13517,0,0.000304,0
146885,18889,0,6.1e-05,0
9982,7419,0,0.463422,0
98847,49683,0,0.827305,1
169444,31557,0,0.000369,0
182391,12427,0,0.031719,0
52707,38176,0,9.1e-05,0
32887,22228,1,0.962442,1
17514,24372,0,0.000674,0
30348,1160,1,0.980633,1
7006,9038,0,0.841767,1
8839,22995,0,0.13724,0
18247,27104,0,0.201167,0
160245,10644,0,0.035036,0
44842,5646,0,0.24839,0
34797,48726,0,0.000271,0
183129,24506,0,4.1e-05,0
91452,2086,0,0.669042,1
190919,31683,0,0.399822,0
168809,35561,0,0.000343,0
173972,23716,0,0.129838,0
49453,22046,1,0.935949,1
97526,13627,0,3.7e-05,0
178638,13176,0,0.229408,0
100926,28666,1,0.924365,1
52167,34605,0,0.075128,0
136861,10151,0,0.445505,0
111864,14678,0,0.000215,0
39068,11926,0,0.023884,0
57264,38291,0,0.22564,0
33204,29694,0,0.000115,0
30568,35887,0,0.442269,0
201609,13176,1,0.930683,1
18344,37524,0,0.106704,0
183101,27676,0,3.5e-05,0
159210,43713,0,0.484596,0
96955,44628,0,0.090961,0
67081,2450,0,0.088645,0
69324,432,0,0.052851,0
73235,13702,0,0.239317,0
38268,44560,0,0.388164,0
15503,49082,0,0.030443,0
205784,23064,0,0.000537,0
103791,12260,0,0.002386,0
105845,33000,0,0.623129,1
142559,47672,0,0.469161,0
43848,28985,0,0.725162,1
36245,27521,0,0.594979,1
129489,36058,0,0.000214,0
70561,16052,0,0.049846,0
62790,31808,0,0.048189,0
198020,9766,0,0.38523,0
144058,37836,0,0.444731,0
86896,41950,0,0.053605,0
95657,13512,0,0.576855,1
179310,18337,0,0.41249,0
86121,25659,0,0.084111,0
111443,13920,0,0.000366,0
25724,21405,1,0.855615,1
192693,8671,0,0.591908,1
57570,21938,0,0.493616,0
95129,11866,0,0.033314,0
78050,38293,0,0.000223,0
95953,49247,0,0.020252,0
87524,32691,0,0.102165,0
107972,6980,0,0.029583,0
74767,47209,0,0.000138,0
82265,41220,0,0.883154,1
154895,23243,0,0.096422,0
54707,28888,0,0.000419,0
196131,38159,0,0.446478,0
96936,46802,0,0.00018,0
26485,10602,1,0.353194,0
170222,24852,0,0.884599,1
115233,8518,0,0.421719,0
183250,49615,0,0.419072,0
132919,27796,0,0.327614,0
156096,39884,1,0.359738,0
135658,23537,0,0.000123,0
60406,1752,0,0.003542,0
63665,46853,0,0.201154,0
137624,29594,0,0.000407,0
121669,44142,0,0.000247,0
58841,42240,1,0.701253,1
199743,46138,0,7e-05,0
158552,39066,0,0.005604,0
59413,44479,0,0.000752,0
155910,48205,0,0.089128,0
112005,2295,0,0.508119,1
40202,44731,0,0.031276,0
175615,32842,0,0.852735,1
47436,26209,0,0.496316,0
112497,34262,0,0.000603,0
202334,45511,0,0.037216,0
192412,16145,0,0.000566,0
19102,41005,0,0.058488,0
57469,32480,0,0.038792,0
184197,47209,0,0.005035,0
25667,16859,0,0.179442,0
65294,34668,0,0.000634,0
45400,12338,0,0.061916,0
181620,24534,0,0.00022,0
102610,35951,0,0.000454,0
16559,46667,0,0.00019,0
88675,38693,0,0.252036,0
107208,23383,0,0.296188,0
54597,5621,0,5.7e-05,0
138085,22428,0,0.70538,1
25766,45123,0,0.11823,0
104167,47966,0,0.11053,0
188876,9755,0,0.488571,0
59108,22472,0,0.000323,0
94624,3045,0,0.074348,0
123815,38777,0,0.225697,0
166784,13176,0,0.253372,0
205091,40338,0,0.366678,0
161485,4461,0,0.000243,0
78292,46979,0,0.323563,0
160695,4675,0,0.000249,0
181167,21137,0,0.000967,0
179677,45106,0,0.000551,0
124240,278,0,0.008906,0
61298,48527,0,0.000285,0
51820,44570,0,0.848634,1
31189,45316,0,0.00046,0
95751,23898,0,0.66478,1
6036,22035,0,0.267306,0
41534,30146,0,6.4e-05,0
203692,11776,0,0.070982,0
33388,16479,0,0.000485,0
22749,17525,0,0.080127,0
187966,13225,0,0.000204,0
102831,30692,0,5.5e-05,0
127064,41437,0,0.000618,0
22410,38067,0,0.000269,0
81261,19706,0,0.014928,0
116031,38293,0,0.000118,0
154725,2309,0,7.3e-05,0
146271,46692,0,0.071765,0
5479,19527,0,0.050485,0
52852,3318,0,0.554897,1
57430,20940,0,0.675976,1
27830,7175,0,0.296109,0
142761,7969,0,0.19372,0
71961,47284,0,0.000645,0
179774,30442,0,0.816239,1
76527,15290,0,0.086396,0
164304,3486,0,0.002023,0
149066,15424,0,0.000564,0
200355,2322,0,0.689654,1
134985,40208,0,0.192019,0
63915,36765,0,0.000289,0
66057,4793,0,0.388591,0
130137,49605,0,0.224991,0
43612,44787,0,0.000144,0
32194,44570,0,0.001207,0
37723,34358,1,0.922752,1
51542,32312,0,0.296701,0
192544,28204,0,0.000395,0
13749,24583,0,0.061528,0
7440,39303,0,0.000139,0
136979,39224,0,0.765777,1
39757,46669,0,0.00016,0
186544,19283,0,0.13398,0
132653,23029,0,0.000256,0
42124,16525,0,0.299899,0
171216,8808,0,0.048427,0
5453,4920,0,0.057405,0
35531,23734,0,0.000102,0
87305,24852,0,0.780363,1
200416,39527,0,0.013729,0
16395,14332,0,4.9e-05,0
47566,28199,0,0.000421,0
73099,41463,0,0.120189,0
1297,14218,0,0.765997,1
191379,49191,0,0.481355,0
151822,45063,0,0.000251,0
179805,20119,1,0.872839,1
74361,45002,0,0.000106,0
48143,24489,0,0.000171,0
9879,23341,0,0.314439,0
187467,39792,0,0.662096,1
101383,31506,0,0.21592,0
107844,14077,0,0.541319,1
15192,40604,0,0.000676,0
93535,13995,0,0.000424,0
111073,3243,0,0.000224,0
87530,1999,0,0.842065,1
28628,33497,0,0.000389,0
14828,4056,0,0.690694,1
164383,39252,0,0.000403,0
195727,48364,0,0.485371,0
166196,28330,0,0.150393,0
200616,33651,0,0.550028,1
160334,39275,0,0.386191,0
157523,28985,0,0.927843,1
151304,11513,0,3.9e-05,0
26344,626,0,0.000224,0
127351,48395,0,0.000508,0
21889,11068,0,0.000476,0
474,41220,0,0.000245,0
32124,43768,0,0.907097,1
51329,47766,0,0.000272,0
108854,29675,0,0.131454,0
97660,36268,0,0.23267,0
199102,16995,0,0.000353,0
167573,15000,0,0.000194,0
36691,4605,1,0.795055,1
68500,34866,0,6.3e-05,0
49905,23634,0,0.076416,0
31751,45002,0,0.000169,0
149313,14726,0,0.29568,0
42481,47912,0,0.94806,1
131848,34530,0,0.144918,0
19185,9637,0,0.000753,0
47971,48225,0,0.019984,0
163156,39265,0,0.000108,0
135571,34259,0,0.253053,0
57352,2708,1,0.94107,1
84288,13249,0,0.091337,0
99555,31433,0,0.565581,1
120840,2314,0,0.265037,0
175437,37220,0,0.163985,0
195781,8699,0,0.45834,0
137545,31506,0,0.000158,0
97401,37646,0,6.4e-05,0
106655,21405,0,0.001191,0
149994,8193,0,0.568267,1
91937,40254,0,0.231723,0
102733,45492,0,0.363734,0
97764,248,0,0.102028,0
3794,2855,0,0.02916,0
152174,41844,0,0.27363,0
163023,27845,0,0.953183,1
69731,41220,0,0.000633,0
44202,32433,0,0.331824,0
163916,46540,0,0.025294,0
93126,28851,0,0.006493,0
4622,23236,0,0.00041,0
156233,37710,0,0.000346,0
150125,18828,0,0.713998,1
1579,31288,0,0.109656,0
61126,41273,0,0.654242,1
34091,22395,0,0.305272,0
6968,495,0,0.0365,0
27790,39475,0,0.865057,1
124721,29328,0,0.000142,0
34757,15902,1,0.939599,1
163484,16334,0,0.059236,0
113715,7559,0,0.000389,0
135690,15392,0,0.134723,0
83074,8021,1,0.625231,1
70867,39984,0,0.19951,0
77534,581,1,0.830965,1
90020,7021,0,0.16551,0
80883,14157,0,3.5e-05,0
164484,19161,0,0.186776,0
90334,17592,0,0.325626,0
97595,43568,0,0.000421,0
163189,47500,0,0.084673,0
183974,28204,0,0.54996,1
116287,27156,1,0.635212,1
33227,11058,0,0.048197,0
34025,23233,0,0.000492,0
32420,48364,0,0.611561,1
68160,5550,0,0.000339,0
33517,14734,0,0.000532,0
80100,49609,0,0.080786,0
113990,22825,0,0.539706,1
205712,28682,0,0.00032,0
85903,19057,0,0.001166,0
145281,23400,0,0.11514,0
67987,1158,0,0.106191,0
24201,2966,0,0.000224,0
127487,14870,0,0.000197,0
14910,38918,0,0.000929,0
201447,21614,0,0.000221,0
48590,33947,0,0.175062,0
157817,26209,0,0.00057,0
186225,32478,0,0.000506,0
140184,11090,0,0.069094,0
27671,14715,0,0.000544,0
58919,20947,0,0.6549,1
88254,20549,0,0.000299,0
113704,39475,0,0.271037,0
167509,21616,0,0.413795,0
47677,14862,0,0.101259,0
68081,43094,0,0.00083,0
126122,15575,0,1.7e-05,0
104710,41229,0,0.267058,0
171720,141,0,0.000156,0
85188,2024,0,0.11119,0
56301,5876,0,0.000532,0
195066,45581,0,0.071812,0
184722,29893,0,0.261094,0
95490,26029,0,0.000582,0
182060,22290,0,0.479748,0
181360,7952,0,0.000547,0
134621,260,0,0.137059,0
30429,14704,0,0.000146,0
101069,47766,0,0.830394,1
13546,26599,0,0.00045,0
29476,20782,0,0.000382,0
82516,39682,0,0.00016,0
179511,42625,0,0.422843,0
42072,7963,0,0.000429,0
115124,36315,0,0.000903,0
76323,44632,0,0.000151,0
126111,37096,0,0.046231,0
111887,11777,0,0.748785,1
121910,7898,0,0.058728,0
113726,9051,0,0.000376,0
150831,27344,0,0.450989,0
35441,37374,0,0.000236,0
17189,18418,0,0.000299,0
14407,17948,0,0.266043,0
94374,1902,0,0.000735,0
18957,42445,0,0.000212,0
186428,5605,0,0.000105,0
6672,148,0,8.3e-05,0
152139,31717,0,0.00027,0
162991,40706,0,0.000102,0
108341,40706,0,0.000203,0
49056,42633,0,0.65063,1
2100,13870,0,8.6e-05,0
106061,27356,0,0.134688,0
112022,21162,0,0.02894,0
187050,12206,0,0.143311,0
13533,46979,0,0.158262,0
205652,27544,0,0.280857,0
190011,22767,0,0.205627,0
136573,28204,0,7.5e-05,0
199780,35734,0,0.008609,0
117440,21501,0,6.7e-05,0
87024,23537,0,0.102957,0
162620,45954,0,0.000301,0
55979,26148,0,0.000246,0
30042,45063,0,0.008238,0
145705,6975,0,0.000181,0
149963,22948,0,0.064057,0
138164,46900,1,0.430763,0
106127,6031,0,0.410355,0
88273,12276,0,0.000222,0
76916,19173,0,0.001008,0
43326,39059,0,0.00023,0
73101,19565,0,0.400646,0
30599,43352,0,0.000429,0
71436,19801,0,0.000146,0
106556,10467,0,0.506874,1
77257,4605,0,0.448322,0
145262,21616,0,0.000356,0
71595,31343,0,0.000538,0
79216,33747,0,0.115336,0
199584,24852,0,0.907822,1
32887,44632,1,0.977336,1
139743,18656,0,0.000471,0
57119,34063,0,0.699833,1
59783,4855,0,0.506968,1
7965,47857,0,0.030668,0
35593,8536,0,0.399426,0
27418,20843,0,0.05648,0
204316,46257,0,0.000173,0
188161,41149,0,0.258624,0
138160,3172,0,0.000372,0
165835,48205,0,0.231057,0
74516,16830,0,0.0002,0
156825,35221,0,0.000149,0
61607,35004,0,0.249794,0
86555,44628,0,0.092351,0
34907,19878,0,2e-05,0
184212,8479,0,0.446218,0
155921,4605,0,0.743529,1
193280,41787,0,0.000557,0
195652,24010,0,0.070034,0
37511,40992,0,0.264543,0
104399,16607,0,0.000413,0
120296,44097,0,0.048046,0
158110,12714,0,0.5007,1
48936,11520,0,0.380891,0
32610,9755,0,0.000458,0
202100,18359,0,0.042121,0
115617,5097,0,0.000532,0
119781,25169,0,0.112092,0
104330,10369,0,0.000318,0
169064,39108,0,0.015915,0
179810,36086,0,0.017367,0
1358,39657,0,0.132188,0
161710,38772,0,0.000773,0
146612,39275,0,0.518098,1
139107,15143,0,7.4e-05,0
132846,32931,0,0.090959,0
188177,25763,1,0.181853,0
193980,19981,0,0.004984,0
71731,39425,0,0.000227,0
75551,40199,0,0.000145,0
30429,44142,0,0.000157,0
459,27966,0,0.124107,0
17472,23650,0,0.008889,0
72558,11580,0,0.380943,0
12160,25890,0,0.07121,0
145953,10662,0,0.045681,0
134723,49352,0,0.00038,0
130071,2846,0,0.000743,0
202500,4749,0,0.000131,0
94997,2846,0,0.044991,0
100584,41212,0,0.000722,0
8683,32578,0,0.000926,0
128648,6972,0,0.335308,0
201330,22518,0,0.024194,0
154757,20114,0,0.390876,0
41703,20163,0,0.393304,0
91193,29487,0,0.000262,0
109244,8203,0,0.000193,0
117090,30950,0,0.222944,0
35421,30489,0,0.000418,0
104721,18963,0,0.022211,0
188284,10246,1,0.614453,1
76735,44133,0,0.033688,0
42131,21582,0,0.349925,0
34598,47900,1,0.330152,0
81823,42315,0,0.101688,0
38219,13176,0,0.762069,1
119157,10749,0,0.000391,0
195254,45721,0,0.009851,0
51911,33731,0,0.605943,1
189949,23909,0,0.370312,0
59732,1633,0,0.134656,0
88424,14627,0,0.00183,0
136097,39475,0,0.000337,0
147130,47977,0,0.000574,0
104626,35951,1,0.837814,1
48661,42495,0,0.000682,0
130552,40706,0,0.868385,1
144523,21100,0,0.000712,0
197110,42557,0,0.288821,0
112935,30635,0,0.000492,0
108335,11121,0,0.000222,0
33128,14678,0,0.000313,0
4649,11782,0,0.000424,0
191004,13866,0,0.020862,0
162960,42736,0,0.397359,0
82369,9387,0,0.462795,0
201975,25569,0,0.000274,0
167132,32079,0,0.000498,0
149256,18565,0,0.368695,0
187627,10500,0,0.000346,0
193589,31845,0,0.064805,0
62329,14459,0,5.5e-05,0
47625,8075,0,0.160038,0
65243,13070,0,0.041618,0
124089,13194,0,0.353902,0
128068,20118,0,0.019381,0
30944,41242,0,0.067234,0
170624,3896,0,0.000153,0
66996,18534,0,0.462411,0
195398,33791,0,0.842764,1
140460,13176,0,0.0002,0
199304,20980,0,0.000502,0
130741,17691,0,0.200861,0
143118,47626,0,0.016387,0
62399,17487,0,0.922587,1
101858,42535,0,0.089195,0
147503,37947,0,0.23095,0
5960,11777,0,7.8e-05,0
81495,47059,0,0.947965,1
105845,15392,0,0.313544,0
93504,12290,0,0.119917,0
67975,13143,0,0.000108,0
23461,26861,0,0.000379,0
203844,25305,0,0.631149,1
179973,24489,0,0.092353,0
111976,34039,0,0.00012,0
190344,47209,0,0.355191,0
90006,17461,0,0.111895,0
70048,43760,0,0.000175,0
199334,3807,0,0.034693,0
111000,39427,0,0.234911,0
58040,21616,1,0.43624,0
7202,47658,0,0.000497,0
191355,44422,0,0.00023,0
64470,3207,0,0.000412,0
156105,20580,0,0.253573,0
141227,8615,0,0.192242,0
15243,36956,0,0.325427,0
15454,37552,0,0.118168,0
93287,5067,0,0.124713,0
150437,38944,0,0.000702,0
166456,11535,0,0.000201,0
77749,47144,0,0.721889,1
16103,47804,0,0.027877,0
189077,7419,0,0.66841,1
179415,22963,0,0.360007,0
7592,17435,0,0.00022,0
45762,21938,0,0.00083,0
198807,48377,0,0.580299,1
96233,10429,0,0.644676,1
13194,26165,0,0.000232,0
117435,48679,0,0.000109,0
49432,47144,1,0.591409,1
114944,23197,0,2.5e-05,0
74530,8955,0,0.012711,0
25067,283,0,0.000293,0
191789,5077,0,0.876973,1
129680,41808,0,0.351962,0
15843,28493,0,0.045854,0
51213,12796,0,0.000206,0
34054,21709,0,0.920726,1
132687,7563,0,0.215376,0
120713,10780,0,2.2e-05,0
203244,1357,0,0.000164,0
64808,17872,0,0.050287,0
67858,28842,0,0.118025,0
125368,27377,0,0.000309,0
68528,36865,0,0.000273,0
82347,28710,0,0.624886,1
8179,812,0,0.654667,1
184815,43352,0,0.794544,1
98317,15016,0,0.730143,1
14228,13176,0,0.572997,1
106708,30007,0,0.000199,0
56240,32099,0,0.683125,1
146023,17454,0,0.032626,0
20083,6218,0,0.00019,0
198372,44142,0,0.359372,0
51498,19766,0,0.700006,1
194026,37065,0,0.081591,0
89149,40516,0,0.000138,0
120862,23140,0,0.259202,0
157302,18599,0,0.164235,0
136131,2024,0,0.000135,0
169300,38400,0,0.688975,1
77751,45535,1,0.729116,1
7719,2124,0,0.302288,0
193746,3358,0,0.000474,0
200607,31717,1,0.527848,1
116693,9387,0,0.888327,1
18166,36956,0,0.149633,0
102555,9759,0,0.00072,0
48320,40256,0,7.4e-05,0
52008,11733,0,0.036442,0
155035,1263,0,0.512234,1
85460,46359,0,0.032832,0
195023,12961,0,0.000254,0
69942,20919,0,0.365797,0
139107,27311,0,3.3e-05,0
136266,18599,0,0.3176,0
83157,34969,0,0.129442,0
171771,19046,0,0.082476,0
194674,9839,0,0.477365,0
86865,38656,0,0.036528,0
195146,21137,0,0.000408,0
123237,18923,0,0.000136,0
129856,4081,0,0.385906,0
137076,22035,0,0.882909,1
99201,40388,0,0.329686,0
166508,7500,0,0.074342,0
161564,38837,0,0.649045,1
22451,39275,0,7.6e-05,0
35221,500,0,0.101865,0
72517,30450,0,0.630185,1
131663,22569,0,0.01184,0
195527,24964,0,0.321953,0
190497,3599,0,0.000493,0
203421,760,0,0.247772,0
180045,9411,0,0.533776,1
47331,8872,0,0.102152,0
14279,4524,0,0.880645,1
136998,36011,0,0.000235,0
45145,27179,0,0.000328,0
69521,35417,0,0.682531,1
77503,46075,0,0.455358,0
142252,36956,0,0.297143,0
130374,18918,0,0.000162,0
81221,35503,0,0.601275,1
120356,19359,0,0.096234,0
21163,32717,0,6.6e-05,0
79471,25043,0,0.114784,0
125774,40982,0,0.000285,0
5856,15102,0,0.217813,0
197351,44014,0,0.000264,0
17553,46673,1,0.205742,0
203416,3098,0,0.046542,0
51861,24838,0,0.476427,0
64317,44632,0,0.000266,0
41632,26374,0,0.000374,0
36740,24737,0,0.04683,0
155396,1468,1,0.221547,0
206012,15386,0,0.00104,0
85444,8518,0,0.522311,1
1021,49,0,0.036135,0
152763,36601,0,0.005852,0
15418,27336,0,0.314047,0
8843,39491,0,0.000502,0
84148,5212,0,0.208764,0
200607,32666,0,0.036391,0
87350,25305,0,0.036323,0
105198,4210,0,0.843162,1
139765,31960,0,0.000271,0
165577,44457,0,0.000379,0
127584,40342,0,0.000745,0
140653,32744,0,0.867412,1
46715,17794,0,0.000412,0
53944,23414,0,0.000946,0
111611,15134,0,0.105785,0
177476,22586,0,3.9e-05,0
34479,34969,0,0.958796,1
20239,4920,0,0.000763,0
166066,8048,0,0.000338,0
65849,8976,0,0.00032,0
95863,7705,0,0.000884,0
27959,8301,0,0.000499,0
31785,5373,0,0.000432,0
19274,19821,0,0.686254,1
61626,46817,0,0.160334,0
160595,24313,0,0.049989,0
63612,26553,0,0.000374,0
97992,47734,0,0.365345,0
77330,44245,0,0.602936,1
82121,33342,1,0.437786,0
26785,31506,0,0.03335,0
198258,7901,0,0.000625,0
28605,21616,0,0.000369,0
86669,32828,0,5.5e-05,0
162798,43772,0,0.650915,1
176690,30233,0,0.224774,0
197107,15200,0,8.9e-05,0
153826,3856,0,0.000587,0
63195,26369,0,0.497942,0
115561,22275,1,0.064034,0
96996,36498,0,0.22027,0
57633,46941,0,0.81783,1
178412,17704,0,0.044615,0
29799,20748,0,0.000476,0
12402,31618,0,0.000629,0
46631,27966,0,0.723163,1
91610,16853,0,0.000713,0
174074,48551,0,0.000721,0
61045,24838,0,0.000634,0
199834,20253,0,0.000251,0
149199,46676,1,0.142302,0
86558,1025,0,0.000121,0
8581,26209,0,0.000528,0
104843,30960,0,0.00027,0
7279,31948,0,6e-05,0
11253,42710,0,0.000364,0
137789,28311,0,0.00601,0
75632,20549,0,0.026916,0
165699,23405,0,0.000133,0
98317,18926,0,0.48301,0
98622,24852,0,0.805003,1
97013,20631,0,0.101461,0
78867,5612,0,0.000612,0
199665,2966,0,0.390323,0
49120,43490,0,0.000171,0
104121,18465,0,0.614655,1
161474,33129,0,0.815515,1
79235,19073,0,0.002842,0
168802,24373,0,0.470626,0
191172,17835,0,0.130071,0
78240,26209,0,0.000534,0
163506,24852,0,0.099107,0
173543,7500,0,0.000363,0
195632,13176,1,0.82665,1
172088,18072,0,0.022471,0
52404,41844,0,0.000336,0
78888,41787,0,0.472332,0
24326,20099,0,0.102357,0
19794,24852,0,0.000933,0
114229,5098,0,0.002223,0
89126,31147,0,0.045222,0
149717,8986,0,0.000435,0
171358,31997,0,0.000356,0
110739,24254,0,0.120977,0
143118,31066,0,0.010164,0
74157,41950,0,0.000504,0
142644,39024,0,0.086404,0
140433,26728,0,0.004644,0
64781,3631,0,9.9e-05,0
66925,35951,0,0.708646,1
88254,21903,0,0.000186,0
124329,3599,0,0.10075,0
35493,713,0,3.2e-05,0
187832,35171,0,0.713328,1
135479,9472,0,0.139916,0
13620,42736,0,0.000175,0
101886,41842,1,0.554317,1
678,9152,0,0.000114,0
171390,48583,0,6.7e-05,0
75109,6664,0,0.000317,0
45235,26665,0,0.315281,0
181135,21616,0,0.450753,0
68639,28986,0,0.120424,0
59784,46667,0,0.000363,0
133605,21903,0,0.000154,0
75182,17027,0,0.012549,0
43148,44486,0,0.29478,0
113855,40706,0,0.000332,0
196413,20211,0,0.056615,0
77362,36924,0,0.000135,0
98518,20460,0,0.029258,0
99653,43463,0,0.000137,0
84896,28432,0,6.1e-05,0
112783,16535,0,0.000283,0
63812,29944,0,0.085674,0
12177,38400,0,0.115388,0
11747,45002,0,0.000238,0
54843,37220,0,0.460189,0
150865,432,0,0.133085,0
115176,8475,0,0.211651,0
164766,39620,0,0.33215,0
58936,890,0,0.303794,0
168889,5516,0,0.119673,0
189669,13755,0,0.298302,0
42883,48555,0,0.927384,1
41094,30696,0,0.000313,0
188334,9601,0,0.000327,0
174373,16521,0,0.106043,0
192064,23236,0,0.000239,0
58522,1460,0,0.048576,0
13979,8174,0,0.725378,1
138826,47788,0,0.305014,0
140749,44987,0,0.476747,0
75707,4086,0,0.128033,0
47866,45007,0,0.382367,0
15537,47297,0,2.1e-05,0
129843,3970,0,0.037634,0
9342,23363,0,0.077595,0
191817,16953,0,0.000296,0
181483,17924,0,0.550932,1
38763,24698,0,0.000228,0
110636,21249,0,0.00014,0
86099,49026,1,0.427869,0
184716,33095,0,0.0004,0
15656,20876,1,0.944166,1
11752,25623,0,0.067856,0
167313,15902,0,0.567895,1
66501,40706,0,0.6171,1
189129,48364,0,0.356282,0
50043,46676,0,0.939608,1
116129,16617,0,0.0702,0
125780,24622,0,0.007223,0
163732,45946,0,0.00047,0
128635,20995,0,0.22228,0
194877,48628,0,0.000611,0
204814,27845,0,0.008936,0
128210,33129,0,0.00022,0
203731,22227,0,0.215923,0
145228,41665,0,0.000781,0
83652,21938,1,0.260733,0
118629,7948,0,0.12599,0
26041,40706,0,0.734297,1
134233,26131,0,0.505596,1
18922,35004,0,0.4932,0
60577,43352,0,0.000325,0
40437,29176,0,0.405074,0
92343,24852,0,0.001481,0
36269,14498,0,0.000108,0
169471,18471,0,6.7e-05,0
92856,37710,0,0.000219,0
147475,34458,0,0.000215,0
111968,26209,0,0.000888,0
3561,6046,0,0.61261,1
157708,12845,0,0.080594,0
50008,16083,0,0.001045,0
130115,19660,0,0.00796,0
75664,38298,0,0.382152,0
164448,2954,0,0.000242,0
193708,46616,0,5.4e-05,0
111495,17872,0,0.652667,1
110018,30169,0,0.000556,0
44862,18288,0,0.000413,0
199336,11594,0,0.000114,0
42031,47042,0,0.255481,0
182179,8239,0,0.371881,0
140008,22035,0,0.000633,0
33111,44817,0,0.000148,0
67684,3098,0,8.9e-05,0
33564,5085,0,0.000202,0
176160,38067,0,0.106739,0
112176,2611,0,0.000228,0
82621,22888,0,0.258529,0
34861,48057,0,0.000178,0
202188,12997,0,0.007443,0
150458,14966,0,0.000471,0
196413,10212,0,0.057587,0
72097,43654,0,0.008075,0
198629,49300,0,0.000543,0
21528,9532,0,0.000558,0
53525,31886,0,0.615369,1
12435,15290,0,0.457551,0
89000,22935,0,0.000713,0
146337,47803,0,0.285476,0
191729,7303,0,0.091101,0
55894,34849,0,0.000729,0
32632,47766,0,0.000523,0
167188,49401,0,0.332775,0
195117,4799,0,0.368232,0
193650,46515,0,0.000321,0
91957,127,0,0.013079,0
188914,41220,0,0.000939,0
163117,25704,1,0.865982,1
199299,7948,0,0.338825,0
172153,42356,0,0.032916,0
36190,39832,0,0.000253,0
36599,40405,0,0.635113,1
27529,10673,0,0.000459,0
14705,42828,0,0.000293,0
166467,11576,0,0.435148,0
149093,45282,0,7.7e-05,0
64258,5566,0,0.000173,0
46874,34004,0,0.159991,0
46810,17747,0,0.053177,0
149784,5876,0,0.000277,0
113230,18023,0,0.000204,0
150090,7901,0,0.345355,0
136337,46906,0,0.91384,1
56308,36962,0,0.000586,0
14077,10132,0,0.000233,0
175033,3962,0,0.07432,0
191483,45,0,0.000649,0
162657,12797,0,0.000358,0
78071,44142,0,0.871747,1
70209,21137,1,0.936194,1
184893,46667,0,0.100769,0
62382,43772,0,0.000753,0
148755,18362,0,0.943253,1
7310,33316,0,0.249389,0
185681,6915,0,0.0872,0
18524,21137,0,0.781888,1
23787,39450,0,0.089728,0
174177,26209,0,0.000648,0
129909,9076,0,0.97765,1
44582,19677,1,0.981277,1
144058,27871,0,0.524283,1
117554,12254,0,0.005584,0
107992,5621,0,0.054916,0
194121,28079,0,0.000245,0
172671,4605,0,0.897642,1
141606,18331,0,8e-05,0
173850,32958,0,0.008169,0
136568,14864,0,0.022563,0
103327,20352,0,9.3e-05,0
185008,16953,0,0.000474,0
47968,34358,0,0.249988,0
139869,27521,0,0.001378,0
171956,46688,0,0.000156,0
118548,3957,1,0.838094,1
54112,23233,0,0.579949,1
132793,7349,1,0.23539,0
32895,29487,0,0.878581,1
158933,41055,0,9.6e-05,0
84586,48551,0,0.160097,0
10666,40545,0,0.322351,0
28513,17663,1,0.053998,0
90548,16953,0,0.000241,0
197683,14814,0,0.000134,0
93608,37606,0,0.046357,0
50843,49533,0,0.084115,0
13960,36111,0,0.387727,0
185920,26283,0,0.020707,0
201694,24852,0,0.000304,0
174050,2452,0,0.793141,1
41335,11827,0,0.28785,0
153234,46906,0,0.00038,0
16882,37108,0,0.046295,0
56115,12284,0,0.090729,0
84569,5621,0,5.2e-05,0
27109,20583,0,0.90834,1
131702,22890,1,0.276628,0
150313,26648,0,0.000595,0
60778,31040,0,0.135237,0
163096,13866,1,0.803237,1
38185,37487,0,0.000264,0
189958,10358,1,0.872154,1
203072,38984,0,0.022417,0
140880,6184,1,0.782611,1
90030,24838,0,0.649874,1
41498,10673,0,0.001118,0
145953,49236,0,0.199507,0
186270,31066,0,0.000331,0
92721,31717,0,0.000394,0
154001,15995,0,0.018773,0
174342,32299,0,8.8e-05,0
166508,29622,0,0.09365,0
35473,24852,0,0.014206,0
198629,8075,0,0.000204,0
110569,19057,0,0.577028,1
80445,27521,0,0.317469,0
164808,46906,0,0.047608,0
178265,21137,0,0.00104,0
4531,18272,0,0.026134,0
94764,24764,0,4.7e-05,0
56187,28601,0,0.000846,0
160006,25985,0,0.000375,0
59848,329,1,0.45399,0
141547,32689,1,0.618277,1
48342,44987,0,0.000607,0
151994,17634,0,0.000144,0
72213,45535,0,0.095603,0
188559,8056,0,0.000102,0
89402,8076,0,0.061114,0
101069,49169,0,0.043036,0
20744,28849,0,0.03123,0
51934,29252,0,0.086422,0
50385,4054,0,0.010333,0
34616,39094,0,7.3e-05,0
155015,457,0,0.190091,0
47624,13143,1,0.856334,1
90911,35713,0,0.000202,0
203399,7622,0,0.004071,0
139370,22935,0,0.000788,0
145890,33294,0,1.5e-05,0
6307,40723,0,0.000343,0
119851,15475,0,0.000126,0
67661,6543,0,0.022632,0
151378,28985,0,5.6e-05,0
81651,23219,0,0.000782,0
11813,49644,1,0.122931,0
177097,37642,0,2.7e-05,0
4646,37538,0,0.564102,1
147575,9337,0,0.000402,0
106964,33731,0,0.243439,0
48370,3947,0,0.706368,1
109563,25286,0,0.110321,0
146239,6462,0,0.264859,0
136573,8203,0,2.9e-05,0
111191,42625,0,0.000413,0
89126,10794,1,0.89011,1
184629,45063,0,0.000493,0
154895,10518,0,0.61097,1
71601,7021,0,0.123576,0
140395,8021,0,0.027735,0
11813,26209,0,0.097737,0
5936,40377,0,0.000186,0
124230,39719,0,0.369146,0
80923,18681,0,0.230689,0
206113,3599,0,0.687167,1
31776,11798,0,0.000435,0
106804,8670,0,0.00013,0
40093,17794,0,0.43646,0
198633,39040,0,0.000705,0
68157,33136,0,0.262613,0
95422,46789,1,0.62514,1
2192,12419,0,0.045195,0
27774,18341,0,0.000189,0
57829,27887,0,5.1e-05,0
155632,49306,0,0.421653,0
128132,47759,1,0.550518,1
45736,26350,0,0.356232,0
142375,41674,0,0.000385,0
7313,5938,0,0.804746,1
124158,36426,0,0.016532,0
188674,20246,0,0.007619,0
120704,24970,0,0.000121,0
133597,28970,0,0.000308,0
69368,40332,0,0.366432,0
82605,7419,0,0.039961,0
128068,17530,0,0.00435,0
172102,13176,0,0.001607,0
175083,920,0,0.085768,0
9079,46361,0,0.478121,0
180804,26604,0,0.001042,0
25471,2482,0,0.000229,0
45861,35176,0,0.47445,0
149568,10132,0,0.000661,0
51034,22610,0,0.863059,1
20872,43772,0,0.349208,0
98586,49621,0,0.716442,1
111789,20919,0,0.000145,0
110549,39719,0,0.00035,0
196458,19678,1,0.418734,0
97661,1062,0,0.000524,0
182194,40598,0,0.026364,0
155421,46069,0,0.061288,0
107666,9076,0,0.595112,1
8627,33862,0,0.18737,0
34240,13176,1,0.980722,1
124104,7158,0,0.619702,1
166968,17679,0,0.000364,0
121910,24838,0,0.071694,0
185841,27486,1,0.085547,0
50604,28931,0,0.000336,0
72817,5436,0,0.000278,0
78502,36082,0,0.099143,0
21819,14287,0,2.5e-05,0
45582,33515,0,0.111811,0
51872,47977,0,0.000255,0
40270,5597,0,0.64489,1
25303,19643,0,0.346329,0
110102,6274,0,0.000545,0
97095,11837,0,0.000361,0
164637,31716,0,0.02016,0
181920,19019,0,0.000206,0
101465,13852,0,0.351638,0
26913,37141,0,0.243252,0
197082,6343,0,0.224955,0
205976,24852,0,0.000717,0
182302,31945,1,0.879304,1
145025,16726,0,0.013672,0
29642,33825,0,0.000165,0
47746,17149,0,0.001207,0
15389,35898,0,0.117407,0
188805,10685,0,0.314046,0
135241,28381,0,0.182885,0
204039,37646,0,0.000442,0
46448,13083,0,0.715488,1
147475,31717,0,0.000771,0
98881,5450,0,0.231128,0
138165,31727,0,0.000281,0
46761,33080,0,0.094918,0
176886,45788,1,0.426538,0
200300,16797,0,0.000225,0
88303,37288,0,0.021377,0
172677,42263,0,0.012962,0
129758,36606,0,0.164134,0
60875,11941,0,0.148411,0
72583,13176,0,0.938432,1
121148,45664,0,0.07524,0
179440,9829,0,0.057309,0
144475,28204,0,0.368811,0
51253,13829,0,0.507228,1
114111,49131,0,0.10459,0
96770,22699,0,0.18374,0
93921,24184,0,0.00026,0
170970,42903,0,0.032852,0
61519,5973,0,0.000348,0
202530,15094,0,4.3e-05,0
138588,33352,0,0.760533,1
164907,11440,0,0.000737,0
147836,48697,0,0.000412,0
44331,4966,0,9.5e-05,0
62242,49615,0,0.423281,0
89832,8732,0,0.000104,0
182620,46552,0,6.8e-05,0
184962,32714,0,0.000153,0
114311,39850,0,0.000105,0
163916,39844,0,0.638625,1
123256,16083,0,0.902782,1
184197,42736,1,0.478204,0
110159,32981,0,0.141638,0
51921,43271,0,0.000526,0
49475,46979,0,0.75476,1
43427,30489,1,0.893886,1
92825,49260,0,0.242996,0
7843,20512,0,0.000372,0
81502,38797,0,0.292465,0
21088,24903,0,0.000983,0
110739,34220,0,0.014543,0
161425,31737,0,0.000558,0
100780,6531,0,0.930668,1
90066,24427,0,0.300982,0
34994,49191,0,0.066435,0
82525,30471,0,3.5e-05,0
179871,33950,0,0.042167,0
178391,30057,0,0.000303,0
188790,23909,0,0.00063,0
18524,27750,0,0.0581,0
31057,3142,0,0.018731,0
155289,40009,1,0.622339,1
134489,31915,0,0.031207,0
143581,40332,0,0.947339,1
51831,45064,0,0.481224,0
110894,43798,0,0.019788,0
172717,47280,0,0.000597,0
57992,44394,0,0.00719,0
127954,22922,0,0.160102,0
198769,28476,0,0.338462,0
36785,8053,0,0.156218,0
44320,47766,0,0.352063,0
180905,34310,0,0.014455,0
149548,28553,0,0.733198,1
78240,29610,0,5.1e-05,0
135386,2024,0,0.117115,0
132872,7746,0,0.00012,0
74202,30391,0,0.000976,0
8418,7021,0,0.122854,0
123943,24010,0,0.230087,0
111073,40293,0,6.4e-05,0
7852,34551,0,0.188142,0
2474,15591,0,7.7e-05,0
92486,23291,0,0.172046,0
155492,1217,0,0.000385,0
194219,25588,0,0.000656,0
81221,32304,0,0.071777,0
21171,5322,0,0.029272,0
203706,16802,0,4.1e-05,0
69410,24852,0,0.348357,0
55255,26317,0,0.368576,0
89411,21386,0,0.084272,0
1986,21100,1,0.721845,1
193576,25217,0,0.151246,0
193743,21903,1,0.789037,1
66242,9804,0,0.000373,0
91789,25172,0,0.191812,0
154202,32734,0,0.465732,0
152199,46979,0,0.438764,0
69656,18740,0,0.000515,0
161563,41645,0,1.2e-05,0
102232,28936,0,0.00028,0
147628,30849,0,0.227637,0
37809,28771,0,0.048809,0
11121,30639,0,0.184718,0
82166,34824,0,0.780628,1
184039,12597,0,0.038413,0
89520,10509,0,0.000373,0
76025,17461,0,0.928558,1
68923,5422,0,0.001227,0
20606,27544,0,0.000567,0
134725,39002,0,0.00018,0
38164,26717,0,0.000129,0
119710,5785,0,0.387607,0
33169,42193,0,0.000244,0
80924,2752,0,0.0125,0
161717,48726,0,0.000347,0
156077,8506,0,0.423289,0
199705,32655,0,0.531409,1
126233,32647,0,0.100086,0
25185,43713,0,0.270391,0
23430,28968,0,0.183821,0
182859,8192,0,0.000507,0
201112,33493,0,0.000114,0
161457,23719,0,0.000321,0
15047,16521,0,0.67513,1
108052,14553,0,0.690083,1
23949,21137,0,0.000158,0
172083,26298,0,0.000752,0
164622,20995,0,0.315005,0
174081,35510,0,0.001041,0
167075,23734,0,0.481749,0
58337,24830,0,0.000543,0
151770,13198,0,0.363583,0
22767,43765,0,0.00545,0
167848,36487,0,0.107253,0
23822,36086,0,0.322864,0
16118,5785,0,0.007235,0
105521,39275,1,0.94035,1
91339,432,1,0.982089,1
107867,35708,0,0.039263,0
108939,36389,0,0.024913,0
139086,11777,0,0.413214,0
46485,48229,1,0.115757,0
36497,28204,0,0.157514,0
112943,8193,0,0.181496,0
140408,17550,0,0.614344,1
131610,19484,0,0.000241,0
88945,32839,1,0.917182,1
103541,21405,0,0.000167,0
133661,31683,0,0.694648,1
23797,1935,1,0.628283,1
151334,19468,0,9e-05,0
4027,22935,0,0.000281,0
4192,30391,0,0.02816,0
190923,32605,0,0.00053,0
54889,44368,0,0.464198,0
204181,7129,0,0.17225,0
72971,35209,0,2.1e-05,0
4663,47156,0,0.699135,1
26356,15570,0,0.261778,0
47805,47626,0,0.851883,1
61925,24852,0,0.000185,0
54283,17838,0,0.02506,0
195416,49236,0,0.000109,0
9377,31041,0,0.656007,1
92138,11462,0,0.075879,0
162860,5103,0,0.004437,0
29046,11199,0,0.04097,0
101261,39561,0,0.045198,0
93992,25886,0,0.028998,0
192761,37067,0,0.777906,1
93902,27963,0,0.110967,0
205240,42680,0,0.000384,0
91035,32177,0,0.039678,0
67568,21544,0,0.001264,0
162654,13851,0,0.409122,0
88896,32467,0,0.000396,0
29888,9995,0,0.107262,0
43815,31878,0,0.146165,0
4754,46346,0,0.24826,0
165027,22474,0,0.000545,0
194395,32281,0,0.000104,0
134048,47570,0,0.481551,0
65798,39716,0,0.051472,0
186140,27845,0,0.986068,1
92991,16083,0,0.674402,1
57328,27086,0,0.000947,0
138190,21405,0,0.518046,1
19353,11448,1,0.075145,0
30827,37317,0,0.000183,0
152938,28785,0,0.000105,0
3233,24838,0,0.879054,1
154306,47766,0,0.509364,1
57380,16696,0,0.000574,0
155596,11827,0,0.000134,0
186225,12164,0,9.9e-05,0
124611,47986,0,0.266895,0
179070,18127,0,0.000402,0
30527,21038,0,0.060876,0
33343,42633,0,0.000775,0
9282,19906,0,0.000557,0
176545,49683,0,0.662057,1
30857,3646,0,0.162394,0
104235,1939,0,0.097681,0
95126,4595,0,0.000517,0
67388,45007,0,0.404229,0
44331,12914,0,0.000336,0
17560,44912,0,0.018024,0
194153,8195,0,0.521106,1
153246,37460,0,0.419734,0
55768,10246,0,0.000183,0
60754,44368,0,0.045395,0
39006,26683,0,0.000171,0
170697,6473,0,0.000241,0
84716,4806,0,0.000336,0
120888,32446,0,0.041006,0
77410,26924,0,0.111096,0
1297,42768,0,0.324809,0
183575,26152,0,0.000183,0
85450,48057,0,0.166084,0
10925,48205,0,0.061181,0
188169,47463,0,0.030613,0
169183,26315,1,0.515285,1
107840,11737,0,0.790335,1
53868,5097,0,0.058379,0
176427,31343,0,0.380251,0
13841,44337,0,0.204701,0
37358,7131,0,0.279486,0
17048,8153,0,0.186671,0
178958,5456,0,0.116762,0
177016,15937,0,0.000327,0
180067,31040,0,0.000137,0
137212,44500,0,0.841999,1
99614,40706,1,0.621917,1
80603,38365,0,0.625895,1
32229,5586,0,0.027059,0
55856,33754,0,0.000161,0
131903,26800,0,0.000512,0
136195,18792,0,0.038107,0
97031,21903,0,0.000501,0
114778,1359,0,0.024973,0
33240,35068,0,0.000119,0
123981,26347,0,0.009828,0
113176,4855,0,0.00033,0
9576,39380,0,0.000345,0
77435,34450,0,0.000644,0
81912,6199,0,2.2e-05,0
4788,13064,0,0.000183,0
110089,41950,0,0.000483,0
192020,11949,0,0.317629,0
167313,42265,1,0.587216,1
154081,35510,0,0.81813,1
133597,29095,0,0.000649,0
33217,28264,0,0.500618,1
176208,18281,0,0.013842,0
34703,23192,0,0.018936,0
115958,42252,0,0.921487,1
159240,36691,0,0.924564,1
197581,4920,0,0.105656,0
140329,13176,0,0.936444,1
7479,27243,1,0.130841,0
114359,33741,0,0.000418,0
49938,5449,0,0.000141,0
150785,27658,0,0.019092,0
139633,20527,0,7e-06,0
105599,26604,0,0.309745,0
135543,42677,0,0.110423,0
188600,21903,0,0.000663,0
67542,27966,0,0.26108,0
2477,48368,0,0.236271,0
142523,1244,0,0.405806,0
67568,9092,0,0.000215,0
151304,35951,0,4.3e-05,0
33265,28204,0,0.001198,0
48138,3550,0,0.363798,0
157542,23025,0,0.217244,0
181920,13640,0,8.5e-05,0
91370,21267,0,0.146508,0
173050,18383,0,0.756219,1
140040,38944,0,0.000439,0
5960,42888,0,9.3e-05,0
75300,21019,0,0.000754,0
201436,25890,0,0.073527,0
192731,31506,0,0.051683,0
61899,6228,0,3.7e-05,0
198258,43772,0,0.000481,0
36573,48210,1,0.709978,1
98968,45650,0,0.000258,0
31118,45103,0,5e-05,0
189898,19048,0,0.374734,0
115235,37053,0,0.104208,0
32597,21292,0,0.000356,0
27520,5258,0,0.92691,1
2783,20114,0,0.463689,0
108643,27292,0,0.000254,0
117393,30776,1,0.977979,1
1563,29326,0,8.2e-05,0
141567,4591,0,0.000694,0
33302,12341,0,0.000641,0
28139,24561,0,0.000698,0
4383,33343,0,0.000668,0
193106,21996,0,0.160138,0
189034,29582,0,0.042357,0
38622,39861,0,0.001145,0
135172,47280,1,0.022505,0
170349,49478,0,0.000385,0
38910,37524,0,0.054471,0
138623,45210,0,0.278371,0
87638,34850,0,0.027624,0
174085,12409,0,0.000203,0
67890,12018,0,0.000254,0
110363,44375,1,0.010046,0
46145,40199,0,0.000612,0
64761,116,0,0.007121,0
46450,9710,0,0.000141,0
32718,21137,0,0.946135,1
57640,22935,0,0.000326,0
167190,2611,0,6.9e-05,0
39802,4853,0,0.19011,0
79887,5505,0,0.326225,0
37526,39922,0,0.583674,1
191930,35182,0,0.075752,0
64319,17461,1,0.744055,1
199817,18079,0,0.01936,0
16487,5223,0,0.18149,0
153321,27845,0,0.574945,1
23797,34448,0,0.07282,0
88697,8424,0,0.292828,0
183334,19348,0,0.071258,0
62558,21709,0,0.273075,0
46367,5514,0,0.000156,0
34755,47144,0,0.964919,1
32980,21478,0,0.048201,0
134776,34134,0,0.000257,0
71128,22935,0,0.441046,0
400,14924,0,0.00066,0
181383,44475,0,0.447382,0
17356,26648,0,0.008683,0
156640,28199,0,0.000752,0
24984,10246,0,0.00062,0
202124,22260,0,0.03273,0
116416,9932,0,0.000206,0
144802,29987,0,0.000338,0
186444,16445,0,0.000112,0
86558,32689,0,0.000109,0
52819,7065,0,0.010929,0
134078,42701,0,0.000458,0
43125,23035,0,0.146008,0
32781,21938,0,0.322679,0
17956,29615,1,0.824679,1
30910,42557,0,7.5e-05,0
171735,44830,0,0.257003,0
14401,36180,0,0.047241,0
63687,24130,0,0.000198,0
202529,3512,0,0.479105,0
200101,25087,0,0.000163,0
54517,39275,0,0.034067,0
116209,27086,1,0.861011,1
107159,21793,0,6.7e-05,0
15994,48720,0,0.0007,0
165716,10132,0,0.000674,0
155120,12932,0,0.827572,1
155421,18479,0,0.090128,0
178915,49111,0,0.000326,0
106812,5618,0,0.000193,0
124446,39858,0,3.3e-05,0
158603,10385,0,0.226484,0
135492,15689,0,0.28962,0
150528,18471,0,0.000485,0
151204,25133,0,0.12866,0
63559,42783,0,4.1e-05,0
124286,29327,0,0.204576,0
171542,41544,0,0.118446,0
38485,16290,0,0.178504,0
179696,44661,0,0.00102,0
34211,3405,0,0.219536,0
152938,9043,0,0.000308,0
122352,30291,0,0.000163,0
93375,21019,0,0.308701,0
83469,21903,0,0.000118,0
142590,23001,0,0.01985,0
138214,13838,0,0.125559,0
95460,37948,0,0.00043,0
139730,11461,0,0.0003,0
76171,26728,0,0.09835,0
107983,1529,0,0.188963,0
117335,12409,0,0.078339,0
101711,42680,0,0.000696,0
24777,35750,0,0.000297,0
109494,3835,1,0.629289,1
185919,13085,0,8.9e-05,0
180930,13176,0,0.000283,0
404,13176,0,0.812242,1
153372,26369,0,0.227203,0
16014,19516,0,0.221774,0
157775,3480,0,0.578649,1
128979,18286,0,0.17064,0
150746,1111,0,0.074442,0
37244,31717,0,0.922405,1
165919,31573,0,0.000727,0
50778,33819,0,0.153477,0
43836,33757,0,0.082645,0
162712,19711,0,0.000447,0
191270,13409,0,0.074135,0
196729,25035,0,0.000881,0
173753,42495,1,0.977623,1
2628,42971,0,0.05489,0
136640,27104,0,0.414051,0
108888,23537,0,0.000171,0
85389,31683,0,0.432209,0
152464,20533,0,4e-05,0
77772,38185,0,0.000365,0
72571,3696,0,0.00043,0
19760,18441,0,0.120003,0
172188,8362,0,0.489081,0
102846,13870,0,0.621954,1
155687,27845,1,0.786772,1
142137,1649,0,0.001094,0
190211,9426,0,0.833632,1
83505,25824,0,0.000665,0
80647,33198,0,0.427335,0
193455,26209,0,0.62412,1
528,27689,0,0.005413,0
39571,28842,0,0.000589,0
173580,41674,0,0.01866,0
111611,34433,0,0.09316,0
50227,27177,0,2.6e-05,0
196639,8424,1,0.713525,1
107946,42719,0,0.000619,0
167649,42828,0,0.048843,0
119710,42736,0,0.424243,0
118686,44811,0,0.000395,0
165703,5646,0,0.213521,0
55353,21095,0,0.000587,0
82433,20607,0,0.038397,0
25030,18027,0,0.576089,1
76527,43789,0,0.34507,0
69991,42221,0,0.108237,0
148980,44570,0,0.000388,0
15062,39275,0,0.000295,0
10765,2611,0,0.856046,1
50174,47025,0,0.000105,0
103042,26456,0,0.000642,0
127202,20119,0,0.425263,0
68203,24852,1,0.434296,0
23280,33451,0,0.00472,0
53267,20082,0,0.70844,1
51723,30391,0,0.000549,0
153703,9389,0,0.067337,0
113129,39812,0,0.000117,0
49606,46962,0,0.013901,0
85426,19200,0,0.554765,1
34793,24852,0,0.001092,0
68852,35887,0,0.022838,0
28078,30391,0,0.000364,0
63149,39928,0,0.000101,0
181528,32655,0,0.967494,1
202940,12074,0,0.000552,0
25276,8854,0,0.019167,0
145618,41406,0,0.125443,0
34946,1819,0,0.000188,0
124872,781,0,0.71334,1
21554,40469,0,0.000119,0
15586,2180,0,0.081235,0
170970,27156,0,0.199591,0
141174,10872,0,1.7e-05,0
100822,15937,0,0.883014,1
172493,13176,0,0.000481,0
4131,2800,0,7.8e-05,0
124643,12481,0,0.000209,0
50817,3787,0,0.008484,0
137850,35594,0,0.837407,1
85665,12907,0,0.000227,0
52672,46175,0,0.228591,0
165117,32655,0,0.846089,1
32073,33000,0,0.019631,0
88348,15447,0,2.1e-05,0
95332,22472,0,0.001258,0
166205,29311,0,0.20973,0
170509,8903,0,0.147231,0
112176,11513,0,0.000196,0
77416,21949,0,0.660014,1
205861,40516,0,0.176731,0
153463,21793,0,0.000338,0
161844,23955,1,0.757278,1
116480,32734,0,0.210038,0
194451,20947,0,0.000694,0
85622,31486,0,0.008869,0
177468,27243,0,0.00034,0
20067,49144,0,0.000259,0
101527,15765,1,0.143242,0
132640,27086,0,0.000561,0
204654,46257,0,0.049158,0
30143,19272,0,0.114361,0
152107,21137,0,0.000436,0
56280,18988,0,0.000869,0
159047,47000,0,0.202655,0
37521,3896,0,0.00049,0
199829,25931,1,0.80825,1
7279,2002,0,5.4e-05,0
139890,8277,0,0.668437,1
94141,47626,0,0.496843,0
110394,5067,0,0.063336,0
10404,8091,0,0.000454,0
25480,40214,0,0.017905,0
170822,26173,0,0.113393,0
185546,35476,0,0.166476,0
170282,17303,0,0.570743,1
137689,18963,0,8.6e-05,0
67817,30286,0,0.048824,0
171236,33294,0,0.005384,0
100389,5491,1,0.051821,0
26523,14678,0,0.175803,0
90081,24901,0,0.000184,0
135429,38033,0,0.706261,1
37010,7632,0,0.039749,0
114362,24852,0,0.000817,0
128570,33845,0,0.057618,0
184990,5450,1,0.934171,1
175495,25146,0,0.439753,0
121115,27307,0,0.12736,0
621,40709,0,0.000697,0
131974,8596,0,0.476532,0
72699,25890,0,0.000158,0
11888,16797,0,0.016748,0
153777,4544,0,0.000124,0
16969,47626,0,0.000753,0
168386,37066,0,0.162169,0
109953,34584,0,0.000626,0
63812,11520,0,0.630869,1
29227,26209,0,0.299265,0
184128,27216,0,0.310503,0
95068,36036,0,0.088697,0
155723,49555,0,0.000132,0
119471,3098,0,0.371684,0
4850,22620,0,0.00044,0
69476,31955,0,0.029816,0
3753,27413,0,0.072654,0
191446,38288,0,6.9e-05,0
142746,26679,0,0.000161,0
24362,210,0,5.3e-05,0
117090,6758,0,0.970206,1
19319,40063,0,0.213373,0
189895,15937,0,0.072194,0
176390,4221,0,0.071002,0
24529,46906,0,0.000877,0
188942,43920,0,4.2e-05,0
145265,46650,0,0.498262,0
189226,13431,0,0.000227,0
103370,19478,0,8.4e-05,0
202844,14218,1,0.021513,0
63955,18963,0,0.00014,0
74920,49520,0,0.00078,0
101340,17795,0,0.000633,0
1240,40411,0,7.6e-05,0
32487,22802,0,0.762027,1
83145,9065,0,0.025825,0
160468,30489,0,0.841311,1
190156,6313,0,0.005587,0
134153,44811,0,0.000303,0
11576,39275,0,0.776858,1
23189,6667,0,0.000151,0
127868,40923,0,0.047505,0
4916,7969,1,0.778298,1
11161,24852,0,0.001066,0
95984,35167,1,0.386652,0
102860,26800,0,0.158372,0
80475,46654,0,0.549992,1
81641,32303,0,0.145224,0
50352,35494,0,0.025046,0
154631,46175,0,0.202143,0
127291,32650,0,0.697362,1
164075,28441,0,0.000211,0
158166,28670,0,0.000351,0
199325,13575,0,0.254417,0
203267,12986,0,0.33146,0
191587,1468,0,0.546985,1
132103,44008,0,0.706353,1
107314,12419,0,0.000433,0
68751,9225,0,0.000235,0
191191,20549,0,0.037072,0
26843,27801,0,0.00052,0
64573,33225,0,0.629153,1
85534,37876,0,7.7e-05,0
198104,29874,0,0.000628,0
20091,48946,0,0.071723,0
9530,38456,0,0.054356,0
91043,28465,0,0.000378,0
127589,14571,0,0.100433,0
6977,7963,0,0.000515,0
188687,17905,0,0.000137,0
39682,5618,0,0.038774,0
205091,2498,0,0.221524,0
188441,49239,0,0.000303,0
42971,28202,0,0.000227,0
188188,5025,0,0.000699,0
44513,15632,0,0.120138,0
50377,49139,0,0.134206,0
6774,34137,0,0.000105,0
165754,47766,0,0.032285,0
13824,48364,1,0.719986,1
66599,26384,0,0.421604,0
136266,21295,0,0.315106,0
181277,4799,1,0.732143,1
59604,43122,0,0.000151,0
113989,24852,1,0.975692,1
5384,2832,0,0.240557,0
168812,9038,0,0.160618,0
110736,10673,0,0.000256,0
83336,16560,0,0.310628,0
33098,18908,0,0.398767,0
112552,27247,0,0.327562,0
127743,33626,0,0.000249,0
198261,25393,0,7.4e-05,0
14692,11520,0,0.660906,1
79570,26201,0,0.000106,0
78750,45763,0,0.000389,0
73352,4210,0,0.738951,1
17031,28862,0,0.000109,0
180188,13823,0,0.015541,0
202332,42356,0,0.391176,0
160328,44683,0,0.94195,1
138255,32851,0,0.000725,0
168597,45603,0,0.576098,1
196604,21906,0,7.3e-05,0
17566,39348,0,0.323683,0
152847,17159,0,0.057571,0
169489,6104,0,0.385701,0
61794,24964,0,0.421209,0
206101,42796,0,0.371802,0
163794,17747,0,1e-04,0
400,19508,0,0.000367,0
158808,29388,0,0.335967,0
196047,9339,0,0.407104,0
117422,45447,0,0.000714,0
145890,7940,0,6.8e-05,0
84842,43789,0,0.750368,1
89205,1940,0,0.000356,0
65974,19868,0,5.7e-05,0
163822,32553,0,0.000366,0
180437,40706,0,0.009116,0
125441,8643,0,0.000297,0
75664,44776,0,0.004734,0
154146,46906,0,0.000536,0
99221,22395,0,0.000378,0
113532,18761,0,0.16173,0
20064,33471,0,0.109919,0
95565,16975,0,0.013896,0
5479,23612,0,0.083269,0
86537,39662,0,0.056449,0
135569,24852,0,0.795426,1
67689,40790,0,0.000312,0
26086,47990,0,9.3e-05,0
85750,46720,0,0.00043,0
41875,8153,0,0.00023,0
35723,42460,1,0.537735,1
177415,16797,0,0.568526,1
187969,47209,1,0.921019,1
96355,24852,0,0.796633,1
17448,45822,0,0.000508,0
78856,30442,0,0.386343,0
191058,16137,0,0.522783,1
18047,12576,0,0.584722,1
90850,15003,0,0.000705,0
90450,21050,0,0.000168,0
145342,39351,0,0.000232,0
51116,12212,0,0.530631,1
152357,40545,0,0.266813,0
99958,5077,0,0.640065,1
204848,6288,0,3.7e-05,0
36010,1035,1,0.881776,1
45178,13176,0,0.001023,0
196704,41757,0,0.002723,0
5784,6615,0,0.272901,0
154581,29112,0,0.572041,1
63748,39408,0,0.260438,0
107936,9647,0,0.022268,0
145355,45007,0,0.623419,1
27429,18471,0,0.018395,0
156893,5479,0,0.000204,0
79008,31562,1,0.23592,0
188564,2536,0,0.00048,0
172880,9159,0,0.000189,0
54020,2390,0,0.000441,0
2077,3233,0,0.174374,0
53130,24956,0,0.010758,0
67178,46667,0,0.000175,0
77549,48745,0,0.21001,0
125102,13926,0,0.000219,0
119225,7249,0,0.000455,0
143831,13914,0,0.016248,0
21331,46638,0,0.443964,0
167091,27730,0,0.46752,0
154556,49478,0,0.00347,0
35,42625,0,0.000382,0
8792,33847,0,0.034048,0
54191,29127,0,0.000505,0
180344,44142,0,0.000334,0
148396,46886,0,0.589702,1
101032,30406,0,0.460185,0
88487,48825,0,0.28953,0
185191,47229,1,0.011828,0
98295,1203,1,0.453423,0
166772,24489,0,0.000254,0
149595,26915,0,0.00014,0
64761,19415,0,0.233949,0
90009,4799,0,0.417362,0
30172,33433,0,0.257222,0
185529,8277,0,0.576574,1
148834,4146,0,0.737167,1
193134,43961,0,0.253509,0
148730,25351,0,0.033622,0
69970,26767,0,0.096759,0
19794,37940,0,0.000341,0
18159,20152,0,0.127448,0
178701,38508,0,0.324906,0
12514,12409,0,3.5e-05,0
138115,45356,0,0.127878,0
88278,42585,0,0.000425,0
35169,28038,0,0.000315,0
42345,26283,0,0.215706,0
178612,44229,0,0.83296,1
182010,8638,0,8e-05,0
172153,28156,0,0.210711,0
137699,24852,0,0.363521,0
134699,5303,0,0.00041,0
47737,45681,0,0.013447,0
123309,45965,0,0.065844,0
4543,18880,0,0.020682,0
50076,24852,0,0.000382,0
17555,27402,0,0.136033,0
115659,48093,0,0.039004,0
49868,44932,0,0.000115,0
43868,26790,0,0.323323,0
203599,48697,0,0.124452,0
8774,49198,0,0.714646,1
158411,41844,0,0.000269,0
111322,45544,0,0.000486,0
59709,3539,0,0.004471,0
31118,5250,0,4.6e-05,0
180360,20691,0,0.08738,0
151050,41674,0,0.166281,0
183259,31577,0,0.169658,0
24539,47668,0,0.000848,0
56402,24363,0,0.229946,0
52327,33198,0,0.195492,0
7974,15872,0,0.216048,0
38820,427,0,0.000176,0
40391,49683,0,0.405567,0
204799,37472,0,0.026818,0
161079,18498,0,0.023104,0
93106,1783,0,0.000579,0
168525,30183,1,0.812508,1
53897,7358,0,0.26607,0
97401,6774,0,0.000165,0
180884,45965,0,0.215295,0
51312,5876,0,0.450817,0
78785,38949,1,0.092369,0
125707,4591,0,0.20796,0
60994,32689,0,0.1444,0
89753,42265,0,0.000347,0
197470,40516,0,0.000238,0
204548,19508,0,0.283759,0
16032,48679,0,0.495653,0
196314,39692,0,0.003006,0
83544,35535,0,0.438069,0
187814,28836,0,0.218812,0
182216,8535,0,0.001688,0
82574,38928,0,0.000473,0
167873,33394,0,0.000272,0
54912,6987,0,0.000131,0
37041,28985,0,0.776338,1
17922,48205,0,0.000674,0
181080,18918,0,0.00026,0
175398,21938,1,0.983598,1
112872,15386,0,0.068641,0
117037,29270,0,0.000397,0
133316,24028,0,0.033634,0
65790,1940,1,0.953567,1
158244,20595,0,0.819761,1
24719,27845,1,0.993707,1
29563,33135,0,0.000235,0
149412,9871,0,0.021394,0
33059,39247,0,7.1e-05,0
51118,23025,0,0.037303,0
40627,46979,0,0.00037,0
38032,13646,0,0.000259,0
183640,9799,0,0.193892,0
177544,26497,0,0.000383,0
102622,38996,0,0.114646,0
59340,43654,0,0.000264,0
115567,9175,0,0.65311,1
164679,30489,0,0.00051,0
50747,20583,0,0.000341,0
1791,40571,0,0.166822,0
64203,24964,1,0.766329,1
34131,43961,0,0.06111,0
152561,2039,0,0.000167,0
56406,117,0,0.000264,0
119037,28825,0,0.031729,0
113459,8277,0,0.75316,1
118428,37371,0,0.206258,0
622,2120,0,0.000439,0
174836,8087,0,0.000259,0
33947,28709,0,7.9e-05,0
25730,9210,0,0.000539,0
72143,36051,0,0.101616,0
52227,24190,1,0.576342,1
44631,13077,0,0.000822,0
186556,16185,0,0.000925,0
76435,21938,0,0.318608,0
195573,15630,0,0.000111,0
102104,49683,0,0.455097,0
55557,37552,1,0.885228,1
88481,49075,0,0.151576,0
88804,47229,1,0.70233,1
183286,22640,0,0.198186,0
32627,49520,0,0.080775,0
10443,11146,0,0.000103,0
148396,31642,0,0.104814,0
23207,17948,0,0.023058,0
64873,8518,0,0.200807,0
15454,44195,0,0.027007,0
173751,4920,0,0.229142,0
200156,17284,0,0.000122,0
62194,13176,0,0.9326,1
83616,46720,0,0.722017,1
73328,18987,0,0.121423,0
23070,40706,0,0.40872,0
131860,28226,0,0.937097,1
60430,23715,0,0.005549,0
127547,2519,0,5.6e-05,0
18505,47626,0,0.813056,1
6069,34126,0,0.202433,0
100687,16423,0,0.080826,0
170825,48933,1,0.686684,1
199743,13170,0,5.6e-05,0
49657,34126,0,0.667303,1
80032,37849,0,0.307952,0
148237,41844,0,0.000251,0
61820,15404,0,0.208351,0
184406,38159,0,0.000248,0
20083,38734,0,9.8e-05,0
187817,32864,0,0.840974,1
127896,44142,0,0.000333,0
157036,21903,1,0.537766,1
76666,23763,1,0.848704,1
18986,44368,0,0.303059,0
67731,21288,0,0.818993,1
19220,36685,0,0.311603,0
66096,42009,0,3e-06,0
199337,16797,0,0.053124,0
51496,21626,1,0.442984,0
25830,22920,0,0.000223,0
188225,15987,0,0.630018,1
46023,48697,0,0.000101,0
99845,36192,0,4e-05,0
12739,30561,0,0.933428,1
178125,5460,0,0.457733,0
135847,20840,0,0.102982,0
123960,44051,0,0.396963,0
95573,19322,0,0.827172,1
149981,39275,0,0.023453,0
32922,39465,0,0.000458,0
91276,27000,0,0.001581,0
197767,27953,0,0.000131,0
103189,18594,0,0.259174,0
183504,28985,0,0.000773,0
112111,48745,0,0.122449,0
35017,7645,0,0.002635,0
31118,16911,0,2.4e-05,0
80842,31040,0,0.455366,0
150983,34126,0,0.396601,0
59721,42441,0,0.112934,0
106281,42110,0,0.715281,1
162111,32108,0,0.000449,0
188318,45066,1,0.958352,1
99520,11087,0,0.000139,0
73122,47610,0,0.138163,0
64168,21903,0,0.000683,0
47252,29127,0,0.12442,0
91180,5769,0,0.270962,0
69252,7952,0,0.000279,0
158210,45194,0,0.358119,0
18170,41950,0,0.593956,1
58321,43768,0,0.000789,0
23023,4658,0,0.000145,0
154350,3481,0,0.00102,0
16032,43647,0,0.046926,0
9710,14650,0,0.287258,0
28496,21333,0,0.000624,0
51489,8479,0,0.324153,0
151994,44142,0,0.000203,0
138921,26604,0,0.209854,0
132793,522,0,0.110817,0
127178,2567,0,0.000298,0
51841,32403,0,0.055346,0
152477,45774,0,0.000109,0
173125,44632,0,0.955296,1
106267,39977,0,0.032988,0
31319,37208,0,0.00023,0
14315,14444,0,0.293107,0
198385,22935,0,0.000204,0
127202,29763,0,0.462833,0
181090,28985,0,0.000656,0
123920,16521,0,0.372799,0
31880,14553,0,0.00025,0
11171,40706,0,0.000514,0
171343,10106,0,0.232833,0
142782,5785,0,0.627272,1
87818,43961,0,0.000376,0
167310,47900,0,0.000548,0
181729,22025,0,4.5e-05,0
121596,311,0,0.000161,0
183782,21403,0,6.8e-05,0
66044,45747,0,0.309495,0
186631,29640,0,0.272582,0
13225,23405,0,0.012791,0
142100,1440,0,0.000266,0
105241,38544,0,0.00041,0
34370,47196,0,0.326485,0
25730,7628,0,0.000319,0
98917,12157,0,6.6e-05,0
156640,22825,0,0.000915,0
175151,16479,0,0.000305,0
145536,24518,0,0.640852,1
127412,18354,0,0.007594,0
66249,34969,0,0.435274,0
42113,10874,0,0.006744,0
108776,32665,0,0.000171,0
119883,23178,0,0.561325,1
174899,49628,0,0.627174,1
63073,46511,0,1.5e-05,0
22914,25588,0,0.000172,0
115006,30353,0,0.173649,0
88422,26756,0,0.000104,0
65981,19048,0,0.000509,0
25855,26800,0,0.202041,0
203170,20943,0,0.001511,0
833,44628,0,0.063051,0
150049,25890,0,0.00034,0
1563,14678,0,0.000351,0
182240,13380,0,0.105004,0
140183,33401,0,0.773066,1
98917,15304,0,0.000224,0
152792,43768,0,0.0003,0
140113,45249,0,0.000183,0
31216,38856,0,0.02296,0
174342,35939,0,0.00018,0
77466,41355,0,0.000181,0
41782,10473,0,0.000155,0
25634,30382,0,0.043625,0
168367,27848,0,0.000587,0
198238,46496,0,0.043595,0
136340,27663,0,0.196586,0
152587,14651,0,0.0012,0
172087,40199,0,0.0005,0
41467,26283,0,0.001497,0
203009,40706,1,0.322005,0
89694,5240,0,0.000175,0
42264,13988,0,0.000546,0
76180,20011,0,0.548628,1
190075,14386,0,0.095292,0
5848,27690,0,0.000176,0
148358,37552,0,0.137683,0
11726,18337,0,0.393775,0
177053,32839,0,0.00012,0
97965,14633,0,0.058166,0
66599,24186,0,0.245675,0
164403,34034,0,0.000202,0
192186,37276,0,0.00076,0
192521,30827,0,0.718275,1
168449,13733,0,0.24332,0
77636,4097,0,0.000155,0
22781,397,0,0.18917,0
55857,17794,0,0.000128,0
159002,29034,0,0.000383,0
34990,41375,0,0.031592,0
183352,47541,0,0.064655,0
40273,25938,0,0.139364,0
22928,35333,0,0.014351,0
100730,47526,0,0.612272,1
144121,14897,0,0.188713,0
163857,38508,0,0.010714,0
103344,21326,0,0.000234,0
41095,5818,0,0.000822,0
69975,5031,1,0.765096,1
83624,8193,0,0.198858,0
15691,10761,0,0.537625,1
204067,13885,0,0.000296,0
50714,816,0,0.000213,0
116693,4421,0,0.074614,0
145094,7140,0,0.052718,0
67959,49158,0,0.000554,0
43125,38374,0,0.127837,0
102846,9076,0,0.758516,1
78785,5077,0,0.697599,1
99469,9385,0,0.110918,0
27678,26369,0,0.325953,0
47354,24852,1,0.945435,1
168137,11277,0,0.080539,0
69029,29650,0,0.102685,0
138211,12320,0,0.269753,0
180693,9839,0,0.00064,0
141704,41375,0,0.184541,0
155102,5785,0,0.000311,0
12660,22952,0,0.000338,0
91827,30480,0,0.035071,0
34406,24852,0,0.344167,0
152288,1712,0,0.000554,0
62825,49401,0,0.118364,0
84805,49520,0,0.000397,0
195434,45916,0,0.00068,0
130987,19906,0,0.22329,0
131763,31562,0,0.064978,0
175879,1158,0,4.5e-05,0
106708,8277,0,0.000357,0
19844,37065,0,0.093397,0
141844,5746,0,0.000283,0
190676,7179,0,5.1e-05,0
198544,15664,0,0.064953,0
87719,7325,0,0.147845,0
57980,23484,0,0.000315,0
59721,22124,1,0.954288,1
141606,34308,0,7.7e-05,0
65862,32104,0,0.00026,0
24268,35166,0,0.000123,0
194038,7736,0,0.288504,0
80311,12614,0,0.000113,0
171040,32519,0,0.177905,0
68901,48894,0,0.28614,0
43072,30557,0,0.000175,0
23619,24184,0,0.000321,0
19185,41387,0,0.000857,0
154163,47990,0,0.217263,0
143905,14633,0,0.00032,0
113532,21616,0,0.659686,1
24777,4656,0,0.000265,0
204763,10568,0,0.200512,0
112968,456,0,0.017238,0
160556,37055,0,0.164299,0
60396,4562,0,0.000145,0
137808,21009,0,0.382243,0
44184,45965,0,0.305702,0
97699,43129,0,0.001897,0
139597,12756,0,0.000338,0
139633,43351,0,0.000308,0
72122,41549,0,0.085918,0
167728,33842,1,0.294815,0
26652,44580,0,0.034724,0
68206,2120,0,0.000987,0
165357,7693,0,0.859853,1
147112,32412,0,0.000214,0
182347,8153,0,0.218851,0
204496,29389,0,0.351497,0
44941,11943,0,0.330838,0
70512,29926,0,0.807546,1
190345,39275,0,0.43161,0
46993,40584,0,0.098667,0
106841,36591,0,0.000163,0
71545,1541,0,0.282941,0
61216,12063,0,0.023172,0
14279,79,0,0.869445,1
110077,7175,0,0.555633,1
144785,8424,0,0.000697,0
194438,41480,0,0.000445,0
147910,18339,0,0.069994,0
108361,4154,0,0.159823,0
106161,5876,0,0.000274,0
74805,3990,0,0.064796,0
65300,13113,0,0.02048,0
151805,812,0,0.062634,0
167190,19508,0,0.000149,0
27470,10867,0,0.000331,0
165980,30450,0,0.366489,0
120253,24062,0,0.012214,0
24296,4759,0,0.022926,0
147885,32812,0,0.002324,0
50143,18370,0,0.0005,0
184373,36551,0,0.201708,0
160646,13575,0,0.000285,0
205047,8670,0,0.000144,0
163761,35121,0,0.086784,0
47968,31066,0,0.105207,0
87835,24622,0,0.207674,0
54154,25767,0,0.000346,0
139077,38490,0,0.000669,0
192731,24964,0,0.426663,0
101279,28967,0,0.000165,0
205905,10421,0,0.486201,0
77788,16578,0,4.1e-05,0
70076,35951,0,0.625268,1
52438,25223,0,0.041684,0
85464,38185,0,0.000385,0
72160,4422,0,0.37589,0
28284,30290,0,0.101681,0
60049,5114,0,0.000363,0
96276,30827,0,0.880382,1
11981,28123,0,0.361688,0
68,29987,0,0.000544,0
176560,39832,0,0.328225,0
14573,37357,0,0.240975,0
162745,32433,0,0.000149,0
204613,4942,0,0.362696,0
126636,2121,0,0.890475,1
95242,38995,0,0.182148,0
194400,2078,0,0.870596,1
148402,44359,1,0.949424,1
54831,24009,0,0.00513,0
20779,9403,0,0.081191,0
13562,49383,0,0.410541,0
84056,40490,0,0.00045,0
86637,38425,0,0.187188,0
96999,31002,0,0.000151,0
170743,33439,0,0.00018,0
34635,40867,0,0.282749,0
154202,2002,0,0.667718,1
142614,22071,0,0.467759,0
61012,13431,0,0.000316,0
173298,22849,0,0.45664,0
52878,37687,0,0.416387,0
45930,31404,0,0.000106,0
146130,11921,0,0.053227,0
133555,11777,0,0.000394,0
155309,39984,0,0.759452,1
40045,24852,0,0.864451,1
172783,10193,0,0.616913,1
177645,41950,0,0.000509,0
160556,38334,0,0.106205,0
163861,33768,0,0.343443,0
67263,4210,0,0.005874,0
167097,38344,0,0.000173,0
174624,27388,0,0.525604,1
179296,28123,0,0.065699,0
77614,45224,0,0.022671,0
68121,38563,0,0.000169,0
50477,28826,0,0.016227,0
74264,47766,0,0.000832,0
29951,23541,0,0.000119,0
93226,34969,0,0.000614,0
87941,48142,0,0.166489,0
178990,31785,0,0.260334,0
11725,46145,0,0.136135,0
145962,38274,0,0.000489,0
165364,45208,0,0.206198,0
176119,22124,1,0.885726,1
98303,41844,0,0.000156,0
105318,18987,0,0.000276,0
164826,9076,0,0.000259,0
121022,48720,0,0.281677,0
170459,9076,0,0.2688,0
108927,35914,0,0.672332,1
9786,26604,0,0.000423,0
163532,160,0,0.036852,0
80864,7673,0,0.000981,0
40019,35946,0,0.294869,0
177927,32096,0,0.055603,0
150049,34358,0,0.000723,0
78768,8277,0,0.677611,1
93119,19508,0,0.04787,0
28628,48287,0,0.000222,0
122326,35752,0,0.416697,0
46388,17377,0,0.000176,0
168186,4656,0,0.00054,0
118611,33055,0,0.000409,0
190678,41787,0,0.000356,0
41389,41950,0,0.000478,0
134063,41319,0,0.004177,0
22970,31801,0,0.287263,0
8817,27344,0,0.505135,1
29621,31915,0,6.7e-05,0
139106,277,1,0.674828,1
26817,49113,0,0.390029,0
81175,11030,0,0.061752,0
204387,24906,0,0.35701,0
199785,29079,0,0.01129,0
133397,34249,0,0.374994,0
97345,29127,0,0.000258,0
182406,23554,0,0.094405,0
183173,2228,0,0.000109,0
198629,8239,0,0.000236,0
37053,45870,0,0.000559,0
65243,43961,0,0.357456,0
173982,4793,0,0.004538,0
38622,33731,0,0.000878,0
47563,4715,0,0.200895,0
151511,22935,0,0.000286,0
97188,45066,0,0.944393,1
70265,29487,0,0.000132,0
94953,39097,0,0.000249,0
74671,27086,0,0.458642,0
146847,16797,0,0.000713,0
74878,3177,1,0.103747,0
193627,18150,0,0.18556,0
68445,37203,0,0.00021,0
117674,1244,0,0.279774,0
200792,47209,0,0.733404,1
37282,21174,0,0.0006,0
131505,15739,0,0.000672,0
82573,28593,0,0.099282,0
5057,29662,0,0.290912,0
52068,17807,0,0.163142,0
15664,39534,0,0.000278,0
205601,27845,0,0.770335,1
103523,22952,0,0.000411,0
158402,47209,0,0.000145,0
70562,49496,0,0.933207,1
126065,11526,0,0.354126,0
99687,23565,0,0.000665,0
119687,35769,0,3e-05,0
93308,35989,0,0.057878,0
809,329,0,0.585843,1
86020,12872,0,0.000369,0
185215,26209,1,0.713575,1
6168,24184,0,0.597306,1
113870,42701,0,0.343996,0
71257,38167,0,0.294552,0
119508,47681,0,0.22585,0
58701,5355,0,0.268155,0
105058,13423,0,0.000338,0
64246,26683,0,0.000148,0
66776,27966,0,0.001018,0
42430,29812,0,0.253418,0
3514,3703,0,4.3e-05,0
40170,29987,0,0.523346,1
50650,2120,0,0.000338,0
84805,16797,0,0.001055,0
91287,35217,0,0.021044,0
12822,6789,0,0.289485,0
163247,30391,1,0.757344,1
36611,24964,0,0.88278,1
129050,260,0,0.000128,0
72310,30442,0,0.975765,1
68495,46475,0,0.296694,0
106342,15902,0,0.328718,0
177487,3464,0,0.33342,0
113246,10623,0,0.000555,0
193576,9781,0,0.009898,0
104249,30406,0,0.00029,0
2646,160,0,0.141677,0
27090,14197,0,0.000194,0
29291,47766,0,0.869412,1
175208,18849,0,6.6e-05,0
156941,43961,0,0.16276,0
165337,30442,0,0.625647,1
177936,37892,0,0.048294,0
62988,13877,0,0.000117,0
93591,44949,0,0.542514,1
16158,34829,0,0.918959,1
153694,3765,0,0.063774,0
24449,35951,0,0.119335,0
52797,40516,0,0.000442,0
13927,30117,0,0.006678,0
48538,7026,0,0.311266,0
43182,47325,0,0.175739,0
184334,17638,0,0.934688,1
109477,48726,0,0.296512,0
39920,703,0,0.000334,0
102110,3869,0,0.000132,0
86537,27690,0,0.850228,1
74893,2295,0,0.508333,1
187339,5475,0,0.33594,0
40425,5605,0,8.2e-05,0
36369,46688,0,0.010186,0
189034,23537,0,0.009759,0
6427,10749,0,0.000519,0
11980,45646,0,8.7e-05,0
153730,40893,0,0.01286,0
126818,12206,0,0.289599,0
153149,43129,0,9.8e-05,0
199382,20406,1,0.874344,1
112258,11440,0,0.210411,0
1722,365,0,0.412694,0
178080,18926,0,0.12521,0
59341,44661,0,0.041225,0
128904,13176,1,0.920287,1
194566,20734,0,0.035666,0
191648,20674,0,0.000188,0
106639,34862,0,0.000493,0
44205,25368,0,0.183434,0
68315,25577,0,6.5e-05,0
191019,22453,0,0.588429,1
97852,42265,0,0.000358,0
95975,33590,0,0.476143,0
97436,27196,0,0.00054,0
105935,13877,0,0.215468,0
2278,31040,0,0.464757,0
136491,44292,0,0.027145,0
152454,2091,0,0.000299,0
27605,27801,0,0.093256,0
112176,12576,0,0.000321,0
190899,28264,1,0.876307,1
66808,46206,0,0.000423,0
78879,2748,0,0.886699,1
167830,34543,0,0.140727,0
139415,436,0,0.035258,0
187186,21815,0,0.205633,0
162677,5886,0,0.005649,0
159702,48119,0,0.211754,0
62734,40910,0,0.482856,0
173850,23601,0,0.001769,0
179783,42265,0,0.066955,0
138520,44449,0,0.099592,0
1465,3177,0,0.301424,0
12103,20828,0,0.000422,0
95978,24097,0,0.104053,0
81280,8467,0,0.000315,0
191648,17931,0,0.000109,0
90367,10602,0,0.206585,0
159524,10749,0,0.000531,0
203033,31506,0,0.085183,0
23542,30353,0,0.082579,0
81762,44632,0,0.001084,0
22970,35688,0,0.217211,0
178638,24964,1,0.857504,1
22169,4933,0,0.000306,0
164718,43101,0,0.169083,0
77891,22298,0,0.04961,0
69582,1463,0,0.000547,0
122554,17329,0,0.359738,0
195499,2855,1,0.644631,1
165010,9839,0,0.333383,0
68716,23367,0,0.002512,0
24293,6104,0,0.000141,0
66736,48785,0,0.000744,0
2589,19734,0,0.73972,1
174051,32842,0,0.000592,0
13378,42265,0,0.00033,0
161678,45066,1,0.938094,1
117502,21841,0,0.00058,0
189223,49005,0,0.058284,0
85037,28985,0,0.708238,1
205939,38288,0,0.00029,0
25920,45613,0,0.000346,0
92044,40709,0,0.000485,0
199334,42526,0,0.718371,1
5017,22825,0,0.000945,0
11588,38985,0,0.027606,0
94499,14992,0,0.332036,0
66522,34449,0,0.245,0
161421,1202,0,0.834457,1
154063,26373,0,0.024674,0
95003,47586,0,0.0716,0
137331,13176,1,0.940986,1
191018,23291,0,0.149357,0
190663,9597,0,0.299281,0
92916,46680,0,0.069985,0
26813,31640,0,0.942213,1
38015,49284,0,4.5e-05,0
119334,12206,0,0.606812,1
201504,19370,0,0.119667,0
90292,10243,0,0.087267,0
168701,19678,0,0.871346,1
155621,23253,0,0.017331,0
170078,7131,0,0.000699,0
49376,274,0,0.017165,0
146431,31683,0,0.236671,0
206053,4125,0,0.143733,0
145055,32139,0,0.00011,0
86640,7781,0,0.350298,0
18791,36554,0,0.000516,0
148441,45535,0,0.132395,0
186448,24852,1,0.857356,1
66973,32433,0,0.263379,0
169659,35336,0,0.839266,1
111267,39303,0,0.024997,0
96162,34126,0,0.484431,0
179438,26587,0,0.379367,0
39035,27845,0,0.845399,1
193650,31660,0,0.000184,0
60649,46654,1,0.842003,1
3387,40261,0,0.00026,0
82573,2314,0,0.205429,0
129098,12409,0,0.06407,0
32067,23001,0,0.008256,0
131385,23679,0,0.202174,0
173675,23726,0,0.041129,0
111000,24852,1,0.988493,1
165534,42188,0,0.127198,0
151595,38159,0,0.000534,0
7385,22316,0,0.003226,0
37676,12572,0,0.000439,0
141637,46931,0,0.005258,0
88303,29672,0,0.012898,0
145868,40706,0,0.000491,0
120865,47196,0,0.033792,0
1427,6346,0,0.032787,0
67722,28204,1,0.367002,0
92421,21616,0,0.000662,0
62718,39663,0,0.053314,0
77012,48775,0,0.274124,0
113901,28634,0,0.631527,1
42896,40878,0,0.000715,0
25624,47652,0,0.192489,0
57659,45249,0,0.000262,0
4529,49175,0,0.402674,0
61808,29629,0,0.15867,0
12642,8193,0,0.00048,0
67752,31215,0,0.96135,1
87842,28214,0,0.197859,0
174388,2876,0,0.044566,0
51277,17315,0,0.217696,0
42345,13517,0,0.228673,0
97886,20114,0,0.000326,0
15374,32177,0,0.785712,1
86615,45066,0,0.000424,0
11584,8380,0,0.114778,0
195869,25861,0,0.000195,0
118047,14127,0,0.168958,0
25871,15536,0,0.000104,0
122240,45646,0,0.294879,0
28340,6518,0,0.298825,0
134891,15650,0,0.263109,0
115193,33129,0,0.691817,1
2870,34717,0,0.289731,0
46231,32655,1,0.86798,1
28673,2433,0,0.076748,0
54324,15937,0,0.120407,0
203635,38159,0,0.000639,0
190449,29778,0,0.000868,0
7161,8025,1,0.807998,1
167996,8518,0,0.000291,0
79213,21616,0,0.000621,0
77208,18609,0,5.1e-05,0
64666,34092,0,0.000115,0
173177,17819,0,0.391809,0
148917,25715,0,0.000254,0
52478,14819,0,0.060171,0
21882,39877,1,0.784586,1
192321,8518,0,0.47547,0
33351,8518,0,0.000322,0
158241,42479,0,0.137376,0
67975,26968,0,0.000165,0
31620,32955,0,0.500868,1
108832,19240,0,0.022943,0
161647,26604,0,0.838688,1
186243,44961,0,0.000945,0
94786,15902,0,4.1e-05,0
131340,7474,0,0.247602,0
135829,24390,0,0.081088,0
94847,39928,0,0.000895,0
140145,30247,0,0.00018,0
94764,46962,0,0.000132,0
34874,28849,0,0.000227,0
76461,31506,0,4.1e-05,0
53136,33953,0,0.264009,0
76025,47008,1,0.504852,1
103242,22935,0,0.786699,1
43815,28204,0,0.64668,1
16103,33640,0,0.319074,0
94750,31557,0,0.576468,1
158657,33120,0,0.837919,1
174720,33764,0,0.324166,0
110795,47209,0,0.781186,1
32707,32768,0,0.000213,0
186469,4739,0,0.741796,1
173517,37354,0,0.000119,0
83562,45948,0,8.4e-05,0
138727,39275,1,0.79598,1
487,24390,0,0.561606,1
32854,4455,0,0.42161,0
62080,27344,0,0.90777,1
53776,4920,0,0.001231,0
31308,4314,0,0.344482,0
56343,35530,0,0.079892,0
11904,11759,0,0.171164,0
106900,43987,0,0.000248,0
34999,20842,0,0.230882,0
93596,10571,0,1.9e-05,0
76435,47790,0,0.032855,0
97855,8900,0,0.030516,0
97405,45066,0,0.085731,0
57246,33636,0,0.000143,0
88553,3721,0,0.137855,0
28496,4363,0,0.000464,0
95769,20691,0,0.000397,0
203126,18288,0,0.000304,0
170773,34530,0,0.000465,0
110121,12144,0,0.8853,1
55911,37630,0,0.186869,0
134164,39947,0,0.001013,0
78752,6336,1,0.804554,1
133811,2091,0,0.737003,1
49277,25341,0,0.000266,0
56089,28999,0,0.03493,0
59107,23060,0,4.6e-05,0
48409,1347,1,0.64857,1
47647,22227,0,2.4e-05,0
186919,10793,0,0.000287,0
94746,49113,0,0.082843,0
198261,13740,0,3.7e-05,0
150628,9208,0,0.00019,0
96214,44628,0,0.064404,0
23455,42508,0,0.088397,0
87270,43662,0,0.000579,0
173058,17140,0,0.26984,0
65597,7559,0,0.227486,0
199862,31717,0,0.000289,0
47959,35594,0,0.00051,0
111281,24413,0,0.201705,0
122102,10070,0,0.743837,1
37409,28993,0,0.00045,0
177926,28993,0,0.136666,0
44718,49478,0,0.448601,0
44226,31618,0,0.000133,0
125955,22031,0,8.6e-05,0
188327,47766,0,0.932594,1
14059,44129,0,0.749021,1
150237,28805,0,0.000136,0
4999,5077,0,0.372449,0
159800,20520,0,0.16493,0
83860,11136,0,0.008206,0
86441,25187,0,0.000236,0
169176,32655,0,0.000207,0
32540,41220,0,0.167304,0
75664,43772,0,0.337244,0
24304,2379,0,0.174522,0
46033,24852,1,0.954617,1
75968,11941,0,0.000144,0
143111,7185,0,0.252233,0
28630,21195,0,0.000364,0
123335,31725,0,0.112355,0
88441,22963,0,0.415041,0
171083,41787,0,0.660141,1
88932,19816,0,0.000385,0
55236,28985,0,0.327983,0
151418,41196,0,0.000208,0
146426,33560,0,0.047856,0
63226,45445,0,0.067487,0
9710,30720,0,0.601548,1
40422,45946,0,0.053159,0
165878,34940,1,0.169611,0
149770,47734,0,0.000177,0
100682,18432,1,0.497635,0
22312,15622,0,0.05544,0
123330,6244,0,0.000337,0
103121,28199,0,0.133742,0
117767,41570,0,0.313457,0
122897,31717,0,0.953879,1
26373,28373,0,0.554286,1
175732,6046,1,0.942932,1
69839,23815,0,0.263465,0
10237,20607,0,0.492709,0
174446,21095,0,0.840186,1
201314,5550,0,0.000382,0
101664,7628,0,0.000514,0
9765,47962,0,0.094831,0
4144,43129,0,0.000139,0
104920,22893,0,0.000662,0
137448,28785,0,0.027405,0
53868,24765,0,0.117821,0
126302,5158,0,0.091767,0
34211,38650,0,0.127068,0
26533,21621,0,0.242739,0
11230,33911,0,0.732914,1
72548,23296,0,0.204024,0
102038,31553,0,0.000109,0
85970,27737,0,0.000404,0
182739,7189,0,0.380696,0
85908,2368,0,0.000217,0
84477,18849,0,0.149963,0
115364,43049,0,0.000638,0
45222,38200,0,0.867093,1
102939,24954,0,5.8e-05,0
89395,14239,0,0.043858,0
10738,3142,0,0.042341,0
114410,34969,0,0.331328,0
162039,7751,0,0.015833,0
154100,19048,0,0.27493,0
101244,13198,0,0.834057,1
162729,10358,0,0.084883,0
82506,27086,0,0.982384,1
19094,39549,0,0.135481,0
191458,40992,0,0.458162,0
27578,40571,0,0.707543,1
180572,49098,0,0.000514,0
157744,48142,0,0.000424,0
194614,2010,0,0.000203,0
112281,35264,0,0.014464,0
116217,41609,0,0.000381,0
5453,13212,0,0.078824,0
15919,29487,1,0.966248,1
188688,15453,0,7.3e-05,0
123158,28348,0,0.569853,1
121506,6348,0,0.653723,1
141774,28199,0,0.185091,0
138440,38557,0,0.000898,0
46233,9409,0,0.000236,0
137022,5785,0,0.285252,0
10506,9387,0,0.120149,0
163431,33911,0,0.000743,0
136888,40001,0,0.000262,0
53925,35425,0,0.000472,0
86224,37694,0,8.5e-05,0
49266,29783,0,0.000494,0
85791,11182,0,0.000618,0
191983,24852,0,0.902276,1
134598,17616,0,0.000211,0
154022,2151,0,0.018695,0
71762,20062,0,9.1e-05,0
41546,47000,0,0.293524,0
164723,16042,0,0.002906,0
50095,36793,0,0.000758,0
168658,6242,0,0.000101,0
140098,39160,0,0.000456,0
28179,8424,0,0.000576,0
199549,7484,0,0.020341,0
9699,34614,0,4.1e-05,0
51710,890,0,0.182439,0
173301,25085,0,0.000123,0
152550,6192,0,0.181749,0
55128,30340,0,0.000365,0
150695,8362,0,0.000248,0
82753,4305,0,0.338283,0
131232,6348,0,0.000972,0
146101,24852,0,0.000718,0
70009,5024,0,0.054545,0
118942,38028,0,0.000267,0
29479,42356,0,0.314991,0
26787,14901,0,0.673076,1
90027,34584,0,0.027797,0
184187,38777,0,0.000298,0
135928,8193,1,0.970532,1
79285,45633,0,0.000336,0
197991,4698,0,0.000248,0
114535,18523,0,0.000771,0
166330,22935,0,0.902912,1
104749,39275,0,0.712577,1
124,42625,0,0.753766,1
51260,13176,1,0.708147,1
63659,3807,0,0.023853,0
41564,28842,1,0.494272,0
115019,5450,0,0.625556,1
8675,48742,0,0.312222,0
148698,20395,0,0.000237,0
43749,28204,0,0.214512,0
46145,21576,0,0.000202,0
168546,30639,0,0.331291,0
175732,10193,0,0.747515,1
105165,11068,0,0.000604,0
98808,21366,0,0.021711,0
76451,8433,0,0.044358,0
142756,43726,0,0.13437,0
169471,17706,0,5.5e-05,0
162534,14466,0,0.000344,0
67975,41618,0,9e-05,0
148539,4605,0,0.278661,0
124187,20114,1,0.463945,0
159412,26842,0,0.811038,1
94993,116,0,0.275881,0
133113,12797,0,0.210521,0
126823,27544,0,0.450005,0
63195,12499,0,0.335436,0
86878,35898,0,0.09531,0
5157,18362,0,0.000552,0
30967,13966,0,0.000384,0
96331,24527,0,0.007742,0
131763,28058,0,0.602235,1
18943,44422,0,0.304125,0
61899,22041,0,0.000178,0
137602,32557,0,0.001123,0
144974,20144,0,0.000255,0
185011,28985,0,0.576356,1
72573,38838,0,0.000366,0
29444,26977,0,0.000228,0
32307,42768,0,0.133308,0
155921,13076,0,0.084627,0
100584,21616,0,0.000535,0
52698,30709,0,0.000605,0
120890,2875,0,0.004661,0
67443,7987,0,0.312526,0
30755,12069,0,0.193655,0
131010,22220,1,0.700077,1
136944,11782,0,0.000111,0
203235,21810,0,0.036191,0
54375,22882,0,0.406124,0
194026,21936,0,0.05451,0
20487,45767,0,0.062907,0
186767,9434,0,0.108419,0
66465,21468,0,0.868074,1
57021,36010,0,0.000592,0
132872,9058,0,7.7e-05,0
68001,43743,0,0.000204,0
49830,4879,0,0.182139,0
29041,26427,0,0.00368,0
81912,43891,0,5.6e-05,0
44916,32689,0,0.693688,1
205747,49644,0,0.22085,0
154442,29801,0,0.082225,0
186868,42736,0,0.053034,0
155370,43183,0,0.000822,0
110404,46515,0,0.298146,0
24054,40706,0,0.000471,0
92024,41220,1,0.600534,1
94507,10132,0,0.445584,0
103217,19678,0,0.136221,0
51561,19048,0,0.78803,1
102835,29553,0,0.000281,0
40231,18434,0,0.058727,0
123207,27966,0,0.65194,1
205442,13314,1,0.844613,1
183955,46979,1,0.504638,1
146484,18471,0,9.8e-05,0
4442,33825,0,0.000138,0
130284,12432,0,0.000318,0
187799,38511,1,0.792848,1
48969,3683,0,0.00507,0
106778,43768,0,0.000487,0
17416,3990,0,0.520151,1
100427,37193,0,0.085049,0
68293,4855,0,0.009202,0
58936,4086,0,0.221632,0
27828,13303,0,0.000234,0
104598,33055,1,0.570046,1
202457,10866,0,0.510534,1
94432,43295,0,0.0002,0
65379,5258,0,0.000914,0
149863,13834,0,0.058416,0
112725,41870,0,0.126365,0
130925,32515,1,0.953265,1
162714,28031,0,0.000185,0
23430,27360,0,0.16698,0
160409,45896,0,0.023066,0
74518,24657,0,0.0631,0
34552,37538,0,0.4488,0
199249,33000,0,0.426546,0
187734,12980,0,0.486811,0
31691,40849,0,0.967696,1
152660,26679,0,0.036156,0
8790,27555,0,0.000494,0
194249,9594,0,0.00583,0
147292,39858,0,0.176186,0
170247,42051,0,0.557361,1
49785,34350,0,0.150324,0
43072,36287,0,0.000544,0
193686,2408,1,0.02011,0
25427,47329,0,0.000145,0
166972,19019,0,0.31358,0
44646,20414,0,0.03898,0
109999,14966,0,0.000181,0
190860,28985,0,0.715658,1
65718,43112,0,0.22309,0
141606,4006,0,0.000116,0
16056,28842,0,0.713415,1
27425,46005,0,5e-05,0
189519,8518,0,0.000857,0
63739,38777,0,0.125771,0
9276,2210,0,0.000315,0
91182,13176,0,0.000467,0
157489,25832,0,0.000174,0
158627,10749,0,0.448316,0
22640,44628,0,0.01541,0
53555,22007,0,0.071895,0
44423,46377,0,0.000889,0
11037,5618,0,3.7e-05,0
12659,43632,0,0.000361,0
169728,43629,0,0.000198,0
176510,23932,0,0.477071,0
33030,41456,0,0.408568,0
2997,27992,0,0.000302,0
16219,2901,1,0.192861,0
19958,46802,0,0.043927,0
2460,1215,0,0.420977,0
14399,38120,0,0.005669,0
126192,11408,0,0.312577,0
141225,33399,0,0.509454,1
72110,30950,0,3.7e-05,0
21761,11526,0,0.051718,0
161379,10492,0,3.3e-05,0
47095,18479,0,0.481603,0
1264,42828,0,0.000311,0
72507,33990,0,0.138109,0
149548,31338,1,0.377923,0
180443,38241,0,0.00037,0
50367,9076,0,0.000344,0
111846,7948,0,0.000264,0
203364,28985,0,0.265391,0
121463,41480,0,0.000596,0
190329,26209,0,0.000645,0
164351,38289,1,0.500681,1
180531,27958,0,0.231727,0
189545,20370,0,0.00036,0
37773,45761,1,0.131098,0
64035,31433,0,0.000684,0
88830,45007,0,0.162712,0
168541,24852,0,0.000896,0
128377,35383,0,0.086374,0
177680,36361,0,0.958619,1
40437,47144,0,0.763835,1
197181,31596,0,0.132586,0
159591,2460,0,0.000283,0
27924,18134,0,0.097882,0
179650,8047,0,0.000368,0
125587,34244,0,0.759043,1
18011,42598,0,0.073294,0
5847,45066,0,0.00066,0
51900,6975,0,0.049924,0
40425,1529,0,0.000297,0
7856,31066,0,0.025347,0
162758,42265,0,0.000614,0
117606,39275,0,0.000388,0
16989,21195,0,0.000232,0
40422,37825,0,0.015273,0
77208,27363,0,1.9e-05,0
200073,40396,0,0.907624,1
198202,32463,0,0.24706,0
8656,21938,0,0.000248,0
140607,30489,1,0.629858,1
109374,8732,0,0.650776,1
96996,39149,0,0.214596,0
102059,43876,0,0.073744,0
82516,31066,0,5.3e-05,0
203651,35629,0,0.029025,0
163207,46041,0,0.047768,0
74201,33401,0,0.000676,0
94691,3339,1,0.965306,1
94009,7862,0,0.387191,0
174663,12290,0,0.000116,0
64470,7628,0,0.000223,0
141195,18531,0,0.124198,0
30127,1935,0,0.728618,1
142300,39108,0,0.352255,0
183244,46804,0,0.106077,0
59604,260,0,3.1e-05,0
101636,6528,0,0.011724,0
79351,45007,0,0.359323,0
138839,5876,0,0.875846,1
55173,48527,0,0.000624,0
159571,48775,1,0.631244,1
47232,16965,0,0.025244,0
168993,36070,0,0.000958,0
77171,34745,0,0.033138,0
132112,17008,0,0.663838,1
151305,24964,0,0.601647,1
170143,28521,0,0.000254,0
85539,14851,0,0.000128,0
203721,11140,0,0.000558,0
157755,40310,0,0.246862,0
143078,48075,0,0.229675,0
111128,20327,0,0.012309,0
161860,3957,0,0.042369,0
128637,7693,0,0.000623,0
182576,37474,1,0.397525,0
75589,40910,0,0.186628,0
198465,42699,0,0.594456,1
187153,24184,0,0.000476,0
107418,20854,0,0.018363,0
30723,34243,0,0.709188,1
155266,9387,0,0.00054,0
142195,48450,0,0.000105,0
38264,44471,0,0.000353,0
158188,2519,0,0.821329,1
182194,14875,0,0.439593,0
138716,45535,0,0.08831,0
78965,18963,0,0.101972,0
190947,29675,0,0.000754,0
133192,49478,0,0.574678,1
165749,28934,1,0.370828,0
58617,17794,0,0.153228,0
38469,31066,0,0.014221,0
71879,26620,0,0.001154,0
189545,18381,0,0.00018,0
47897,12276,0,0.116672,0
64698,27336,0,0.000373,0
143228,46676,0,0.000787,0
136888,35629,0,4.4e-05,0
142195,8277,0,0.001063,0
71622,26032,0,0.000456,0
93803,23177,0,0.292849,0
111596,8927,0,0.000102,0
135497,44988,0,0.202211,0
35493,21260,0,0.000702,0
82686,13870,0,0.000425,0
17031,21436,0,0.000148,0
157345,23622,0,0.000278,0
160260,33852,0,0.557108,1
14913,10613,0,0.506056,1
70102,31477,1,0.9483,1
67911,2480,0,0.299932,0
168133,24386,0,0.085866,0
153077,9314,0,0.145799,0
1992,4138,0,9.2e-05,0
201712,39275,0,0.055524,0
117571,18278,0,0.019172,0
173118,4692,1,0.981308,1
59552,6844,0,0.000174,0
169590,16837,0,0.763808,1
109332,31553,0,0.252505,0
129926,20524,0,0.000264,0
191789,17706,0,0.782445,1
181706,21903,0,0.000502,0
105286,7401,0,0.000325,0
67975,25223,0,2.9e-05,0
144737,19677,0,0.513175,1
185527,31371,0,0.164877,0
108311,38456,0,0.000651,0
87333,14211,0,0.587227,1
26400,10453,0,0.421391,0
173520,38200,0,0.121451,0
43742,46226,0,0.000296,0
50571,42612,0,0.404584,0
36478,3459,0,0.03476,0
32676,33352,0,0.000198,0
83934,21982,0,0.0194,0
158072,40760,0,0.03481,0
79837,8251,0,0.65649,1
148776,35750,0,0.231284,0
101121,39408,1,0.52506,1
83934,15290,0,0.518389,1
152355,7948,0,0.000666,0
90669,8518,0,0.203806,0
101895,48174,0,0.000251,0
163506,34876,0,0.043551,0
143824,41844,0,0.00045,0
15647,6593,0,0.036542,0
79838,4957,0,0.658721,1
30086,43789,0,0.000339,0
157716,23554,0,0.365184,0
91975,31553,0,0.698992,1
148298,8277,0,0.276563,0
135932,35973,0,0.000151,0
21267,36393,0,0.029986,0
37954,22935,0,0.253485,0
4794,22281,1,0.911882,1
55988,24267,0,0.00025,0
145844,40604,0,0.00067,0
61049,34234,0,0.064591,0
34089,39180,1,0.976124,1
183523,45194,0,0.069657,0
82475,27416,0,0.038356,0
131,890,0,0.491528,0
155310,13176,0,0.933282,1
93303,49478,0,0.606281,1
85406,13212,0,0.343263,0
62387,10749,1,0.982837,1
142871,13250,0,0.000158,0
145786,45622,0,0.835689,1
145495,1260,0,0.051721,0
10665,46352,0,0.180897,0
168843,16278,0,0.011406,0
9109,32538,0,0.107304,0
78670,1723,0,0.027879,0
56115,27344,0,0.072962,0
119687,32839,0,0.000326,0
14039,16617,0,0.000789,0
68343,8859,0,0.000596,0
16527,5077,0,0.318976,0
137435,19678,0,0.000205,0
155788,27978,0,5e-05,0
98755,17872,0,0.113011,0
176476,26360,0,0.01205,0
181080,43999,0,0.000351,0
69821,39468,0,0.043762,0
188528,23995,0,0.006594,0
150785,11821,1,0.705051,1
84516,29272,0,0.000396,0
98856,13802,0,0.000149,0
184597,30064,0,0.018869,0
350,31683,0,0.159694,0
147979,38775,0,0.019585,0
203235,13212,1,0.033862,0
200527,25544,1,0.300291,0
115665,39275,1,0.692564,1
74767,38777,0,0.000179,0
66790,35042,0,0.215596,0
190887,16185,0,0.172476,0
121370,20720,0,2.2e-05,0
100564,29669,0,0.297148,0
49791,5876,0,0.476914,0
155723,26940,0,0.000154,0
176063,4691,0,0.000296,0
25425,22935,0,0.580303,1
92042,27104,0,0.296347,0
202789,26283,0,0.231998,0
134015,20032,0,0.418462,0
99177,1335,1,0.93716,1
77827,5438,0,0.479234,0
28137,28993,0,0.406614,0
7474,47448,0,0.005454,0
45154,47890,1,0.950305,1
34628,8006,0,0.048214,0
203538,16083,0,0.512063,1
59557,27179,0,0.58122,1
27937,48144,0,0.240146,0
129563,43961,0,0.042611,0
151334,24797,0,0.000179,0
125586,24964,0,0.11391,0
206101,28123,0,0.894806,1
33313,40545,0,0.30448,0
22510,26209,0,0.000647,0
81574,29127,0,0.164704,0
1659,8103,0,0.000601,0
66460,45221,0,0.000807,0
147695,43915,0,0.025081,0
47073,15618,0,0.148752,0
19177,44949,0,0.755244,1
23138,8866,0,0.17923,0
62549,42117,0,0.008323,0
158385,4846,0,0.419108,0
15421,24583,0,0.000341,0
157716,21616,0,0.924001,1
150459,31131,1,0.101407,0
154674,49075,0,0.413308,0
134493,3298,0,0.000475,0
198189,25236,0,0.000292,0
11848,8204,0,0.000315,0
14321,17310,0,0.019767,0
183329,2270,0,0.186069,0
28439,130,0,0.098927,0
186319,33184,0,0.168322,0
777,31759,0,0.588037,1
34684,28601,0,0.256536,0
9084,31043,0,0.054456,0
32464,43662,0,0.339321,0
157520,31995,0,0.031588,0
121825,3856,0,0.412015,0
76695,27966,0,0.3705,0
123308,33554,0,0.132939,0
70971,378,0,0.00011,0
77901,36361,0,0.920642,1
162610,11361,0,0.550791,1
150050,17216,0,0.108092,0
200372,23333,0,0.203025,0
78879,33728,0,0.004822,0
140908,33122,0,0.000583,0
47785,33731,0,0.000609,0
162610,26904,0,0.452381,0
187049,311,0,0.000524,0
24290,48679,1,0.965459,1
189669,5374,0,0.004556,0
59033,20632,1,0.659544,1
166467,22400,0,0.163136,0
174737,18362,0,0.149746,0
111443,12128,0,0.00129,0
76168,5886,0,0.385939,0
71086,12941,0,8.7e-05,0
49133,46667,0,0.02047,0
174084,21295,0,0.008215,0
20242,24852,0,0.021886,0
49342,48595,0,0.000495,0
196823,11075,0,0.000235,0
72526,31577,0,0.402466,0
79135,10385,0,0.291923,0
91917,36695,0,0.00015,0
92611,30668,1,0.599253,1
36804,43445,0,0.001046,0
94957,14766,0,0.000702,0
22400,41950,0,0.000759,0
26846,33041,0,0.000631,0
20814,4920,0,0.000621,0
29276,16174,0,0.155004,0
90084,23215,0,0.04094,0
120163,35221,0,0.000458,0
123234,2435,0,0.1904,0
24670,45007,0,0.542543,1
37526,27531,0,0.082684,0
40619,42913,0,0.00024,0
77964,2966,1,0.784965,1
189176,2328,0,0.000271,0
109526,3698,0,6.2e-05,0
204641,45190,0,0.051993,0
26693,44995,0,0.029096,0
95473,46346,0,0.249666,0
3794,20119,0,0.276645,0
74097,5315,0,0.296482,0
72517,20392,0,0.86489,1
185023,29127,0,0.391107,0
151569,35467,1,0.553362,1
124732,25659,0,0.000575,0
53821,26754,0,0.000334,0
103262,39527,0,0.186489,0
126896,43352,0,0.120697,0
21203,37011,0,0.226542,0
37178,21405,0,0.267541,0
178250,29529,0,0.000136,0
206053,29370,0,0.24197,0
81765,24852,0,0.320718,0
142620,32691,1,0.650746,1
58075,13176,0,0.000188,0
63550,16570,0,0.000424,0
104079,39982,0,0.28176,0
47104,33926,1,0.026207,0
22646,33827,0,0.000519,0
48411,10305,0,0.000467,0
113211,45679,0,0.244379,0
146511,18601,0,0.004821,0
40029,39408,0,0.000356,0
107381,19125,0,0.000256,0
106287,17630,0,0.000352,0
187574,48679,0,0.734296,1
136258,35951,0,0.036591,0
34013,27156,0,0.464548,0
105583,13042,0,5.5e-05,0
159792,45037,0,0.075369,0
56864,36146,0,0.056722,0
141500,13740,0,0.392271,0
27210,6128,0,0.660453,1
168864,16396,0,0.765277,1
120253,3192,0,0.074287,0
75177,47766,0,0.960872,1
107596,34590,0,0.380172,0
179361,24345,0,0.033286,0
75191,19488,0,3.7e-05,0
167763,22154,0,0.002278,0
61899,21903,0,0.000141,0
140762,47058,0,0.177336,0
48026,13643,0,0.44232,0
198475,9669,0,0.091732,0
154581,19061,0,0.175503,0
91453,25544,0,0.452391,0
25432,16616,0,0.802746,1
20545,37733,0,0.889701,1
70799,24968,0,0.007755,0
5446,26559,0,0.138989,0
53976,40518,0,0.071012,0
145401,38078,0,0.185268,0
30064,35140,0,0.000117,0
25871,16797,0,0.000295,0
202166,12,0,0.012738,0
97965,32691,0,0.039675,0
46118,40604,0,0.78706,1
197762,30396,0,0.068165,0
154826,43961,0,0.831071,1
190947,28464,0,0.000459,0
80094,25304,0,0.107509,0
46691,5212,0,0.004979,0
64203,27104,0,0.873064,1
142559,14727,0,0.222192,0
21267,20021,0,0.019346,0
62470,14142,0,0.063716,0
174420,49517,0,0.284508,0
92747,27695,0,0.457046,0
105507,3967,0,0.000289,0
113905,46313,0,0.274779,0
9158,44628,0,1.9e-05,0
52746,10084,0,0.000121,0
90259,7704,0,0.006428,0
126028,28785,0,0.000144,0
156018,47740,0,0.00019,0
196174,2350,0,0.017223,0
19627,16349,0,0.000141,0
135010,42988,0,0.000109,0
151446,34255,0,0.138672,0
26092,30831,0,0.000502,0
183129,35336,0,9.2e-05,0
27474,21903,0,0.690494,1
41501,28476,0,0.000398,0
57330,8174,0,0.972587,1
166419,46361,0,0.000198,0
47231,34126,0,0.48149,0
27637,27663,0,0.000591,0
179206,12230,0,8.2e-05,0
114492,19450,0,9.8e-05,0
176282,44142,0,0.445611,0
172769,38456,0,0.26521,0
113462,43908,0,0.348997,0
110880,37131,0,0.669315,1
101706,39055,0,0.174531,0
192954,16797,0,0.001107,0
16173,22151,0,0.208545,0
146754,29987,0,0.015142,0
39788,40467,0,0.000986,0
134380,23368,0,2.2e-05,0
20146,17794,0,0.200944,0
182358,20119,1,0.942907,1
74009,48553,0,0.040029,0
146393,22556,0,0.418782,0
73191,6522,0,0.020385,0
106247,31477,1,0.976563,1
30579,15772,0,0.721433,1
137984,37993,0,0.12688,0
143768,16325,0,0.006834,0
25193,18660,0,0.018086,0
166061,13948,0,8.6e-05,0
69334,39448,0,0.000135,0
5891,274,0,0.006071,0
121860,38777,0,0.092656,0
145699,39993,0,0.07986,0
150767,10749,0,0.000604,0
204823,2775,0,0.076928,0
138795,18537,0,7.5e-05,0
23039,14074,0,0.000446,0
162055,22312,0,0.463908,0
60642,48645,0,0.000289,0
30411,39459,0,0.000295,0
61800,42768,0,0.000485,0
76393,25199,0,0.000537,0
114592,28985,0,0.701539,1
9434,29801,0,0.00029,0
120628,26648,0,0.002016,0
162856,32463,0,0.026762,0
203762,33000,0,0.071344,0
137854,9808,0,0.487761,0
38268,2537,0,0.030498,0
52399,11576,0,0.174342,0
176846,13976,0,0.689185,1
18838,4605,0,0.732371,1
103831,27171,0,0.000216,0
129856,44787,0,0.769054,1
23992,29307,0,0.442227,0
183244,17794,0,0.370687,0
37001,27676,0,0.203532,0
74053,15453,0,0.000176,0
165491,20670,1,0.793507,1
92451,44359,0,0.708306,1
168357,2335,0,0.022935,0
107211,32227,0,0.324162,0
127234,33206,0,0.026459,0
75853,36866,1,0.729921,1
114935,1468,0,0.003859,0
33466,5785,0,0.003483,0
128218,25034,0,7.4e-05,0
178538,43891,0,0.047941,0
1671,22935,0,0.464616,0
82296,41665,0,0.747718,1
138712,18441,0,0.058776,0
40374,34448,0,0.000299,0
121860,23554,0,0.02521,0
67750,37113,0,0.441855,0
43256,7021,0,0.000409,0
138214,14355,0,0.060068,0
164341,47766,0,0.000666,0
64684,46667,0,0.098455,0
198886,45646,0,0.000256,0
95934,32689,0,0.446092,0
8290,16759,0,0.035888,0
5907,39475,0,0.000416,0
114562,21709,0,0.000576,0
135172,6292,0,0.576127,1
51118,27665,0,0.006586,0
145925,39619,0,0.000322,0
25507,17872,0,0.000342,0
154227,19003,1,0.269805,0
64855,6552,0,0.000231,0
117635,17948,1,0.953509,1
153843,28985,0,0.445741,0
139107,25753,0,9.1e-05,0
185026,46022,0,0.000445,0
22504,5339,0,0.00011,0
46100,38426,0,0.12255,0
140090,30391,1,0.938106,1
63377,47369,0,0.000324,0
191535,39327,0,0.094771,0
13201,8292,0,0.115475,0
18307,8021,0,0.000232,0
204768,42115,0,0.273704,0
176688,4605,0,0.20365,0
199776,23385,0,0.022994,0
205691,8571,0,0.922001,1
114612,13176,0,4.8e-05,0
95136,15592,0,0.120057,0
120009,8631,0,0.005864,0
28958,28836,0,0.104259,0
185909,8057,0,0.364547,0
161518,41065,0,0.260599,0
14737,34525,0,0.563517,1
176232,46676,0,0.236596,0
186111,38974,0,0.301311,0
14448,22886,0,0.17873,0
38,40706,0,0.779348,1
163373,13373,0,0.016299,0
156784,38233,0,0.000129,0
61332,37158,0,0.000411,0
171658,9558,0,0.000491,0
47484,22935,0,0.000525,0
15007,26216,0,0.000593,0
79382,38273,0,0.410201,0
165291,33731,0,0.053885,0
135439,12481,0,0.00041,0
24029,10246,1,0.733917,1
62784,21616,0,0.00038,0
164637,4317,0,0.210345,0
122268,25199,0,0.835125,1
71863,26497,0,0.233868,0
115659,19005,0,0.003528,0
71482,47654,0,0.189445,0
144307,12797,0,0.160559,0
43868,15576,0,0.047947,0
168206,29180,0,0.025459,0
7139,40723,0,0.000101,0
132967,15063,0,0.782694,1
138537,15040,0,0.001794,0
76734,5876,0,0.628714,1
190235,35951,0,0.22804,0
168724,11913,0,0.017075,0
190304,42821,0,0.000126,0
133381,1234,0,0.396034,0
187727,4966,0,1e-04,0
131763,24184,0,0.131562,0
143311,3265,0,0.219966,0
173779,20114,0,0.089218,0
191342,21668,0,0.031379,0
168460,18370,0,0.000923,0
203811,47912,0,0.023694,0
182778,13595,0,0.073019,0
158310,43122,0,0.189142,0
72281,10761,0,9.7e-05,0
122781,44000,0,3.2e-05,0
111295,34969,0,0.000313,0
15181,30958,0,0.000209,0
62156,30953,0,0.00031,0
84774,5716,0,0.236307,0
61145,8048,0,0.222529,0
146586,34126,0,0.001036,0
84758,14063,0,0.000769,0
111846,45445,0,0.000374,0
117945,49674,0,0.819316,1
83722,42699,0,0.001064,0
72177,34134,0,0.238088,0
86537,2314,0,0.164733,0
193330,13380,0,0.000385,0
99149,29987,0,0.164743,0
103677,40171,0,0.000168,0
26097,43227,0,0.163781,0
109709,25623,0,0.058762,0
157730,49284,0,0.05813,0
85114,36724,0,0.142094,0
81962,6324,0,0.11849,0
55146,47766,0,0.000888,0
131849,7963,0,0.011345,0
190159,27999,0,0.064126,0
45061,39040,0,0.000599,0
150669,46969,0,0.613894,1
127144,8277,0,0.879667,1
56403,43389,0,0.12327,0
135758,29901,0,0.087394,0
31597,11777,0,0.453159,0
58306,39275,0,0.636838,1
168724,33198,0,0.007985,0
655,31343,0,0.051579,0
109095,45150,0,0.16221,0
143768,14332,0,0.026747,0
98343,2537,0,0.000104,0
147745,17482,0,0.002012,0
93977,25199,0,0.000581,0
197242,11714,0,0.000547,0
132851,41960,1,0.721203,1
93883,25930,0,0.020876,0
8715,43768,0,0.000454,0
186032,22888,0,0.000112,0
122652,3957,0,0.879337,1
37313,5646,0,0.000188,0
97013,23822,0,0.087363,0
120633,44912,0,1.4e-05,0
97703,48364,0,0.253861,0
128068,4957,0,0.479652,0
32675,24362,0,0.10281,0
186681,27363,0,7.1e-05,0
38002,21115,0,0.000313,0
115711,48624,0,0.000482,0
187564,13457,0,0.201234,0
23057,30839,0,0.103445,0
183263,33294,0,6.3e-05,0
155421,5612,0,0.762912,1
107494,14462,0,6.4e-05,0
186078,21927,0,0.000509,0
2273,37220,0,0.48393,0
68294,23029,0,0.000492,0
59830,47418,0,0.427787,0
94995,42557,0,0.386206,0
99767,44570,0,0.000762,0
12581,40198,0,0.440757,0
168990,4396,0,0.017455,0
27265,34584,0,0.028877,0
191871,30908,0,0.000385,0
202676,28985,0,0.119722,0
188674,46802,0,0.070723,0
125774,5231,0,9.8e-05,0
160226,21727,0,0.048034,0
15835,11461,0,0.000243,0
182297,10883,0,6e-05,0
124329,23165,0,0.03655,0
122059,38504,0,0.000915,0
119039,10504,0,0.206552,0
130925,17419,0,0.140888,0
61498,29439,0,0.043802,0
129005,14567,0,0.622963,1
65572,10621,0,0.363446,0
177305,33352,0,0.904259,1
130235,22765,1,0.860388,1
142779,32433,0,0.00036,0
201473,4942,0,0.701168,1
92574,5456,0,0.361462,0
76734,16349,0,0.300838,0
153965,21614,1,0.86481,1
189600,44375,0,0.695197,1
94058,16797,1,0.989074,1
100070,37754,0,6.9e-05,0
154204,47717,0,4.8e-05,0
196623,38557,0,6e-06,0
92508,35321,0,0.765461,1
23202,1181,0,0.000166,0
54181,25017,0,0.000482,0
76461,46069,0,6.5e-05,0
78218,34166,0,0.106957,0
167122,35939,0,0.429493,0
17521,39990,0,0.515445,1
112680,15290,0,0.415824,0
144846,39275,0,0.000293,0
204928,4347,0,0.000452,0
158409,13870,0,0.000307,0
192652,33351,0,0.084927,0
8513,36606,0,0.000415,0
162053,2962,0,0.000265,0
101465,39928,0,0.306115,0
169800,12916,0,0.000481,0
43155,26914,0,0.485456,0
197100,13885,0,0.046693,0
20980,47209,1,0.921679,1
115659,13536,0,0.039409,0
143552,20995,1,0.63405,1
125745,22825,0,0.000477,0
8352,48697,0,6.6e-05,0
144121,13984,0,0.309217,0
109043,44683,0,0.00077,0
122382,16864,0,0.196801,0
165291,5646,0,0.393849,0
80623,15414,0,0.170306,0
158077,11071,0,0.013305,0
135429,35547,0,0.951794,1
83362,38694,0,0.000147,0
44091,37229,0,0.000462,0
101250,42117,0,0.000261,0
43982,43525,0,0.074404,0
194026,35207,0,0.02695,0
25504,26209,0,0.00016,0
76712,2444,0,0.000157,0
51496,46720,0,0.492382,0
23283,15290,0,0.000224,0
113482,39275,1,0.82025,1
74437,42342,0,0.000482,0
201845,44142,0,0.000345,0
92397,23322,0,0.032203,0
72917,25223,0,0.000457,0
93673,48041,0,0.000248,0
181999,45066,0,0.393711,0
152970,13629,1,0.825136,1
8458,45208,0,0.000318,0
160005,8174,0,0.225062,0
19574,27845,0,0.000411,0
145332,5912,0,0.000154,0
41210,5646,0,0.000743,0
83634,5564,0,0.53084,1
205161,26500,1,0.368558,0
8027,17794,0,9.6e-05,0
127837,34126,0,0.161459,0
152052,6647,0,0.019616,0
59852,35321,0,0.176036,0
101603,46667,0,0.000109,0
182469,42650,0,0.000126,0
74570,27966,0,0.020784,0
164881,34459,0,0.101962,0
59535,3296,0,0.006471,0
154407,43122,0,0.105259,0
197543,45007,0,0.266915,0
42358,44717,0,0.000423,0
179294,30962,0,0.756598,1
173050,26369,0,0.829817,1
201585,19660,0,7.9e-05,0
77713,24964,0,0.000394,0
181055,38456,0,0.000479,0
159567,4658,0,0.000106,0
148560,29487,0,0.390122,0
117577,36591,0,0.000363,0
114761,8912,0,0.501382,1
95676,42258,0,5e-05,0
128561,6332,0,0.248945,0
192923,29506,0,0.000139,0
203757,19003,0,0.00038,0
69794,43689,0,0.229642,0
114285,26940,0,0.487095,0
159812,41950,0,0.317906,0
151158,14159,0,0.12211,0
186533,30057,0,0.000448,0
106474,16797,0,0.785542,1
16032,21773,0,0.025034,0
119270,25745,0,8.3e-05,0
48680,4274,0,0.376461,0
60501,9862,0,0.010365,0
122239,5322,0,0.000327,0
180158,25854,0,0.094327,0
77664,37284,0,0.000585,0
150313,36333,0,0.00145,0
94406,24852,0,0.956986,1
201787,43749,0,0.00033,0
79816,39097,0,0.000374,0
50683,38465,0,0.000266,0
153819,37977,0,0.470391,0
85141,2113,0,0.000615,0
103471,26604,0,0.000401,0
20656,17759,0,0.186526,0
26447,40055,0,0.204039,0
10901,16797,0,0.001506,0
7821,46347,0,0.105489,0
77365,43394,0,0.003656,0
104193,7179,0,0.53506,1
157562,33568,0,0.000177,0
66173,24852,0,0.000125,0
68788,35403,0,6.4e-05,0
167540,13176,0,0.000797,0
180397,49235,0,0.000334,0
110898,27695,1,0.842618,1
151394,38777,0,0.084877,0
173466,3007,0,0.109328,0
109213,27294,1,0.9602,1
22005,13287,0,0.000257,0
187684,22842,0,0.00015,0
108979,33352,0,0.519166,1
105169,10390,0,0.132719,0
34370,16797,0,0.0946,0
70212,17341,0,0.056205,0
64127,47141,0,0.290804,0
40381,22180,0,0.000915,0
30411,46651,0,0.000691,0
166479,13541,0,0.000785,0
180456,41290,0,0.000175,0
135492,33198,0,0.184288,0
58244,11030,0,0.834468,1
72573,27845,0,0.000603,0
103217,27454,0,0.010985,0
139495,11520,0,0.00033,0
122439,1514,0,0.818378,1
174134,6104,0,0.217617,0
202283,28281,0,0.000273,0
103937,45965,0,0.00037,0
88963,37528,0,0.00047,0
89684,4516,0,0.068236,0
92751,44201,0,0.858978,1
22267,48183,0,0.335148,0
58788,41433,0,0.000196,0
119985,17706,0,0.017165,0
12097,46688,0,0.055925,0
190304,21162,0,7.9e-05,0
5301,29995,1,0.547337,1
57630,4321,0,0.189558,0
182508,21938,1,0.808352,1
71427,17794,0,7.5e-05,0
160352,24097,0,0.206225,0
47968,38996,0,0.016876,0
72137,34407,0,0.000289,0
64356,44912,0,0.003521,0
107949,35842,0,0.290687,0
9566,16818,0,0.000268,0
146504,5746,0,0.296079,0
138214,13535,0,0.079841,0
128332,22245,0,0.721828,1
203692,44912,0,0.026828,0
68160,5337,0,0.000431,0
133126,37687,1,0.944481,1
43982,42959,0,0.028579,0
204923,8277,0,0.595576,1
170518,20840,0,0.280809,0
15662,23400,0,0.502106,1
183224,26165,0,0.294321,0
68888,32833,0,0.876929,1
196619,6292,0,0.193207,0
95,27142,0,0.117373,0
42904,6197,0,0.000424,0
39682,8467,0,0.385838,0
191504,40593,0,0.000368,0
63306,29447,0,0.000538,0
172755,40999,0,0.01051,0
45465,42913,0,0.931336,1
39054,35951,0,0.138717,0
187945,39984,0,0.245619,0
152717,40415,0,0.04516,0
15072,45447,0,0.000288,0
84392,24852,0,0.00081,0
44473,45862,0,0.103227,0
169798,48205,1,0.978331,1
168436,47912,0,0.000241,0
186979,34608,0,0.206743,0
184589,28601,0,0.502243,1
104936,4844,0,0.188602,0
176793,37642,0,0.000132,0
148352,33280,0,0.021118,0
68344,18926,0,0.237207,0
119226,24852,0,0.561836,1
128446,27554,0,0.013144,0
112550,15091,0,0.112289,0
63752,20723,0,0.222495,0
79056,21524,0,0.000233,0
119214,33214,0,0.059134,0
89832,37504,0,0.000413,0
100536,42284,0,0.00681,0
41746,35085,0,0.804479,1
38469,36956,0,0.78504,1
155135,5922,0,0.141133,0
165611,6167,0,0.019199,0
176229,48726,0,0.000731,0
25495,43662,0,0.848794,1
66765,7987,0,0.381001,0
149412,13110,0,0.079906,0
99175,33462,0,0.130625,0
182821,33862,0,0.000497,0
198629,10173,0,0.000365,0
5002,2311,0,4.1e-05,0
200004,34619,0,0.694546,1
138512,6046,0,0.254014,0
36484,39363,0,0.000252,0
69685,17395,0,0.117992,0
168983,9759,0,0.396373,0
166058,1006,0,0.256933,0
6774,46802,0,0.000232,0
65464,20518,0,0.096949,0
117191,45296,0,0.775615,1
33051,23339,0,0.141729,0
74925,5597,0,0.000464,0
175905,38490,0,0.531002,1
201630,48383,0,0.000492,0
131586,18465,0,0.287344,0
36712,7175,0,0.471839,0
65862,20244,0,0.000184,0
56833,27156,0,0.273256,0
159847,13176,0,0.000542,0
3286,36695,0,0.000609,0
192931,29153,0,0.068081,0
66060,17284,0,0.624478,1
64120,26497,0,0.136546,0
106637,23322,0,0.014316,0
196492,47766,0,0.000858,0
52472,2651,0,0.045078,0
102520,46672,0,0.040078,0
196184,30406,0,0.229008,0
85886,9387,0,0.001013,0
135439,34752,0,0.000279,0
41560,14168,0,0.000235,0
20239,22957,0,0.000745,0
41556,27783,0,8.7e-05,0
72395,10145,0,0.817056,1
161264,9159,0,0.037459,0
140433,28123,0,0.072125,0
170888,6128,0,0.000343,0
15459,27197,0,0.075553,0
185060,28204,0,0.001334,0
14923,3204,0,5.3e-05,0
8179,8424,0,0.878828,1
108794,10310,0,0.000205,0
147836,46206,0,0.000989,0
129694,33875,0,0.623544,1
189034,10234,0,0.006041,0
82810,9839,0,0.60019,1
190814,48116,0,0.344396,0
199851,34203,0,0.848216,1
148441,48682,0,0.009124,0
129767,24184,0,0.000757,0
97764,44717,0,0.094834,0
46089,30021,0,0.000408,0
138115,38777,0,0.134404,0
11236,34969,0,0.011491,0
57980,20734,0,0.000173,0
119107,26940,0,0.10605,0
203009,42356,0,0.136126,0
102059,38797,0,0.064267,0
78958,29307,0,0.000407,0
122428,28849,0,0.000174,0
76025,7948,1,0.477331,0
143845,11782,0,0.000625,0
201545,14715,0,0.000223,0
72507,49533,0,0.1459,0
164900,44632,0,0.82079,1
52404,34584,0,0.000109,0
15624,16797,0,0.00024,0
47777,35419,0,0.510592,1
49145,9689,0,0.037331,0
44149,30672,0,3e-05,0
55155,16570,0,0.800096,1
154247,35171,0,0.303532,0
139966,26315,0,0.000935,0
30579,32455,0,0.698471,1
50675,30776,0,0.011672,0
48427,12276,0,0.00025,0
125916,18090,0,0.013697,0
180043,46691,0,0.000529,0
95953,33919,0,0.023576,0
142439,28204,0,0.675438,1
100115,3044,0,0.000587,0
157113,29307,1,0.762604,1
109474,38395,0,0.532149,1
74861,28993,0,0.000391,0
116422,38159,0,0.361414,0
77941,11759,0,0.000368,0
109823,38558,0,0.000811,0
125975,27086,0,0.000598,0
19753,17835,0,0.616113,1
132737,30489,0,0.000364,0
192218,27156,0,0.00012,0
200254,38266,0,0.000348,0
26027,26384,0,0.449795,0
55100,5750,0,0.142101,0
155816,22782,0,0.460065,0
193677,26172,0,0.262095,0
25304,28443,0,0.029192,0
21978,24184,0,0.000793,0
137083,31252,0,0.061504,0
190866,20583,0,0.000266,0
82525,13292,0,0.000114,0
118649,30855,0,0.238916,0
147628,8174,0,0.365719,0
146000,44683,0,0.879628,1
61111,13727,0,0.097583,0
70738,32691,0,0.111184,0
69929,18234,0,0.000803,0
36383,25817,0,0.884965,1
154766,11712,0,0.24258,0
197683,34128,0,0.000164,0
201420,11323,0,0.801815,1
95129,26976,0,0.009545,0
17121,13083,0,0.673439,1
65322,22882,0,0.173994,0
153657,44479,0,0.709415,1
19353,14267,0,0.30162,0
95565,8536,0,0.048847,0
92249,5794,0,0.000502,0
123386,34005,0,0.814621,1
25245,22218,0,9.6e-05,0
94786,39945,0,5.1e-05,0
45930,8490,0,3.2e-05,0
172983,26881,0,0.244121,0
172875,6873,0,0.140655,0
94764,15233,0,3e-05,0
31963,43545,0,0.111195,0
90652,939,0,0.002573,0
88247,4792,1,0.411111,0
80981,10291,0,0.44244,0
85316,1529,0,0.000311,0
61832,36179,0,0.401437,0
3858,19048,0,0.457148,0
190688,41523,0,0.000246,0
191500,35163,0,0.159053,0
68150,48900,0,0.217798,0
58245,3957,0,0.000363,0
40753,27548,0,0.629018,1
104993,41621,0,0.437314,0
55897,45608,0,0.000319,0
36268,45646,0,0.292295,0
170144,26456,0,0.381438,0
85124,28289,0,0.580924,1
67501,33783,1,0.626226,1
102020,21683,0,0.266221,0
113885,44371,0,0.000401,0
178491,25464,0,0.305491,0
92048,30233,0,0.538137,1
171673,23165,0,0.000175,0
177088,26209,0,0.690057,1
61448,44864,0,0.202092,0
187378,45646,1,0.150682,0
54285,39024,0,0.826072,1
41877,16283,0,0.153135,0
35649,12075,0,0.000114,0
26092,27104,0,0.000124,0
50095,46979,0,0.152754,0
188184,651,0,0.000348,0
157416,40604,0,0.000417,0
32487,12075,0,0.791406,1
121669,21616,0,0.000225,0
79216,5782,0,0.30644,0
98816,32939,0,0.000138,0
78154,35752,0,0.000163,0
181336,47209,0,0.53084,1
98163,46886,1,0.914336,1
162248,9075,0,0.647166,1
191676,41711,0,0.038754,0
106407,35855,0,0.131577,0
169632,28842,0,0.000492,0
80122,21137,0,0.000703,0
7665,13424,0,0.071892,0
113241,13370,0,0.026987,0
10287,27521,0,0.000852,0
43277,45177,0,0.128443,0
152781,44051,0,0.191334,0
3387,48907,0,0.000255,0
171386,35939,0,0.000577,0
23946,19732,0,0.001681,0
193880,31585,0,0.747976,1
150655,28976,0,0.431601,0
75791,30696,0,0.000703,0
101038,37103,0,0.454638,0
109904,25295,0,0.000124,0
42123,23516,0,0.0638,0
20561,40516,0,0.116468,0
36986,37912,0,0.00014,0
53589,9076,0,0.024473,0
151102,14161,0,0.016979,0
115912,41149,0,0.398272,0
31711,47521,0,0.000233,0
193051,38703,0,0.000507,0
194290,15902,0,0.106633,0
74081,18811,0,0.238776,0
74840,37518,0,5.2e-05,0
176190,44910,0,0.09648,0
109634,35633,0,0.514728,1
174607,42958,0,0.943315,1
43326,39844,0,0.000453,0
59866,35221,0,0.60665,1
23542,26882,0,0.24296,0
150834,36640,0,0.271559,0
53925,47845,0,0.000386,0
140458,13763,0,0.019957,0
56890,26790,0,0.823934,1
117356,31888,0,0.252577,0
195019,44533,0,0.211844,0
166479,39558,0,0.000889,0
62746,47209,0,0.000398,0
8100,9339,0,0.184084,0
42209,44525,0,6e-05,0
63742,14032,0,0.200278,0
178045,15290,0,0.000728,0
30222,9648,0,0.00011,0
5936,48679,0,0.000362,0
97264,19614,0,0.012455,0
65974,40992,0,0.000395,0
44234,5077,0,0.665244,1
147874,44628,0,0.025769,0
118040,18599,0,0.267961,0
58010,24954,1,0.878642,1
77033,19057,0,0.000145,0
90006,36695,1,0.946727,1
157278,11837,0,0.023345,0
118430,44449,0,0.173642,0
140192,44359,0,0.000135,0
61402,5782,0,0.000314,0
23207,3583,0,0.075497,0
31963,47546,0,0.087849,0
179939,24852,0,0.781313,1
157314,853,1,0.496691,0
39610,43867,0,0.168377,0
17957,29274,0,0.066555,0
80381,14332,0,6.8e-05,0
193659,18140,0,0.000319,0
122613,20119,0,0.54514,1
124194,42404,0,0.000807,0
183334,38241,0,0.008515,0
33906,16254,0,0.000288,0
110708,7314,0,0.000178,0
153850,42522,0,0.001317,0
182761,18880,0,0.208781,0
136976,500,0,7.7e-05,0
17939,24097,0,0.491066,0
20082,47225,0,9.1e-05,0
73075,737,0,0.00033,0
126475,23892,0,0.000318,0
69052,45007,0,0.123214,0
180188,1465,0,0.823689,1
43848,11520,1,0.941515,1
104079,41351,0,0.229944,0
197181,22890,0,0.026164,0
138463,30233,0,0.000587,0
20377,7722,0,0.00042,0
80505,27243,0,0.000473,0
5315,22825,0,0.433483,0
199421,2519,0,0.040825,0
31367,7500,0,0.155301,0
52435,5618,0,0.000203,0
165154,16407,0,0.000483,0
18307,30707,0,0.000206,0
54729,22782,0,0.020685,0
89636,42265,0,0.482301,0
108702,35042,0,0.15232,0
122968,8518,0,0.73191,1
153372,41690,0,0.020213,0
53719,1181,0,0.260281,0
1095,8834,0,0.124555,0
133707,46665,0,0.027654,0
94792,45656,0,0.000346,0
40732,41169,0,0.179919,0
174798,46802,0,0.114904,0
184755,24852,0,0.167432,0
28835,31015,1,0.141984,0
94260,17758,0,0.000159,0
66621,37046,0,0.02256,0
27090,30584,0,0.00037,0
127786,2536,0,0.000716,0
188318,45007,0,0.319127,0
146431,8940,0,0.049852,0
156258,21903,1,0.797554,1
69365,35004,0,0.000396,0
195986,7628,0,0.102855,0
90073,19019,0,0.000252,0
155687,14647,0,0.292642,0
191,31853,0,0.376241,0
162960,8004,0,0.279082,0
131526,8174,0,0.00023,0
125980,30928,0,9.9e-05,0
52255,18799,0,0.000124,0
74279,432,0,0.080739,0
192827,5792,0,0.158296,0
86479,11520,0,0.076897,0
103950,41480,0,0.063335,0
110103,24903,0,0.000784,0
200095,13423,0,0.050428,0
171027,39190,0,0.000227,0
42385,47766,0,0.00059,0
91772,1057,0,0.000461,0
95594,32478,0,0.557781,1
49537,37552,1,0.89378,1
48412,42620,0,0.020685,0
130004,10644,0,0.06905,0
152121,4209,0,9.6e-05,0
109625,6177,0,0.024604,0
177234,42265,0,0.000316,0
135968,23410,0,0.782163,1
64433,18281,0,0.000235,0
69124,28132,0,0.000499,0
59007,3265,0,0.177039,0
35169,14394,0,0.000382,0
162620,3526,0,0.000339,0
6806,9601,0,0.000286,0
198699,31343,0,0.733498,1
49684,5618,0,0.00022,0
51814,8888,0,0.007206,0
187378,162,1,0.153694,0
82573,2237,0,0.85303,1
63002,7241,0,0.279936,0
64589,2101,0,5.1e-05,0
51841,35518,0,0.119022,0
128839,5642,0,0.255176,0
92432,39475,0,0.959132,1
16580,39057,0,0.684045,1
13057,10424,0,0.000372,0
25818,17224,0,0.461102,0
79394,43087,0,0.324432,0
60755,24964,0,0.321975,0
123134,47672,0,0.000443,0
160780,18432,0,0.267698,0
20452,38236,0,0.421951,0
73514,11926,0,0.290234,0
180622,260,0,0.332132,0
17034,10957,0,0.860303,1
3294,13085,0,0.140986,0
201585,40501,0,0.000177,0
147226,20824,0,0.233963,0
194628,5932,0,0.000259,0
188184,49215,0,0.000178,0
76886,31506,0,0.11804,0
59545,47734,0,0.112237,0
8162,40377,0,0.087141,0
74804,17299,0,0.016204,0
71257,21050,0,0.235911,0
104692,33768,0,0.121639,0
142476,21709,0,0.925379,1
163569,39558,0,0.594217,1
70561,5077,0,0.274603,0
108286,27288,0,0.203306,0
144702,8494,0,0.000531,0
52870,36070,1,0.173847,0
204613,30489,0,0.030645,0
204390,28204,0,0.250603,0
137318,32467,0,0.673696,1
138845,20448,0,0.433963,0
41959,38164,0,0.000594,0
6268,48642,0,0.027311,0
175728,30489,0,0.000274,0
187763,196,0,0.934464,1
143555,39469,0,4.3e-05,0
82007,23848,0,0.794054,1
160342,47962,0,0.144095,0
197404,35951,0,0.180387,0
111495,44325,0,0.073948,0
2895,4920,0,0.597441,1
4442,16185,0,0.000487,0
5296,17284,0,4.9e-05,0
781,33065,0,0.182143,0
148809,24759,0,0.19834,0
13449,41748,0,0.023788,0
28924,32134,0,0.756579,1
178430,19048,0,0.549614,1
59545,13431,0,0.113148,0
126397,37119,0,0.000348,0
173707,46692,0,0.392775,0
138164,18127,1,0.325293,0
57097,33198,0,0.00028,0
144965,9739,0,0.000326,0
162046,46510,0,0.000698,0
16191,4799,0,0.1114,0
142904,45116,0,0.553632,1
37174,17866,0,0.032385,0
171861,12290,0,0.662772,1
137669,9531,0,0.603069,1
111281,39561,0,0.525393,1
97975,20114,0,0.064145,0
127006,30461,0,0.01989,0
65188,4605,0,0.905948,1
155725,38456,0,0.288194,0
104692,42071,0,0.003969,0
92124,35108,0,0.523358,1
105724,4565,0,0.000304,0
34994,34816,0,0.005925,0
55281,16823,0,0.312872,0
144846,26994,0,3.4e-05,0
114215,4966,0,0.000147,0
37531,35547,0,0.291818,0
104638,39787,0,0.178117,0
77598,260,0,0.000624,0
92401,16616,0,0.091488,0
153850,37766,0,0.068251,0
198099,34134,0,0.244236,0
30692,6859,0,0.085891,0
121311,16759,0,0.397549,0
124534,27104,0,0.000225,0
66925,5251,0,0.326932,0
112416,31090,0,0.021511,0
4527,23165,0,0.00034,0
33042,21769,0,0.580432,1
103831,27243,0,0.000215,0
197196,46167,0,0.126737,0
140656,29307,0,0.708048,1
50779,9871,0,0.436762,0
177691,6573,0,0.023842,0
124464,5097,0,0.410267,0
13960,10492,0,0.223619,0
51797,22760,0,0.000567,0
188933,20883,0,0.000454,0
67755,18370,0,0.845714,1
127124,40470,0,0.050381,0
108482,19982,0,0.000346,0
147301,8277,0,0.713071,1
135394,24852,0,0.000829,0
203851,36082,0,0.502383,1
147482,23892,0,0.000616,0
150225,3840,0,4.9e-05,0
46345,24964,0,0.529529,1
92960,33915,0,0.417036,0
50000,32463,1,0.308765,0
135167,33493,0,0.091465,0
105788,33731,0,0.798217,1
52814,6046,0,0.400885,0
127202,37687,0,0.245701,0
66072,34126,0,0.000674,0
24157,23888,0,0.000128,0
200529,1313,0,0.000554,0
176752,28515,0,0.000437,0
107338,41771,0,0.000582,0
41525,11513,0,0.000268,0
159269,8277,0,0.662457,1
165330,11532,0,0.690713,1
30172,40709,0,0.420707,0
66808,19268,0,0.000516,0
85791,13988,0,0.000768,0
180437,40852,0,0.023899,0
132310,15280,0,0.00011,0
196952,46979,0,0.222666,0
29450,39462,0,0.111237,0
151429,6615,0,0.078201,0
5263,27695,0,0.801444,1
196163,26292,0,0.001387,0
83934,28278,0,0.023295,0
165173,24082,0,0.58702,1
78927,44910,1,0.476645,0
31590,42888,0,0.000452,0
197880,42617,1,0.079092,0
91467,21405,0,0.37751,0
93885,34590,0,0.331295,0
191706,19570,0,0.317524,0
117575,38313,0,0.80697,1
95013,29487,0,0.000811,0
139923,3399,0,8.5e-05,0
19528,38374,0,4e-05,0
92749,6046,1,0.971385,1
64624,42585,0,0.118666,0
2659,48395,0,0.000531,0
51984,45906,0,0.454175,0
142084,47734,1,0.510839,1
127540,22935,0,0.76097,1
3990,16823,0,0.09064,0
150340,23313,0,0.383461,0
275,2452,0,0.000388,0
163156,35887,0,0.000266,0
84995,39174,0,0.000343,0
150983,1787,0,0.063248,0
40131,47977,1,0.736995,1
30348,27801,0,0.315997,0
52203,5884,0,0.050454,0
129716,18441,0,0.13996,0
46508,36736,0,3.3e-05,0
41231,30489,0,0.024322,0
114098,40063,0,0.240683,0
51121,36766,1,0.966934,1
131478,35269,0,0.102669,0
89607,45633,0,0.41565,0
41501,42585,0,0.000569,0
52975,31553,0,0.231455,0
49120,9871,0,0.000775,0
125123,17630,0,0.044058,0
95477,42974,0,0.165123,0
189951,2078,0,0.773214,1
130304,33527,0,0.607311,1
178738,40310,0,0.000153,0
1206,45066,0,0.873896,1
116855,46131,0,0.162813,0
122239,7622,0,0.000511,0
198885,22000,0,0.011173,0
169064,8017,0,0.075908,0
67689,17002,0,6.9e-05,0
105879,16830,0,0.000217,0
191972,49683,0,0.253301,0
72973,39928,0,0.183734,0
142756,2326,0,0.047933,0
64047,9608,0,0.02732,0
119273,12341,0,0.545278,1
65617,38383,0,0.722,1
95714,38051,0,0.071799,0
32052,14678,0,0.000357,0
124341,3919,0,0.055744,0
36030,46667,0,0.000247,0
70213,3868,0,0.000255,0
119697,25903,0,0.076684,0
193406,21137,1,0.927849,1
65253,633,0,0.000607,0
5870,5876,0,0.370101,0
41142,27093,1,0.302303,0
100830,31717,0,0.000286,0
192731,45633,0,0.42878,0
24290,34126,1,0.958467,1
157916,29327,0,0.195894,0
100854,24852,0,0.000627,0
174583,10460,0,0.448444,0
184028,28185,0,0.006641,0
165212,10673,0,0.039133,0
91691,13176,0,0.454745,0
131273,39636,0,0.229197,0
136782,21459,0,0.072938,0
79850,10246,0,0.000247,0
64223,7781,0,0.367672,0
120440,32099,0,0.409858,0
119322,48628,0,0.47893,0
22316,45198,0,0.188154,0
102632,25330,0,0.000425,0
25151,39275,0,0.171038,0
106229,26800,0,0.366619,0
69324,22959,0,0.921214,1
97345,43662,0,0.000169,0
42124,14780,0,0.344187,0
102622,14580,0,0.06648,0
143989,9366,0,0.000446,0
11137,42625,0,0.213819,0
84515,14161,0,0.000667,0
165684,4137,0,0.540227,1
41728,27959,0,0.728146,1
129806,26604,0,0.580296,1
27952,46616,0,7.6e-05,0
138774,19003,0,0.000471,0
101674,47792,1,0.627943,1
200437,36332,0,0.044911,0
204152,25197,0,0.000294,0
103552,26604,0,0.361476,0
59321,31585,0,0.476278,0
21016,13885,0,0.59604,1
3593,26629,0,0.027081,0
189034,47042,0,0.023687,0
5848,8193,0,0.000251,0
3990,41950,0,0.3113,0
121824,40706,0,0.5546,1
153778,35217,0,0.141875,0
40425,38903,0,2.2e-05,0
18511,13170,0,0.0003,0
14332,21137,0,0.78113,1
45061,48057,0,0.000488,0
199167,11798,0,0.000395,0
140340,49325,0,0.39929,0
59364,32338,0,0.000257,0
156301,3376,0,0.00034,0
149560,11182,0,0.000362,0
198259,21903,1,0.959535,1
190075,4541,0,0.002645,0
44463,41400,0,0.593335,1
17112,18594,0,0.394848,0
59354,8053,0,0.229682,0
34393,43967,0,0.000403,0
54607,7088,0,0.163645,0
94123,21903,1,0.837114,1
47862,24181,0,0.201491,0
147181,45083,0,0.126864,0
145147,31066,0,0.097626,0
29046,25659,0,0.333551,0
54523,15660,0,0.000291,0
9726,17429,0,0.00045,0
79235,10749,0,0.144835,0
106797,24810,0,0.487204,0
112057,49247,0,0.372804,0
58146,41290,1,0.992303,1
79417,48679,0,0.000686,0
20583,19453,0,0.000442,0
189771,27440,0,0.000815,0
190513,21137,0,0.395098,0
191717,47144,0,0.80096,1
73318,41970,0,0.891163,1
145536,27845,1,0.501982,1
86054,41950,0,0.54685,1
200427,47418,0,2.5e-05,0
150720,40706,1,0.406908,0
26830,47209,0,0.00041,0
89388,30352,0,0.000211,0
180074,32390,0,0.000157,0
139464,26604,0,0.000274,0
46752,35221,0,0.349175,0
168396,13198,0,0.735938,1
22053,23765,0,0.000314,0
102018,34448,0,0.000301,0
5471,3339,0,0.649451,1
195169,30994,0,0.248905,0
204920,1076,0,0.000317,0
37690,5876,0,0.576848,1
59107,17902,0,0.000247,0
95888,33043,0,0.147762,0
155613,6348,1,0.893772,1
16175,14992,0,0.155215,0
24197,275,0,0.020764,0
95630,16641,0,0.061322,0
63448,46572,0,0.352898,0
48539,30720,0,0.224061,0
55708,24561,0,0.000504,0
197169,31066,0,0.000307,0
168374,41844,0,0.489467,0
53628,38596,0,0.054847,0
15626,22058,0,0.007334,0
21247,30489,1,0.919912,1
66173,26017,0,3.6e-05,0
159573,204,0,0.278568,0
54627,25642,0,0.076307,0
107418,30463,0,0.087543,0
106819,43768,0,0.000449,0
13310,33956,0,0.654005,1
127584,44193,0,0.000171,0
26225,10343,0,0.252584,0
151994,22015,0,3.8e-05,0
81126,43867,0,0.16061,0
112426,47626,1,0.961185,1
155582,823,0,0.207134,0
170086,32864,0,0.381569,0
160579,34448,0,0.530304,1
52212,48745,0,0.000423,0
32479,4824,0,0.000215,0
200792,21783,0,0.138273,0
131525,48697,1,0.052289,0
108985,14992,0,0.662852,1
15229,38596,0,6.5e-05,0
158142,5449,0,0.82231,1
148159,40604,0,0.000712,0
65300,42536,0,0.443952,0
68439,42134,0,0.0057,0
116961,25931,1,0.884745,1
142394,20277,0,0.037574,0
118811,37250,1,0.942944,1
37610,24125,0,0.001009,0
165330,31717,0,0.512764,1
105883,42677,0,0.00016,0
139495,15200,0,0.000137,0
32540,16911,0,0.368351,0
7923,34466,0,0.100018,0
153270,41950,1,0.861326,1
79556,45011,0,0.011868,0
91159,41273,0,0.000101,0
71549,47626,0,0.000437,0
82446,11182,0,0.272674,0
98917,31388,0,0.000256,0
96441,28058,0,0.000419,0
164266,22268,0,0.178626,0
74774,1160,0,0.664093,1
151584,40691,0,0.00042,0
73425,43122,0,0.815493,1
178803,46676,0,0.000493,0
107581,43961,0,0.000668,0
12011,18232,0,0.000351,0
29775,26209,0,0.021721,0
60011,24852,0,0.000298,0
75001,20995,0,0.103535,0
82392,44303,0,0.094964,0
136957,31528,0,0.294107,0
55825,14147,0,0.000247,0
46303,5019,0,0.000127,0
76758,24759,0,0.073924,0
44461,44122,0,0.932836,1
60661,41787,0,0.957452,1
127365,43279,0,0.485476,0
194566,47781,0,0.010047,0
136708,16759,0,0.000681,0
2659,29363,0,0.000555,0
94348,16978,0,0.491287,0
46257,12499,0,0.000961,0
48913,39370,0,0.000363,0
131426,8518,0,0.001072,0
34907,44426,0,0.000173,0
51719,28785,0,0.094394,0
153224,36386,0,0.000346,0
43448,27365,0,3.2e-05,0
122736,46347,0,0.000947,0
189813,19691,0,0.271994,0
119771,21333,1,0.693653,1
15012,35976,0,0.07036,0
50143,32788,0,9.4e-05,0
115369,47626,0,0.618583,1
157437,45646,0,0.00025,0
93287,40338,0,0.332932,0
52075,28849,0,0.237058,0
36990,10333,0,0.10004,0
86377,21150,0,0.332469,0
57707,16139,0,0.549154,1
175565,14142,0,0.013864,0
102484,11755,0,0.009136,0
128601,46041,0,0.000477,0
21553,19111,0,0.535567,1
137857,38657,0,0.437941,0
46055,196,0,0.000161,0
143278,10826,0,0.000141,0
23949,9444,0,0.000219,0
91840,5863,0,0.10997,0
30527,16986,0,0.319451,0
89980,24009,0,0.000242,0
169889,25513,0,0.000675,0
78217,38164,0,0.064194,0
198343,45608,0,0.014266,0
80163,29622,0,0.185924,0
194379,43768,0,0.562677,1
41508,30165,0,0.000378,0
103490,39812,0,0.320282,0
136661,42719,0,0.000324,0
197992,10749,1,0.844697,1
74097,18987,0,0.766912,1
179420,12772,0,0.053923,0
90995,37065,0,0.000437,0
131501,10017,0,0.39961,0
139110,27392,0,0.469575,0
127202,41437,0,0.358094,0
173491,14669,0,8.2e-05,0
43393,20114,0,0.00035,0
170327,10504,0,0.172957,0
47802,23909,0,0.805562,1
95975,28199,1,0.212387,0
195678,29694,0,0.02541,0
159563,12899,0,0.296895,0
113356,10453,0,0.000153,0
120303,4932,0,0.020379,0
177764,25890,0,0.652878,1
68996,15285,0,0.727066,1
133368,19734,0,0.286655,0
15316,48775,0,0.326636,0
46623,8169,0,0.000164,0
135292,10504,0,0.146876,0
200893,13176,1,0.983683,1
132594,20887,0,0.387783,0
44676,32864,0,0.681638,1
139877,6873,0,0.036201,0
67975,6638,0,6.2e-05,0
109757,15937,0,0.040615,0
36369,7358,0,0.08031,0
168795,5696,0,3.7e-05,0
143753,14992,0,0.172477,0
135658,8113,0,0.000156,0
182406,23499,0,0.387964,0
127111,22159,0,0.141547,0
113885,39275,0,0.000308,0
70613,26165,1,0.94656,1
85303,10616,0,0.000501,0
201524,10621,0,0.308864,0
43305,6142,0,0.000231,0
119173,7014,0,0.000185,0
149525,10248,0,0.456683,0
165918,39877,0,0.509631,1
62244,27544,0,0.051446,0
194466,39877,1,0.861178,1
8334,6385,0,0.00044,0
98895,162,0,0.000265,0
192130,40397,0,0.143383,0
166530,24852,0,0.910755,1
6672,1947,0,7.9e-05,0
176919,7146,0,0.000776,0
194417,18534,1,0.838435,1
56422,47732,0,0.110289,0
163962,12381,0,8.6e-05,0
147379,35042,0,0.000884,0
153446,23622,0,0.000793,0
38826,32139,0,0.000545,0
21175,37033,0,0.02324,0
155541,3020,0,0.000126,0
55911,42110,0,0.305476,0
80108,48440,1,0.670234,1
49778,43428,0,0.385695,0
172932,48453,0,0.281478,0
28140,22180,0,0.11894,0
119867,22035,0,0.875216,1
193148,24484,0,0.008581,0
69942,43129,0,0.098429,0
183683,40706,0,0.199477,0
48408,48395,0,0.000258,0
71,37973,1,0.110832,0
110774,30489,0,0.381839,0
181210,36082,0,0.053682,0
54272,48290,0,0.483818,0
15357,25146,0,0.535079,1
142163,8695,0,0.000432,0
121990,27355,0,0.021687,0
92645,30668,0,0.03377,0
185537,19488,1,0.389628,0
3601,48205,0,0.000866,0
51295,31553,0,0.00038,0
136518,21903,0,0.000258,0
102643,13802,0,0.794692,1
26813,5652,0,0.669523,1
76374,13176,0,0.879763,1
189212,7559,0,0.000768,0
184906,311,0,0.012392,0
28470,16198,0,0.03064,0
120691,46758,0,0.000295,0
58218,46812,0,0.00019,0
119521,44359,0,0.000116,0
58271,49683,0,0.000804,0
87333,2097,0,0.110118,0
196463,27521,0,0.352235,0
61592,40571,0,0.000269,0
1834,12333,0,0.245884,0
116584,1629,0,0.044322,0
150406,9007,0,0.000671,0
114560,8174,0,0.600198,1
145844,2635,0,0.000397,0
119315,43352,0,0.000758,0
62530,24489,0,0.000282,0
114423,48679,0,0.072557,0
67632,22504,0,0.007252,0
51496,35939,0,0.420309,0
203757,36170,0,0.00037,0
94187,22825,0,0.27499,0
51172,17083,0,0.000404,0
5285,2326,0,0.469937,0
15229,27104,0,0.000101,0
203910,36316,0,0.860205,1
106443,29487,0,0.000276,0
199805,18382,0,0.000146,0
104668,5912,0,8.9e-05,0
24840,33704,1,0.356036,0
182005,29285,0,0.284313,0
178953,34745,0,0.355444,0
6895,4462,0,0.22066,0
60041,16894,0,0.092887,0
12835,28465,0,0.000212,0
160860,15398,0,0.284836,0
92258,49683,0,0.908884,1
27575,40593,0,0.071892,0
34226,5031,0,0.000357,0
190665,46620,0,0.000243,0
87438,2361,0,0.000161,0
6451,28985,0,0.000558,0
123000,41103,0,0.000139,0
66137,32734,0,0.681811,1
129795,432,0,0.000516,0
79699,6244,0,0.289386,0
195169,26488,0,0.053915,0
59635,36082,0,0.410213,0
87489,4210,0,0.000544,0
114166,30233,0,0.826081,1
47079,32951,0,0.100827,0
171982,4086,0,0.000247,0
30599,4347,0,0.000365,0
188536,12409,0,0.00036,0
40424,21386,0,0.347794,0
182406,28715,0,0.458466,0
142211,43263,0,0.763512,1
83797,44500,1,0.614493,1
200977,26620,0,0.000266,0
151763,1979,0,0.26704,0
201515,18117,0,0.324213,0
126613,44683,0,0.07971,0
149334,40925,0,0.123734,0
169284,10246,0,0.000485,0
80710,4920,0,0.217139,0
76142,32360,0,0.009974,0
14923,10314,0,7.5e-05,0
136679,23252,0,0.151516,0
154119,23165,0,0.343255,0
102494,44632,0,0.000174,0
104424,22788,0,0.000989,0
148352,19653,0,0.040976,0
170224,44825,0,0.117399,0
88201,23958,0,0.000165,0
2970,21903,0,0.00035,0
182778,32605,0,0.703715,1
42385,16185,0,0.000749,0
109017,27456,0,0.129033,0
40741,18956,0,0.110704,0
14094,19706,0,0.197879,0
96577,18670,0,0.010362,0
156517,42327,0,0.128799,0
68910,343,0,0.000443,0
47954,20520,0,0.000781,0
74300,16524,0,0.207725,0
115083,13176,1,0.945038,1
48669,23288,0,0.093516,0
109812,7228,0,0.160833,0
114225,25096,0,0.02589,0
128671,6274,0,0.000306,0
76360,47884,0,2.6e-05,0
183173,40706,0,4.8e-05,0
29344,9839,0,0.053134,0
53775,22790,0,0.25556,0
109634,32650,0,0.556741,1
34393,29660,0,0.000476,0
22893,11182,0,0.896843,1
115750,45066,0,0.000359,0
10703,21376,0,0.224579,0
60113,41351,0,0.602522,1
114841,22247,0,0.000653,0
42718,42701,0,0.000144,0
16669,9390,0,7.7e-05,0
54307,32478,1,0.840258,1
51982,28985,0,0.00049,0
16850,17706,0,0.270158,0
97975,22736,0,0.034797,0
178016,5013,0,0.425379,0
93325,2240,0,0.161369,0
2862,27966,1,0.749977,1
49130,4799,0,0.000297,0
136998,48135,0,0.000208,0
89842,49192,0,0.481492,0
179199,12845,0,0.000341,0
158870,41909,0,0.181229,0
157279,21288,0,0.597556,1
47271,33439,0,0.000116,0
184781,10473,0,0.000511,0
87331,27514,0,0.411394,0
177369,47626,0,0.602966,1
85838,43713,0,0.77008,1
29014,46820,0,9.5e-05,0
188627,14917,0,0.497531,0
193100,5322,0,0.577362,1
4512,13712,0,0.434463,0
171827,22025,0,0.771694,1
20723,19731,0,0.00015,0
108231,44014,0,0.405206,0
160321,5025,0,0.522054,1
85534,47209,0,0.000174,0
105564,10036,0,0.721001,1
80353,1185,0,0.00025,0
205747,7453,0,0.319818,0
15763,5991,0,0.000321,0
97013,5479,0,0.804105,1
43634,9623,0,0.000419,0
146347,26209,0,0.621749,1
69312,14332,0,0.173363,0
187714,8277,0,0.57814,1
102655,47734,0,0.016024,0
19889,3376,0,0.264662,0
151133,20114,0,0.445778,0
205383,28999,0,0.147072,0
25855,5114,0,0.562899,1
60764,23288,1,0.75657,1
148439,823,0,0.000947,0
95676,20358,0,6.1e-05,0
171320,2966,0,0.604687,1
52698,1559,0,9.4e-05,0
58731,34465,0,0.003929,0
105939,23744,0,0.000113,0
108702,7175,0,0.381919,0
142363,18792,0,0.000882,0
37207,2794,0,0.000232,0
186853,47189,0,0.00013,0
42520,2320,0,0.009546,0
123817,30406,0,0.000129,0
96649,28204,0,0.602631,1
96424,38108,0,0.000418,0
142943,47626,0,0.653132,1
150049,32843,0,0.000171,0
78666,264,0,0.044311,0
109709,138,0,0.007056,0
171519,34370,0,0.000524,0
112680,19272,0,0.332499,0
91355,17794,0,0.821482,1
80565,19453,0,0.000228,0
118629,21903,1,0.82282,1
144497,22920,0,0.00042,0
105566,15746,0,0.005082,0
24670,17795,0,0.738702,1
22393,10685,0,0.893863,1
194379,41348,0,0.047567,0
103806,26209,0,0.507534,1
132207,4799,0,0.403891,0
138212,13984,0,0.167413,0
837,22959,0,0.000665,0
121575,40199,0,0.103352,0
6729,16797,0,0.000989,0
148582,3459,0,0.086766,0
63236,41787,0,0.014219,0
126687,25340,0,5.5e-05,0
140742,26002,0,0.511409,1
105950,40358,0,0.062154,0
118430,42579,0,0.068073,0
184365,43271,0,0.092258,0
150992,18382,0,0.118024,0
24399,19513,0,0.10576,0
168785,24852,0,0.000867,0
60431,34551,0,0.000361,0
70871,18020,0,0.00049,0
111846,41570,0,0.000125,0
38364,45290,0,0.085059,0
41398,21174,0,0.001062,0
77973,34789,0,0.454574,0
29065,3952,0,0.00072,0
18462,12206,0,0.386983,0
107936,40002,0,0.027592,0
75259,32864,0,0.526302,1
72059,23375,0,0.312957,0
41022,49401,0,0.000369,0
141557,38770,0,0.167966,0
75140,7669,0,0.000382,0
58576,17316,0,0.000277,0
102247,30391,0,0.435813,0
41185,44987,0,0.287671,0
175151,27695,0,0.000501,0
79426,25551,0,0.00077,0
113299,43871,0,0.619425,1
112300,23537,0,0.014597,0
200821,7751,0,8.3e-05,0
115130,5782,0,0.297466,0
179870,25010,0,0.224871,0
97551,48094,0,0.304762,0
196138,32747,0,0.001274,0
30808,4472,0,0.509534,1
130543,45664,0,0.000114,0
87323,9839,0,0.000516,0
108202,28745,0,0.322013,0
124806,30406,0,0.000153,0
129634,27104,0,0.000492,0
84211,48205,0,0.000166,0
63073,24086,0,6e-05,0
153616,42736,0,0.000577,0
75175,34262,0,0.041971,0
131570,22372,1,0.12652,0
147841,4421,0,0.190018,0
16668,27966,0,0.000828,0
185005,26604,0,0.613449,1
4525,516,0,0.000507,0
186310,45066,0,0.000507,0
150420,10998,0,0.000186,0
87992,5042,0,0.165143,0
77964,15902,0,0.658367,1
155135,21417,0,0.237814,0
201586,14491,1,0.875993,1
177691,33787,0,0.603583,1
138520,47209,0,0.415121,0
18836,6016,0,0.956901,1
155589,40268,0,0.000817,0
147918,27336,0,0.000478,0
51430,21304,0,0.013107,0
172119,30549,0,0.01367,0
6334,4605,0,0.000584,0
87438,1090,0,0.00019,0
15072,36372,0,0.000145,0
36650,21951,0,0.000162,0
108346,20449,0,0.19404,0
182761,47209,0,0.348026,0
66193,25691,0,0.000743,0
30760,4618,0,2.4e-05,0
59877,21782,0,0.46686,0
34945,38291,1,0.298986,0
132976,5933,0,0.039574,0
190713,21338,0,0.006834,0
12855,10749,0,0.000811,0
111561,17123,0,0.016804,0
197496,43986,0,0.081929,0
135916,9808,0,0.000326,0
116603,14147,1,0.930135,1
26812,23322,0,0.770883,1
84805,10460,0,0.000258,0
23898,35973,0,0.077779,0
198330,44359,0,0.000217,0
26688,10337,0,0.000521,0
75770,38383,0,0.300187,0
167366,34134,0,0.016513,0
42454,39247,0,0.697069,1
43334,5646,0,0.027306,0
132163,21292,0,0.311169,0
63767,8670,0,0.455747,0
204326,37766,0,0.000239,0
134880,12397,0,0.000347,0
149966,36664,0,0.533884,1
44990,47848,0,0.225705,0
1814,21349,0,0.658231,1
14865,18465,0,0.376798,0
177942,7806,0,0.027729,0
152276,44142,0,0.285288,0
175555,38739,1,0.959436,1
36614,39275,0,0.208895,0
72712,34092,0,0.017142,0
93046,3798,0,0.927724,1
165708,13263,0,0.015878,0
165694,15622,0,0.080631,0
179181,27705,0,0.031213,0
88230,36070,0,0.257699,0
57097,8479,0,8.7e-05,0
170489,21769,0,0.000532,0
2316,13629,1,0.892638,1
186065,31506,0,0.171337,0
133592,23165,0,0.572125,1
8337,25493,0,0.301763,0
25495,27858,0,0.038221,0
94729,35866,0,0.011012,0
125847,43565,0,0.00066,0
200101,21137,0,0.000604,0
54724,40229,0,0.024624,0
10765,42719,0,0.575166,1
44955,23516,0,0.067219,0
134927,9092,0,0.000272,0
118885,30850,0,0.831061,1
64223,27323,0,0.223915,0
95455,5031,0,0.000411,0
34531,36746,0,0.014022,0
96555,5161,0,0.331626,0
199776,21137,1,0.666788,1
132971,22656,0,0.144731,0
111040,31553,0,0.000546,0
156455,23545,0,0.0005,0
58990,40706,0,0.000231,0
55509,47672,0,0.000584,0
186720,12980,0,0.415966,0
144863,13280,0,0.074321,0
71126,23849,0,0.139982,0
30634,14853,0,0.800918,1
169455,7781,0,0.000265,0
141829,28373,0,0.504419,1
55658,36005,0,0.021881,0
194451,23288,0,0.000491,0
154830,9339,0,0.00031,0
41026,13541,0,0.00706,0
105599,9550,0,0.752368,1
128530,28531,0,0.162108,0
43982,260,0,0.229889,0
206045,38456,0,0.000536,0
56866,20957,0,7.3e-05,0
97699,12079,0,0.074528,0
139355,651,0,0.848277,1
18,36861,0,0.181721,0
155794,3007,0,0.012193,0
8953,11845,0,0.000418,0
179224,14161,1,0.856221,1
205024,49191,0,0.82799,1
82545,11261,0,0.012659,0
3320,30700,0,0.328963,0
203779,44142,0,0.632371,1
194819,43705,0,0.000166,0
59588,21903,0,0.090346,0
101356,17758,0,0.064867,0
184659,2535,0,0.000301,0
143687,43122,0,0.000524,0
23198,44570,0,0.107831,0
8670,329,1,0.979034,1
109106,13113,0,0.000323,0
142332,36135,0,0.182828,0
148882,4138,0,0.022895,0
96316,26476,0,0.000634,0
200607,43086,0,0.3286,0
81529,12797,0,0.335982,0
26877,18288,0,0.628903,1
172631,42221,0,0.148662,0
29012,22035,0,0.029489,0
138480,7969,0,0.090603,0
80114,5258,0,0.001008,0
19829,48848,0,0.016609,0
42971,41127,0,2.5e-05,0
102038,8174,0,0.000222,0
168282,35951,0,0.000583,0
106903,48123,0,0.000361,0
139049,29447,0,0.000536,0
103648,32958,0,0.000597,0
72738,18531,0,0.561939,1
77365,23931,0,0.002234,0
37859,4605,0,0.000695,0
13192,12481,0,0.200084,0
48945,44170,0,0.121492,0
200254,27966,0,0.000439,0
46691,47193,0,0.053258,0
55794,41999,0,0.032043,0
34505,27845,1,0.612106,1
51533,13528,0,0.142171,0
76115,26768,0,0.164457,0
175035,47854,0,0.700479,1
148198,24852,0,0.790539,1
64941,34503,0,0.000459,0
67890,21174,0,0.000159,0
193393,29662,0,0.130102,0
27017,19382,0,0.000259,0
133919,29363,0,0.000625,0
20048,11233,0,0.472022,0
204613,26604,0,0.591205,1
72971,33401,0,0.000352,0
141756,41950,0,0.244317,0
16341,1215,0,0.000541,0
92580,13176,0,0.601147,1
143022,47792,0,0.039457,0
113299,2447,0,0.003792,0
132310,19048,0,0.000383,0
172102,17461,0,0.00081,0
40425,12898,0,0.000202,0
1021,26307,0,0.019966,0
113336,21137,1,0.592417,1
18413,13535,0,0.464952,0
160595,39428,0,0.682284,1
69821,35461,0,0.086611,0
159219,13176,0,0.797857,1
186829,15407,0,0.342572,0
11193,44632,0,0.000932,0
78785,13740,0,0.143924,0
58827,30391,0,0.327601,0
152005,24720,0,0.000112,0
155989,37158,0,0.252577,0
145333,29307,0,0.000329,0
114532,28782,0,0.000208,0
18275,2081,0,0.003347,0
138603,46676,0,0.000431,0
102568,3114,0,0.266887,0
39544,37687,0,0.108429,0
105865,44843,0,0.000546,0
57971,38527,0,0.220978,0
174434,7736,0,0.000337,0
13950,11454,0,0.530839,1
56599,47119,0,0.925299,1
113300,17485,0,0.011418,0
99767,6403,0,0.000355,0
156082,39954,0,0.000154,0
68308,19625,0,9.8e-05,0
99575,9464,0,0.000465,0
186761,47117,0,0.226245,0
119167,39984,0,0.000301,0
111618,45169,0,0.011267,0
74430,27796,0,6.5e-05,0
136015,4606,0,0.000328,0
155884,11265,0,0.000288,0
203811,12845,0,0.100026,0
130369,31805,0,0.776568,1
73227,246,0,0.030839,0
146696,24203,0,0.881327,1
141592,39491,0,0.000188,0
52410,17600,0,0.259355,0
123330,41171,0,0.000218,0
189760,15223,0,0.007063,0
153512,7631,0,0.612512,1
146540,48186,0,8.8e-05,0
60431,32035,0,0.000121,0
71106,27243,0,0.011674,0
55367,13780,0,0.000781,0
60661,41463,0,0.218704,0
7407,9387,0,0.000186,0
164237,17149,0,0.063534,0
124489,34300,0,0.284744,0
36149,16768,0,0.017736,0
192008,27966,1,0.747885,1
101777,43483,0,0.668764,1
135149,14011,0,0.000472,0
91452,15261,0,0.274948,0
94150,4366,1,0.651617,1
141007,20930,0,0.842451,1
15064,30695,0,0.327236,0
87811,890,0,0.000535,0
1887,21137,0,0.002228,0
37732,30391,0,0.84384,1
161795,43352,0,0.439533,0
1912,27475,0,0.000365,0
194135,22935,0,0.000405,0
178547,5621,0,0.019876,0
53628,18531,0,0.196017,0
4057,19982,0,0.000334,0
170062,31573,0,0.788756,1
174264,48259,0,0.000341,0
3127,5693,0,0.204271,0
87638,28204,0,0.004572,0
52008,19348,0,0.064444,0
60049,43076,0,0.000421,0
90256,45061,0,0.191415,0
17757,11390,0,0.796509,1
173207,16797,0,0.446788,0
157244,21903,1,0.92331,1
26204,36854,0,0.077879,0
80537,40332,0,0.645353,1
12574,27286,0,0.000737,0
139106,32237,0,0.108223,0
127154,18027,0,0.476051,0
50867,6025,0,8.5e-05,0
143992,7781,0,0.029529,0
2518,23291,0,0.567019,1
61597,48726,0,0.000509,0
113230,21573,0,0.000774,0
186768,10246,0,0.00071,0
74730,16864,1,0.23241,0
125138,7781,0,0.001149,0
183912,9177,1,0.210063,0
166734,29987,0,0.000739,0
169314,35163,0,0.000335,0
157894,24005,0,0.041714,0
114799,48103,0,0.000326,0
52814,33401,0,0.373835,0
159137,6115,1,0.137555,0
95908,34638,0,0.000351,0
97773,432,0,0.000477,0
136130,16415,0,0.000757,0
8567,13176,0,0.000586,0
88872,27522,0,0.000502,0
5036,13076,0,0.637325,1
199392,10912,0,0.000433,0
107000,24002,0,0.000211,0
102930,46692,0,0.000251,0
180850,36130,0,0.000278,0
79895,2295,0,0.001117,0
187026,29503,0,0.601873,1
165120,33957,0,0.120848,0
198885,4605,1,0.033316,0
201929,33245,1,0.709246,1
10009,37646,0,0.582958,1
51069,43087,0,3.3e-05,0
107494,581,0,0.000157,0
22704,12312,0,0.00026,0
87589,43961,0,9.4e-05,0
136679,46050,0,0.547619,1
92574,46962,0,0.038684,0
151259,38985,0,0.000396,0
78298,27966,0,0.000442,0
181094,206,0,0.000121,0
188318,22474,0,0.111787,0
89427,24235,0,0.345303,0
81126,26172,0,0.67028,1
118626,42556,0,0.056894,0
58919,22474,0,0.151228,0
66250,43464,0,0.000108,0
50784,26604,0,0.098611,0
144504,35750,0,0.000275,0
52220,28553,0,0.000273,0
28284,48442,0,0.00304,0
42868,21616,0,0.000327,0
14493,16973,0,0.032939,0
194188,2198,0,0.730381,1
185155,47223,0,0.051486,0
191484,40709,0,0.315617,0
3006,24221,0,0.000486,0
168866,3957,0,0.000897,0
199815,22825,1,0.826438,1
7549,38889,0,0.013942,0
81519,48119,0,0.105161,0
168874,31717,0,0.81498,1
155500,46906,0,0.000198,0
124074,49683,0,0.000793,0
34757,13176,1,0.939355,1
162856,49401,0,0.176056,0
139463,20549,0,0.074311,0
26755,46676,0,0.326014,0
140846,24852,0,0.000328,0
158066,38548,0,0.220331,0
81324,31506,0,0.345204,0
111025,41290,0,0.001054,0
78941,12620,0,0.710215,1
21537,46616,0,0.000702,0
137037,18382,0,0.04478,0
105574,47042,0,0.000134,0
11888,14540,0,0.007658,0
191210,26756,0,0.000107,0
66137,45002,0,0.033851,0
40424,26088,0,0.524835,1
32825,37158,0,0.000682,0
93153,37460,0,0.575207,1
113612,7090,0,0.406009,0
126965,21131,0,0.394094,0
28340,35600,0,0.213809,0
109946,48437,0,4.6e-05,0
9042,13708,0,0.254707,0
53762,13718,0,0.575976,1
120997,26805,0,0.807017,1
154915,15377,0,0.014071,0
173440,47209,0,0.000821,0
173868,8322,0,0.125794,0
122957,13249,0,0.597352,1
21666,11526,0,0.00019,0
115233,24964,0,0.509077,1
43334,9387,0,0.108071,0
162348,3305,0,0.000384,0
186509,15704,0,0.000767,0
84005,11777,0,0.468306,0
25801,12637,0,0.138917,0
28336,10749,0,0.001077,0
12232,37065,0,0.554035,1
119770,21572,0,0.056306,0
192218,48953,0,0.001069,0
58186,18963,0,0.00017,0
81527,8518,0,0.025057,0
205442,32041,0,0.006504,0
12587,7835,0,0.09152,0
131125,19904,0,4.1e-05,0
172744,4422,0,0.000228,0
77453,33401,0,0.000878,0
59685,27177,0,0.000392,0
57097,24629,0,2.9e-05,0
102807,24489,0,0.40145,0
89175,14467,0,0.000153,0
5386,46979,0,0.698475,1
55281,36646,0,0.226953,0
86789,47042,0,0.811516,1
200087,24390,0,0.000319,0
120342,26701,0,0.000428,0
4442,37067,0,0.000204,0
61101,30489,0,0.191819,0
59309,39162,0,0.09666,0
179053,4595,0,0.173753,0
60875,581,0,0.116485,0
43697,24093,0,0.290111,0
175654,11804,0,0.000226,0
94710,7021,0,0.597844,1
113238,9076,0,0.000487,0
157980,19508,0,0.000255,0
198372,24184,0,0.822656,1
186878,28085,0,0.00023,0
85070,29307,0,0.253536,0
12319,38293,0,8.8e-05,0
59783,34276,0,0.154796,0
188221,13380,0,0.705392,1
90668,20114,0,0.000425,0
4352,21707,0,0.00013,0
6761,83,0,0.000218,0
33919,10246,0,0.532614,1
81344,28156,0,0.887801,1
62355,18881,0,0.318222,0
104208,42710,0,0.5081,1
50531,31717,0,0.00018,0
102038,36618,0,0.000203,0
65526,30620,0,0.688531,1
155788,37549,0,0.000109,0
99788,27690,0,0.526777,1
52167,41751,0,0.0236,0
123392,34243,1,0.51389,1
162817,43772,0,0.00071,0
21679,6061,0,0.001652,0
126438,18567,0,0.050301,0
92991,9422,0,0.544249,1
40352,32246,0,0.00671,0
79285,17795,0,0.000782,0
77365,10017,0,0.456831,0
76154,23375,0,0.61871,1
85571,26124,0,0.205183,0
91942,30040,0,3.6e-05,0
34989,36550,1,0.771531,1
129824,39469,0,4.6e-05,0
7481,10106,0,0.00052,0
117161,31371,0,0.00041,0
31239,41787,0,0.000212,0
100206,32717,0,0.49486,0
179818,18761,0,0.192817,0
64658,34551,0,0.234,0
81588,22912,0,0.000295,0
145942,28918,0,0.102096,0
124578,40593,0,0.069968,0
108287,723,0,0.225749,0
134985,18449,0,0.07551,0
73947,2228,0,0.000261,0
97661,23894,0,0.000114,0
74840,18601,0,6e-06,0
74818,34565,0,0.000676,0
82749,46047,0,0.084501,0
147009,17284,0,0.572421,1
24712,46984,0,0.000354,0
63430,22935,0,0.000962,0
171690,33255,0,0.112716,0
32186,6871,0,0.014126,0
188576,27275,0,0.000187,0
64480,44987,0,0.282516,0
87274,36856,0,0.10553,0
37268,9154,0,0.492564,0
132919,12011,0,0.356476,0
28338,11090,0,0.133121,0
11716,23985,1,0.898223,1
109861,17948,0,0.108565,0
154100,40604,0,0.232083,0
166255,22849,0,0.000448,0
166060,11440,0,0.000281,0
115434,34126,0,0.00046,0
44646,6046,1,0.275044,0
80565,19660,0,0.001056,0
143954,30450,0,0.000377,0
7843,26604,0,0.000268,0
74532,44008,0,0.032361,0
19080,23576,0,0.000227,0
123620,12020,0,0.052178,0
194379,49610,1,0.825141,1
38741,31422,0,0.000217,0
34772,5825,0,5.4e-05,0
187156,29403,0,0.090997,0
152051,13646,0,0.000126,0
54294,16953,0,0.000283,0
756,20632,0,0.240167,0
61094,10110,1,0.526498,1
104902,39993,0,0.000277,0
21331,19311,0,0.851169,1
180850,20457,0,0.000249,0
119708,22959,1,0.99005,1
82545,10737,0,0.032329,0
188755,42719,0,0.313014,0
17782,18908,0,0.000489,0
158650,24372,0,0.000736,0
10786,37807,0,0.926133,1
93612,32167,0,0.000492,0
51784,43789,0,0.544356,1
106154,48119,0,0.121454,0
63318,35168,0,0.86906,1
150438,47216,0,0.000342,0
152198,32079,1,0.23321,0
160810,49605,1,0.425871,0
140766,34969,0,0.666798,1
57841,48183,0,0.000258,0
30086,27156,0,0.000321,0
73080,10492,0,3.6e-05,0
30003,39812,0,0.000138,0
71113,26800,0,0.518225,1
164507,38777,0,0.000548,0
127461,41445,0,0.021525,0
194996,26668,0,0.000262,0
161469,25584,0,0.276474,0
203492,40396,0,0.745928,1
719,21051,0,0.009749,0
48018,26882,0,0.000141,0
101604,37835,0,0.247668,0
82605,28466,1,0.072693,0
153819,15097,0,0.221061,0
13459,17122,1,0.666366,1
137387,9839,0,0.735534,1
185316,7896,0,0.228069,0
101784,25588,0,0.065589,0
135479,9477,0,0.047063,0
167359,19660,0,0.866565,1
169113,10145,0,0.000855,0
88281,14678,1,0.824355,1
803,44628,0,0.151797,0
131641,21267,0,0.384583,0
5325,21903,0,3.7e-05,0
4534,32691,0,0.282901,0
163493,13176,0,0.000758,0
91339,23537,0,0.024918,0
55236,31506,0,0.089735,0
15899,48057,0,0.000127,0
82164,12572,0,0.356962,0
155289,2735,0,0.004033,0
95332,2295,0,0.000453,0
56599,5973,0,0.411334,0
168456,48720,0,0.084863,0
58129,18370,0,0.000539,0
163221,5373,0,0.000409,0
112139,14514,0,0.000146,0
73769,49583,1,0.931879,1
83524,40199,0,0.000121,0
52819,8744,0,0.090121,0
110102,48118,0,0.00018,0
52327,40261,0,0.04324,0
56718,26698,0,0.884346,1
65617,27156,0,0.697177,1
153789,36724,0,0.327507,0
17448,30450,0,0.000529,0
76685,35124,0,0.000373,0
73427,3952,0,0.000525,0
200536,47226,0,0.338583,0
87983,33894,0,0.576898,1
78079,39619,0,0.041125,0
132856,7500,0,0.065117,0
54991,16361,0,0.007639,0
196445,13444,0,0.000627,0
73680,13517,0,0.589008,1
153935,19677,0,0.903034,1
74589,18479,0,0.000282,0
60040,47890,0,0.00011,0
63119,3607,0,0.095303,0
27348,20520,0,0.397573,0
87479,44422,0,0.35466,0
130296,46724,0,0.020059,0
70212,27413,0,0.05525,0
32953,48357,0,7.2e-05,0
7209,13176,1,0.971461,1
148162,49520,0,0.014638,0
157524,41198,0,0.384808,0
74908,46294,0,0.113487,0
35492,44142,0,0.000456,0
174868,46796,0,0.009257,0
80236,21616,1,0.513131,1
66497,46294,0,0.031628,0
63656,40706,0,0.000328,0
169608,35213,0,3.8e-05,0
201213,2481,0,0.586374,1
30261,26047,0,0.000275,0
126319,19482,0,0.201956,0
959,8012,0,0.00071,0
175407,14364,0,0.596329,1
155286,43904,0,0.000486,0
121867,17704,0,0.000296,0
86148,8803,0,0.737933,1
123870,31698,0,0.00028,0
161557,26790,0,0.000613,0
151893,40587,0,0.199938,0
2100,29363,0,3.2e-05,0
38588,40545,0,0.065892,0
169534,47766,0,0.001238,0
168938,12276,0,0.000118,0
25604,35951,0,0.000545,0
43983,11520,1,0.893975,1
199298,25466,1,0.790482,1
156882,4656,0,0.00032,0
78670,17931,0,0.181791,0
84147,8903,1,0.346495,0
31880,34706,0,0.000298,0
135653,12395,0,0.004891,0
54597,5212,0,7.8e-05,0
93808,36180,0,0.000446,0
83473,49417,0,0.00016,0
94653,18609,0,0.090001,0
134726,44413,1,0.32424,0
144434,18090,0,0.044206,0
88860,7076,0,0.14316,0
37871,20021,0,0.077227,0
51452,44912,0,6.7e-05,0
67259,29627,0,0.406188,0
2850,49131,0,0.289514,0
65456,45763,0,0.00048,0
73182,43760,0,0.814622,1
171175,18531,0,0.438757,0
158758,44566,0,0.340482,0
169131,44142,0,0.000423,0
203181,5699,0,0.301962,0
88810,22959,0,0.433348,0
146710,13176,1,0.937913,1
47305,11869,1,0.853831,1
111439,14947,0,0.000574,0
146575,24852,0,0.881683,1
177934,31640,0,0.70401,1
44392,30664,0,0.253833,0
61838,26701,0,0.236349,0
111815,21847,0,0.000247,0
188575,5450,0,0.972593,1
13081,37029,0,0.000463,0
201975,23540,0,0.000374,0
59107,45681,0,0.000107,0
132872,7371,0,7.9e-05,0
131911,22963,0,0.000328,0
30655,26394,0,0.000356,0
22666,13914,0,0.856733,1
58125,2596,0,0.412453,0
139456,43662,0,0.852016,1
47801,23734,0,0.000436,0
198488,17957,0,0.000275,0
79945,32455,0,0.000333,0
186111,29327,0,0.20284,0
151334,2275,0,0.000112,0
47727,29176,0,0.411982,0
194011,5460,0,0.000315,0
66973,46022,0,0.162963,0
18097,25689,0,0.000284,0
190267,18072,0,4.1e-05,0
96441,49383,0,0.000249,0
89699,21225,0,0.000204,0
23199,33364,0,0.006103,0
188390,48702,0,0.000163,0
167404,39636,0,0.067257,0
204215,760,0,0.447484,0
176216,10504,0,0.000953,0
68405,6201,0,0.38298,0
41653,13976,0,0.153429,0
174084,41950,0,0.409042,0
146881,25154,0,0.346848,0
113698,30962,0,0.288612,0
62244,34969,0,0.175041,0
159573,8021,0,0.606027,1
185464,44142,0,0.541387,1
190692,877,0,0.000187,0
90719,12341,0,0.000303,0
75590,47672,0,0.564753,1
167613,581,0,0.11327,0
163202,9387,0,0.000485,0
197184,36307,0,0.060536,0
10525,39922,0,0.104436,0
89409,11414,0,0.116707,0
183569,14084,0,0.001388,0
35,43789,0,0.000963,0
195401,4799,0,0.906942,1
22169,24852,0,0.000501,0
63428,40261,0,0.112567,0
204757,29095,0,0.00042,0
37402,6975,0,0.000508,0
4850,17835,0,0.00042,0
194558,24382,0,0.106174,0
172968,13536,0,0.000491,0
92991,41220,0,0.17465,0
80988,39928,0,0.015522,0
127786,28466,0,0.000112,0
131634,19310,0,4.2e-05,0
29429,31683,1,0.923218,1
181094,19765,0,5.3e-05,0
6726,23291,0,0.252071,0
179437,8467,0,0.000614,0
160010,21621,0,0.177243,0
38501,30021,0,0.035879,0
67722,19006,0,0.616624,1
92873,4186,0,0.05951,0
157339,27966,0,0.083722,0
45930,47136,0,1.4e-05,0
190887,40427,0,0.010109,0
167366,49026,0,0.494818,0
60778,25588,0,0.026269,0
12184,33957,0,0.006924,0
138298,3740,0,0.000189,0
113453,18272,0,0.401329,0
143491,42736,0,0.180976,0
179711,26348,0,0.080022,0
125694,14126,0,0.09505,0
143707,38772,0,0.000707,0
37252,6402,0,0.054391,0
107217,41623,1,0.526791,1
162665,4600,0,0.656694,1
132872,26635,0,3.7e-05,0
176131,17454,0,0.812519,1
168064,25439,0,0.033442,0
30380,17248,0,0.00043,0
148505,19653,0,0.160494,0
41126,18159,0,0.000159,0
52721,29344,0,0.502808,1
165372,11182,0,0.085535,0
97105,38400,0,0.111112,0
56269,30489,0,0.026772,0
106865,4163,0,0.000117,0
94374,9290,0,0.000399,0
87878,12209,0,0.627084,1
62517,11282,0,0.070498,0
187945,10112,0,0.021372,0
195596,29441,0,0.414877,0
168943,46906,0,0.880357,1
82768,30918,0,0.00032,0
45008,49383,0,0.016581,0
55160,39911,0,0.00042,0
102494,27683,0,0.000159,0
144763,12078,0,0.443498,0
125143,32453,0,0.038256,0
86865,47962,0,0.140296,0
91543,38919,0,0.000363,0
161737,29826,0,0.000921,0
126671,36923,1,0.502856,1
89586,40216,0,0.409018,0
81762,15937,0,0.000647,0
185142,7952,0,0.406121,0
3534,46062,0,0.043581,0
90520,45106,0,0.000743,0
96623,34969,0,0.00029,0
68081,9544,0,0.000225,0
32860,47766,0,0.325455,0
31394,37999,0,0.651542,1
174205,38293,0,0.000274,0
122377,39558,0,0.000214,0
128659,6522,0,0.000586,0
72124,16797,0,0.344787,0
49317,19677,1,0.746179,1
154771,2228,0,0.160706,0
39896,13641,0,0.000221,0
88358,898,0,0.000174,0
7489,16096,0,0.51741,1
135653,5991,0,0.031258,0
89387,43221,0,0.000288,0
25183,3473,0,0.061139,0
157847,8277,0,0.804361,1
114883,7628,0,0.027448,0
181333,196,0,0.799992,1
64470,13838,0,0.000336,0
110413,30391,0,0.000601,0
162988,43789,0,0.374057,0
95063,12060,0,9e-05,0
204813,18531,0,0.322516,0
38756,33198,0,0.015986,0
193627,21903,0,0.907427,1
130070,6291,0,0.248272,0
19528,30720,0,2.7e-05,0
32066,49683,0,0.000408,0
159563,48667,0,0.79324,1
85773,20549,0,0.088432,0
147435,26209,0,0.35117,0
143911,14143,0,0.48008,0
23808,43165,1,0.775029,1
121860,8900,0,0.041171,0
128614,21198,0,0.349323,0
147374,22935,0,0.078229,0
169950,16797,0,0.00013,0
204799,21137,0,0.743554,1
26994,23296,0,0.000783,0
69058,45645,0,0.000179,0
170335,31264,1,0.9178,1
137857,24852,0,0.810668,1
135188,22825,0,0.168993,0
154442,38223,0,0.033258,0
7039,33198,0,0.00013,0
99598,31371,0,0.000267,0
177166,18200,0,0.362124,0
202166,15846,0,0.087577,0
79349,34358,0,0.629395,1
162744,18409,0,0.001529,0
115374,83,0,0.0421,0
64055,24382,0,0.000136,0
114582,19991,0,0.035559,0
13939,27845,0,0.00052,0
89383,21195,0,7.9e-05,0
94648,33220,0,0.236132,0
158400,9480,0,0.105672,0
113571,1958,0,0.000214,0
85908,45535,0,5.7e-05,0
22294,16145,0,0.039376,0
168300,8380,0,0.001093,0
202919,18202,0,0.077954,0
51295,6532,0,0.000369,0
129198,276,0,0.023155,0
72683,49576,0,8.5e-05,0
171352,44632,1,0.98719,1
93821,44667,0,0.000128,0
80639,17872,0,0.948158,1
31939,34969,0,0.000278,0
80494,46642,0,0.00036,0
113241,25608,0,0.041492,0
86761,6287,0,0.509853,1
21889,17985,0,0.001313,0
119155,21903,0,0.802464,1
155042,39947,0,2.4e-05,0
144023,33000,0,0.052546,0
845,31040,1,0.67199,1
178033,18625,0,0.000309,0
7665,10831,0,0.007176,0
31716,47145,0,0.117413,0
13378,48790,0,0.00024,0
47949,24221,0,0.342569,0
127124,23405,0,0.118972,0
74818,46906,0,0.000446,0
82013,26165,0,0.000326,0
4820,43986,0,0.000262,0
178775,12614,0,0.663828,1
111997,14875,1,0.335879,0
117975,48140,0,0.000217,0
67263,14536,1,0.015008,0
177063,1117,1,0.511919,1
155596,14432,0,0.000104,0
113067,24093,0,0.304915,0
113871,41351,0,0.132034,0
22767,329,0,0.842299,1
28460,29439,0,0.081069,0
175809,9007,0,0.746534,1
9615,30062,0,0.286682,0
57027,16797,0,0.009352,0
78934,9634,0,0.312767,0
171877,24382,0,0.074755,0
184881,40604,0,0.096239,0
204206,38248,0,0.000127,0
143789,26604,0,0.096291,0
53775,9387,0,0.464333,0
102494,4957,0,0.000103,0
41094,29095,0,0.000526,0
57177,13431,0,0.157339,0
119705,41844,1,0.171393,0
79606,4163,0,0.621808,1
145086,27613,0,0.074605,0
56795,44518,0,0.196612,0
70797,41637,0,0.000175,0
148055,44628,0,0.106047,0
182587,36287,0,0.453214,0
151016,14385,0,0.000354,0
27414,1104,0,0.059344,0
117380,12144,0,9.1e-05,0
52721,46979,1,0.575043,1
169906,21083,1,0.69564,1
109858,46222,0,0.000195,0
139770,23165,0,0.017036,0
178765,19261,0,0.727058,1
140079,42625,0,0.13369,0
102655,35939,0,0.452524,0
116314,35042,0,0.000123,0
203318,15455,0,0.000153,0
179581,49355,0,0.488616,0
63038,16518,0,0.322659,0
153721,46514,1,0.557359,1
49348,41072,0,0.00036,0
6427,37385,0,0.000745,0
190713,37358,0,0.007087,0
9699,44969,0,0.000146,0
197007,35147,0,0.024124,0
72814,21900,0,4.7e-05,0
8954,19691,0,0.000287,0
53259,4421,0,0.103928,0
38057,17461,0,0.133499,0
89152,19167,0,0.019412,0
108702,21137,0,0.54252,1
571,42342,0,0.716766,1
53925,40396,0,0.000692,0
151994,10193,0,5.8e-05,0
182406,30788,0,0.68437,1
58410,35894,0,0.000159,0
148213,35247,0,0.000568,0
35385,19389,0,0.00056,0
29261,9076,0,0.098778,0
61772,43014,0,0.725436,1
125039,44142,0,0.000683,0
176769,19051,0,0.174619,0
109979,24933,0,0.086879,0
33741,35973,0,0.000163,0
95986,7606,0,0.000378,0
8596,34197,0,0.007805,0
18838,4853,0,0.876732,1
153973,1559,0,0.117712,0
117945,45356,0,0.474505,0
99400,14852,0,0.000227,0
76678,2314,0,0.040298,0
112176,5876,0,0.000472,0
24465,22627,0,0.044045,0
188575,22332,0,0.351852,0
67632,41118,0,0.522167,1
162937,40880,0,0.042434,0
167653,28420,0,0.329315,0
202217,8193,0,0.79194,1
188510,16752,0,0.231525,0
74157,32691,0,0.00068,0
147575,34448,0,0.00048,0
156145,27355,0,0.000108,0
176791,3072,0,6.4e-05,0
158072,10235,0,0.378487,0
135188,397,0,0.004001,0
26727,26638,0,0.097323,0
164491,41276,0,0.437306,0
71677,27966,0,0.000688,0
79995,40706,0,0.000239,0
1982,4605,1,0.441472,0
103748,20827,0,0.080488,0
10863,32566,0,0.000619,0
134421,9076,0,0.000133,0
79555,45646,0,0.339057,0
71028,16561,0,0.509486,1
40781,36315,0,0.000506,0
164186,35530,0,0.217673,0
122059,4086,0,0.000365,0
161488,1540,0,0.000145,0
162657,2452,0,0.000106,0
95387,21724,0,0.081854,0
195416,49110,0,0.00014,0
30804,46516,0,0.356249,0
112281,42585,0,0.052235,0
138584,19424,0,0.000361,0
151986,38456,0,0.279758,0
127111,42735,0,0.132429,0
162039,44219,0,0.040925,0
146904,28842,0,0.781441,1
77968,23165,0,0.000114,0
75202,4957,0,0.000437,0
91905,27344,0,0.00038,0
18307,17791,0,0.000192,0
151925,39877,0,0.000329,0
47733,38293,0,0.30264,0
197924,37449,1,0.847457,1
52498,17122,1,0.635742,1
34087,26104,0,0.461715,0
115020,21174,0,0.683972,1
77503,9409,0,0.043883,0
26250,26384,0,0.440929,0
95982,42585,0,0.3591,0
9469,18531,0,0.953008,1
36422,7559,0,0.338978,0
196157,38777,0,0.000221,0
21705,29346,0,0.181425,0
181210,23165,0,0.120374,0
75578,22312,0,0.00016,0
201545,46260,0,0.000393,0
59471,5322,0,0.182383,0
97973,24964,0,0.420796,0
49574,19057,0,0.022038,0
168843,36793,0,0.009539,0
102015,26859,0,0.000232,0
112402,46022,0,0.000301,0
62523,3798,1,0.757706,1
64131,42265,0,0.472941,0
174256,25157,0,0.043766,0
7398,48246,0,0.137469,0
85038,43662,0,0.916389,1
124400,36437,0,0.028186,0
53694,21150,0,0.760081,1
149008,47766,0,0.361507,0
82573,4920,0,0.791378,1
99346,18309,0,4.4e-05,0
132294,39581,0,0.603584,1
171002,32251,0,0.316686,0
84146,21405,0,0.000314,0
146654,8153,0,0.553784,1
94437,4546,0,0.001321,0
178284,34635,0,0.055941,0
8367,20495,0,0.00013,0
62074,1398,0,0.000106,0
129470,43607,0,9.6e-05,0
143768,1025,0,0.020711,0
83568,24964,0,0.127095,0
80468,2228,0,0.000365,0
183842,1747,0,0.000528,0
77943,2002,1,0.559147,1
37266,5086,0,0.527963,1
89541,12554,0,9.8e-05,0
36374,17584,0,9.1e-05,0
69173,49383,0,5.6e-05,0
76179,25005,0,0.293805,0
123256,17579,1,0.971229,1
145503,14036,0,0.803051,1
83284,33000,0,0.609783,1
148671,47209,1,0.652885,1
31970,38275,0,0.210988,0
4129,581,1,0.979868,1
74682,49565,0,0.000297,0
141321,21019,0,0.001167,0
168108,40229,0,0.354943,0
175982,45007,0,0.000184,0
203392,14144,0,0.151547,0
141952,11265,0,0.352812,0
2734,48706,0,0.00011,0
134177,44359,0,1.6e-05,0
99845,5120,0,0.000371,0
185475,30135,0,0.000216,0
23023,27966,0,5.2e-05,0
34757,2855,1,0.427111,0
77403,46229,0,8.8e-05,0
145618,27985,0,0.568625,1
35228,22142,0,0.01733,0
193987,26606,0,0.000296,0
63912,27959,0,0.626067,1
118177,34446,0,0.079969,0
41900,41751,0,0.000274,0
170034,38135,0,0.000661,0
156257,33352,0,0.190284,0
101032,44683,0,0.449505,0
153702,33028,0,5.7e-05,0
12230,21903,0,0.80606,1
173512,40723,0,0.000223,0
61499,33722,0,0.230286,0
136473,8424,0,0.706556,1
161563,47209,0,0.000762,0
127255,40063,0,0.000584,0
56659,32139,0,0.000337,0
28767,39430,0,0.659673,1
6668,43086,0,0.235365,0
93293,6948,0,0.000319,0
90652,26128,0,0.053083,0
125319,16521,0,0.000373,0
106016,8079,0,0.545213,1
50264,20468,0,0.035063,0
33345,812,0,0.178754,0
24179,46906,0,0.056229,0
143962,30901,0,0.000116,0
146218,43713,0,0.188216,0
163745,20255,0,0.00019,0
827,4792,0,0.00027,0
22386,23029,0,0.000283,0
171175,15965,0,0.187555,0
164408,23405,0,0.000217,0
127746,16616,0,0.000332,0
194326,21775,0,4e-05,0
97852,3899,0,0.000153,0
188930,5258,0,0.164312,0
188810,10246,0,0.052519,0
64342,48492,0,0.779309,1
177305,8736,1,0.911471,1
185896,45066,0,0.449817,0
7474,23375,0,0.086494,0
68651,44683,0,0.000676,0
150293,29265,0,0.085116,0
13314,10308,0,0.024901,0
54599,2966,1,0.424115,0
91924,37576,0,0.000228,0
85125,13166,0,0.004374,0
59031,11456,0,0.847754,1
167994,10819,0,0.22526,0
90414,30406,0,0.171563,0
71056,37825,0,0.000146,0
154973,9065,0,0.000535,0
182333,16797,0,0.95409,1
68339,32163,0,0.740799,1
128777,39041,1,0.344476,0
193616,14867,0,0.174996,0
80995,41534,0,0.25269,0
163624,7173,0,0.244192,0
118134,26790,0,0.000109,0
59447,31506,0,0.107973,0
102366,38693,0,0.244979,0
175535,25670,0,0.000508,0
174422,35973,0,5e-05,0
174063,25659,0,0.190871,0
35269,24497,0,0.191648,0
175168,44987,0,0.000211,0
155827,46166,0,0.003825,0
79438,30064,0,0.000382,0
46372,34448,0,0.00035,0
60824,40268,0,0.285406,0
68293,16987,0,0.142465,0
152177,37453,0,0.000803,0
137930,6519,0,6e-05,0
38482,12686,0,0.343494,0
177706,5275,0,0.315608,0
119638,27801,0,0.250926,0
120713,8409,0,1.7e-05,0
50867,5077,0,0.000605,0
156718,33796,0,0.301579,0
75897,41055,0,3.5e-05,0
200463,46479,0,0.000721,0
62108,49120,0,0.000287,0
50183,42565,0,0.000813,0
105789,14148,0,0.03204,0
181528,15392,0,0.187502,0
171043,33682,0,0.000316,0
133021,44371,0,0.483806,0
55139,27715,0,0.001091,0
95991,5621,0,0.009352,0
28603,38490,0,0.000427,0
3473,17207,0,0.876341,1
26218,41665,0,0.372684,0
97074,19863,0,0.757216,1
174459,48812,1,0.077009,0
96267,5818,0,0.452764,0
149383,14553,0,0.19529,0
100330,7179,0,0.009936,0
86481,41400,0,0.000141,0
200281,32475,0,0.249201,0
116558,46842,0,0.07579,0
178607,13249,0,0.64621,1
22983,27451,0,0.010522,0
79002,9203,0,0.225881,0
42971,35286,0,3.9e-05,0
2934,12916,0,0.000192,0
21311,46359,0,0.012755,0
151334,1969,0,8e-05,0
68450,48204,0,0.322585,0
205877,38444,0,9.4e-05,0
187771,40723,0,0.030982,0
104433,18747,0,0.000243,0
30722,46049,0,0.000385,0
50604,38871,0,7.6e-05,0
90166,43352,0,0.940233,1
64246,28985,0,0.000671,0
124802,27429,1,0.929186,1
8717,19766,0,0.463327,0
4776,27960,0,0.000886,0
133426,46782,0,7.3e-05,0
143122,14129,0,0.22366,0
87419,31717,0,0.000542,0
43742,24852,0,0.000727,0
189528,30220,0,0.748081,1
111405,8091,0,0.000177,0
148237,44987,0,0.000217,0
91957,4605,1,0.169709,0
80364,9687,0,0.739659,1
186727,26283,0,0.000793,0
29908,46666,0,0.014139,0
65460,38996,0,0.158668,0
118942,38248,0,0.000457,0
202252,19048,0,0.236764,0
128529,24964,0,0.000758,0
193700,48364,1,0.250078,0
28307,48808,0,0.000347,0
75175,22935,0,0.372149,0
63208,25513,0,0.000526,0
132803,11757,0,0.000383,0
77587,11865,0,0.216444,0
167060,23569,0,0.000173,0
87178,13610,0,0.157173,0
136158,36070,0,0.554187,1
22662,11182,0,0.079078,0
47436,27104,0,0.616026,1
162734,28993,0,0.000577,0
38820,24838,0,0.000469,0
117009,16589,0,0.000153,0
164262,30252,0,0.000357,0
127124,23180,0,0.016671,0
134074,46522,0,0.687934,1
156650,47940,0,0.796727,1
171557,44739,0,2.3e-05,0
737,18855,0,0.238439,0
136192,11494,0,0.001273,0
126993,29898,0,0.0304,0
55902,4853,0,0.769118,1
148632,11511,0,0.463009,0
34873,22227,0,0.003395,0
53057,26124,0,0.000135,0
85773,25802,0,0.012559,0
112,6656,0,0.059896,0
126337,19678,0,0.347676,0
191210,40199,0,0.000154,0
55445,45161,0,5.7e-05,0
166738,36550,0,0.924104,1
127487,10305,0,0.000101,0
138721,16759,0,0.536728,1
89954,37460,0,0.000272,0
95437,4162,0,0.521544,1
61738,43210,0,0.00548,0
162657,38293,0,0.000229,0
171600,21903,0,0.000644,0
171699,7388,0,0.235777,0
111064,35629,0,0.007671,0
134597,27845,0,0.007297,0
50276,39578,0,5e-05,0
163031,15498,0,0.063066,0
94596,27544,0,0.14715,0
23054,43014,0,0.485044,0
191148,25588,0,0.310687,0
93229,9178,0,0.000313,0
100619,5068,0,0.000592,0
143457,46175,0,0.140216,0
73584,48023,0,0.558074,1
120273,30620,0,0.000232,0
70703,42768,1,0.908014,1
201314,48004,0,0.000305,0
168436,2846,0,0.000373,0
80259,7008,0,0.18,0
23701,26620,0,0.083608,0
135724,44359,0,0.000422,0
60649,33731,0,0.268029,0
100149,31717,0,0.493705,0
118629,41220,1,0.532603,1
15662,39877,1,0.767936,1
193424,16290,0,0.000895,0
67661,47766,0,0.94561,1
182574,2966,0,0.000601,0
91331,7485,0,0.308222,0
99191,12916,0,0.066875,0
181827,26250,0,0.000248,0
160342,21829,0,0.15161,0
1090,21195,0,0.094367,0
135836,4269,0,0.516605,1
62824,13548,0,0.005139,0
155289,14159,0,0.014511,0
182761,37029,0,0.059883,0
119544,27156,0,0.312154,0
127584,48205,0,0.000763,0
159573,25890,1,0.725734,1
46131,49605,0,0.000444,0
59348,48015,0,0.000424,0
126541,4137,0,0.539942,1
24655,27104,0,0.00022,0
153965,35939,0,0.328496,0
109017,37825,0,0.167118,0
159214,44413,0,0.149679,0
3230,2164,0,0.000203,0
27592,34881,0,0.000383,0
64134,23054,0,0.073709,0
39693,20842,0,0.000833,0
190449,17616,0,0.000315,0
28168,20904,0,0.001129,0
202044,33086,0,0.000155,0
25116,13851,0,0.000146,0
34995,47865,0,0.041719,0
48466,39275,0,0.017934,0
113931,37803,0,0.089866,0
205451,5398,0,0.0707,0
111377,39113,0,0.000113,0
1992,14161,0,0.00014,0
26934,22281,0,0.209136,0
125081,43122,0,0.664439,1
147291,41540,0,6.4e-05,0
23053,21137,0,0.000682,0
79092,29616,0,0.910945,1
138214,7936,0,0.705662,1
186509,29898,0,0.000158,0
171405,27845,1,0.74588,1
36190,35072,0,0.000103,0
139408,44039,0,0.000147,0
73208,4037,0,0.000149,0
34225,1377,0,0.000492,0
191531,17794,0,0.000199,0
58015,22825,0,0.099335,0
91904,8539,0,0.173211,0
2186,8104,0,0.210984,0
152403,33007,0,0.133417,0
87656,26604,0,0.509663,1
120633,13852,0,6.1e-05,0
84189,3529,1,0.743335,1
72571,13536,0,0.000297,0
99346,45066,0,0.000792,0
47894,46900,0,0.124564,0
38635,21938,0,0.312437,0
3580,9825,0,0.00091,0
190267,2078,0,0.000156,0
22599,24838,0,0.004185,0
2066,26604,0,0.000544,0
23283,2519,0,0.000194,0
59225,25765,0,0.008245,0
157608,2063,0,0.024639,0
19220,13976,0,0.223222,0
189895,47912,1,0.976566,1
159932,5819,0,0.095847,0
7074,2047,0,7.2e-05,0
144161,40332,0,0.749502,1
46150,10768,0,0.306728,0
74975,35336,1,0.773171,1
194938,46593,0,0.314154,0
101246,17044,0,0.088718,0
144015,20607,0,0.124459,0
76360,27690,0,9.3e-05,0
181492,24852,1,0.962897,1
68293,38777,0,0.068654,0
111731,17079,0,0.190122,0
69803,26348,0,0.000555,0
81066,19005,0,0.000399,0
142866,41844,0,0.000494,0
99154,44628,0,0.000279,0
105914,13709,0,9.8e-05,0
47931,25152,0,0.00018,0
180122,45343,0,0.000311,0
107232,39108,0,9.4e-05,0
13783,26648,0,0.700978,1
72619,2716,0,0.515387,1
46621,37645,0,0.159942,0
126965,37849,0,0.476794,0
21171,25072,0,0.719043,1
183948,34953,0,0.046334,0
193406,34497,0,0.742829,1
202529,14992,0,0.528194,1
2490,38739,0,0.670921,1
137022,8518,0,0.212184,0
159015,5491,0,0.000464,0
115396,8104,0,0.041287,0
75376,20791,0,0.000485,0
85038,25965,0,0.131782,0
94460,33120,0,0.124168,0
206113,42659,0,0.534698,1
6334,4487,0,0.000443,0
149022,40198,0,0.000704,0
112511,9387,0,0.000454,0
190521,31231,0,0.653572,1
195169,41117,0,0.008304,0
91678,7503,0,0.310819,0
103714,28204,0,0.330919,0
142427,39877,0,6.9e-05,0
136379,4293,0,0.031421,0
166056,23959,0,0.575823,1
127247,32700,0,0.532433,1
53548,22825,0,0.000761,0
196222,7500,0,0.133008,0
152958,8204,0,0.000354,0
107459,26586,0,0.000314,0
51213,47438,0,0.000185,0
64353,5077,0,0.13773,0
206178,26283,0,0.220887,0
140395,6182,0,0.000859,0
167517,28175,0,0.411903,0
183229,14429,0,7.3e-05,0
153097,29398,0,0.003111,0
164404,34126,0,0.059294,0
151081,31288,0,0.654687,1
170533,40706,0,0.161826,0
90334,32734,0,0.201666,0
44623,38124,0,0.145207,0
145067,19519,0,0.007281,0
172993,26940,0,0.000296,0
147280,34214,0,0.246133,0
111864,32369,0,0.000444,0
12580,30850,0,0.124808,0
167039,37642,0,0.000706,0
153727,39837,0,0.587861,1
173011,47626,0,0.807187,1
146624,16953,0,0.4492,0
132976,34590,0,0.213154,0
82810,31372,0,0.157058,0
110263,4175,0,0.652698,1
99227,48104,0,0.0308,0
160200,28547,0,0.483699,0
179437,47042,0,0.000728,0
10344,36746,0,0.000242,0
136646,45007,0,0.622861,1
7341,42190,0,0.282609,0
110737,46697,0,0.000433,0
23735,33731,0,0.000474,0
88441,3382,0,0.25349,0
136978,3957,0,0.58079,1
114664,1025,0,0.000337,0
168938,49621,0,0.000101,0
42712,30795,1,0.056915,0
147575,45646,0,0.000357,0
173525,39180,0,0.194348,0
33108,48523,0,0.093198,0
180868,27104,0,0.446562,0
168535,49027,0,0.24396,0
115415,33756,0,0.178986,0
35490,8479,0,0.035632,0
143586,45368,0,0.393476,0
3810,25877,0,0.130953,0
110141,2091,0,0.020488,0
68883,11755,0,0.02949,0
97855,39739,0,0.178217,0
36189,35042,0,0.000465,0
40658,10246,0,0.281565,0
158762,40001,1,0.457928,0
82223,47766,0,0.000508,0
108202,41950,0,0.192667,0
14321,30928,0,0.003092,0
93608,27196,1,0.094089,0
3549,8021,1,0.647497,1
15521,42869,0,0.000126,0
205007,12409,0,0.11557,0
142661,19048,0,0.298999,0
29630,34557,0,0.324822,0
71482,45064,1,0.761982,1
138875,24964,0,0.275061,0
102539,12341,0,0.000509,0
150919,2240,0,0.162982,0
41185,49683,0,0.488995,0
122426,28682,0,0.284389,0
73206,48925,0,0.000717,0
155291,11136,1,0.41836,0
158372,23579,0,0.530221,1
121968,14161,0,0.625099,1
49508,29623,0,0.195085,0
200214,38689,0,0.001583,0
181305,6184,1,0.52253,1
140292,20964,0,0.004651,0
105002,21508,0,0.000335,0
83752,46842,0,0.000591,0
84340,34126,0,0.155565,0
20887,43488,0,0.000143,0
85351,39182,0,0.186422,0
144865,11968,0,0.045501,0
8925,44910,0,0.155375,0
14208,3020,0,0.76077,1
137946,32446,0,0.45767,0
23219,36777,0,0.00021,0
78223,17872,0,0.00032,0
30137,18027,1,0.64117,1
161649,5646,1,0.589175,1
154235,10749,0,0.000633,0
186363,43654,0,0.065813,0
61067,41540,0,0.000751,0
40235,22678,0,0.000451,0
88441,18362,1,0.126875,0
130326,22802,1,0.982627,1
185815,41621,0,0.113468,0
199884,6187,0,0.886718,1
15242,2295,0,0.627821,1
49917,1447,0,0.491256,0
83780,16859,0,0.08636,0
164723,18587,0,0.012213,0
140183,39040,0,0.19015,0
112036,37646,0,0.000697,0
140375,28628,0,0.000403,0
36781,43647,0,0.158402,0
4262,34969,0,0.744097,1
50,40709,0,0.02758,0
52478,6615,0,0.323452,0
891,40310,0,0.427777,0
14201,13629,1,0.793147,1
141305,26384,0,0.362411,0
34356,45063,0,0.423584,0
11904,26115,0,0.528122,1
57119,47877,1,0.842326,1
5016,4920,0,0.518047,1
115325,1214,0,0.020482,0
153640,29447,0,0.000531,0
41703,8169,0,0.182418,0
84411,2053,0,9e-06,0
11330,32964,0,0.055925,0
67086,13198,0,0.026359,0
128606,36923,0,0.000996,0
41485,4920,0,0.736519,1
188507,49247,0,0.000298,0
137274,35561,0,0.276657,0
175841,36872,0,0.000127,0
29543,47601,0,7e-05,0
183129,11452,0,0.000163,0
153097,5002,0,0.174422,0
91610,24867,0,0.000389,0
78110,45613,0,0.545767,1
123000,31663,0,0.00068,0
78724,44632,0,0.000782,0
145272,41352,0,0.204249,0
9451,19240,0,0.258747,0
32998,43829,0,0.08545,0
129191,6104,0,0.000296,0
127161,27356,0,0.000485,0
28481,4495,0,4.2e-05,0
101279,33462,0,0.000303,0
136097,37141,0,0.000131,0
74840,48179,0,8.5e-05,0
38377,46676,0,0.795108,1
102576,27454,0,0.377549,0
102052,15887,0,0.323309,0
185689,18339,0,0.000242,0
202853,28020,0,0.161999,0
27210,41316,0,0.068844,0
118869,12341,0,0.000413,0
161094,39922,0,0.098002,0
29688,42342,0,0.62475,1
39394,3466,0,0.046255,0
195946,24852,0,0.001237,0
36740,13874,0,0.006286,0
189432,14032,0,0.228698,0
157688,18625,0,0.000318,0
168226,13732,0,0.000366,0
58647,44422,0,0.216244,0
200372,16185,0,0.450837,0
198262,6719,0,0.117866,0
35061,43519,0,0.000595,0
47044,36736,0,0.022287,0
174134,1999,0,0.483271,0
28345,42194,0,0.018195,0
67890,12395,0,9.5e-05,0
33957,24214,0,0.18192,0
80163,38827,0,0.089421,0
199195,26709,0,0.000348,0
47869,14028,0,9.3e-05,0
3465,14161,0,0.000473,0
159903,16254,0,0.049101,0
25611,41844,0,0.000298,0
138074,29993,0,0.000462,0
61603,5077,0,0.447568,0
58245,24964,0,0.000564,0
21509,43014,0,0.000792,0
73662,31915,0,0.000134,0
132052,36443,0,0.000133,0
20028,39108,0,0.000213,0
21891,8416,0,0.00014,0
59237,8736,0,0.236897,0
153025,17283,0,0.000164,0
39919,28571,0,0.000424,0
2475,12276,0,0.151135,0
41054,29088,0,0.00012,0
94406,6473,0,0.030214,0
203752,22204,0,0.020126,0
190542,44282,0,1.3e-05,0
184047,31964,0,0.789195,1
25900,9510,0,0.44179,0
281,29650,0,0.000502,0
203523,6111,0,0.495915,0
116487,46049,0,0.000289,0
11588,781,0,0.004673,0
13781,6828,0,0.019662,0
199780,21527,0,0.023277,0
154513,25569,0,0.938201,1
90763,1217,0,0.459688,0
30559,35242,0,0.059996,0
96192,4210,0,0.695028,1
126217,44566,0,0.0007,0
142150,11323,0,0.047557,0
81603,48356,0,0.549393,1
19063,16127,0,0.000113,0
201831,47526,0,0.311226,0
124110,9128,0,0.000162,0
183158,49448,0,5.8e-05,0
110141,5161,0,0.003558,0
124178,3682,0,0.176243,0
102018,34050,0,0.000509,0
127837,38684,0,0.019741,0
139820,14922,0,8.5e-05,0
114111,13646,0,0.616115,1
92604,33871,0,0.158699,0
37995,25753,0,0.042124,0
85072,1919,0,0.010913,0
100737,1347,1,0.317566,0
51480,45200,0,0.246504,0
131526,9741,0,0.000507,0
91377,47042,0,0.174098,0
184847,33731,0,0.373323,0
190887,37646,0,0.879357,1
176870,28199,0,0.141032,0
41906,45544,0,0.437639,0
3580,37766,0,0.000746,0
25871,7346,0,0.00019,0
77410,1819,0,0.064343,0
12764,44632,1,0.824272,1
83508,30482,0,0.432598,0
158142,25242,0,0.121707,0
38400,18918,0,0.001027,0
58102,9327,0,0.078836,0
14800,27801,0,0.303928,0
20906,22144,0,0.000203,0
97821,11865,0,0.00014,0
181317,32237,0,0.013574,0
52449,44878,0,0.073273,0
166282,10749,0,0.500802,1
112343,21903,1,0.915246,1
125364,24810,0,0.691044,1
187748,27663,0,0.020696,0
189338,4269,0,0.113585,0
108162,39465,0,0.167575,0
143175,46434,0,0.269551,0
205219,49113,0,0.00013,0
29387,13176,0,0.00569,0
7314,16147,0,0.021287,0
145001,25659,0,0.208387,0
61597,2966,0,0.000382,0
184942,26369,0,0.000442,0
66522,20955,0,0.402773,0
34552,30450,0,0.391367,0
8162,47630,0,0.609357,1
180275,16695,0,0.010082,0
113138,9849,0,0.412723,0
72571,11614,0,0.000281,0
2311,30482,0,0.379548,0
158554,7999,0,0.513997,1
97699,39794,0,0.002054,0
95069,27344,0,0.324891,0
16579,44375,0,0.000586,0
9694,13139,0,0.084006,0
132115,21914,0,0.101464,0
13216,34214,0,0.361119,0
1264,38777,0,7.1e-05,0
138212,27966,0,0.003592,0
146203,21131,0,0.861507,1
15012,32700,1,0.472641,0
146819,14852,0,0.702268,1
41205,47626,0,0.000316,0
20962,30391,0,0.3742,0
164123,28842,0,0.000378,0
190354,16664,0,0.10091,0
148184,19660,0,0.082644,0
14564,5068,0,0.000379,0
101394,29079,0,0.000102,0
104400,18411,0,0.047767,0
9628,12260,0,6.7e-05,0
19794,14811,0,0.000715,0
128808,6740,0,0.296636,0
160961,8518,0,0.612248,1
49778,31338,0,0.114432,0
7006,25466,1,0.905927,1
205357,47672,0,0.795219,1
64246,38751,0,0.000292,0
117410,23764,0,0.136719,0
111864,4562,0,0.000574,0
203523,19938,0,0.022171,0
70648,42318,0,0.207757,0
49201,9337,0,0.000316,0
58745,3397,0,0.17513,0
78866,9755,0,0.017999,0
194234,34243,0,0.691603,1
78785,36900,0,0.007299,0
37933,190,0,0.023045,0
199619,23782,0,0.060956,0
89577,45104,0,0.125278,0
28029,45771,0,0.108299,0
62824,40660,0,0.08673,0
67689,4357,0,0.000466,0
167997,18918,0,0.302611,0
37665,45671,0,0.000153,0
188013,44142,0,0.247075,0
102632,29007,0,0.000466,0
110358,26384,0,0.000262,0
56198,5134,0,0.256905,0
53096,5746,0,0.220116,0
183470,26209,0,0.000296,0
107972,21810,0,0.003657,0
151778,44359,0,0.745608,1
95780,28842,1,0.78488,1
188514,19611,0,0.359644,0
127622,43154,0,0.349133,0
14470,8021,0,0.514663,1
1246,22210,0,0.025509,0
130082,46720,0,0.000235,0
2886,17981,0,0.231271,0
170318,13176,0,0.819771,1
70409,44688,0,0.307914,0
168164,17264,0,0.305274,0
48897,15261,0,0.005465,0
132559,33129,0,0.221069,0
147047,36865,0,0.000857,0
7069,3550,0,0.000136,0
132958,16696,0,0.000659,0
163914,31717,0,0.453652,0
162921,13870,0,0.004083,0
186653,38849,0,0.573922,1
197897,27966,0,0.651018,1
5296,48204,0,8e-05,0
25253,47626,0,0.001191,0
36781,16154,0,0.679172,1
12435,12169,0,0.009653,0
61807,5467,0,1e-04,0
135843,9092,0,0.298523,0
121990,14429,0,0.009842,0
14293,37029,1,0.637553,1
185909,20280,0,0.2964,0
41603,16748,1,0.157947,0
135386,47766,0,0.877519,1
66304,25146,0,0.565502,1
71762,43758,0,0.000197,0
183303,24759,0,0.508527,1
152146,1940,0,0.822385,1
131203,3762,0,0.014403,0
126551,31506,0,0.161632,0
131690,36591,0,0.000725,0
86962,39812,0,0.000425,0
136649,44142,0,0.60532,1
100205,27959,0,0.000283,0
151986,4605,0,0.787136,1
125780,39097,0,0.031116,0
39583,22825,0,0.683338,1
131093,31790,0,9.5e-05,0
180273,34295,0,0.038443,0
8683,7632,0,0.000669,0
10425,12232,0,0.16471,0
169640,16174,0,0.287797,0
151158,13032,0,0.411275,0
185537,9284,0,0.093037,0
183101,18751,0,0.000119,0
196138,24184,0,0.000589,0
26447,18286,0,0.338109,0
71198,21137,0,0.883427,1
4405,19218,0,0.298594,0
24081,23322,0,0.066761,0
188221,40758,0,0.03767,0
160961,4062,0,0.006475,0
175365,23622,0,1e-04,0
20779,21137,1,0.643909,1
65149,46785,0,0.042333,0
65294,9018,0,0.000462,0
108003,47875,0,9.7e-05,0
203404,38248,0,0.105989,0
63144,12395,0,0.000574,0
94059,43154,0,0.001142,0
80603,34594,0,0.02141,0
46753,26800,0,0.000855,0
67941,14881,0,0.000137,0
150050,21953,0,0.06597,0
10538,14837,0,0.073246,0
195032,1380,1,0.217465,0
192085,30975,0,0.113206,0
201456,31506,0,0.057424,0
88017,22935,0,0.397461,0
78110,744,0,0.226773,0
61169,49621,0,0.389272,0
135247,39475,0,0.073184,0
185360,24852,0,0.229929,0
191563,9142,0,0.030367,0
143769,9092,0,0.000367,0
39508,21573,1,0.161156,0
51813,17264,0,0.078067,0
91789,17518,0,0.472064,0
61605,13400,0,0.025992,0
193074,38647,0,0.296591,0
175040,35140,0,0.215977,0
139205,29734,0,0.246573,0
181210,46575,0,0.112873,0
101954,26369,0,0.00045,0
160951,19348,0,0.000265,0
118974,47601,0,0.427245,0
59817,46059,0,0.503675,1
28345,28785,1,0.001029,0
167689,397,0,0.020483,0
2396,10909,0,0.000632,0
3298,45007,0,0.180551,0
96824,10807,0,0.736013,1
31119,23181,0,0.000288,0
69252,7515,0,0.000174,0
40440,48071,0,0.261037,0
177650,21347,0,0.399502,0
42124,45007,0,0.757949,1
77937,7911,0,0.457483,0
6417,47990,0,0.013896,0
78733,17224,0,0.439929,0
131979,2512,0,3.5e-05,0
56262,33276,0,0.249578,0
37973,19678,0,0.59984,1
165281,31888,0,0.000726,0
109743,11507,0,0.000258,0
124806,26209,0,0.000924,0
132472,27683,0,0.348009,0
193858,48736,0,0.432533,0
185638,4086,0,0.048328,0
6672,24830,0,0.000265,0
131108,40944,0,0.085326,0
202408,30604,0,0.045434,0
22133,2947,0,0.030655,0
128372,9290,0,0.173196,0
50583,27845,0,0.000189,0
56343,27328,0,0.137702,0
146349,46740,0,0.179185,0
107012,11495,0,0.10338,0
42345,28993,0,0.588226,1
10246,33548,0,0.372334,0
180122,8518,0,0.00018,0
83326,47209,0,1e-04,0
93064,1463,0,0.000462,0
16152,7413,0,0.06909,0
201449,48079,0,0.094531,0
185441,45767,0,1.5e-05,0
31396,18234,0,0.011413,0
125881,31506,0,0.007009,0
152985,22646,0,0.659627,1
123608,31717,0,0.074623,0
101557,9839,0,0.884239,1
98491,43471,0,0.015894,0
85026,16348,0,0.20326,0
166425,17704,0,0.08663,0
77987,32935,0,0.326096,0
203825,30756,0,0.125436,0
127946,9913,0,0.001973,0
65770,22888,0,0.000315,0
137671,21902,0,0.316569,0
156869,25146,0,0.471805,0
190978,32689,1,0.857512,1
57800,45633,0,0.000163,0
199213,28301,0,0.024038,0
30042,21616,0,0.005607,0
125741,11361,0,0.602714,1
98953,34556,0,0.000276,0
65994,24239,0,0.654159,1
179545,16797,0,0.292546,0
1912,22719,0,0.000367,0
68809,16283,0,0.245021,0
130018,4957,1,0.983332,1
49791,22935,0,0.475886,0
76631,32655,0,0.592234,1
120645,43744,0,0.000465,0
112445,35132,0,0.052859,0
181452,28842,0,0.26326,0
193391,19051,0,0.347874,0
164237,27177,0,0.027632,0
37283,1398,0,0.2571,0
21305,2965,0,0.037595,0
66286,38382,0,0.07318,0
107159,5233,0,0.000134,0
1545,7461,0,0.069155,0
205905,38944,1,0.271728,0
192834,11658,0,0.087262,0
148179,30406,0,0.000295,0
115052,44632,0,0.000573,0
1424,38159,0,6e-05,0
101409,5415,0,0.09726,0
81603,4037,0,0.015498,0
108979,24231,0,0.078632,0
60467,432,0,0.868154,1
845,421,0,0.456507,0
58571,29223,0,0.728166,1
96770,5716,1,0.340051,0
164558,21616,0,0.96898,1
59405,18987,1,0.67079,1
186681,34126,0,0.000357,0
184028,29698,0,0.052251,0
94068,46979,0,0.000747,0
102608,1463,0,0.783728,1
111513,21543,0,0.497593,0
1629,35200,0,0.177978,0
71767,19519,0,0.020416,0
22377,31076,0,0.084288,0
14523,28745,0,0.000315,0
125968,37982,1,0.804531,1
153599,13176,0,0.000203,0
165041,42265,0,0.146875,0
123322,8518,0,0.376433,0
159840,32839,0,0.167358,0
180250,21137,0,0.654859,1
43836,29989,0,0.288709,0
66285,33198,0,0.028963,0
84905,24964,0,0.000385,0
95768,43662,0,0.785512,1
23386,7751,0,0.042997,0
40305,28238,0,0.607555,1
124341,1940,0,0.707576,1
105204,21553,0,0.25323,0
129262,13733,0,0.802692,1
157113,23594,0,0.128849,0
201692,33819,0,0.058503,0
75226,25659,0,0.000108,0
112968,28380,0,0.064643,0
58274,11782,0,0.174815,0
62355,17794,0,0.092211,0
160245,6933,1,0.959684,1
194802,11837,0,0.102267,0
37225,44091,0,0.193174,0
163102,15673,0,8.9e-05,0
58936,46979,0,0.702266,1
154631,47439,0,0.028309,0
61197,46802,0,0.169383,0
196156,8570,0,0.174264,0
181652,30340,0,0.000226,0
66231,31717,0,0.001076,0
157739,41355,0,0.000763,0
65188,33709,0,0.126057,0
168985,23067,0,0.025066,0
12132,11182,0,0.086007,0
128004,25023,0,0.04356,0
93893,22035,0,0.00069,0
171236,37464,0,0.006558,0
59685,16797,0,0.000771,0
158052,21903,0,0.734839,1
21762,20127,0,0.000347,0
37122,28204,0,0.000596,0
89513,47345,0,0.001332,0
175833,18418,0,0.164892,0
9982,14508,0,0.202095,0
87680,40581,0,0.149657,0
116823,23106,1,0.905345,1
60078,27610,0,0.013945,0
84467,43269,0,0.597833,1
34414,16518,0,0.00011,0
77468,30720,0,0.000395,0
18573,8563,0,0.000195,0
178547,22935,0,0.578769,1
163828,20889,0,0.039259,0
96710,34949,0,0.000167,0
102971,24852,1,0.91635,1
66379,1581,0,0.000263,0
17684,6740,0,0.090385,0
132952,13176,0,0.80176,1
117788,38763,0,0.000408,0
63373,5876,0,0.217431,0
11808,25659,0,0.100379,0
137921,28842,0,0.859176,1
8150,790,0,0.000286,0
68257,46627,0,0.000164,0
165534,41950,0,0.393605,0
77935,16494,0,0.000655,0
37941,31343,0,0.549825,1
42563,16797,0,0.690912,1
13979,28465,0,0.654178,1
93676,13640,0,0.181061,0
82434,14634,0,0.194355,0
57893,30036,0,0.387454,0
171358,38293,0,0.000231,0
80553,14084,0,0.491461,0
171861,29274,0,0.05133,0
114261,33720,0,0.000572,0
172783,28572,1,0.80738,1
14856,12481,0,0.325257,0
94406,36316,0,0.291695,0
41039,40186,0,0.226194,0
57005,42733,0,0.09723,0
16804,24535,0,0.000406,0
7264,30406,0,0.000194,0
193896,41055,0,9.4e-05,0
72827,28842,1,0.921746,1
97074,34892,0,0.452093,0
15048,16759,0,0.00048,0
36647,33647,0,0.069279,0
29473,29176,1,0.589931,1
62158,10749,0,0.000194,0
128585,9871,0,0.000564,0
155617,39275,0,0.16453,0
42087,1321,0,0.118693,0
179353,39216,0,0.454702,0
87473,45200,0,7.8e-05,0
74948,36695,0,0.05016,0
113322,36107,0,0.305892,0
136782,17334,0,0.515165,1
183141,11925,0,0.059651,0
42652,878,0,0.000754,0
193721,42193,0,0.685113,1
170924,6184,0,0.000569,0
120240,15950,0,0.221175,0
82909,47766,1,0.798066,1
191012,1804,0,0.005995,0
82227,31477,0,0.261873,0
147546,397,0,0.000136,0
49881,3235,0,0.349778,0
125609,18159,0,0.307503,0
48306,44008,0,0.461346,0
23174,21777,0,0.466038,0
177274,9092,0,0.479939,0
101691,12427,0,0.247349,0
130948,44479,0,0.661839,1
116017,24184,0,0.000844,0
151120,5025,0,0.319448,0
184111,7376,0,0.428138,0
199327,29617,0,0.028844,0
123330,7103,0,0.000513,0
151157,45037,1,0.247908,0
15626,44142,0,0.45022,0
17162,1556,0,0.01235,0
131505,47672,0,0.0004,0
7718,24852,0,0.681086,1
178046,44142,0,0.462998,0
19449,47626,0,0.409006,0
202304,46108,0,0.017943,0
140548,1057,0,0.053883,0
159927,34565,0,0.000602,0
50352,22935,0,0.474342,0
100519,34134,0,0.847507,1
10501,21757,0,0.000503,0
120768,22922,0,0.121791,0
24539,40008,0,0.000271,0
444,21938,1,0.9566,1
164089,17858,0,0.159813,0
132846,49505,0,0.111742,0
169468,46294,0,0.017681,0
105566,47042,0,0.045953,0
202280,42724,0,0.000262,0
28328,48179,0,0.000669,0
105019,45840,0,0.000124,0
182898,47626,0,0.000512,0
43734,3318,1,0.236001,0
19882,46656,0,0.000446,0
6248,47698,0,0.000233,0
33711,15923,0,0.000371,0
157267,9337,0,0.236608,0
193650,16696,0,0.000233,0
89679,43961,0,0.000286,0
12325,39242,0,6.2e-05,0
98456,30406,0,0.375878,0
76155,19173,0,0.000484,0
205406,40568,0,0.064464,0
98868,21506,0,0.037603,0
16840,40278,0,0.243737,0
93703,21709,0,0.000644,0
138150,28431,0,0.433868,0
100330,47866,0,0.02946,0
36694,24214,0,0.000117,0
151924,34448,0,0.000926,0
32837,8382,0,0.149752,0
15295,45161,0,0.000331,0
133546,17468,0,0.090541,0
94838,11068,0,0.146628,0
127482,16866,1,0.525075,1
142113,37409,0,0.000182,0
147197,25272,1,0.982128,1
118866,45608,0,0.00019,0
88831,32227,0,0.819351,1
126101,41787,0,0.00037,0
102494,49520,0,0.000314,0
2965,44142,0,0.000372,0
167255,32553,0,0.149555,0
147244,41096,0,0.247283,0
179968,19653,0,0.000184,0
62838,46346,0,0.000168,0
169728,43295,0,0.000273,0
50796,859,0,0.095539,0
34819,43205,0,0.355471,0
131403,48205,0,0.000257,0
108519,37047,0,0.152754,0
52493,30635,0,0.000481,0
106142,40706,1,0.392097,0
300,42737,0,0.021837,0
148352,36075,0,0.087327,0
114480,47766,0,0.000832,0
114818,26278,0,0.000261,0
21936,25086,0,0.000345,0
172210,44560,0,0.53479,1
197103,48317,0,0.010899,0
166508,21709,1,0.0822,0
198929,3944,0,0.00072,0
104292,5449,0,0.000239,0
203114,37825,0,0.323842,0
96180,14867,0,0.000142,0
170086,14204,1,0.726158,1
192384,16797,0,0.544914,1
75853,36326,0,0.170901,0
72302,42828,0,0.650915,1
60421,18498,0,6.9e-05,0
51069,44449,0,0.000131,0
11857,48697,0,0.0002,0
91406,35939,0,0.624629,1
68050,25087,0,0.134471,0
82633,37557,0,0.034653,0
99229,45642,0,0.047451,0
28992,42265,0,0.757115,1
93252,47156,0,0.152976,0
92149,3616,0,0.000239,0
85952,26911,0,0.029751,0
188561,3464,0,0.000251,0
195058,29311,0,0.318326,0
5328,40516,0,0.00017,0
28906,24859,0,0.028551,0
105404,691,0,0.309836,0
32916,9076,0,0.258263,0
195030,15100,0,0.000142,0
104919,36978,0,0.102997,0
53685,41220,0,0.426162,0
5090,34551,0,0.20394,0
160117,25146,0,0.28909,0
31191,39136,0,0.069965,0
178851,44142,0,0.000267,0
44202,41273,0,0.139416,0
121860,3339,0,0.01132,0
143118,204,0,0.023456,0
161094,15162,0,0.011912,0
87106,29553,0,0.000726,0
59209,10054,0,0.072847,0
172469,3865,0,0.000443,0
38763,33076,0,0.00014,0
1890,5450,0,0.846987,1
92521,7500,0,0.013899,0
188224,22922,0,0.074189,0
30982,13176,0,0.001293,0
200092,7715,0,0.508561,1
140767,8955,0,0.000344,0
85060,9431,0,0.254734,0
74419,22129,0,0.507198,1
81872,32734,0,0.000209,0
190891,13176,0,0.000443,0
139877,3376,0,0.058818,0
128102,34688,0,0.143372,0
148258,29487,0,0.000653,0
169036,20920,0,0.209793,0
34990,21810,0,0.014018,0
62690,21288,0,0.00048,0
167118,9913,0,0.001057,0
157730,40723,0,0.705899,1
104417,29849,0,0.042503,0
47834,43129,0,0.054066,0
193606,42625,0,0.00062,0
157038,10752,0,0.352032,0
54668,7099,0,0.00018,0
5471,3376,0,0.309929,0
47076,11599,0,1.5e-05,0
101279,13765,0,9.8e-05,0
156171,47626,0,0.536223,1
104369,11688,0,0.034617,0
81872,15527,0,0.000186,0
193353,15271,0,0.024875,0
66000,37358,0,9.4e-05,0
183512,12456,0,0.45348,0
104746,45094,0,0.058752,0
154003,20217,0,0.305276,0
156304,7054,0,0.684588,1
117806,11087,0,0.302839,0
146565,26471,0,0.005862,0
77807,37634,0,0.042346,0
86224,26631,0,8.7e-05,0
45689,7308,0,0.728505,1
142687,40604,0,0.479661,0
158741,43908,0,0.004449,0
158768,33522,0,0.084667,0
12661,40758,0,0.035028,0
149063,45123,1,0.762686,1
126533,34449,0,0.432142,0
90652,16131,0,0.179777,0
137705,27344,0,0.00037,0
200214,44961,0,0.000206,0
36404,5451,0,0.25215,0
152296,22070,1,0.913137,1
174717,34530,0,0.000493,0
69,45364,0,0.000278,0
32440,19767,0,0.000451,0
66781,47011,0,0.673539,1
108993,23288,0,0.000403,0
185011,39075,0,0.199567,0
30094,46049,0,0.425853,0
74578,13423,0,0.340843,0
40196,36418,0,0.001393,0
84515,17794,0,0.000361,0
104894,24100,0,0.000196,0
1656,46041,0,0.375235,0
140612,29077,0,0.317694,0
1538,7186,0,0.806015,1
163925,7381,0,0.159041,0
91178,21511,0,0.75208,1
81762,45965,0,0.000582,0
99402,48364,0,0.392204,0
60862,24841,0,0.121488,0
144696,32360,0,0.000629,0
113246,47000,0,0.00045,0
91519,3023,1,0.225115,0
108245,21385,1,0.435049,0
126800,23765,0,0.000127,0
104920,9547,0,0.000389,0
205140,24852,0,0.957213,1
84755,21288,0,0.548232,1
124885,7019,0,0.075064,0
8418,27683,0,0.175038,0
146047,18986,0,0.035697,0
26785,46729,0,0.728232,1
162612,34993,0,0.075189,0
161240,20658,0,0.00024,0
200960,37646,0,0.000518,0
40128,260,0,0.000206,0
120226,21863,0,0.000173,0
60716,22849,0,0.002503,0
78334,3957,0,0.000301,0
138722,40706,0,0.000458,0
24940,23607,0,3.4e-05,0
204759,19691,0,0.000521,0
177544,18471,0,0.000143,0
201640,3732,0,0.000419,0
190623,35108,0,0.454811,0
181892,47672,0,0.189313,0
191368,39877,0,0.027958,0
137494,7821,0,0.000338,0
52196,6567,0,0.000118,0
55027,12479,0,0.005646,0
128068,35986,0,0.181165,0
174624,46595,0,0.200959,0
80639,42110,0,0.498834,0
90112,31766,1,0.548472,1
165879,4897,0,0.394674,0
160527,22034,0,0.000147,0
92574,20520,0,0.353937,0
168320,20192,0,0.001022,0
200475,39475,0,0.000537,0
193764,36735,1,0.531315,1
203546,32413,1,0.971055,1
184215,16797,0,0.038488,0
133866,21288,0,0.171119,0
148836,46022,0,0.130245,0
69652,27104,0,0.000354,0
91345,44987,0,0.075978,0
78240,5884,0,0.000267,0
53976,38291,0,0.181004,0
21528,2151,0,0.00028,0
162077,7485,0,0.000549,0
204499,37276,0,0.000469,0
17983,18465,0,0.22502,0
27944,10749,0,0.861922,1
2357,28934,0,0.247533,0
50174,49533,0,7.7e-05,0
105939,44728,0,4.3e-05,0
183865,25072,0,0.229146,0
25982,46979,0,0.000232,0
167599,40991,0,0.095334,0
6865,17157,0,0.000199,0
70598,45123,0,0.000192,0
136696,37468,0,0.000182,0
32860,42768,0,0.07833,0
106704,36523,0,0.056152,0
178556,1382,0,0.000435,0
179438,5710,0,0.043151,0
183860,19459,1,0.369178,0
64529,27683,1,0.432642,0
47549,14364,0,0.291924,0
91766,31506,0,0.000425,0
107778,3826,0,0.90201,1
56117,10312,0,0.000445,0
99167,40571,0,0.038992,0
116387,22035,0,0.412767,0
100919,28204,0,0.000776,0
130102,40516,0,0.625917,1
23168,32047,0,0.000309,0
35061,49324,0,0.028838,0
198273,35124,0,0.000594,0
180353,7559,0,0.261428,0
133262,33043,0,0.000319,0
63204,39947,0,0.983637,1
159797,24561,1,0.910785,1
119024,4261,0,0.061807,0
45638,22469,0,0.147213,0
136874,45633,0,0.409359,0
37596,5854,0,0.050844,0
85352,1025,0,0.330401,0
30854,28733,0,0.00064,0
31945,35510,0,0.583774,1
110159,48278,0,0.072532,0
122343,13911,0,0.000159,0
157975,8193,0,0.001269,0
100789,45860,0,0.637287,1
31484,16994,0,0.046377,0
2077,34129,0,0.411608,0
188684,48017,0,0.011919,0
20566,24830,0,0.000451,0
101713,42356,0,0.411968,0
89168,21249,0,0.115975,0
118868,10108,0,0.381072,0
92873,4920,0,0.229514,0
66193,25804,0,0.000448,0
106865,5785,0,0.000168,0
157523,13380,0,0.420721,0
151253,24852,0,0.858241,1
15792,36606,0,0.038992,0
203801,49683,0,0.505497,1
141791,14897,0,0.285226,0
152103,33642,0,0.29678,0
38382,37192,0,0.000242,0
69766,31394,1,0.643,1
102254,47209,0,3.5e-05,0
165246,2175,0,0.081619,0
56629,24382,0,0.146829,0
119636,45258,0,0.008992,0
106093,20323,0,0.00033,0
199619,22882,0,0.046627,0
88460,47990,0,0.065287,0
29396,44408,0,0.029472,0
57343,26668,0,5.8e-05,0
34531,39812,0,0.094775,0
17036,28204,0,0.271449,0
5641,66,0,6.8e-05,0
44842,47766,0,0.382216,0
42358,24734,0,0.000162,0
82692,27978,0,0.183389,0
98410,19862,0,0.437663,0
124464,46522,0,0.146759,0
111486,40919,0,0.000248,0
78947,19173,0,0.000536,0
172768,594,1,0.20693,0
171386,29397,0,0.000277,0
45565,20119,0,0.830022,1
97101,47993,0,0.226751,0
13774,6343,0,0.516497,1
95572,35650,0,0.011442,0
26475,38228,0,0.241931,0
3894,27325,0,0.000357,0
112988,39984,0,0.000287,0
65061,13629,0,0.000456,0
18449,39561,0,0.101596,0
65157,41351,0,0.052112,0
156304,40174,0,0.029002,0
8090,48310,0,0.000344,0
199619,5456,0,0.060348,0
129674,46903,0,0.219348,0
179424,33754,0,0.054315,0
56736,5782,1,0.632182,1
169636,11007,1,0.898549,1
42430,33812,0,0.050279,0
206037,20734,0,0.288001,0
175465,40706,1,0.928742,1
63477,10305,0,0.000451,0
96418,37053,0,0.000166,0
32922,49139,0,0.000379,0
41764,6184,1,0.869791,1
192130,28785,0,0.046867,0
108465,17741,0,0.336696,0
200536,3384,0,0.159819,0
98755,5373,0,0.181207,0
70048,28842,0,0.000214,0
35880,21019,0,0.000287,0
136940,7948,0,0.000132,0
204524,14742,0,0.000111,0
173551,24518,0,0.000955,0
33189,40706,0,0.591731,1
57026,9358,0,0.928747,1
190012,18880,0,0.170896,0
106708,1891,0,0.000982,0
96770,7419,0,0.047366,0
166291,44855,0,0.000474,0
89795,36064,0,0.001171,0
154762,37738,0,0.321543,0
40422,31066,0,0.026345,0
35404,3896,1,0.963974,1
74156,33493,0,0.012183,0
134984,30233,0,0.916562,1
171557,37490,0,3.3e-05,0
173850,32691,0,0.017818,0
119424,34497,0,0.000208,0
55284,36351,0,6.3e-05,0
129843,46676,0,0.03653,0
198183,23484,0,0.019769,0
140381,4920,0,0.399875,0
58982,32563,1,0.154255,0
14641,18828,0,0.2767,0
57343,7948,0,0.000177,0
12146,22935,0,0.000441,0
131791,40877,0,0.119243,0
134754,36956,0,0.394188,0
36226,33462,0,0.206087,0
26613,32538,0,0.214527,0
132579,28829,0,0.000153,0
60119,27865,0,0.335528,0
129390,11136,0,0.0003,0
43156,28579,0,0.25737,0
177403,42944,0,0.000605,0
144160,41290,0,0.083425,0
139231,43961,0,0.339123,0
48136,47626,0,0.000777,0
203013,13176,0,0.757264,1
70671,13629,0,0.613987,1
168282,21903,0,0.00046,0
124110,31683,0,6.3e-05,0
58308,24852,1,0.978217,1
61311,45246,0,0.000217,0
157028,44422,0,0.204644,0
86099,37067,1,0.942913,1
139086,4329,0,0.115313,0
114558,17122,0,0.180211,0
10427,23594,0,0.42187,0
195061,6549,0,0.000333,0
203924,15485,0,0.052196,0
57695,17734,0,0.113727,0
135571,26679,0,0.31209,0
120157,35430,0,0.077476,0
185883,5477,0,0.000236,0
13922,4787,0,0.24694,0
199669,24184,0,0.000163,0
60430,20995,0,0.08184,0
78073,41238,0,0.040749,0
12612,3836,0,0.382307,0
138246,37524,1,0.91106,1
110809,19348,0,0.245471,0
124737,10193,0,0.000318,0
134691,5913,0,0.077387,0
66256,34,0,0.000521,0
129806,21783,0,0.649862,1
28481,45177,0,0.000167,0
89681,28289,0,0.000726,0
150285,8277,0,0.771363,1
83157,35939,0,0.16782,0
118879,13304,0,0.138723,0
76295,22247,0,0.000128,0
154341,41149,0,0.287254,0
10440,28985,1,0.690354,1
50644,3172,0,0.375761,0
74094,8204,0,0.095345,0
193409,40587,0,0.592396,1
59225,11078,0,0.028356,0
73662,32177,0,0.000351,0
22779,43295,1,0.64697,1
137930,47492,0,0.000229,0
32421,26138,0,0.680785,1
32597,9434,0,0.000541,0
22591,40120,0,0.822387,1
88250,29672,0,0.234856,0
182839,22227,0,5.7e-05,0
91565,5077,0,0.797982,1
86434,12204,0,0.182577,0
107914,3991,1,0.963794,1
27017,27471,0,0.000303,0
156614,48109,0,0.523861,1
69580,9808,0,0.140847,0
110404,48241,0,0.183182,0
182308,31338,0,0.10129,0
29088,1217,0,0.66076,1
115537,4920,1,0.714469,1
170970,5876,0,0.230692,0
148228,11512,0,0.000507,0
136097,34673,0,0.000111,0
73755,23405,0,0.000182,0
70463,43295,0,0.080722,0
36690,6948,0,0.150945,0
37462,10032,0,0.338492,0
199421,148,0,0.009298,0
169064,274,0,0.010697,0
15235,605,0,0.138,0
49131,32864,0,0.000146,0
181460,30117,0,0.144048,0
62430,26606,0,0.000285,0
86297,9604,0,9.5e-05,0
51853,15438,0,0.199579,0
205363,24852,1,0.967703,1
146951,27796,0,0.058877,0
131482,35217,0,0.00013,0
82173,2497,1,0.092284,0
125128,20955,1,0.530867,1
20289,26369,0,0.000349,0
98614,12212,0,0.000279,0
12740,21010,0,0.000124,0
170099,40696,0,0.023571,0
53303,20126,0,0.011432,0
203507,1678,0,0.035285,0
79767,47379,0,0.000266,0
195948,27104,0,0.449725,0
11146,21614,1,0.969953,1
27741,5908,0,0.029722,0
2156,26209,0,0.708954,1
118529,19505,0,0.660127,1
50418,29650,0,0.177597,0
29915,48745,0,0.472792,0
83655,23360,0,0.127879,0
2970,16349,0,0.000737,0
25290,9561,0,6.7e-05,0
131246,581,0,0.152714,0
145386,28199,0,0.742875,1
59784,38456,0,0.000977,0
18937,39275,0,0.708687,1
50863,38154,0,0.000346,0
197081,47766,0,8.2e-05,0
59274,13176,1,0.952626,1
40231,45834,0,0.414309,0
103742,43768,0,0.000121,0
73769,24964,0,0.71426,1
81783,21938,0,0.000291,0
196374,44359,0,0.000214,0
184780,4142,0,0.337769,0
65369,42216,0,0.000183,0
1360,24184,0,0.000367,0
25245,26094,0,0.000551,0
25276,9322,0,0.011694,0
197103,48720,0,0.12681,0
131723,21929,0,0.204365,0
132123,27022,0,0.19967,0
117426,33543,0,0.031002,0
7911,21195,0,0.055852,0
16945,18908,0,0.000154,0
99173,39475,0,0.905179,1
62792,22025,0,0.0003,0
168456,12703,0,0.043245,0
98386,24850,0,0.000302,0
181081,46662,0,0.000114,0
146796,11629,0,0.053198,0
169284,1406,0,0.0002,0
191789,12016,0,0.356547,0
141982,26172,0,0.068667,0
2449,6878,0,0.512098,1
205947,890,0,0.000552,0
95399,4966,0,0.032161,0
201371,29848,0,0.000514,0
118626,18625,0,0.057183,0
89607,15200,0,0.552897,1
24989,47766,0,0.00075,0
64131,45747,0,0.429003,0
160171,6046,0,0.47441,0
188235,49683,0,0.000281,0
122352,24946,0,0.000127,0
101496,31102,0,0.057784,0
58040,38456,0,0.009471,0
232,70,0,6.3e-05,0
121333,27521,1,0.778899,1
170366,35752,0,0.30251,0
76115,260,0,0.04966,0
197865,12545,0,0.000298,0
201572,38456,1,0.784617,1
60476,38928,0,0.000213,0
56162,27796,0,0.826643,1
51116,40663,0,0.539538,1
178236,4421,0,0.104357,0
127247,10241,1,0.067993,0
79844,13984,0,9.5e-05,0
8258,24622,0,0.119733,0
191004,5460,0,0.011657,0
100133,35584,0,0.182929,0
143627,47766,0,0.000982,0
64698,42183,0,0.000208,0
126986,22890,0,0.17707,0
141564,31196,0,0.24952,0
124014,30558,0,0.531608,1
18482,46041,0,0.000367,0
95377,25659,0,0.000375,0
162798,14197,0,0.169537,0
48245,207,0,0.242055,0
115481,24184,0,0.059284,0
54014,3464,0,0.000254,0
12254,17313,1,0.899915,1
5453,13176,1,0.772487,1
161649,29007,0,0.301707,0
200388,3481,0,0.318335,0
29715,9339,0,0.000534,0
120590,32407,0,0.000499,0
159983,27782,0,0.216825,0
4802,12872,0,0.293058,0
205721,26493,1,0.30359,0
63073,20995,0,3e-05,0
97708,27355,0,0.000235,0
47076,5134,0,5.5e-05,0
7543,1582,0,0.404292,0
22169,43768,0,0.000671,0
69583,9299,0,0.037575,0
23591,39432,0,0.000408,0
198933,6201,0,0.000465,0
127757,45835,0,0.000354,0
156953,22950,0,0.000453,0
15192,18471,0,0.000307,0
127773,3648,0,0.00011,0
32319,36813,0,0.009914,0
54915,18180,0,0.000241,0
80090,7898,0,0.101776,0
84758,10795,0,0.000314,0
74081,10885,0,0.530433,1
17521,13733,0,0.523892,1
52123,22035,0,0.858572,1
85682,41220,0,0.429276,0
113877,47668,0,0.000357,0
66183,26495,0,0.000248,0
110774,28985,0,0.194845,0
51063,21846,0,0.126779,0
164262,32656,0,1.5e-05,0
115200,30696,0,0.866942,1
75791,15134,0,0.000279,0
193785,21663,0,0.671663,1
39006,9177,0,0.000148,0
142345,20842,0,0.136649,0
196540,38444,0,0.437823,0
172755,24852,0,0.32182,0
145444,44449,0,0.000217,0
151994,30524,0,9e-05,0
134947,25903,0,0.56645,1
10105,15290,1,0.797296,1
180198,16797,0,0.000583,0
52721,15861,0,0.014742,0
170970,9906,0,0.108804,0
167076,47144,0,0.491666,0
190070,44229,0,0.012863,0
156674,28413,0,0.293011,0
122502,41588,0,0.234711,0
163507,35195,0,0.494926,0
144800,11130,0,0.030912,0
76860,29926,0,0.000326,0
139869,27845,0,0.000328,0
108464,21709,0,0.000676,0
155838,27055,0,0.000362,0
13227,43957,0,0.000182,0
21463,26620,0,0.000127,0
198789,31992,0,0.426535,0
77777,7177,0,0.173942,0
37059,34217,1,0.977076,1
159407,15495,0,0.013341,0
144023,20127,0,0.074049,0
84337,46104,0,0.558216,1
11224,22150,0,0.000415,0
190513,45007,1,0.896796,1
53200,33015,0,0.280177,0
35763,16257,0,0.435854,0
19336,41073,0,0.073126,0
132713,33206,0,0.167845,0
6448,26419,0,0.020224,0
144211,38456,0,0.178985,0
53343,34262,0,0.000112,0
97409,22247,0,0.238702,0
145674,32251,0,0.941787,1
14097,5876,0,0.000235,0
22510,30305,0,0.000312,0
32014,1485,0,0.432268,0
159975,43654,0,0.000262,0
124132,36070,0,0.048846,0
77459,7054,0,0.718061,1
134598,12406,0,3.7e-05,0
181108,36425,0,0.339601,0
173580,27196,1,0.765922,1
189455,25762,0,0.000178,0
128973,33731,0,0.917269,1
39023,3382,0,0.000148,0
93045,46654,0,0.000235,0
176000,10151,0,0.32378,0
132958,27730,0,0.000598,0
25192,27104,0,0.483427,0
58384,22656,0,0.13752,0
159563,9387,0,0.722916,1
110400,12033,0,0.0018,0
127525,2022,0,4.3e-05,0
112176,18444,0,0.000238,0
25440,32537,0,0.100684,0
64470,12044,0,0.000369,0
145114,26497,0,0.000149,0
197007,34216,0,0.048762,0
102064,21292,0,0.681318,1
4144,4388,0,0.000362,0
64138,43504,0,0.206084,0
26533,14651,0,0.204694,0
98867,5566,0,0.118767,0
194011,39491,0,0.00032,0
15229,27171,0,1e-05,0
101250,25824,0,0.000177,0
70809,1261,1,0.218772,0
37995,6992,0,0.081175,0
120290,20842,0,0.172955,0
137684,6576,0,0.577682,1
104244,10388,0,0.100912,0
19141,34243,0,0.173694,0
122210,43829,0,0.000212,0
116085,24759,0,0.229229,0
81,11365,0,0.172362,0
60119,17949,0,0.57793,1
34542,6348,0,0.464398,0
100869,46802,0,0.651452,1
102199,48144,0,0.000153,0
161831,39561,0,0.00055,0
142746,45007,0,0.000406,0
165505,12312,0,0.000173,0
152668,44625,0,0.000238,0
7103,31471,0,0.215664,0
121370,43961,0,2.1e-05,0
5971,15937,0,0.000725,0
159004,48679,0,0.637298,1
99495,5240,0,0.022053,0
113429,23909,0,0.590566,1
71051,44948,0,0.42241,0
182069,30489,0,0.000468,0
154562,16759,0,0.261614,0
2228,9774,0,0.040585,0
105204,22782,0,0.021435,0
139691,7559,0,0.293951,0
63285,43192,0,0.00029,0
44715,47759,0,0.000219,0
31716,37051,0,0.069685,0
110312,15008,0,0.000585,0
187984,32959,0,0.017843,0
138528,17619,0,7.4e-05,0
177537,44172,0,0.72825,1
106819,30727,0,0.000548,0
198271,27086,0,0.000436,0
120253,20607,0,0.118282,0
203507,39132,0,0.421932,0
91808,19660,0,0.305196,0
191786,7408,0,0.000624,0
205982,45161,0,0.34312,0
97595,43488,0,5.7e-05,0
97011,23165,0,0.570619,1
150670,14429,1,0.371875,0
10606,18382,0,0.344093,0
17806,42736,0,0.000156,0
193295,34827,0,0.633111,1
53693,43768,1,0.458293,0
104981,19730,0,0.074443,0
43305,29095,0,0.000253,0
203009,7503,0,0.128431,0
184212,24852,0,0.943861,1
178633,9472,0,0.055037,0
46089,34407,0,0.000201,0
119884,36107,0,0.000309,0
149287,24631,0,0.000174,0
17474,2927,0,0.032716,0
117053,28836,0,0.000422,0
198288,12392,0,0.06233,0
129430,22031,0,9.1e-05,0
19318,21938,0,0.00016,0
143768,2593,0,0.011596,0
18505,19068,1,0.577628,1
154231,17634,0,0.263161,0
105626,21616,0,0.000207,0
95428,5438,0,0.279682,0
50326,42265,0,0.253341,0
166973,29392,0,0.000365,0
203343,38456,0,0.000716,0
29108,990,0,0.00048,0
38582,1176,1,0.274037,0
120029,37317,0,0.079114,0
185278,35206,0,0.00015,0
95558,1313,0,0.000274,0
26145,38567,0,0.080161,0
61581,26346,0,0.00044,0
194709,40354,0,0.227095,0
106231,37940,0,0.428086,0
98830,19895,0,0.000387,0
204200,44786,0,0.239701,0
107608,47766,0,0.011719,0
4512,5353,0,0.449597,0
146047,22414,0,0.026978,0
13190,21213,0,0.019263,0
147841,14332,0,0.052298,0
202516,45593,0,0.000162,0
134216,45125,0,0.000503,0
88996,19559,0,0.009677,0
143687,31528,0,0.000517,0
106450,39180,0,0.00095,0
104373,5251,0,0.455839,0
157488,9839,0,0.000457,0
115665,11945,0,0.880874,1
104904,13733,0,0.238055,0
92196,20973,0,0.313389,0
126425,8277,0,0.000325,0
51322,29926,0,0.354549,0
78879,40604,0,0.048794,0
137356,31343,0,0.474993,0
96422,13838,0,0.000219,0
25978,1883,0,0.190417,0
33101,25498,0,6e-05,0
2984,19678,0,0.56822,1
63375,23375,0,0.415046,0
139495,47547,0,2.1e-05,0
65369,27548,0,0.00031,0
70278,36766,0,0.004589,0
88281,3464,0,0.148538,0
22069,10246,0,0.424582,0
132916,25533,0,0.266436,0
195765,29565,0,0.000241,0
167730,4562,0,0.000806,0
190457,22236,0,0.000349,0
196413,30391,0,0.305186,0
25208,41540,1,0.953529,1
54245,6047,0,0.00018,0
70048,36695,0,0.000337,0
157847,24279,1,0.329998,0
84403,18963,0,0.109657,0
48125,12118,1,0.100179,0
12249,20583,0,0.447253,0
13595,6691,0,0.549023,1
182757,22827,0,0.000171,0
133617,2657,0,0.0002,0
100123,8174,0,0.112946,0
103003,18362,0,0.107655,0
108939,24099,0,0.016524,0
146886,23775,0,0.03275,0
178214,8571,0,0.882892,1
14051,7559,0,0.483653,0
104570,1446,0,0.000588,0
95374,43960,0,0.240555,0
85970,43789,0,0.000533,0
81300,27548,0,0.000234,0
27648,8424,0,0.374002,0
134756,47144,0,0.362479,0
172153,34049,0,0.178115,0
106502,29926,0,0.000215,0
120865,41665,0,0.075258,0
195338,9430,0,0.408108,0
97473,4071,0,0.175745,0
134045,46979,0,0.763017,1
124347,17794,0,0.449861,0
103553,30561,0,0.000309,0
73579,49416,0,0.398693,0
179375,14862,0,0.000268,0
54158,45104,0,0.560362,1
62242,28560,0,0.3502,0
66823,33198,0,0.034441,0
197668,30776,0,0.000991,0
90924,49026,0,0.000734,0
12663,28613,0,0.783395,1
140340,44570,0,0.721054,1
4722,20463,0,0.000121,0
36486,3798,0,0.096898,0
50294,24964,0,0.303718,0
37773,32020,0,0.292314,0
132872,25352,0,1.1e-05,0
86130,23645,0,0.545908,1
75961,20842,0,0.028983,0
26107,48481,0,0.000217,0
57573,29311,0,0.000194,0
203523,25623,0,0.008824,0
21184,6047,0,0.696462,1
11799,12741,0,0.157426,0
149542,37825,0,0.000222,0
198103,17224,0,0.065682,0
80428,49235,0,0.000384,0
81703,19449,0,0.000151,0
169903,27791,0,0.268716,0
182327,45007,1,0.509699,1
77072,5771,0,0.000511,0
152763,36789,0,0.014419,0
49200,27105,0,0.007255,0
113016,26620,0,0.000169,0
59156,17789,0,0.000189,0
21267,35440,0,0.166626,0
108341,13870,0,0.000261,0
73214,21850,0,0.53072,1
53925,39332,0,0.000422,0
193254,23734,0,0.000371,0
199669,12206,0,0.000233,0
18332,47042,0,0.173732,0
184174,12341,1,0.699546,1
65927,945,0,0.008159,0
14231,39275,0,0.000196,0
103189,23233,0,0.513116,1
171173,27509,1,0.651873,1
39083,5876,0,0.000355,0
32282,42701,0,0.000664,0
150741,6457,0,0.000382,0
102906,45003,0,0.245151,0
134602,27104,0,0.869279,1
147816,16290,1,0.781321,1
78721,2838,0,0.022934,0
158572,27845,0,0.773649,1
146836,44292,0,0.03348,0
98026,27307,0,0.000343,0
168154,49201,0,0.000302,0
19626,44557,1,0.674729,1
17817,47990,0,0.000209,0
197558,17946,0,0.041945,0
125420,34448,0,0.713339,1
52643,29223,1,0.642701,1
133697,14719,0,0.000371,0
117238,34048,0,0.573464,1
135569,12207,0,0.116844,0
91826,26604,0,0.369032,0
75126,890,1,0.257072,0
175809,44570,0,0.16248,0
125782,13595,0,0.000269,0
163966,39715,0,7.9e-05,0
172673,5684,1,0.511721,1
183504,3061,0,0.000263,0
189034,31066,0,0.008924,0
145390,35167,0,0.000602,0
98867,23405,0,0.025448,0
165308,42241,0,0.00021,0
756,10761,0,0.068502,0
122361,13535,0,0.043165,0
188561,3738,0,4.5e-05,0
145010,4210,0,0.85404,1
124681,3023,0,0.522098,1
117871,123,0,0.000293,0
130262,39415,0,0.000425,0
185702,7916,0,0.523509,1
17474,121,0,0.017059,0
61084,37521,0,8.6e-05,0
81490,34203,1,0.656691,1
41137,15617,0,0.163399,0
46078,15392,0,0.109713,0
81808,27695,0,0.653766,1
74361,38118,0,0.000434,0
11377,27069,0,0.248228,0
163308,13176,0,0.001139,0
758,16965,0,0.000289,0
168450,24427,0,0.118825,0
99344,79,0,0.000107,0
198929,7559,0,0.000499,0
92848,32605,0,0.000307,0
105063,12207,0,0.000313,0
150264,12299,0,0.006678,0
151734,2295,0,0.000237,0
100830,13176,0,0.000685,0
77849,47766,1,0.919073,1
14153,18881,0,0.744234,1
64035,34199,0,0.000525,0
174063,29598,0,0.032596,0
143627,23165,0,0.000458,0
132075,19324,0,0.266069,0
57765,42637,0,0.020998,0
181970,39984,0,0.010937,0
44878,22935,0,0.504716,1
113697,21543,0,0.000149,0
179438,343,0,0.01947,0
109531,15455,0,0.104286,0
111429,26283,0,0.036959,0
84828,6871,0,0.000163,0
157431,28842,0,0.552798,1
196064,30707,0,0.388209,0
63426,34584,0,0.000123,0
64981,48309,0,2.6e-05,0
67438,12638,0,0.404218,0
51353,33957,0,0.148552,0
154582,36315,0,0.000105,0
192186,24009,0,0.000291,0
870,46906,0,0.000653,0
49522,27811,0,0.062531,0
192064,47672,0,0.000354,0
125287,14335,0,0.112577,0
155273,11673,0,0.000182,0
22089,47209,0,0.000486,0
103344,44359,0,0.00026,0
105127,27778,0,7.4e-05,0
92914,14573,0,0.144422,0
197581,5020,0,0.107932,0
125586,22993,0,0.004495,0
151447,2562,0,0.432992,0
89402,22935,0,0.315634,0
201408,43961,0,0.000253,0
133638,15510,0,0.000233,0
153345,4605,0,0.395373,0
9823,46802,0,0.301852,0
143487,10613,0,0.406057,0
201135,46916,0,0.074509,0
82516,26629,0,7.1e-05,0
121990,46169,0,0.020734,0
168855,3583,0,0.227373,0
195254,26351,0,0.08264,0
56485,31338,0,0.000272,0
36663,32864,1,0.288349,0
69584,46979,0,0.000387,0
164346,11777,0,0.233601,0
60619,45613,0,0.304686,0
129016,7021,0,0.00025,0
88100,45582,0,0.138115,0
16295,49683,0,0.000787,0
159549,36273,0,0.019051,0
163195,20955,0,0.000144,0
168839,39619,1,0.963985,1
155102,3957,0,0.000234,0
196704,19057,0,0.249249,0
7718,31717,0,0.295001,0
169352,23794,0,0.011433,0
20188,35989,0,0.001031,0
69704,27104,0,0.190631,0
4939,24235,0,0.000415,0
29227,25623,0,0.100655,0
140287,46363,0,0.9148,1
169530,25705,0,0.243069,0
137423,46616,0,0.929931,1
184614,5621,0,0.013578,0
26250,10292,0,0.324067,0
48370,16797,0,0.712669,1
204605,18641,0,0.000183,0
150533,19706,0,0.000328,0
191180,2350,0,0.000315,0
186448,6177,0,0.012374,0
128933,13176,0,0.001164,0
199575,20211,0,0.066782,0
10780,4781,0,0.00027,0
136998,34126,0,0.000202,0
138244,11281,0,0.575415,1
95265,21070,0,0.000442,0
191484,29698,0,0.366764,0
70236,11005,0,0.02142,0
16437,14678,0,0.180263,0
25507,28713,0,0.00043,0
160713,39236,0,0.312856,0
121635,12324,0,0.364233,0
8100,48775,0,0.033702,0
38720,26364,0,0.00469,0
119617,13212,0,0.14916,0
176804,21709,0,0.517826,1
84995,47177,0,0.000439,0
99698,46149,0,0.426092,0
101694,1203,0,0.133655,0
92353,39185,0,0.95797,1
69949,24964,0,0.548897,1
83780,2151,0,0.044789,0
191563,1408,1,0.080876,0
44610,38694,0,0.594414,1
82778,17634,0,0.000656,0
133759,23288,0,0.424008,0
179460,38996,0,0.000172,0
71345,29027,0,0.000109,0
110469,34584,0,0.076173,0
7913,25613,0,0.284618,0
79789,39921,0,0.983027,1
33169,47766,0,9.8e-05,0
54744,29848,0,0.847356,1
143672,42557,0,0.459798,0
138826,39479,0,0.006332,0
86697,5876,1,0.942778,1
164144,24425,1,0.209242,0
89162,32773,0,0.42742,0
120328,18372,0,0.000284,0
161079,49492,0,0.053559,0
15229,27664,0,1.6e-05,0
71709,45638,0,0.059153,0
42316,26915,0,0.000254,0
187748,14917,0,0.044825,0
84048,19732,0,0.155819,0
20494,34690,0,0.000175,0
34945,15810,0,0.069582,0
160649,41970,1,0.82695,1
151328,36750,0,0.000188,0
148686,2359,0,0.110585,0
98760,45586,0,0.000293,0
196391,14161,0,0.001065,0
50188,23165,1,0.770864,1
117575,24852,0,0.982923,1
150237,14280,0,0.000466,0
131959,18709,0,0.047576,0
141490,5646,0,0.372184,0
131677,8277,0,0.105592,0
117762,41544,0,0.000418,0
170506,27796,1,0.183941,0
193134,49217,0,0.721943,1
116537,12817,0,0.489925,0
52237,13979,0,0.009153,0
94764,28473,0,9.6e-05,0
75584,32689,0,3.1e-05,0
196174,14381,0,0.020569,0
103599,31351,0,9.5e-05,0
193291,39408,0,0.607573,1
93424,37374,0,0.137043,0
137900,20995,1,0.488663,0
112968,40182,0,0.005028,0
94374,22892,0,5.3e-05,0
125128,30731,0,0.017846,0
92419,5045,0,0.17473,0
38501,19779,0,0.033507,0
165273,42550,0,0.043319,0
74969,48679,0,0.000237,0
30060,5670,0,0.000863,0
44814,47365,0,0.657158,1
11772,21576,0,9.9e-05,0
15213,21910,0,0.21223,0
179526,12218,0,1e-04,0
131846,43129,0,0.121432,0
153695,43488,0,0.000394,0
102991,21938,0,0.434073,0
72715,46107,0,0.000197,0
38910,33942,0,0.140269,0
72610,44987,1,0.920618,1
188059,20448,0,0.000298,0
27474,3060,0,0.465104,0
179268,43692,0,0.527806,1
85088,160,0,0.036419,0
113697,16986,0,8.8e-05,0
97319,9421,0,8.7e-05,0
126416,25646,0,0.187329,0
131899,6340,0,0.220295,0
14509,24706,0,0.377492,0
89768,44926,0,8.6e-05,0
129589,27966,0,0.204531,0
135298,43961,0,0.646458,1
14792,34355,0,0.00031,0
101356,45007,0,0.680985,1
90884,38274,0,0.202169,0
17980,18880,0,0.138251,0
100183,39408,0,0.000244,0
120270,35786,0,0.000249,0
141456,28918,0,0.000105,0
158355,40376,0,0.000507,0
124376,16570,0,0.44303,0
66304,46572,0,0.08281,0
205805,97,0,0.00022,0
32218,48205,0,0.155472,0
177544,18889,0,0.000442,0
150034,31469,0,0.287671,0
155490,5025,0,0.315963,0
73701,47209,0,0.367054,0
118871,41319,0,0.000176,0
9158,26882,0,0.000123,0
26523,47209,0,0.453414,0
194262,21137,0,0.812821,1
130741,6568,0,0.020175,0
166112,8025,0,0.759486,1
168982,26509,0,0.307819,0
72756,23,1,0.282579,0
59387,25952,0,0.000319,0
199005,18610,0,8.3e-05,0
185857,13924,0,0.010758,0
117814,33198,0,0.010928,0
81228,46979,0,0.771967,1
183974,21903,0,0.736213,1
6,48679,0,0.000256,0
8337,36086,0,0.21407,0
158639,13070,0,0.000107,0
43454,39705,0,0.287708,0
157269,11773,0,0.283362,0
18047,7500,0,0.150782,0
143018,33636,0,0.025808,0
3238,39886,0,0.000475,0
114990,28985,0,0.000126,0
177995,31553,0,0.000261,0
160953,46309,0,3.6e-05,0
167684,46720,0,0.391533,0
137833,46667,0,0.256561,0
130509,7778,1,0.690635,1
46993,4472,0,0.248737,0
6274,27999,0,0.542764,1
50171,18740,0,0.123899,0
117415,8567,0,0.484082,0
52440,39408,0,0.937966,1
115621,1890,0,0.000514,0
83634,3988,0,0.132957,0
39786,38772,0,0.000199,0
60404,37119,0,0.091121,0
181981,29418,0,0.000155,0
62239,32197,0,2.2e-05,0
87746,11520,0,0.352197,0
102443,47915,0,0.123218,0
12294,21115,0,0.000403,0
180888,28252,0,0.000293,0
177988,22504,0,8.3e-05,0
179606,33468,0,0.001071,0
91519,45645,0,0.279418,0
36413,24799,0,0.617001,1
199518,20114,0,0.000378,0
52787,349,0,0.015262,0
109805,7401,0,0.000578,0
171439,15383,0,0.000375,0
85844,46992,1,0.741937,1
26146,33527,0,0.230717,0
125134,5115,0,0.207955,0
142332,19348,0,0.461203,0
162350,31215,0,0.202077,0
107588,31886,0,0.000289,0
188128,3855,0,0.151637,0
43927,40931,0,0.137696,0
56892,27881,0,0.026629,0
94113,25659,0,0.63108,1
94465,10305,0,0.046289,0
103890,48205,0,0.069597,0
180610,5093,0,0.148281,0
205886,30106,0,0.141106,0
66713,48679,0,0.057497,0
28440,6448,0,0.41657,0
76640,13176,1,0.972311,1
149159,46558,0,0.0003,0
109676,6550,1,0.440058,0
141363,29987,0,0.000343,0
123089,44487,0,0.00053,0
50352,27023,0,0.00402,0
199039,8501,0,0.409444,0
193045,26839,0,0.013444,0
151910,29592,0,3.9e-05,0
61551,35395,0,0.000248,0
51411,45633,0,0.000802,0
81069,32652,0,0.000313,0
4316,46567,0,0.287555,0
149452,28849,0,0.065222,0
69369,41596,0,0.240504,0
73844,6187,0,0.853741,1
179511,13984,0,0.276148,0
158355,19389,0,0.000425,0
35067,36011,0,0.00069,0
24179,4576,0,0.030797,0
28370,36403,0,0.203116,0
34620,32225,0,0.000446,0
53694,5438,0,0.263408,0
52410,9020,0,0.186871,0
70356,38890,0,0.011194,0
57752,8903,0,0.000231,0
183948,27196,0,0.020088,0
97286,9390,1,0.172747,0
7483,1999,0,0.000449,0
166942,5876,0,0.000788,0
137612,20175,0,0.29229,0
136022,38456,0,0.490951,0
196602,6166,0,0.304273,0
109588,43920,0,0.012129,0
191988,24759,0,0.000716,0
182612,13733,0,0.430372,0
132836,47766,0,0.813917,1
56622,20738,0,0.670643,1
117767,9327,0,0.050271,0
108776,47209,0,5.9e-05,0
121982,39374,0,0.000193,0
52618,39877,0,0.363134,0
21045,3098,0,0.018142,0
109625,40571,1,0.314429,0
22316,35042,0,0.449959,0
125155,13176,0,0.000928,0
142986,21506,0,0.000512,0
5055,13914,0,0.160141,0
31234,17795,0,0.2222,0
113426,43903,0,0.389345,0
188679,2780,0,0.000596,0
106824,43154,0,0.026901,0
114667,40723,0,0.000362,0
164262,14992,0,0.000357,0
67012,38662,0,0.000172,0
191944,28199,0,0.000312,0
69402,40396,0,0.751699,1
177169,46642,0,0.059386,0
76950,39190,0,0.180867,0
205886,38739,0,0.192881,0
163843,3515,0,0.131564,0
139301,29960,0,7.4e-05,0
61128,37374,0,0.71352,1
97586,15599,0,0.000335,0
65495,8105,0,0.024966,0
41420,18923,0,0.118379,0
11156,34658,0,0.50886,1
111094,890,0,0.456482,0
148698,33147,0,0.000385,0
185127,24184,0,0.00075,0
62754,27966,0,0.725167,1
141765,43768,0,0.352252,0
102110,48679,0,0.000609,0
46257,22935,0,0.001478,0
129201,30233,0,0.946304,1
84943,5533,0,8e-05,0
145305,47626,0,0.934005,1
3244,8006,0,0.000419,0
131738,15630,0,0.435041,0
84351,27336,0,0.000425,0
39207,21616,0,0.78333,1
184627,39117,0,0.24302,0
183717,43967,0,0.885278,1
89511,8423,0,3.9e-05,0
22234,17592,0,0.204075,0
23168,30391,0,0.00095,0
68788,7999,0,0.000112,0
128026,37940,0,0.862285,1
197520,15528,0,5.9e-05,0
15767,47904,0,0.000215,0
181190,29650,0,0.190741,0
200821,27104,0,0.000252,0
47252,424,0,0.131557,0
42454,46979,0,0.470127,0
163395,14634,0,0.033078,0
203480,12035,0,0.690759,1
188295,25591,1,0.954236,1
117435,45007,0,0.000107,0
200404,43920,0,0.000317,0
173032,18599,0,0.117399,0
153694,21903,0,0.623427,1
47429,18534,0,0.429347,0
118705,26638,0,0.065902,0
95464,40063,0,0.123069,0
57621,22753,0,0.001237,0
30497,39216,0,0.298052,0
101954,38383,0,0.000271,0
107313,46572,0,0.011628,0
46218,4799,0,0.000395,0
61101,47439,0,0.520548,1
167652,28999,0,0.000259,0
174991,44310,0,0.169446,0
144840,19057,0,0.404326,0
183523,47873,0,0.0496,0
189391,17836,0,0.090504,0
161476,22115,0,0.099727,0
114921,6297,0,0.000511,0
188561,24320,0,0.000337,0
91995,25548,0,0.000229,0
29351,38051,0,0.000302,0
129824,25340,0,0.000266,0
130732,38200,0,0.000278,0
143558,19660,0,0.001109,0
132974,21137,0,0.00029,0
21705,41062,0,0.029445,0
62988,40571,0,0.001056,0
19328,4957,0,0.0007,0
161452,24235,0,0.000774,0
175033,14222,0,0.012821,0
23615,40141,0,0.024471,0
67441,22935,0,0.904147,1
32052,32190,0,0.000172,0
87552,12916,0,0.000212,0
191520,17352,0,0.000154,0
87629,1757,0,6.2e-05,0
163340,9076,0,0.000125,0
142863,23666,1,0.113005,0
127202,25926,0,0.190523,0
87804,45066,0,0.721693,1
147966,13176,0,0.979529,1
24141,5785,0,0.000495,0
197880,27086,1,0.929622,1
131718,28204,0,0.254897,0
27952,47626,0,0.000335,0
24720,9554,0,7.6e-05,0
185750,45737,0,2.7e-05,0
183242,35887,0,0.590649,1
80779,49174,0,0.313609,0
206079,17794,0,0.000122,0
91929,21513,0,0.03749,0
92451,21978,0,0.067535,0
45465,2441,1,0.174026,0
163295,28842,0,0.000932,0
194126,12831,0,0.607683,1
49987,8048,0,0.42857,0
74027,4932,0,0.117303,0
143995,37070,0,0.000236,0
53267,32989,0,0.074442,0
129759,46820,0,0.110758,0
50352,43712,0,0.026547,0
130955,19046,0,0.345647,0
34823,27104,0,0.778042,1
115834,35749,0,0.246108,0
90911,2102,0,0.000194,0
58946,41357,0,0.348205,0
205095,16262,0,0.001454,0
57621,21367,0,0.057286,0
108580,39984,0,0.597829,1
21189,8277,0,0.000946,0
83420,4562,0,0.395158,0
190402,39812,0,0.264443,0
199733,33401,0,0.000871,0
31226,7781,0,0.000638,0
124341,5067,0,0.071445,0
110573,41259,0,0.680109,1
65549,17795,0,0.000505,0
173850,12466,0,0.030355,0
122723,8467,0,0.923408,1
52705,26238,0,0.001641,0
192827,40062,0,0.759726,1
102349,11512,0,0.904452,1
171274,23645,0,0.000409,0
11250,20327,0,0.457591,0
159645,34126,0,0.000517,0
12130,5785,0,0.000373,0
170682,42736,0,0.440661,0
171181,8277,0,0.000357,0
183259,26021,0,0.765398,1
62669,49655,0,0.162243,0
109942,25043,0,0.048157,0
108250,7150,0,0.237613,0
139495,19048,0,9.2e-05,0
190400,49615,1,0.875489,1
117440,6909,0,1e-05,0
8677,23383,0,0.045978,0
63517,15261,0,0.52315,1
42500,26620,0,0.578889,1
156600,13913,0,0.350016,0
205448,8615,0,0.154783,0
103484,47766,0,0.939436,1
48786,26940,0,0.464075,0
143013,24535,0,0.000575,0
203504,6287,0,0.000324,0
37059,15405,0,0.333027,0
102199,17259,0,6.7e-05,0
180909,47144,0,0.000475,0
5706,8121,0,0.070314,0
71546,24852,0,0.955407,1
41998,24489,0,0.694326,1
144517,15537,0,0.196966,0
37357,30480,1,0.295516,0
16464,28092,0,0.000374,0
153834,3990,0,0.513595,1
69583,17871,0,0.109384,0
103009,28289,0,7.8e-05,0
4192,30450,0,0.132701,0
120890,28597,0,0.399014,0
52888,24964,0,0.607377,1
200337,13654,0,0.138818,0
129209,34012,0,0.827555,1
197551,27247,0,0.00036,0
61652,19701,0,0.218185,0
7275,40199,0,0.000421,0
97461,10441,0,0.784977,1
14969,5606,0,0.000336,0
204106,10482,0,0.279731,0
68121,5184,0,0.000131,0
130098,28902,0,0.002883,0
40527,42736,0,0.262184,0
164322,33037,0,0.271241,0
28591,9324,0,0.007492,0
59826,39721,0,0.729841,1
199304,22963,0,0.000876,0
200439,44310,0,0.000442,0
78065,3213,0,0.073768,0
146769,29223,0,0.000266,0
73994,5077,0,0.51948,1
147022,34489,0,0.90847,1
103217,10246,0,0.062501,0
200167,49683,1,0.750865,1
204099,49615,0,0.042129,0
92880,10185,0,6.7e-05,0
123586,5456,0,0.000388,0
129106,44880,0,0.120318,0
56308,22037,0,0.000262,0
170086,46962,0,0.017967,0
169124,47877,1,0.766481,1
185812,27695,0,0.000317,0
145624,28986,0,0.353039,0
47737,47672,0,0.016204,0
56262,21863,0,0.080823,0
168864,16823,0,0.188873,0
132528,17830,0,0.000121,0
189283,13198,0,0.000957,0
119985,2562,0,0.053357,0
142804,45007,0,0.55475,1
50121,14715,0,0.190912,0
89980,8230,0,0.00035,0
148607,38200,0,0.098421,0
172058,26882,0,0.04523,0
83524,47193,0,0.000205,0
18120,28199,0,0.300088,0
4007,13176,0,0.000864,0
97773,47144,0,0.000573,0
78733,33290,0,0.039537,0
144034,48364,0,0.0004,0
70278,47803,0,0.035171,0
63226,46616,0,0.076154,0
53222,43789,0,0.000148,0
141748,8519,0,0.291108,0
189373,43713,0,0.000265,0
72868,44008,0,0.096608,0
183818,5841,0,0.213363,0
192358,33819,0,0.32289,0
127478,45279,0,0.000315,0
95455,49072,0,0.000518,0
139877,37011,0,0.011004,0
80428,32156,0,0.000436,0
2420,6889,0,0.240114,0
22169,28798,0,0.000216,0
72194,10831,0,0.000448,0
119095,25197,0,0.853184,1
114654,2825,0,0.000605,0
46347,28934,0,0.351944,0
116558,31573,0,0.383118,0
51811,18023,0,0.178649,0
139415,9138,0,0.010513,0
15389,12481,0,0.311409,0
146974,47029,0,0.000566,0
99767,1543,0,0.000909,0
25974,6991,0,0.456729,0
145213,44910,0,0.000106,0
47727,196,0,0.063187,0
49230,35221,0,0.000856,0
15441,29307,0,0.000488,0
37881,35217,0,0.000246,0
20887,5449,0,0.000289,0
193216,27429,0,0.000821,0
102790,7762,0,0.793536,1
53307,37739,0,0.000449,0
58368,3988,0,0.046046,0
86745,37710,0,0.57826,1
62450,13176,1,0.850017,1
127390,28465,0,0.680242,1
35155,36848,0,0.319643,0
157314,40436,0,0.658998,1
116750,25659,0,0.000381,0
180550,21405,0,0.414285,0
131702,24524,0,0.227617,0
154814,12811,0,0.80271,1
114229,41865,0,0.006029,0
171540,39993,0,0.11615,0
34630,13176,1,0.933364,1
54549,26250,0,0.266288,0
137331,26209,0,0.821321,1
157590,30192,0,0.381666,0
104659,1025,0,0.363319,0
14321,32655,0,0.150846,0
83652,26497,0,0.409104,0
36605,34969,0,0.000415,0
131946,24489,0,4.8e-05,0
194395,8239,0,0.000232,0
105659,29363,0,0.778371,1
158420,13870,0,0.000637,0
23808,22425,0,0.027629,0
186227,17725,0,2.8e-05,0
124187,42315,0,0.163428,0
106527,13083,0,0.375258,0
75584,41588,0,4.8e-05,0
30382,38266,0,0.190581,0
13681,2780,0,0.000594,0
2921,11773,0,0.000313,0
171216,32256,0,0.166836,0
199833,37011,0,0.198502,0
57354,1214,0,3e-05,0
25632,6489,0,0.000523,0
177927,12481,0,0.041298,0
89905,31506,0,0.021985,0
46485,25544,0,0.641004,1
100205,35132,0,0.000209,0
110617,42637,0,0.058061,0
124840,23985,1,0.337184,0
82945,39812,0,0.000223,0
152540,27292,0,0.122228,0
64433,30489,0,0.000814,0
201990,16953,0,0.290048,0
189920,48933,0,0.191491,0
35529,3546,0,0.004724,0
150789,14332,0,7.1e-05,0
41205,4428,0,0.000122,0
9158,49215,0,9.6e-05,0
149417,46820,0,0.122885,0
159488,35167,0,8.3e-05,0
202050,44683,0,0.348642,0
171661,47503,1,0.086266,0
108583,43961,0,0.541826,1
166115,42969,0,0.001034,0
98664,12115,0,0.284939,0
167584,21850,0,0.118116,0
43718,46802,0,0.229551,0
54283,44449,0,0.277875,0
70009,20015,1,0.568002,1
119467,19376,0,0.319014,0
141331,46802,0,0.010213,0
30599,47366,0,0.000388,0
34763,46900,0,0.159386,0
110089,19938,0,0.000249,0
108924,45453,0,0.000355,0
148256,27012,0,0.000582,0
80057,1439,0,0.000147,0
184636,49247,0,0.074262,0
159240,25825,0,0.292111,0
148161,28248,0,0.208987,0
68743,2635,0,0.00035,0
117684,2864,0,0.071438,0
56199,48812,1,0.299602,0
191314,16797,0,0.000605,0
77361,41950,0,0.48418,0
133737,24964,0,0.667808,1
34606,8594,0,0.000387,0
164904,32585,0,0.000328,0
189293,30214,0,0.233775,0
29444,41213,0,0.000252,0
22255,7325,0,0.054277,0
150269,47209,0,0.045377,0
55229,46820,0,0.097928,0
96038,47042,0,0.212782,0
35169,3020,0,0.000352,0
40907,21137,0,0.608171,1
35180,38920,0,0.000163,0
73364,46473,0,1.9e-05,0
108052,2770,1,0.917717,1
42786,34126,0,0.398015,0
82865,10172,0,0.069769,0
163399,33352,0,0.000399,0
149287,26620,0,0.000764,0
122781,41290,0,5.2e-05,0
112943,2974,0,0.156845,0
48097,24197,0,0.097793,0
31956,20976,0,0.567292,1
93308,4461,0,0.011429,0
14779,23888,0,0.000103,0
198175,38596,0,0.000428,0
112628,9076,0,0.316562,0
44106,18489,0,0.000879,0
126159,21903,0,0.361988,0
130561,13198,0,0.000356,0
38828,5876,0,0.145364,0
154884,36899,0,0.002898,0
83028,16754,0,9.7e-05,0
94437,46990,0,0.000526,0
128089,33206,0,0.104342,0
7371,45066,0,0.000673,0
197668,13176,0,0.002308,0
79231,37425,1,0.948246,1
199884,37766,0,0.293862,0
173042,48523,1,0.278512,0
73470,45134,0,0.000118,0
119887,32153,0,0.213259,0
141328,14723,0,0.396096,0
23949,2295,0,0.000284,0
146643,35547,0,0.613326,1
76243,10749,0,0.711536,1
111163,15269,0,0.00038,0
42718,34036,0,0.000185,0
114301,25576,0,0.000216,0
15286,10199,0,0.000346,0
113410,3798,0,0.254026,0
128275,13984,0,0.084191,0
64319,28985,0,0.950124,1
168879,13269,0,0.000161,0
39111,46802,0,0.863344,1
139561,8744,0,0.000371,0
51747,13977,0,0.188356,0
38885,20995,0,0.000336,0
82950,23763,0,0.000253,0
23997,32655,0,0.000281,0
4892,42404,0,0.000548,0
121090,19003,0,0.000102,0
202983,12872,0,0.000408,0
167507,29830,0,0.000571,0
197683,30011,0,0.000136,0
49002,26486,0,0.183981,0
70443,48808,0,0.004337,0
83885,196,0,0.58136,1
19594,47209,0,0.534002,1
192761,23181,0,0.053694,0
146796,24489,0,0.330138,0
151737,16223,0,0.000516,0
182560,7379,0,0.531429,1
128169,36183,0,0.106418,0
194432,47209,0,0.007035,0
3871,11408,0,0.224212,0
200152,6184,0,0.087441,0
83087,44501,0,0.090311,0
154621,23484,0,0.000453,0
204641,20323,0,0.048531,0
176030,1559,0,0.078773,0
116544,24799,0,0.527445,1
11161,49478,0,0.0007,0
37897,24964,0,0.262403,0
160317,40592,0,0.28931,0
40132,34584,0,0.289638,0
50131,31506,0,0.000252,0
125440,41220,0,0.737411,1
144504,41950,0,0.000643,0
199115,42500,0,0.262062,0
29113,47357,0,0.000735,0
152694,28745,0,0.226484,0
64047,13535,0,0.024971,0
160284,12276,0,0.000174,0
19984,48501,0,0.095578,0
33388,32864,0,0.000445,0
133018,3562,0,0.28933,0
200312,31506,0,0.310358,0
124220,26915,0,0.00065,0
185742,47229,0,0.236762,0
104694,5615,0,0.01109,0
130481,12144,0,0.000423,0
1025,43713,0,0.368759,0
123165,14283,0,0.020378,0
7027,17706,0,0.558973,1
106285,10603,0,0.000107,0
118380,44359,0,0.705412,1
15379,20114,1,0.938322,1
63159,6121,0,0.000581,0
71198,1158,0,0.481215,0
132594,5250,0,0.432538,0
6122,37940,0,9.6e-05,0
166191,37646,0,0.000289,0
162475,16363,0,0.000503,0
60169,43961,0,0.000475,0
33617,13627,0,0.362763,0
109960,26940,0,0.00072,0
113697,23822,0,0.000216,0
3485,30489,0,0.461339,0
4460,15683,0,0.088559,0
128446,7120,0,0.005513,0
41998,7485,0,0.372862,0
62825,11643,0,0.017903,0
101893,37687,0,0.033256,0
132520,13870,0,0.822531,1
4663,14477,0,0.077536,0
27942,5502,0,0.369915,0
61583,11068,1,0.908231,1
198801,7628,0,0.000197,0
191989,27243,0,5.2e-05,0
117393,1710,0,0.871286,1
64047,31766,0,0.09468,0
172714,15751,0,0.000516,0
146563,24697,0,6.3e-05,0
201533,2120,1,0.485774,0
107549,13646,0,0.000635,0
118651,46562,0,0.000321,0
119400,5708,0,0.826733,1
55017,38236,0,0.00019,0
64778,37067,0,0.000405,0
68322,31423,0,7.2e-05,0
193659,7358,0,0.000265,0
69784,27086,0,0.000302,0
203270,48679,0,0.000476,0
138214,48795,0,0.510035,1
127673,37158,0,0.00046,0
21936,34974,0,0.000363,0
104825,429,0,0.15197,0
152350,47209,0,0.000476,0
150232,16589,1,0.230101,0
161629,34358,1,0.35452,0
33466,42441,0,0.006594,0
38696,22935,0,0.00069,0
67959,31040,0,0.000475,0
60425,42768,1,0.543375,1
189232,5787,0,0.000167,0
65452,17313,0,0.000696,0
197317,13798,0,0.499314,0
21611,10054,0,0.490422,0
29200,2823,0,0.581296,1
89520,14159,0,0.000332,0
142396,29855,0,0.139596,0
84586,47192,0,0.080552,0
25985,26648,0,0.16956,0
107981,25196,0,0.007169,0
156460,44359,0,0.550625,1
185579,15541,0,3.8e-05,0
168015,16521,0,0.52586,1
35023,30326,0,0.76173,1
22653,37330,0,0.054112,0
4930,37374,0,0.071391,0
150995,44771,0,0.118319,0
8290,1463,0,0.074352,0
201630,44987,0,0.000334,0
181218,44328,1,0.849816,1
7665,41690,0,0.041213,0
52359,29077,0,0.000107,0
203126,4304,0,0.000308,0
170099,46239,0,0.076726,0
9748,49175,0,0.00057,0
194290,44514,0,0.043722,0
195115,48176,0,0.082643,0
154438,8542,0,0.263018,0
190600,24954,1,0.79523,1
80642,10957,0,0.000369,0
114537,14233,0,0.305294,0
147174,28493,0,0.40072,0
107992,13083,0,0.524694,1
16309,49235,0,0.32689,0
205034,8518,0,0.678168,1
151081,47672,0,0.325304,0
20498,21334,0,0.426771,0
68755,46676,0,0.000595,0
145163,260,0,0.185768,0
147244,38049,0,0.320698,0
153976,17572,1,0.864594,1
77275,22124,0,0.78393,1
83427,3645,0,0.364537,0
95565,19226,0,0.001917,0
40574,19048,0,6.1e-05,0
84555,32211,0,0.459773,0
23650,21903,1,0.447403,0
14153,39411,0,0.309984,0
186696,38273,0,0.449265,0
68737,48679,0,0.056869,0
134540,18441,0,0.003815,0
181920,7700,0,9.4e-05,0
105355,42834,0,0.548238,1
74908,47717,0,0.433755,0
170131,42265,0,0.000537,0
188777,26201,0,0.588552,1
128387,35669,0,0.146515,0
109504,9366,0,0.000363,0
63026,47717,0,0.00012,0
185791,47967,0,0.229924,0
6291,4045,0,0.117467,0
52870,8174,0,0.163879,0
192545,9431,0,0.00018,0
199299,5120,0,0.872714,1
73182,18140,0,0.411627,0
189770,34195,0,0.271044,0
22914,34969,0,5.7e-05,0
39254,37449,0,0.068904,0
138721,49235,0,0.671824,1
155098,32909,0,0.338309,0
70297,45946,1,0.874745,1
168164,35948,1,0.660087,1
129880,5535,0,0.000259,0
34020,15630,0,0.19962,0
171761,30489,1,0.500918,1
178817,3217,0,0.019543,0
30005,3951,0,0.034278,0
140742,45761,0,0.277747,0
197827,38455,0,0.015114,0
80057,34380,0,0.000231,0
40045,4350,0,0.343219,0
99934,18370,0,0.404873,0
44024,34829,0,0.1465,0
199213,30567,0,0.005558,0
182587,32177,0,0.535147,1
146173,3957,0,0.00018,0
129454,43483,0,0.541332,1
5301,29312,0,0.512163,1
171353,30561,0,0.141736,0
198183,24852,0,0.853587,1
162463,4920,0,0.221344,0
125346,43352,1,0.867704,1
191133,47209,0,0.016678,0
126993,5449,0,0.01575,0
89298,20900,0,0.461211,0
185941,40778,0,0.000686,0
147745,177,0,0.13711,0
104263,37646,0,0.014357,0
42941,15297,0,0.987215,1
132456,45200,0,0.896826,1
136084,32939,0,0.021919,0
199765,16454,0,0.033094,0
182342,9397,0,0.339078,0
73698,46106,0,0.641811,1
101465,36086,0,0.178002,0
82516,38164,0,0.000221,0
61749,196,1,0.648538,1
86131,1022,0,0.000232,0
66431,47766,0,0.529379,1
147970,45954,0,0.000336,0
89989,14333,0,1.3e-05,0
93077,31506,0,0.097858,0
42341,43908,0,0.718656,1
20797,26209,1,0.667763,1
199064,18168,0,0.145205,0
24720,37646,0,0.000119,0
61178,6104,0,0.575936,1
70692,35221,0,0.887036,1
59182,42768,0,0.000325,0
171854,45064,1,0.89512,1
96098,26638,0,0.000295,0
13533,24730,0,0.08192,0
98755,14678,0,0.182097,0
33926,12099,0,0.014326,0
181866,3599,0,0.324583,0
102312,44359,0,0.000291,0
127653,20549,0,0.342844,0
47429,37004,0,0.208126,0
135091,283,0,0.645726,1
105039,27845,1,0.765358,1
54549,20244,0,0.113154,0
99705,25903,0,0.000226,0
177274,34552,0,0.025312,0
109861,34551,0,0.052894,0
40210,26882,0,0.778211,1
111811,6187,0,0.000464,0
171020,1359,0,0.023885,0
116921,34040,0,0.000445,0
193514,46359,0,0.017268,0
109472,10241,0,0.095744,0
69667,15100,0,0.00032,0
43352,32691,0,0.036647,0
20064,2846,0,0.366911,0
164723,23630,0,0.473809,0
180208,48614,0,0.248422,0
99285,32622,0,0.704408,1
46374,48183,0,0.080905,0
155551,24838,0,0.125001,0
141844,26604,0,0.000386,0
109661,31553,0,0.000653,0
72013,30192,0,0.078294,0
169198,20114,0,0.568503,1
97228,21295,0,0.658569,1
135466,7021,0,0.258408,0
99229,21010,0,0.024458,0
81062,45954,0,0.558308,1
34124,39963,0,0.03375,0
103401,47877,0,0.019855,0
36369,2350,0,0.069596,0
26475,5077,0,0.304833,0
58962,39910,0,0.0004,0
161849,1449,0,0.000762,0
137410,26497,0,0.357115,0
69966,31477,0,0.380997,0
131478,43136,0,0.355427,0
68444,27665,0,0.030449,0
123340,31528,0,0.000251,0
145401,25584,0,0.130471,0
54662,11182,0,7.4e-05,0
26031,35886,0,0.377207,0
68788,15703,0,9.2e-05,0
100737,27881,0,0.212249,0
163166,39275,0,0.229884,0
134166,14947,0,0.000767,0
181052,32315,0,0.345503,0
87366,39275,0,0.000473,0
136322,2846,0,0.000419,0
109709,18370,0,0.548607,1
41906,33043,0,0.199217,0
205784,37328,0,0.000135,0
134020,16185,0,0.000715,0
13989,48364,0,0.000333,0
131903,46802,0,0.00051,0
40035,25659,0,0.373654,0
201987,2426,0,0.038785,0
110103,25525,0,0.000719,0
205617,42240,0,0.000661,0
93266,24291,0,0.002073,0
60816,19340,0,0.023281,0
174318,30583,0,0.001348,0
150393,37215,0,0.000184,0
33504,6473,0,0.000179,0
166467,38273,1,0.42071,0
36781,46257,0,0.071357,0
141628,20865,0,0.209489,0
192427,22654,0,0.000426,0
151160,45066,0,0.210178,0
157416,11046,0,0.000141,0
22429,33000,1,0.615725,1
156860,36144,0,0.072139,0
198885,42585,0,0.005203,0
150879,33198,0,0.538655,1
172197,4163,0,0.000135,0
203844,11777,0,0.153876,0
43724,12254,0,9e-06,0
182359,12986,0,0.198202,0
107217,34584,0,0.254345,0
137048,18670,0,0.093568,0
201787,21009,0,0.000397,0
155469,35430,0,0.016196,0
205273,37687,0,0.557072,1
165858,46654,0,0.000406,0
8615,49098,0,0.000402,0
112216,329,0,0.00021,0
149437,9883,0,0.234705,0
6895,34981,0,0.00183,0
87489,25146,0,0.001059,0
1094,9598,0,0.389832,0
163395,27344,0,0.774473,1
143992,5876,0,0.041061,0
6281,26940,0,0.000359,0
146511,12381,0,0.161506,0
15586,13702,0,0.119763,0
107376,31453,0,0.189356,0
55160,3873,0,0.00043,0
195877,37696,0,2.8e-05,0
27952,24834,0,6.2e-05,0
101706,22935,0,0.167732,0
135296,44116,0,0.00048,0
125586,21903,0,0.773018,1
190007,18023,0,0.560883,1
19958,17224,0,0.032653,0
180980,5649,0,0.111753,0
139381,46906,0,0.484043,0
118742,79,0,0.710944,1
115904,14161,0,0.570174,1
60397,18232,0,0.630601,1
199550,30795,1,0.969814,1
57829,35266,0,1.3e-05,0
92044,49101,0,0.00018,0
10344,33401,0,0.000235,0
132939,35336,0,0.083169,0
34794,23622,0,0.000334,0
118077,45007,0,0.666676,1
157894,47672,0,0.408709,0
140301,21137,0,0.000422,0
190694,6046,0,0.248634,0
40235,2799,0,0.000161,0
168288,7401,0,0.070801,0
91405,47144,0,0.48771,0
77119,5479,0,0.000761,0
190387,24852,0,0.000573,0
26610,48762,0,0.000229,0
148396,9387,0,0.353427,0
20017,27407,0,0.152567,0
184850,32465,0,0.547774,1
116212,46045,0,0.079417,0
85908,13212,0,6.5e-05,0
34635,49235,0,0.26559,0
154086,5456,0,0.000652,0
130543,1446,0,5.4e-05,0
92196,47877,0,0.038173,0
138072,28849,0,0.417834,0
195992,449,0,0.000319,0
14397,22089,0,0.000114,0
173481,27759,0,0.000618,0
21773,10758,0,0.230906,0
22130,4920,0,0.001041,0
94252,28427,0,0.00035,0
72089,2593,0,0.000214,0
194614,34940,0,0.000208,0
92747,38896,0,0.261646,0
91377,7559,0,0.223529,0
157899,17795,0,0.751852,1
182899,5022,0,0.235311,0
151994,41602,0,0.000213,0
149717,33990,0,0.000101,0
23099,40310,1,0.63004,1
1137,7195,0,5.8e-05,0
59721,19949,0,0.06056,0
93325,49621,0,0.099549,0
86040,39877,0,0.000864,0
61253,49383,0,0.071969,0
157357,36848,0,0.193495,0
15433,23644,0,0.428657,0
135019,17553,0,0.012194,0
105935,30776,0,0.703618,1
136029,25985,0,0.000377,0
143992,47766,0,0.065876,0
205905,22175,0,0.3321,0
198004,16185,0,0.039516,0
48563,26683,0,0.000196,0
46708,9766,0,0.094996,0
59405,15976,1,0.748773,1
76154,8174,0,0.42162,0
86865,33127,0,0.015404,0
190075,38508,0,0.67928,1
68679,9047,0,6.2e-05,0
3549,24841,0,0.687982,1
75089,43772,0,0.301458,0
181383,47516,0,0.280718,0
130284,24768,0,0.000165,0
130362,38399,0,0.210936,0
59182,33401,0,0.000221,0
130651,25199,1,0.904458,1
187743,33569,0,0.079351,0
113115,41301,0,0.000182,0
122096,30391,0,0.000346,0
10638,7353,0,0.366974,0
54910,4392,0,0.012346,0
104311,20280,0,0.000149,0
81790,42768,0,0.000245,0
115518,19057,0,0.781474,1
24309,27104,0,0.405106,0
82834,22035,0,0.000569,0
65807,32537,0,3.2e-05,0
143274,32151,0,3.8e-05,0
173771,49383,1,0.724761,1
164648,24662,0,0.011519,0
75532,8424,0,0.845634,1
158690,42828,0,0.000151,0
115162,43394,0,0.267741,0
142794,33314,0,7.2e-05,0
113482,35163,0,0.547947,1
194426,8736,1,0.757447,1
153139,28601,0,0.637391,1
50026,36618,0,0.060465,0
7665,5134,0,0.263908,0
89175,1695,0,0.000548,0
111536,7008,0,0.290024,0
140925,24852,0,0.799142,1
78271,41787,0,0.798733,1
173117,39933,0,0.000259,0
95457,13176,1,0.965211,1
26785,25466,0,0.017964,0
149863,2131,0,0.006093,0
110573,39275,0,0.911685,1
121427,16759,0,0.415881,0
186303,39993,0,0.000631,0
136404,18171,0,0.000141,0
55504,18811,0,0.237599,0
135601,1711,0,0.231728,0
81170,2309,0,0.176941,0
150048,39699,0,0.000432,0
60261,49235,0,0.923522,1
69242,34069,0,0.80901,1
2410,28054,0,0.000786,0
70786,13966,0,0.000407,0
62103,17403,0,0.000358,0
16669,5769,0,0.0002,0
100389,6317,0,0.036033,0
77275,4429,0,0.808766,1
71164,29615,0,0.375117,0
97155,48095,0,0.8745,1
161703,4920,0,0.159863,0
107457,4920,0,0.712643,1
185961,4664,0,0.010413,0
201797,21137,0,0.000364,0
41517,45104,0,0.039143,0
144455,25340,0,0.754215,1
123147,21573,1,0.479991,0
134782,25659,0,0.000429,0
135984,48538,0,0.010177,0
183352,2350,0,0.061316,0
157611,8143,0,0.02771,0
5090,13176,0,0.950529,1
93370,16797,0,0.333573,0
6532,19046,0,1e-04,0
119874,31338,0,0.193253,0
139570,11046,0,0.000222,0
183782,16254,0,0.00019,0
44060,27104,0,0.382525,0
156314,45987,0,0.006247,0
28269,23819,1,0.360119,0
204039,18288,0,2.2e-05,0
199991,44631,1,0.73644,1
22637,27966,0,7.6e-05,0
195543,45,0,0.494786,0
6379,23060,0,0.311492,0
149068,43465,0,0.000163,0
57273,40332,0,0.000343,0
87863,22935,0,0.346889,0
203757,37542,0,0.000246,0
115684,28842,0,0.178856,0
184780,31372,0,0.004026,0
112441,14962,0,0.88488,1
155015,34479,0,0.625542,1
131072,32740,0,0.000181,0
36972,38275,0,0.387926,0
105999,44245,1,0.054478,0
44070,14715,0,0.000802,0
122343,43772,0,0.000339,0
72281,41437,0,0.000284,0
112703,36591,0,0.000296,0
135355,1063,0,0.000445,0
119507,27086,0,0.844529,1
179511,37825,0,0.096552,0
151986,31096,0,0.824047,1
63812,14199,0,0.044272,0
201741,39558,0,0.000269,0
96373,35561,0,0.000158,0
132103,3500,0,0.172494,0
27251,18239,0,0.007825,0
118295,36914,0,3.9e-05,0
138325,4799,0,0.133137,0
187151,37067,1,0.936202,1
166281,38557,0,0.012209,0
25471,41220,0,0.001539,0
68865,10514,0,0.000321,0
112154,8022,0,0.205003,0
131503,48423,0,0.000222,0
55189,5022,0,1.8e-05,0
190331,41249,0,0.000108,0
157670,26497,0,0.000107,0
99312,24217,0,0.882089,1
64055,22260,0,0.000269,0
83887,30489,0,0.000528,0
37142,44980,0,6.4e-05,0
57404,19019,0,0.697983,1
170924,37067,0,0.000566,0
203177,9390,0,0.000321,0
140514,7751,0,0.000361,0
20688,3847,0,0.076489,0
155137,2019,0,0.8918,1
198413,31020,0,0.000192,0
137410,21678,0,0.032641,0
198643,41787,0,0.795754,1
82433,18790,0,0.227697,0
144869,5456,0,0.029976,0
78165,15683,0,0.114622,0
152559,39877,0,0.000498,0
123960,37436,0,0.270408,0
159753,25930,0,0.005215,0
124974,9825,0,0.000452,0
189238,26800,0,0.027563,0
7774,41488,0,0.000132,0
40186,38945,0,0.007233,0
98999,42695,0,0.000193,0
54892,20607,0,0.018615,0
183274,49038,0,6.7e-05,0
184594,48697,0,0.064867,0
204911,31506,0,0.224458,0
50264,46829,0,0.012021,0
65495,27316,0,0.223153,0
61699,24231,0,0.069863,0
98081,7503,0,0.000268,0
94832,13984,0,0.193777,0
134078,10849,0,0.000342,0
5878,18598,0,0.028789,0
181115,21293,0,0.04175,0
57211,26751,0,0.106353,0
60077,36117,0,0.518941,1
36946,18598,0,0.013224,0
170282,25318,0,0.082145,0
93450,2326,1,0.83838,1
130651,1468,0,0.827822,1
25870,32,0,0.000552,0
170045,18632,0,0.000373,0
123307,9006,0,0.227401,0
37174,33768,0,0.555799,1
150133,47197,0,0.000251,0
166426,29529,0,0.000144,0
104181,29553,0,0.00035,0
72699,22312,0,8.1e-05,0
46877,25630,0,0.000139,0
108222,18960,0,7e-05,0
32105,40545,0,0.394521,0
35807,5912,1,0.011688,0
19080,46820,0,0.000182,0
91917,45819,0,2.7e-05,0
103864,15528,0,0.000342,0
64645,47223,0,0.000283,0
42685,28199,0,0.885001,1
54909,27117,0,0.125229,0
169409,16973,0,0.2639,0
8613,29658,0,8.1e-05,0
10786,2966,0,0.554231,1
74919,21026,0,0.159015,0
163261,9477,0,0.396107,0
160754,8413,0,0.014823,0
35599,16236,0,0.000211,0
190211,33746,0,0.027702,0
111651,17862,0,0.035862,0
139684,36707,0,0.000211,0
99542,8277,0,0.000458,0
203170,13310,0,0.000418,0
98868,17956,0,0.01067,0
24077,15386,0,0.000899,0
138897,14493,0,0.280564,0
30906,4920,0,7.8e-05,0
48854,9881,0,0.304648,0
27348,3713,0,0.021733,0
25871,5438,0,0.000112,0
18573,33351,0,0.00058,0
125394,31727,0,0.085132,0
129758,39275,0,0.416703,0
10770,25686,0,0.000275,0
166940,26604,1,0.671638,1
129541,47788,0,0.000286,0
93535,2164,0,0.000463,0
156105,44750,0,0.435548,0
34890,48628,0,0.000697,0
121090,17758,0,0.000165,0
19241,20887,0,0.000149,0
50940,49549,0,0.109625,0
8492,19658,0,0.54239,1
7826,42736,1,0.488129,0
95063,2581,0,3e-05,0
110363,28762,0,0.072653,0
45651,9743,0,0.141312,0
158528,34601,0,0.051215,0
184193,28985,0,0.679463,1
168272,19469,1,0.430289,0
121376,15392,0,0.398094,0
133046,28915,1,0.260604,0
76812,10017,0,0.000446,0
80302,32163,0,0.00071,0
32796,21839,0,0.175657,0
183516,25048,0,0.58423,1
131034,35004,0,0.000844,0
53895,28849,0,0.140144,0
191334,5933,0,2.7e-05,0
28440,14197,0,0.321955,0
38291,44471,0,0.151165,0
171338,15290,0,0.28117,0
6448,8141,0,0.012722,0
172755,2944,0,0.003069,0
66032,38883,1,0.505726,1
31403,22794,0,3.1e-05,0
115302,5876,1,0.92675,1
134985,31529,0,0.003602,0
19472,18301,0,0.187633,0
95460,14951,0,0.000721,0
52676,17794,0,0.000586,0
34242,11576,0,0.000452,0
23023,39503,0,9e-06,0
14765,196,0,0.000248,0
113901,26030,0,0.802759,1
44328,42828,0,0.530201,1
174489,16254,0,0.000282,0
141227,6799,0,0.627235,1
83847,42211,0,0.000913,0
178905,13866,1,0.916133,1
73618,2432,0,2.3e-05,0
196729,39032,0,0.000408,0
190901,13176,0,0.6528,1
103314,18879,0,0.398438,0
203062,35921,0,0.000302,0
40840,39475,1,0.967986,1
114107,4721,0,0.000457,0
172978,8803,0,0.755871,1
3794,7600,0,0.077536,0
19758,22935,0,0.369004,0
198465,36198,0,0.651245,1
45247,24964,1,0.790816,1
154677,41809,0,0.63067,1
156332,31041,0,0.490582,0
104721,10246,0,0.400908,0
127247,49481,0,0.159476,0
135569,20327,0,0.088252,0
35201,44632,0,0.00062,0
159847,17568,0,0.000165,0
53030,43643,0,0.000783,0
37142,36316,0,0.000239,0
58613,22275,0,0.052876,0
36549,47141,0,0.490048,0
70400,34969,0,0.000928,0
168599,33731,0,0.47239,0
133283,44912,0,0.005275,0
52694,3678,0,0.097322,0
184373,34160,1,0.842702,1
55576,49670,0,0.000239,0
102117,34722,0,8.9e-05,0
130683,19057,0,0.777976,1
87823,42014,0,0.033419,0
200128,31778,0,0.328773,0
8925,46720,0,0.252497,0
50198,8424,0,0.938523,1
968,26209,0,0.012982,0
180476,21405,0,0.332418,0
120890,28985,0,0.356624,0
59709,22035,0,0.006946,0
142590,36976,0,0.009703,0
121323,8174,0,0.000812,0
46450,43867,0,0.000232,0
178640,33558,0,0.327359,0
67101,1511,0,0.000318,0
36465,43659,0,0.218614,0
8891,42073,1,0.780549,1
201229,11452,0,0.000138,0
135059,5449,0,0.678302,1
138190,43765,0,0.352548,0
145250,36361,0,0.000268,0
193939,44683,0,0.000237,0
165289,36397,0,0.232096,0
137628,20114,0,0.735192,1
150695,21405,0,0.00023,0
78974,33716,1,0.893618,1
148607,21137,0,0.90343,1
201943,47144,0,0.124248,0
177779,7021,0,0.270686,0
56886,33043,0,0.274875,0
54912,15662,0,4.9e-05,0
189624,5011,0,0.219073,0
111999,26856,0,0.325361,0
154581,26604,0,0.193025,0
205745,38383,0,0.172997,0
135407,48118,0,0.000179,0
36000,11662,0,0.034267,0
103742,18201,0,0.000146,0
180937,5991,0,4.2e-05,0
38696,21810,0,0.000194,0
146862,20152,0,0.2154,0
137495,14531,0,0.164177,0
165837,20379,0,0.501623,1
33983,41036,0,0.118157,0
69999,47766,1,0.703496,1
186995,47890,0,0.000215,0
15521,20632,0,9.5e-05,0
168535,14488,0,0.578408,1
99601,5456,0,0.189119,0
125768,25653,0,0.728446,1
69173,39436,0,9.6e-05,0
98863,22275,0,7.3e-05,0
130375,24654,0,0.039483,0
59702,44021,0,0.974302,1
120552,26723,0,0.012224,0
155816,24629,0,0.842946,1
190561,13431,0,0.338126,0
69970,26410,0,0.343852,0
132417,7963,0,0.084605,0
153053,28204,0,0.000415,0
82573,28115,0,0.089986,0
196441,28199,0,0.000823,0
180703,11182,0,0.244739,0
44463,36472,0,0.53989,1
105805,22124,0,0.711597,1
50981,11265,0,0.131094,0
164580,23915,1,0.135367,0
12835,39993,0,0.000246,0
47727,8451,0,0.021534,0
168213,8518,0,0.282199,0
125721,48109,0,6.7e-05,0
19129,4518,0,0.000236,0
168979,24497,0,0.501153,1
72699,36772,0,0.00025,0
60698,42253,0,0.083985,0
102034,9076,0,0.89635,1
166693,8758,0,8.2e-05,0
101012,8277,0,0.73149,1
138649,16304,0,0.159305,0
61770,17530,0,0.014618,0
9384,24852,1,0.961856,1
85767,8277,0,0.043404,0
59635,24964,0,0.587981,1
6895,20015,0,0.012325,0
86767,29553,0,0.000204,0
147285,49683,0,0.348329,0
149433,6218,0,0.000731,0
113591,43768,0,0.322948,0
205877,44245,0,0.000104,0
98844,16254,0,0.000442,0
172031,9681,1,0.839227,1
149863,16826,0,0.097745,0
19890,28156,0,0.330964,0
38305,42931,0,0.209185,0
79396,46667,0,0.193096,0
31773,49175,0,0.000156,0
52830,41787,0,0.396227,0
179086,37055,0,0.000184,0
5856,25138,0,0.761193,1
132584,39190,0,0.858462,1
191916,31343,0,0.0004,0
3219,12157,0,0.041884,0
95953,38180,0,0.05554,0
93612,3122,0,0.00023,0
121858,14462,0,0.252598,0
163993,17668,0,0.000281,0
124335,47626,0,0.016629,0
105726,25272,0,0.065021,0
186218,27156,0,0.000286,0
116943,27407,0,0.129182,0
100477,22935,0,0.000484,0
7310,47209,0,0.73034,1
117923,19057,0,0.826636,1
142643,16478,0,0.701465,1
36691,38400,0,0.092085,0
69312,41220,0,0.634766,1
2940,881,0,0.282641,0
60740,12872,0,0.284471,0
63725,42364,0,0.000152,0
93517,43768,0,0.000525,0
112061,32369,0,0.231375,0
161515,22890,0,0.000201,0
203544,14650,0,0.080602,0
81835,3376,0,0.02392,0
112910,39534,0,0.603778,1
68505,13176,0,0.599385,1
177936,22620,0,0.026652,0
177706,23909,0,0.537589,1
101713,42265,0,0.597152,1
194117,42265,0,0.000626,0
158226,12917,0,0.003019,0
88572,33219,1,0.122175,0
39707,47866,0,0.320115,0
147206,47492,0,0.006964,0
47859,20114,0,0.423474,0
27896,21162,0,0.000241,0
51542,27370,0,0.145629,0
48334,30873,0,0.000183,0
95695,27156,0,0.500348,1
84669,47144,0,0.724396,1
77230,28226,0,0.488945,0
51778,31805,0,0.080854,0
194026,14992,1,0.071821,0
161951,10673,0,0.255665,0
155725,6532,0,0.822104,1
40275,36431,0,0.000415,0
112674,42030,0,0.000257,0
194412,12914,1,0.209987,0
166534,42731,0,4.4e-05,0
185630,42912,0,0.000233,0
165220,43889,0,5.4e-05,0
33641,48762,0,0.000433,0
198993,9337,0,0.000131,0
174013,493,0,0.000482,0
127959,9694,0,0.336789,0
20707,15618,0,0.102789,0
160325,17550,1,0.61965,1
152536,5258,1,0.441012,0
52089,39512,0,2.6e-05,0
81603,37947,0,0.210497,0
13670,26634,0,0.400776,0
70904,2699,0,0.012033,0
160762,4472,0,0.000612,0
148585,8053,0,0.230703,0
160860,32828,0,0.106088,0
89427,42450,0,0.134897,0
112239,21883,0,0.000572,0
187219,31717,1,0.363751,0
152121,20169,0,0.000128,0
69712,7563,0,0.000987,0
24587,8105,0,0.005254,0
10429,6873,0,0.070099,0
7205,33540,0,0.014516,0
107629,17122,0,0.000684,0
119148,22963,0,0.043869,0
142485,8230,0,0.000406,0
143255,16617,0,0.001058,0
7401,24955,0,0.000227,0
134612,45603,1,0.963134,1
60672,22935,1,0.7412,1
150919,14861,0,0.572587,1
37795,37489,0,0.000107,0
13330,13841,0,0.005616,0
96766,42110,0,0.49763,0
184142,37646,0,0.069736,0
125901,9092,0,0.457312,0
124436,37067,0,0.743201,1
132863,28836,0,0.006645,0
1490,19421,0,0.117992,0
160936,39275,0,0.091684,0
134209,35561,0,0.02761,0
60683,44389,0,0.943167,1
59698,19713,0,0.000225,0
172353,7181,0,1.2e-05,0
106994,4367,0,0.135615,0
144542,47893,0,0.003071,0
60946,13176,1,0.897409,1
150225,26032,0,0.000457,0
39727,39272,0,0.000224,0
65092,8016,0,0.000472,0
55215,47626,0,0.670026,1
74654,32585,0,0.255118,0
105437,40723,1,0.733201,1
192675,23726,0,0.010197,0
53525,16797,1,0.439055,0
134601,34220,0,0.348126,0
173301,46842,0,0.000135,0
194576,40593,0,7.9e-05,0
140014,262,0,4.5e-05,0
181920,32463,0,6.3e-05,0
130747,47626,0,0.685366,1
52332,6593,0,5e-05,0
54337,15937,0,0.153959,0
8656,41874,0,4e-05,0
83369,44107,0,0.000221,0
32508,2979,0,0.00021,0
92022,44779,0,0.463674,0
107580,1117,0,0.000255,0
134218,16994,0,0.399767,0
68888,4210,0,0.628165,1
117009,22935,0,0.000394,0
176660,14366,0,0.000401,0
24404,42265,0,0.427349,0
35023,4559,0,0.02897,0
141592,16363,0,0.000209,0
66713,31869,0,0.077016,0
10252,17794,0,0.246023,0
186585,21938,0,0.476798,0
5287,38456,0,0.002479,0
152074,36082,0,0.030669,0
17872,31343,0,0.000459,0
150021,5769,0,0.000361,0
55367,29675,0,0.000614,0
52519,28842,0,0.000631,0
136998,19508,0,0.000327,0
101321,148,0,0.208971,0
167730,4421,0,0.000569,0
122883,24507,0,4.4e-05,0
12115,13672,0,9.4e-05,0
34027,5818,0,0.17234,0
129285,32578,0,0.000604,0
46902,37357,1,0.822465,1
191428,38419,0,0.121099,0
178236,36550,0,0.032145,0
171616,11987,0,0.014313,0
124012,14792,0,2.4e-05,0
92252,5098,0,0.108641,0
146403,48946,0,0.00031,0
158866,31506,0,0.381581,0
14333,22825,1,0.113484,0
164453,46434,0,0.093929,0
89120,24713,0,0.631942,1
38607,22959,0,0.686768,1
108979,49131,1,0.672765,1
11729,9438,0,0.971138,1
58919,34126,0,0.281451,0
481,34584,0,0.354294,0
171673,21137,0,0.000132,0
103732,41277,0,0.034874,0
161379,15647,0,3e-05,0
102459,10006,0,0.000568,0
809,16262,0,0.135221,0
191916,3298,0,0.000258,0
126056,44116,0,0.000325,0
52008,34581,0,0.008358,0
129127,32197,0,0.000313,0
5091,43182,1,0.506867,1
31164,46812,0,0.108239,0
86100,42075,0,0.030814,0
204106,13380,0,0.184198,0
153351,5373,0,0.000394,0
192707,17429,0,0.495809,0
5557,21137,0,0.482601,0
85736,48745,0,0.670887,1
67654,46357,0,0.000142,0
129181,21476,0,0.426283,0
148666,2589,0,4.6e-05,0
144023,32734,0,0.443838,0
42550,16793,0,0.010273,0
7474,39046,0,0.618978,1
177427,3192,0,0.000376,0
16579,11984,0,0.000752,0
50131,9387,0,0.000635,0
157248,47962,0,0.000488,0
102349,32648,0,0.964195,1
30808,14992,0,0.13534,0
121202,17872,0,0.251446,0
188440,33731,0,0.000222,0
184080,32177,0,0.284477,0
127622,2433,0,0.729019,1
63538,35108,0,0.000285,0
154372,20119,0,0.965351,1
123807,35842,0,0.000113,0
70212,7200,0,0.468644,0
118083,26036,0,0.124142,0
163707,4294,0,0.000372,0
47727,4338,0,0.009942,0
89713,24816,0,0.049233,0
182469,27086,0,0.000296,0
64550,31553,0,0.000248,0
130852,38028,0,0.000327,0
164404,47182,0,0.128081,0
139948,43070,0,0.396922,0
36712,21616,0,0.279003,0
162762,31371,1,0.944193,1
63755,605,0,0.35391,0
181981,46807,0,2.5e-05,0
75815,42669,0,0.025695,0
154926,19173,0,0.30841,0
9785,36550,0,0.398704,0
25679,18656,0,0.000369,0
28460,46676,0,0.077529,0
30452,39621,0,0.191072,0
116129,48057,0,0.439646,0
80162,40555,0,0.000313,0
137001,46361,0,0.125484,0
54472,48299,0,0.350078,0
7718,7241,0,0.477488,0
143164,28204,0,0.652917,1
75238,22447,0,0.458808,0
120488,39928,0,0.000192,0
189867,29116,0,0.093222,0
136679,11182,0,0.193374,0
162742,20114,0,0.000435,0
204237,21338,0,0.144421,0
29400,260,0,6.3e-05,0
19137,6473,0,0.00031,0
132737,4960,0,0.000164,0
189750,41372,0,0.192185,0
138423,9421,0,0.934738,1
9684,23579,0,0.707173,1
11450,18670,0,0.027566,0
25709,44643,0,0.155397,0
34000,27695,0,4.9e-05,0
192633,48628,0,0.000429,0
35953,32782,0,0.000262,0
149344,32864,0,0.449793,0
116415,48903,0,0.000439,0
93325,7021,0,0.028369,0
165699,47672,0,0.000467,0
16865,37524,0,0.256628,0
58245,39303,0,0.000476,0
98816,48226,0,0.00034,0
146599,24248,0,0.527651,1
158919,7628,0,0.169001,0
107550,20524,0,0.115875,0
156916,12811,0,0.000206,0
137820,18362,0,0.000306,0
132112,44843,0,0.450349,0
3219,17183,1,0.489308,0
136893,45007,0,0.278994,0
65040,49320,0,0.36721,0
161008,30391,0,0.504711,1
190663,5162,0,0.191036,0
116283,38533,0,0.000688,0
104723,5206,0,0.195214,0
4726,22159,0,0.308636,0
10037,36600,0,0.594875,1
58470,42445,0,0.000689,0
85460,39475,0,0.926568,1
14577,3376,0,0.000243,0
159573,18523,0,0.625046,1
115383,4675,0,0.000274,0
16357,28800,0,0.00464,0
43192,26369,0,0.000595,0
173982,117,0,0.007747,0
131931,1969,0,0.000543,0
148549,8204,1,0.061952,0
168525,18643,0,0.459659,0
128599,14462,1,0.914941,1
171730,29934,0,0.000277,0
120418,19448,0,0.000124,0
176344,1621,1,0.516788,1
34794,21903,0,0.000223,0
102264,9756,0,0.000306,0
61603,46473,0,0.10569,0
60619,28204,0,0.415508,0
14075,7416,0,0.000169,0
46146,4605,0,0.63285,1
117078,8539,0,0.073433,0
183141,43961,0,0.569393,1
176553,26431,0,0.000539,0
24098,17747,0,0.11607,0
192051,45084,0,0.144541,0
110141,30881,0,0.009563,0
198993,16019,0,0.000237,0
23713,32816,0,0.067535,0
25327,1695,0,0.197486,0
200347,13861,0,0.713118,1
172054,6765,0,0.023124,0
18998,43637,0,5.6e-05,0
168879,39024,0,0.000204,0
70297,44479,0,0.7477,1
53753,21137,0,0.000866,0
199884,45066,0,0.638584,1
40963,29344,0,0.031954,0
96995,35629,0,9.6e-05,0
40029,651,0,0.000743,0
120211,6482,0,0.061225,0
95390,18362,0,0.00045,0
128637,6867,0,0.000469,0
53061,17835,1,0.656245,1
195898,16133,0,0.081939,0
93325,29204,0,0.005983,0
149159,44310,0,0.000269,0
98200,14084,1,0.78839,1
10152,40313,0,0.271929,0
35398,4302,0,0.000169,0
24362,36956,0,0.000232,0
206201,14861,0,9e-05,0
201330,3952,0,0.036875,0
128752,21903,1,0.943423,1
51118,31635,0,0.247669,0
89298,790,0,0.373629,0
140484,4086,0,0.15535,0
117767,32904,0,0.343698,0
154372,17949,0,0.721193,1
177535,32403,0,0.063564,0
78721,10603,0,0.298927,0
31517,39275,0,0.226314,0
34124,14788,0,0.007555,0
144391,46129,0,0.285589,0
109037,27344,0,0.510724,1
144870,15950,0,0.000383,0
145842,9434,0,0.127341,0
71779,26369,1,0.880133,1
135658,10749,0,0.000661,0
15503,36360,0,0.393979,0
192143,27554,0,0.760094,1
119781,17322,0,0.062932,0
163295,1158,0,0.000341,0
179437,24231,0,0.000187,0
176504,49235,0,0.001163,0
19928,15134,0,0.280627,0
137360,14462,0,0.000311,0
184962,10326,0,0.000216,0
152538,30390,0,0.006836,0
177881,26131,0,0.766707,1
18332,41319,0,0.026967,0
152877,44099,0,0.003529,0
5487,1827,0,0.032312,0
31013,35911,0,0.15218,0
148748,34358,0,0.643048,1
144785,22963,0,0.000534,0
188666,23405,0,0.024732,0
148698,4552,0,0.000843,0
45094,47042,0,0.000255,0
78492,38419,0,0.165659,0
49842,27966,0,0.785518,1
191612,14858,0,0.355748,0
146495,33819,0,0.108963,0
7666,11193,0,0.000484,0
85903,47209,0,0.000797,0
47077,34466,0,0.035638,0
157339,27695,0,0.690575,1
73182,27845,1,0.905302,1
11847,5161,0,0.000175,0
136402,30776,0,0.417638,0
172173,26790,0,0.972412,1
162947,35725,0,0.044545,0
199325,31506,0,0.087972,0
11232,45190,0,0.000262,0
119078,16840,0,0.002294,0
145505,32563,0,7.3e-05,0
52259,41948,0,0.006098,0
178638,34584,0,0.93909,1
150517,37687,0,0.000191,0
90511,32553,0,0.000266,0
82296,34234,0,0.493461,0
57074,32478,0,0.315136,0
136683,10504,0,0.000785,0
171542,24852,0,0.041254,0
177466,7175,0,0.489816,0
870,12980,0,0.001151,0
107936,9382,0,0.003528,0
174588,2297,0,0.008888,0
12730,4162,0,0.139591,0
150101,35321,0,0.000872,0
67722,10151,0,0.056677,0
127645,27839,0,0.831819,1
108346,36672,0,0.021684,0
8977,20345,0,0.001206,0
97132,43789,0,0.109214,0
25892,48726,0,0.000558,0
47253,10246,1,0.595019,1
58385,34126,0,0.129812,0
81753,2622,0,0.042167,0
154321,35249,0,0.035498,0
144387,15610,0,0.011612,0
15052,2091,0,0.811137,1
147717,26369,0,0.437916,0
76449,36746,0,0.000363,0
129128,16759,0,0.797045,1
103552,40604,0,0.312737,0
179507,5991,0,0.399264,0
58750,47962,0,0.000574,0
113482,21137,0,0.884473,1
5927,8809,0,7.6e-05,0
71103,40571,1,0.324048,0
192602,9808,0,0.000485,0
167308,33232,0,0.000507,0
98847,2983,0,0.193353,0
133655,30391,0,0.000413,0
159917,46673,0,0.128042,0
24571,36005,0,0.784423,1
63607,26949,1,0.952445,1
127111,23400,0,0.213157,0
181317,2350,0,0.155648,0
167076,45249,0,0.314744,0
110138,35473,0,0.000405,0
47064,47672,0,0.000296,0
176780,1685,0,0.684195,1
17874,39040,1,0.116043,0
133146,37646,0,0.000724,0
109154,4920,0,0.903962,1
202588,47209,0,0.782242,1
164265,5077,0,0.347427,0
67010,42139,0,0.119572,0
9786,34448,0,0.000353,0
198212,42796,0,0.000268,0
105169,26002,0,0.156207,0
153016,7378,0,0.004045,0
7952,30620,0,0.055959,0
163454,36256,0,0.561477,1
204799,43352,0,0.629582,1
26929,32734,0,0.000426,0
2390,38313,0,0.000566,0
63334,7156,0,0.590739,1
45410,31299,0,0.266655,0
106718,7156,0,0.000304,0
81765,28204,0,0.327727,0
193496,45066,0,0.116459,0
55281,4799,0,0.16977,0
184441,7500,0,0.000429,0
81303,29327,0,0.000226,0
199298,49451,0,0.500896,1
72919,6348,0,0.000998,0
201678,33945,0,0.000381,0
87097,35633,0,0.089282,0
166399,33198,0,0.286291,0
43023,24079,0,0.434656,0
119024,21630,0,0.106756,0
31093,30463,0,0.012535,0
79743,33736,0,0.22133,0
84755,31328,0,0.324387,0
130115,34217,0,0.372974,0
195846,5438,0,0.264824,0
88422,8628,0,6.9e-05,0
163221,10749,0,0.000515,0
189678,15689,0,0.566421,1
109320,41276,1,0.33145,0
194494,26257,0,0.904138,1
45131,979,0,0.000272,0
129355,28204,0,0.935112,1
113749,18827,0,0.059611,0
100465,27695,0,0.000599,0
128537,2116,0,0.559842,1
127366,8057,0,0.000339,0
198099,9159,0,0.035212,0
95991,17541,0,0.118204,0
204605,46616,0,0.000123,0
105529,22093,0,0.000233,0
119423,20588,0,0.3388,0
90760,18142,0,0.240616,0
33216,43371,0,0.073095,0
89622,2228,0,0.199802,0
23650,49683,0,0.979709,1
46979,21009,0,0.543889,1
149437,41165,0,0.836187,1
85141,4317,0,0.000506,0
106204,11034,0,0.074227,0
48744,14828,0,3.4e-05,0
64971,49585,0,0.06793,0
196297,38087,0,0.002932,0
178735,14761,0,0.000136,0
128453,2091,1,0.49855,0
161493,22521,0,7.6e-05,0
202455,7255,0,0.683895,1
117733,31371,0,0.000618,0
170323,17328,1,0.844388,1
27808,16617,0,0.000545,0
102646,5086,0,0.68878,1
198933,18987,0,0.000367,0
188688,2298,0,2.3e-05,0
183496,43735,0,0.505833,1
95991,46667,0,0.579852,1
47737,43421,0,0.0752,0
116943,10255,0,0.127065,0
142150,30720,0,0.023835,0
131848,34358,0,0.235162,0
47379,26776,0,0.141498,0
131273,33636,0,0.703187,1
92343,45007,0,0.000321,0
112293,5120,0,0.000251,0
48132,31500,0,0.184937,0
34606,32869,0,0.000552,0
134080,41488,0,0.000624,0
156151,33509,0,0.131973,0
194459,16965,0,0.312533,0
98820,17487,0,0.53695,1
34578,49683,0,0.17797,0
87498,46260,0,0.000582,0
45094,33731,0,0.000356,0
22031,31343,0,0.501422,1
103553,8518,0,0.000412,0
14075,38593,0,0.000143,0
149473,33746,0,0.074713,0
86377,14197,0,0.133702,0
14279,30391,0,0.863175,1
8090,31987,0,0.000246,0
50153,2078,0,0.000495,0
143707,5212,0,0.000187,0
71562,25146,0,0.530324,1
57210,5077,0,0.86228,1
63720,21293,0,0.000337,0
103636,13535,0,0.000427,0
9785,41544,0,0.137517,0
75126,128,0,0.184649,0
134675,42768,0,0.676102,1
87490,20479,0,0.000662,0
34505,46979,0,0.389776,0
136003,28928,0,0.254884,0
107376,27237,1,0.10866,0
2884,14650,0,0.186948,0
107832,38647,0,0.498887,0
58218,49241,0,0.000308,0
55741,47672,1,0.046744,0
175040,11198,0,0.007226,0
166049,39275,0,0.640174,1
16165,14414,0,0.485603,0
205961,6343,0,0.364882,0
63073,11136,0,5.6e-05,0
313,49175,0,0.287274,0
120667,3689,0,0.000887,0
122343,28682,0,0.000169,0
65010,39337,1,0.816097,1
185464,31268,0,0.036559,0
198949,16363,0,0.160601,0
75036,2309,0,0.055451,0
179437,41610,0,0.000153,0
140121,47626,0,0.000124,0
188507,25741,0,3.1e-05,0
13449,46139,0,0.174445,0
59937,12899,0,0.109123,0
86107,8929,0,0.822871,1
177680,35633,0,0.00872,0
75020,19821,0,0.000289,0
135404,12258,0,0.86949,1
84086,40377,0,0.152185,0
154299,2763,0,0.000433,0
74953,25472,0,0.000644,0
151105,6908,0,0.293919,0
112656,3880,0,0.363856,0
111128,45495,1,0.452364,0
26849,21526,0,0.000306,0
195552,2846,0,0.447594,0
166291,19809,0,0.000636,0
88441,32734,0,0.047178,0
125155,7021,0,0.000432,0
36328,23400,0,0.155256,0
9988,10749,0,0.90272,1
73929,14267,0,0.000152,0
139039,17505,0,0.270451,0
17153,46969,0,0.000444,0
101603,5194,0,0.000314,0
201992,24838,0,0.000376,0
49145,21038,1,0.938431,1
200273,24561,0,0.000182,0
19794,12858,0,0.00017,0
200775,32365,0,0.286985,0
719,33857,0,0.323366,0
127006,23088,0,0.007912,0
121473,2450,0,0.000894,0
173413,28008,0,0.000169,0
23998,27796,0,0.102698,0
52440,25899,0,0.000573,0
132961,21393,0,0.105224,0
107306,33985,0,0.000113,0
126896,27156,0,0.133087,0
140648,36005,0,0.000293,0
175965,10246,0,0.375006,0
23179,33572,0,1e-04,0
85092,5132,1,0.5849,1
85088,6870,0,0.00622,0
168546,9531,0,0.329265,0
65333,19613,0,0.334869,0
81603,23537,0,0.123527,0
71187,27951,0,0.001554,0
85176,48364,0,0.768007,1
185290,2966,0,0.000257,0
197815,1408,0,0.138183,0
40622,43295,0,0.000835,0
112497,7952,0,0.000352,0
179973,15438,0,0.11696,0
109836,30489,0,0.000522,0
202402,49111,0,0.000573,0
4226,8193,0,0.000227,0
200442,33195,0,0.338202,0
74412,46979,0,0.414961,0
59759,34126,0,0.686586,1
39206,35119,0,6.6e-05,0
160812,11109,0,0.000468,0
169551,7987,0,7.2e-05,0
130137,7788,0,0.340014,0
144175,21174,0,0.000701,0
165235,19612,0,0.340897,0
96643,48192,0,0.000263,0
98386,17704,0,0.000246,0
149662,22963,1,0.888273,1
80710,23917,0,0.01877,0
163401,23537,0,0.424722,0
184155,33073,0,0.495331,0
76886,20608,0,0.084004,0
179870,28373,0,0.396246,0
20712,5876,0,0.570557,1
175728,890,0,0.000224,0
166044,37257,0,0.472499,0
116041,3298,0,0.426232,0
194566,25230,0,0.179861,0
73101,16797,0,0.632651,1
190679,8193,0,0.000834,0
13562,35535,0,0.239145,0
4517,22935,0,0.000854,0
160605,34126,0,0.183062,0
205417,39275,0,0.558699,1
125090,31744,0,5.2e-05,0
22617,37497,0,0.000175,0
178601,13874,0,0.000244,0
66477,9881,0,0.561918,1
52089,44027,0,3.8e-05,0
168276,30391,0,0.000199,0
122346,49079,0,0.315243,0
64778,33080,0,0.000473,0
119503,26324,0,0.660599,1
63860,15028,0,0.000576,0
141340,47479,0,0.060982,0
62116,1511,0,0.977651,1
156105,40708,0,0.692866,1
142038,33232,0,0.000412,0
5910,5746,0,0.000493,0
132156,6740,0,0.001718,0
80094,27240,0,0.113327,0
27038,22935,0,0.714318,1
75770,15091,0,0.26761,0
77466,1181,0,0.000494,0
61038,38949,0,0.110318,0
163569,39619,0,0.233231,0
53102,13170,0,0.232904,0
14991,31915,0,0.14041,0
146667,33647,0,0.562671,1
206127,31102,0,0.000288,0
130571,15479,0,2.9e-05,0
10555,32655,0,0.692066,1
20061,43933,0,0.000515,0
25403,39275,1,0.545235,1
108161,4913,0,0.312601,0
76159,5097,0,0.353686,0
7817,16419,0,0.359892,0
180670,34735,0,0.421846,0
45538,32850,0,0.000417,0
72815,5258,0,8.9e-05,0
81297,7925,0,0.190144,0
51872,44632,0,0.000366,0
59252,9387,0,0.40614,0
190561,17830,0,0.053147,0
17526,12663,0,0.580399,1
57124,26706,0,0.000717,0
152051,35547,0,0.000457,0
99675,33636,0,0.30754,0
35828,31215,0,0.000217,0
203126,16185,0,0.000658,0
50236,5077,0,0.322908,0
86915,43376,0,0.112482,0
74840,19821,0,3.3e-05,0
69521,19904,0,0.201762,0
88860,48246,0,0.260672,0
102170,47626,0,0.373492,0
129487,46275,0,0.626506,1
89337,46979,0,0.709152,1
65320,4945,0,8.9e-05,0
55911,13780,0,0.049011,0
121178,33237,1,0.920231,1
43982,46697,0,0.022547,0
5295,18418,0,0.620681,1
178284,10831,0,0.003261,0
146059,39430,0,0.000299,0
205110,26249,0,0.001097,0
66403,27744,0,0.000367,0
157028,5876,0,0.129345,0
64305,32442,0,3.2e-05,0
15257,37250,0,0.180067,0
169323,27292,0,0.413303,0
154593,18441,0,0.166449,0
164037,20520,0,0.000181,0
69266,7948,0,0.545831,1
189062,24273,0,0.000267,0
204321,8424,0,0.000724,0
61385,5876,0,0.000857,0
121252,7131,0,0.346098,0
53184,37250,0,0.000419,0
33544,22124,0,0.517492,1
183059,8012,0,0.000257,0
193580,21295,0,0.645191,1
193204,23926,0,0.000221,0
181383,23032,0,0.034286,0
53222,16439,0,2.8e-05,0
171390,11953,0,0.000139,0
444,2979,1,0.902989,1
124341,43352,0,0.211238,0
137392,31217,0,9.1e-05,0
92379,36652,0,0.018148,0
188395,48118,0,0.000107,0
196428,20682,0,0.632936,1
126818,42368,0,0.337292,0
17915,4920,0,0.00043,0
105939,35647,0,2.4e-05,0
26406,11448,0,0.000197,0
197291,14553,0,0.345905,0
120617,37213,0,0.336706,0
90464,35418,0,0.013564,0
186303,27966,0,0.000647,0
96825,40120,0,0.603309,1
106562,17823,0,0.009959,0
109942,12756,1,0.771703,1
113405,44008,0,0.66049,1
174963,29079,0,0.023477,0
113862,44632,0,0.000746,0
20090,34358,0,0.000665,0
141711,22247,0,0.120622,0
35606,24830,0,0.730965,1
42336,37248,0,7.7e-05,0
5195,46393,0,0.000274,0
26314,23543,0,0.775429,1
135172,21903,1,0.896422,1
914,40691,0,0.000375,0
91772,26369,0,0.000856,0
77597,5450,0,0.609464,1
113238,32537,0,0.000219,0
189217,11250,0,0.606529,1
163202,41581,0,0.000328,0
168324,28842,0,0.0003,0
183818,33000,0,0.604272,1
62565,39298,0,0.078313,0
192811,47759,0,0.001086,0
194307,10724,0,0.000299,0
106491,8955,0,0.395009,0
145114,14514,0,7.9e-05,0
145048,40292,0,0.716285,1
117402,43122,0,0.15823,0
49804,42265,0,0.513278,1
66024,27104,1,0.849033,1
22040,36291,0,0.000303,0
197827,13911,0,0.137048,0
135538,38799,0,0.000761,0
142279,9492,0,0.000604,0
189711,32537,0,0.107985,0
25403,28123,0,0.071393,0
4831,44008,0,0.763328,1
158763,11152,0,0.187617,0
57800,28380,0,3.2e-05,0
51312,12254,0,0.101441,0
79231,48956,0,0.227,0
12026,24516,0,0.000514,0
173308,24263,0,0.166886,0
174212,8467,0,0.000523,0
59182,43504,0,0.000134,0
124009,39163,0,0.000288,0
25364,36994,0,0.772303,1
168326,39475,0,0.000183,0
138423,37201,0,0.358281,0
22974,5612,0,0.650222,1
157395,29668,0,0.000532,0
168059,41140,0,0.000189,0
104264,3344,0,0.169596,0
147617,31921,0,0.216931,0
120296,24841,0,0.055368,0
6141,14486,0,0.00038,0
196158,16823,0,0.3096,0
32264,5438,0,6.5e-05,0
124421,33819,0,0.000659,0
143948,22178,0,0.038211,0
204827,17461,0,0.320667,0
58698,27913,0,0.000232,0
10877,31717,0,0.782036,1
194188,14332,0,0.051241,0
76600,32385,0,0.147266,0
204818,35989,0,0.000334,0
117541,11777,0,0.80194,1
78560,5266,0,0.086096,0
17036,2295,0,0.18453,0
182282,41960,0,0.000134,0
185640,43183,0,0.755327,1
159778,36310,0,0.070437,0
10037,35042,0,0.521132,1
36213,7751,1,0.2638,0
188390,28384,0,8.3e-05,0
172904,14159,0,0.023158,0
19200,5621,0,0.000548,0
184716,49319,0,0.000346,0
16760,10453,0,0.440886,0
23306,24852,1,0.906545,1
43305,16797,0,0.000374,0
124192,27530,0,0.00031,0
102962,276,0,1.8e-05,0
168531,4149,0,0.205252,0
48296,41679,1,0.826396,1
130573,18498,0,0.000216,0
143687,22935,0,0.000255,0
92189,2979,0,0.207682,0
23241,41238,0,0.000346,0
43437,13772,0,0.110064,0
156679,47209,0,0.89151,1
16843,45007,0,0.587476,1
54627,31215,0,0.123246,0
29074,43986,0,0.119021,0
40422,26751,0,0.090033,0
148076,19893,0,0.000222,0
155976,37825,0,0.000236,0
46589,7948,0,0.535851,1
84363,2573,0,0.147495,0
49475,7781,0,0.2309,0
121695,8075,0,0.349987,0
147704,20502,0,0.315942,0
119617,4269,0,0.039225,0
130471,39491,0,0.000153,0
172936,7641,0,0.01185,0
49187,33303,0,0.000631,0
127313,36107,0,0.829765,1
71879,13351,0,0.000526,0
179291,11849,0,0.288628,0
110667,14493,0,0.616838,1
69205,21376,0,0.000261,0
64636,32943,0,0.000192,0
159840,43758,0,0.28482,0
131570,6795,0,0.102991,0
155793,21243,0,0.832912,1
198273,18395,0,0.000229,0
64684,5912,0,0.088507,0
194857,6160,0,0.000216,0
167747,33886,1,0.751598,1
101747,40300,0,0.171167,0
150125,18117,0,0.018295,0
147650,36640,0,0.000923,0
108560,30482,0,0.865512,1
756,1621,0,0.02432,0
182997,29363,0,0.000301,0
69750,39693,0,0.147005,0
179834,18465,1,0.818871,1
140852,38269,0,0.166116,0
2484,45578,0,0.000482,0
112744,17738,0,0.08106,0
7385,8518,0,0.020348,0
73838,40969,0,0.088945,0
75068,2231,0,0.000268,0
10326,44238,0,0.280674,0
109588,28425,0,0.376221,0
190021,32478,1,0.781194,1
179973,31506,0,0.200981,0
148814,13500,0,0.315037,0
88513,24333,0,4.3e-05,0
70440,30639,0,0.034439,0
168525,25354,0,0.066314,0
11873,25745,0,0.534033,1
1373,3793,0,0.000441,0
113801,22238,0,0.07148,0
59952,45544,0,0.00053,0
36342,4724,0,0.000499,0
132299,130,0,0.000199,0
130284,34689,0,0.000175,0
6433,18353,0,0.003434,0
53836,43961,0,0.164364,0
142096,17231,0,0.335842,0
124328,5564,0,0.148375,0
104705,42629,0,0.068071,0
179699,27275,0,0.000353,0
202876,16432,0,0.000663,0
95513,32293,0,0.200671,0
70729,12341,1,0.58203,1
46374,10032,0,0.110449,0
14035,22736,0,0.000154,0
111654,2643,0,0.000159,0
181406,35594,0,0.000702,0
132672,49615,1,0.841189,1
107974,42736,0,0.000235,0
205805,21953,0,0.000183,0
180884,34449,0,0.246449,0
91377,29328,0,0.123267,0
128687,21174,0,0.705857,1
29529,49079,0,0.000495,0
3802,21288,0,0.204559,0
59221,19683,0,1.3e-05,0
51213,31589,0,0.000139,0
70016,890,0,0.00023,0
122937,39561,0,7.5e-05,0
18083,28311,0,0.000198,0
136064,19508,0,8.7e-05,0
101725,20944,0,0.060524,0
72814,32864,0,0.000359,0
135309,6089,0,0.067951,0
31278,3055,0,0.00103,0
85952,7704,0,0.009681,0
101546,39469,0,0.051574,0
48580,33401,0,0.016196,0
101577,15153,0,0.164315,0
108909,33700,0,0.000176,0
195427,18954,0,9.2e-05,0
33291,11143,0,0.000305,0
13788,9597,0,0.352071,0
55658,18339,0,0.018146,0
164808,45013,0,0.729636,1
84883,6046,0,0.000277,0
205018,43961,0,0.828769,1
23057,40516,0,0.389887,0
57097,260,0,0.00019,0
124758,39947,0,0.4069,0
96424,44090,0,0.000619,0
161240,48568,0,0.000143,0
151983,23102,0,0.318831,0
41142,40380,0,0.027424,0
94534,28985,0,0.922265,1
43982,31683,0,0.038711,0
194188,605,0,0.040664,0
177484,10960,0,0.000146,0
83249,1639,0,0.259636,0
6562,3858,0,0.000461,0
120672,4605,0,9.6e-05,0
131411,25885,0,3.5e-05,0
197970,37749,0,0.018498,0
14503,44116,0,0.947285,1
155258,20063,0,0.000264,0
60627,33509,0,1e-04,0
4047,49683,0,0.00108,0
97168,21547,1,0.521851,1
65730,31506,0,0.236381,0
53963,47209,0,0.831528,1
162447,25647,0,0.090126,0
177889,16769,0,0.010389,0
67772,28465,0,0.745212,1
76678,42322,0,0.004762,0
196119,24852,0,0.000943,0
77968,17568,0,0.000111,0
103217,33043,0,0.114978,0
194109,23643,0,0.014188,0
25636,31683,1,0.646302,1
70801,36835,1,0.58955,1
167547,27845,0,0.000919,0
116855,45854,0,0.04656,0
155582,4317,0,0.228706,0
153786,29662,1,0.795899,1
116810,21938,0,0.630002,1
43304,28849,0,0.00038,0
165708,21230,0,0.009202,0
168978,24009,0,0.247605,0
167649,27966,1,0.892095,1
177069,29487,0,0.684479,1
84374,22309,0,0.893148,1
21535,8390,0,6e-05,0
10538,11619,0,0.065288,0
8423,18634,0,6.2e-05,0
3168,43961,0,0.244145,0
112654,23554,0,0.000173,0
61845,24489,0,0.349872,0
201142,45007,1,0.419185,0
192827,17807,1,0.848627,1
49574,18465,0,0.083706,0
140203,34969,0,0.000497,0
51853,38777,0,0.079624,0
143111,31343,0,0.207209,0
25892,39218,0,0.001025,0
143831,4210,0,0.051138,0
82475,1573,0,0.036359,0
110001,12545,0,0.07982,0
30265,26210,0,3.6e-05,0
107946,18339,0,0.000217,0
6622,47500,0,0.141503,0
23281,44142,0,0.199396,0
130461,28088,0,0.009682,0
44280,45946,0,0.000167,0
75407,40706,0,0.782852,1
54859,25824,0,0.000435,0
66758,4421,0,0.182624,0
141456,34358,0,0.000214,0
26359,25659,0,0.612248,1
114570,46584,0,0.000113,0
120164,6184,0,0.398844,0
22319,16521,0,0.00097,0
5919,27521,0,0.000597,0
28813,39877,0,0.000701,0
4431,34027,0,0.000658,0
50540,34878,0,0.208913,0
205203,9421,0,0.000222,0
151994,34321,0,5.6e-05,0
177266,44632,0,0.415127,0
127486,22035,0,0.000193,0
192423,29095,0,0.574222,1
21825,9076,0,0.000227,0
96953,46346,0,0.407762,0
178046,26209,0,0.737397,1
197911,19048,0,0.000547,0
67438,546,0,0.019078,0
124003,32971,0,0.000301,0
71051,40878,0,0.755948,1
53852,41950,0,0.000243,0
166254,39984,0,5.2e-05,0
106704,13646,1,0.787471,1
8059,39928,0,0.359812,0
112872,48205,0,0.064196,0
70729,13431,1,0.586018,1
172596,34243,0,0.622232,1
142477,20114,0,0.000223,0
7440,19019,0,0.000137,0
111596,33438,0,0.000116,0
126522,9076,0,0.365217,0
66895,4920,0,0.000243,0
88548,22395,0,0.000395,0
152712,781,0,0.310642,0
184990,6873,1,0.910376,1
17108,13858,0,0.045826,0
165235,35871,0,0.353246,0
88644,47912,1,0.677422,1
172852,44088,0,0.046613,0
28789,30489,1,0.642269,1
93728,12845,0,0.000502,0
101048,33768,0,0.37359,0
204590,22866,1,0.631433,1
97132,7156,0,0.046866,0
157055,12144,0,0.502726,1
79746,48896,0,0.369082,0
47077,27374,0,0.005435,0
101020,14505,0,0.01688,0
21165,20485,0,0.108523,0
57363,43961,1,0.865489,1
76449,12925,0,0.000119,0
164837,9906,0,0.012544,0
4509,47305,0,0.726224,1
180933,46709,0,0.000215,0
76168,4931,0,0.47366,0
178236,19478,0,0.048767,0
29291,47209,0,0.536618,1
78240,39877,0,0.000442,0
81317,16518,0,0.169561,0
94624,12230,0,0.00428,0
38272,10017,0,0.591028,1
77519,16589,0,0.655564,1
87105,31130,0,0.000405,0
158241,5120,0,0.042306,0
43741,7131,0,0.134278,0
58040,18963,0,0.001882,0
30363,38400,0,0.594046,1
20853,21872,0,0.201093,0
177104,2966,0,0.000773,0
195704,28928,0,0.932144,1
127753,8955,0,0.377598,0
137043,9387,0,0.119056,0
132076,39590,0,0.064612,0
101321,19820,1,0.662262,1
132151,34025,0,0.296059,0
108019,28785,0,0.000134,0
13173,31506,0,0.108438,0
204436,34012,0,0.265638,0
77403,30489,0,0.00012,0
109999,16759,0,0.000137,0
200804,32303,0,0.000212,0
146516,28805,0,0.047632,0
71223,5322,0,0.920849,1
22818,12341,0,0.000643,0
116825,28733,0,0.092465,0
95978,36431,0,0.231284,0
121981,31717,0,0.000712,0
87936,28427,0,0.000186,0
49472,890,0,0.655498,1
204632,6383,1,0.723997,1
55236,25642,0,0.104329,0
67847,2298,0,0.266437,0
25434,46526,0,5.6e-05,0
100780,29837,0,0.771576,1
61000,38456,0,8.2e-05,0
140210,21137,0,0.608597,1
193148,29700,0,0.016136,0
4726,9554,0,0.17911,0
79838,14633,0,0.821902,1
131260,34451,0,0.67731,1
72493,32331,0,0.000153,0
40338,29987,0,0.000956,0
108402,5550,0,0.000236,0
100047,43352,0,0.000309,0
175960,26369,0,0.00057,0
42113,47026,0,0.015694,0
97049,40199,0,0.466176,0
26679,47209,0,0.000991,0
136554,39561,0,0.115894,0
109426,49139,0,0.324866,0
201515,605,0,0.220167,0
194861,27553,0,0.058355,0
5557,23630,0,0.014901,0
34772,43545,0,0.000127,0
150761,46969,0,0.729949,1
152074,48679,0,0.159909,0
109106,12404,0,0.00013,0
177369,42556,0,0.29258,0
17933,7806,0,0.000661,0
182510,41658,0,0.000239,0
84610,9177,0,0.13352,0
55713,46935,0,0.002996,0
191012,49533,0,0.00826,0
107677,32784,0,0.53618,1
4192,19446,0,0.007497,0
194464,18727,0,0.728571,1
131131,10644,0,0.067731,0
136491,16454,0,0.033722,0
55388,22312,0,0.079893,0
72008,25504,0,3.1e-05,0
183274,47209,0,0.00022,0
73821,21903,1,0.985754,1
41552,45007,0,0.683817,1
16837,35333,0,0.005952,0
199879,39921,0,0.000392,0
70305,20583,0,0.619866,1
141094,37646,0,0.00016,0
45244,35419,1,0.31691,0
5551,17085,0,8.7e-05,0
161187,24852,0,0.000823,0
29074,27714,0,0.179371,0
43762,20776,0,0.000146,0
162921,13263,0,0.003172,0
62010,37053,0,0.000171,0
150090,31818,0,0.143973,0
156784,36780,0,0.00024,0
118466,18441,0,8.1e-05,0
28546,38618,0,0.046126,0
30820,25705,0,0.550835,1
13955,43875,0,0.304149,0
5384,5547,0,0.350299,0
125355,44570,0,0.018338,0
89182,25144,0,0.414698,0
11698,26384,0,0.342145,0
50649,5068,0,0.000826,0
148364,1940,0,0.80258,1
111782,26209,0,0.185288,0
158091,28204,0,0.035201,0
8925,31663,0,0.275204,0
111376,4713,0,0.162824,0
168724,17622,0,0.003088,0
31484,125,0,0.02035,0
187748,10998,0,0.066458,0
4192,2537,0,0.008865,0
124868,47601,1,0.072122,0
108322,18709,0,0.137678,0
123617,21405,0,0.001005,0
151189,5578,0,0.21112,0
133016,12564,0,0.00015,0
88879,42356,0,0.925642,1
167864,1463,0,1.8e-05,0
21227,18594,0,0.467343,0
173281,16797,0,0.000698,0
15235,46692,0,0.095994,0
138762,37193,0,4.5e-05,0
141321,1757,0,0.000206,0
180622,34396,0,0.01074,0
89858,14197,0,0.238275,0
128796,48697,0,0.033765,0
158006,41588,0,0.000485,0
165430,20370,0,0.017388,0
99680,35400,0,0.078289,0
182558,95,0,0.011099,0
189079,13565,0,0.588693,1
154350,9755,0,0.000651,0
168334,40268,0,0.319742,0
167761,22556,0,0.643194,1
8677,3339,0,0.137534,0
108322,7177,0,0.124236,0
200473,5933,0,0.099297,0
186246,15897,0,8e-05,0
59602,15324,0,0.534275,1
165337,16174,0,0.189569,0
202388,49235,0,0.001096,0
93040,25952,0,0.374664,0
168334,12464,0,0.148497,0
38291,7781,0,0.368894,0
75825,39561,0,0.053539,0
92568,35838,0,0.000113,0
202189,49488,0,0.253862,0
42408,36735,0,0.055544,0
137724,39719,0,0.581205,1
34407,49235,0,0.707452,1
123582,8903,0,0.000244,0
97816,44949,0,0.021042,0
184538,37637,0,0.031703,0
10828,35042,0,0.452522,0
124903,12276,0,0.000293,0
176846,19514,0,0.197826,0
12103,5961,0,0.000124,0
172362,7835,0,0.511716,1
36149,12419,0,0.016452,0
205745,49128,0,0.036629,0
150189,20119,1,0.981541,1
92252,121,1,0.207714,0
56584,45633,0,0.187538,0
58368,8277,0,0.615294,1
18384,3376,0,7.8e-05,0
130102,16953,0,0.254999,0
27104,3962,0,0.010801,0
122539,14678,0,0.276294,0
106267,23576,0,0.201867,0
94463,25272,0,0.476531,0
48125,39470,0,0.029586,0
76589,13176,0,0.500853,1
98614,18716,0,7.5e-05,0
37678,3656,0,7.1e-05,0
48463,24881,0,0.390046,0
84586,28862,0,0.660601,1
154819,31275,0,0.033546,0
160911,5450,0,0.000481,0
114771,47209,0,0.559288,1
34705,33731,0,0.000449,0
68439,41570,0,0.000794,0
193514,44449,0,0.092352,0
63353,27573,0,0.000265,0
32863,40448,0,2.9e-05,0
47354,35946,1,0.692324,1
178374,5897,0,0.073554,0
21951,20118,0,0.608304,1
125881,11132,0,0.049799,0
149348,27796,0,8.8e-05,0
89857,22268,0,0.011082,0
146257,36736,0,0.00856,0
2396,33523,0,0.617946,1
124188,38622,1,0.902659,1
152011,30638,0,0.809704,1
80161,44912,0,6.3e-05,0
107053,14462,0,0.279983,0
80603,13885,0,0.068479,0
93251,13605,0,2.9e-05,0
70165,44245,0,0.115033,0
127071,27355,0,5.5e-05,0
181652,18198,0,0.000208,0
166983,22365,0,0.000646,0
184549,43234,1,0.85538,1
68944,46672,0,0.24182,0
24279,11198,0,0.014451,0
175809,12909,0,0.39959,0
97544,22825,1,0.637396,1
69935,7021,0,0.200617,0
168640,3545,0,0.328818,0
197184,47738,0,0.04771,0
47565,21903,0,0.000606,0
98700,46979,0,0.000841,0
159240,31958,0,0.055217,0
51256,9839,0,0.000285,0
74705,41165,0,0.25869,0
62624,36885,0,0.000176,0
151986,32259,0,0.011885,0
144905,22504,0,0.143504,0
162117,27156,0,0.000416,0
99758,22395,0,0.000284,0
187878,36736,0,0.000108,0
56096,2452,0,0.000424,0
186178,46455,0,0.120713,0
168442,46515,0,0.278212,0
133426,27336,0,5.6e-05,0
28607,11520,0,0.001006,0
5655,35887,0,0.071521,0
111078,17872,0,0.000406,0
68020,16185,0,0.511661,1
115600,31553,0,0.715244,1
63237,14927,0,0.036275,0
25401,13176,1,0.838469,1
52070,26648,0,9.7e-05,0
199280,2996,0,0.005481,0
128238,27243,0,0.141602,0
37961,36011,0,0.000536,0
198933,41351,0,9.9e-05,0
13253,21292,0,0.747551,1
127466,4421,0,0.000307,0
158993,32052,0,0.364879,0
157312,29848,0,0.686904,1
12241,952,0,8.7e-05,0
129055,29926,0,0.010367,0
58075,48118,0,0.000167,0
47584,30204,0,0.017491,0
34567,10668,1,0.452808,0
105407,30849,0,0.038497,0
69513,35986,0,0.082662,0
160991,33950,0,0.140146,0
123810,44424,0,0.000275,0
68315,35939,0,0.000467,0
190676,35948,0,9.1e-05,0
183782,39029,0,2.6e-05,0
37617,40898,0,0.075004,0
1538,19537,0,0.204847,0
68298,22788,0,0.286156,0
108790,49683,0,0.000538,0
197620,5337,0,0.61931,1
139425,18115,0,0.109294,0
71315,43612,0,0.168646,0
169183,24009,0,0.294082,0
154541,34450,1,0.909117,1
98267,13702,0,0.000178,0
62824,31338,0,0.007306,0
194839,37687,1,0.837844,1
58774,47626,0,0.599417,1
200821,25659,0,0.000157,0
105667,39040,0,0.164068,0
61175,44422,0,0.000175,0
7572,45633,0,0.240391,0
106819,14811,0,0.000447,0
137663,14536,0,0.000552,0
22025,46654,1,0.797344,1
140466,28204,1,0.716949,1
60754,9945,0,0.008614,0
180930,9076,0,0.000393,0
24728,8988,0,3.8e-05,0
68070,46383,0,0.187972,0
150566,42265,1,0.89154,1
127605,4957,0,0.000312,0
149525,44663,0,0.072873,0
184538,42620,0,0.002689,0
157716,42976,1,0.222169,0
100330,23535,0,0.027945,0
119885,19048,0,0.706976,1
152958,37004,0,0.000575,0
122704,29092,0,0.083671,0
138105,40682,0,0.054378,0
121548,23288,0,0.867855,1
105527,35340,0,0.000288,0
57242,39055,0,0.509908,1
98905,41148,0,0.020703,0
52360,4957,0,0.515625,1
150237,39225,0,0.000249,0
18998,43352,0,3.3e-05,0
130495,14881,0,0.0002,0
162126,21616,0,0.853308,1
203595,7547,0,0.260423,0
150090,26831,0,0.265557,0
97595,35077,0,6.2e-05,0
163761,12015,0,0.108738,0
102199,14197,0,5.9e-05,0
37982,21681,0,0.021004,0
171865,40348,0,0.305971,0
77665,13176,0,0.000753,0
67237,45345,0,0.014502,0
21507,5383,0,0.087534,0
87244,30292,0,0.000172,0
91204,27086,1,0.796375,1
131890,21616,0,0.591428,1
90392,38583,0,0.221187,0
154409,22228,0,0.040018,0
15411,16797,0,0.000672,0
102962,32465,0,2.2e-05,0
163096,39275,0,0.440631,0
177487,18876,0,0.034583,0
174084,26856,0,0.039596,0
3584,19006,0,0.281303,0
36274,49478,0,0.000373,0
38821,40199,0,7.9e-05,0
75664,28769,0,0.010538,0
39761,16797,1,0.967165,1
137785,23785,0,0.116254,0
175768,10872,0,0.010973,0
5393,48364,0,0.352801,0
53350,10895,0,0.780709,1
114532,10126,0,8.4e-05,0
23949,32839,0,0.000601,0
175565,12756,0,0.009675,0
97151,34582,0,0.292457,0
115383,34940,0,0.00038,0
98004,29311,0,0.155488,0
175303,10749,0,0.97908,1
29230,49683,0,0.000925,0
203998,41950,0,0.001026,0
116943,22142,0,0.03657,0
90884,13535,0,0.134337,0
8832,42533,0,0.010511,0
169252,39787,0,0.392857,0
168662,20650,0,0.000156,0
20737,31469,0,0.00022,0
77571,34126,0,0.294113,0
117543,432,0,0.000409,0
152938,31736,0,0.000218,0
98197,24852,0,0.358047,0
14268,40026,0,0.000164,0
190292,48482,0,0.103876,0
87003,39275,0,0.000154,0
38164,141,0,0.00086,0
128000,1158,0,0.16661,0
122439,19691,0,0.38573,0
4442,17794,0,0.000152,0
148834,40836,0,0.576106,1
179003,36759,0,0.052475,0
99979,18234,0,0.000287,0
201355,21019,1,0.622558,1
13783,10243,0,0.011324,0
15134,24964,0,0.000475,0
178412,17794,0,0.072386,0
56886,39247,0,0.005171,0
191426,25890,0,0.000608,0
96030,4163,0,0.000308,0
1150,27845,0,0.06645,0
150438,17545,0,0.000411,0
205886,22142,0,0.065329,0
176650,21573,0,0.000408,0
66868,21608,0,0.771079,1
39721,28934,0,0.489093,0
195793,24764,0,0.173726,0
74349,19389,0,0.043806,0
71709,9825,0,0.724095,1
77897,45633,0,0.040342,0
52868,19468,0,2.4e-05,0
50796,19057,0,0.373643,0
129300,21174,1,0.809001,1
181652,5819,0,0.000192,0
12223,13380,1,0.700336,1
12895,5566,0,0.313237,0
19981,30146,0,0.388609,0
152601,20502,0,0.000598,0
61581,39812,0,9.1e-05,0
122937,39928,0,0.000371,0
38015,46393,0,0.000142,0
202819,44765,1,0.898715,1
152763,4920,0,0.303721,0
202844,28104,0,0.570339,1
103033,5588,0,0.000362,0
198273,23734,0,0.000585,0
180067,18838,0,9e-05,0
177082,27471,0,0.208302,0
189954,21137,0,7e-05,0
64061,36070,0,0.000446,0
46033,43295,0,0.837008,1
181676,3376,0,0.493645,0
48649,1202,0,0.696745,1
128263,16797,0,0.176725,0
158589,27442,0,0.146625,0
190354,3298,0,0.135541,0
179310,30529,0,0.01144,0
119744,25830,0,0.0003,0
117247,27291,0,0.0066,0
43072,36082,0,0.001184,0
65281,22828,0,0.087401,0
41551,47848,0,0.000394,0
203267,27801,0,0.323703,0
141693,4962,0,0.000196,0
133597,30169,0,0.000959,0
185448,1695,0,0.000311,0
78721,43122,0,0.457123,0
53222,35824,0,8.7e-05,0
142241,21614,0,0.303169,0
85552,2078,0,0.7989,1
121984,18411,0,0.013146,0
122073,27845,0,0.000416,0
166255,10749,0,0.000331,0
110296,49605,0,0.256649,0
173804,10305,0,0.226282,0
30568,5876,0,0.96002,1
87398,20561,0,0.533516,1
8270,26540,0,0.002138,0
197169,14992,0,0.000498,0
136888,44168,0,2.2e-05,0
102186,30638,0,0.322747,0
9384,36695,0,0.415876,0
7228,39097,0,0.000262,0
11828,38159,0,0.025383,0
128164,44142,0,0.000251,0
152178,34927,0,0.000684,0
101292,15672,0,0.208818,0
118040,17948,0,0.080234,0
13229,12583,0,0.019765,0
113974,21410,0,0.000607,0
114133,43772,0,9.7e-05,0
56886,41844,0,0.014591,0
196458,13988,0,0.014478,0
65557,48990,0,0.677624,1
197112,47301,0,0.414217,0
71601,14159,0,0.023769,0
190097,44683,0,0.780851,1
164319,34713,0,0.070441,0
99193,47734,0,0.153142,0
8706,15406,0,0.480106,0
144780,27548,0,0.000489,0
202580,4920,0,0.025006,0
48936,26604,0,0.086892,0
150695,23898,0,0.000501,0
206045,40836,0,0.000255,0
91159,28228,0,0.00036,0
36182,18534,0,0.223387,0
140766,7628,0,0.068008,0
97345,22270,0,0.00011,0
173356,9358,0,9.9e-05,0
175654,19938,0,0.000181,0
79538,3283,0,0.505064,1
70742,44156,0,0.344189,0
153970,20114,0,0.000876,0
27477,8277,0,0.000519,0
80639,26604,0,0.456809,0
110136,717,0,0.000136,0
77884,8590,0,0.049797,0
181352,5750,0,0.931469,1
120933,33589,0,0.054521,0
60404,24082,0,0.076822,0
157437,25416,0,4.7e-05,0
34414,41695,0,8.6e-05,0
165243,37524,0,0.094153,0
180178,46294,0,0.031962,0
102846,1359,0,0.083361,0
109097,1463,0,0.791776,1
189528,6348,0,0.851535,1
31213,2238,0,0.307964,0
151712,17747,0,0.011084,0
176884,23339,0,0.000626,0
29364,19057,0,0.000632,0
152074,25340,0,0.080937,0
63812,20788,0,0.024125,0
182587,39877,0,0.841961,1
41546,17819,0,0.327922,0
50385,32429,0,0.03535,0
2504,18079,1,0.532376,1
53694,46945,0,0.037033,0
193764,22963,0,0.268293,0
49314,43122,0,0.59269,1
129256,35042,0,0.41311,0
38204,14992,0,0.546069,1
148607,5612,0,0.009925,0
111396,29987,0,0.000327,0
55576,22211,0,9.4e-05,0
118903,42356,0,0.340323,0
145250,4808,0,0.000135,0
41030,20323,0,0.000345,0
41094,17419,0,0.000548,0
138231,26509,0,0.00024,0
27265,16823,0,0.07317,0
157215,48364,0,0.000313,0
7039,31678,0,0.000107,0
182797,33198,0,0.182034,0
65754,32638,0,0.000426,0
119298,4347,0,0.670401,1
44058,16549,0,4.8e-05,0
136922,20327,0,0.000533,0
194379,27796,0,0.196414,0
87273,1025,0,0.000295,0
47959,17766,0,0.000569,0
132018,5884,0,0.000496,0
106713,35951,0,0.880478,1
50595,38949,0,0.026405,0
45163,48485,0,0.000222,0
188295,8590,1,0.972961,1
196602,21349,0,0.622108,1
17162,10749,0,0.708982,1
50576,29077,1,0.859306,1
69744,6508,0,0.242792,0
187620,15290,0,0.444938,0
51931,28289,0,0.000107,0
142635,29603,0,0.258501,0
91905,9366,0,0.00016,0
1517,37462,0,0.000554,0
11837,3275,0,0.263615,0
54784,13869,1,0.344704,0
59341,20608,0,0.047738,0
186178,31102,0,0.06071,0
152139,41169,0,0.000242,0
172018,5385,1,0.738377,1
127673,28326,0,0.000118,0
91691,48559,0,0.133637,0
119856,11112,0,0.41437,0
75853,13255,0,0.730439,1
64589,30353,0,9.9e-05,0
33390,5713,0,0.24996,0
99151,4920,0,0.217697,0
161563,19678,0,0.000311,0
181210,40706,0,0.005689,0
157847,5479,0,0.692309,1
147475,30489,0,0.000179,0
157523,33274,0,0.023108,0
191675,41596,0,0.648385,1
94786,32465,0,4.9e-05,0
76107,20168,0,0.000257,0
10172,48007,0,0.1471,0
205877,47024,0,8.9e-05,0
167104,7781,1,0.817662,1
49537,34128,0,0.417097,0
20744,25199,0,0.002602,0
141844,26128,0,0.000465,0
167308,24373,0,0.000251,0
203637,28515,0,0.663566,1
181866,6474,0,0.003818,0
74528,25340,0,0.03101,0
14268,19468,0,7.4e-05,0
10424,14284,0,0.207333,0
152324,20549,0,0.010571,0
106161,14579,0,2e-05,0
112445,21526,0,0.119789,0
150033,14462,0,0.042335,0
168859,7500,0,0.003182,0
176791,45154,0,0.000262,0
194125,13249,0,0.000334,0
135658,28204,0,0.000997,0
7345,21709,0,0.721951,1
10519,13802,0,0.075196,0
89786,47766,0,0.937806,1
6532,22312,0,4.9e-05,0
40627,43122,0,0.0003,0
5328,46616,0,8.4e-05,0
188282,15672,0,0.604313,1
16668,33352,0,0.00088,0
111388,10840,0,0.063416,0
195672,41220,0,0.514634,1
96206,925,0,0.009204,0
20280,21938,0,0.661573,1
74857,29392,0,0.292843,0
196602,24852,0,0.255716,0
117913,47772,0,0.304644,0
194026,24701,0,0.127198,0
150707,30353,1,0.903654,1
4646,48423,0,0.132951,0
70229,29382,0,0.063862,0
147717,47848,0,0.735602,1
33598,22124,1,0.95296,1
3546,44632,1,0.93273,1
126671,32047,0,0.200023,0
89898,43263,0,0.176132,0
70697,12456,0,0.787652,1
166239,790,0,0.416652,0
33559,39877,0,0.000459,0
60040,48026,0,9.5e-05,0
140622,34063,0,0.462066,0
58035,25837,0,0.7322,1
37795,16463,0,6.9e-05,0
189642,29346,0,0.000462,0
44298,47402,0,0.453974,0
152499,36591,0,0.238292,0
52196,16731,0,0.000388,0
81874,47209,0,0.798879,1
67741,46802,0,0.000222,0
174212,5699,0,0.000555,0
64134,47357,0,0.129643,0
80647,5755,0,0.000578,0
135839,7390,0,0.00028,0
5934,35943,0,0.000341,0
185442,13176,0,0.690546,1
130164,12409,0,0.009924,0
110152,7781,0,0.461389,0
62250,15861,0,0.215634,0
118626,13776,0,0.150041,0
91102,21616,0,0.000678,0
2609,45104,0,9.7e-05,0
186768,45788,0,0.00044,0
192045,15613,0,0.000217,0
124158,16137,0,0.008333,0
47915,46969,0,0.000117,0
61519,2446,0,5e-05,0
26693,18460,1,0.097779,0
17273,4605,0,0.435102,0
105169,21333,0,0.12606,0
132976,11140,0,0.02411,0
119424,49075,0,0.000176,0
59084,21405,0,0.485329,0
163464,31517,0,0.088556,0
59209,28204,0,0.113042,0
110315,26717,0,0.178039,0
78154,43409,0,0.000131,0
8232,14715,0,0.000167,0
166099,10711,0,0.000125,0
23581,42736,0,0.000696,0
181830,17794,0,0.000551,0
65798,14273,0,0.003154,0
72650,15100,0,0.000219,0
120488,22385,0,0.000197,0
146586,39059,0,0.000556,0
97401,19816,0,9.9e-05,0
141959,9741,0,0.069824,0
22133,11000,0,0.391433,0
186878,29370,0,0.00077,0
69985,35989,0,0.000141,0
46621,28632,0,0.134211,0
108341,29623,0,0.000136,0
165534,41842,0,0.163332,0
73300,47780,0,0.151594,0
124178,34358,1,0.411755,0
122891,27336,1,0.829769,1
177942,19057,0,0.12929,0
28760,25753,1,0.88312,1
109072,42110,0,8.9e-05,0
171395,43961,0,0.323705,0
108176,49187,0,0.058562,0
66996,39046,0,0.378026,0
195846,21077,0,0.488346,0
198393,2829,0,0.150585,0
162379,31683,0,0.000448,0
16879,30570,0,0.024681,0
135864,2962,1,0.971512,1
132972,42736,0,0.427598,0
66465,30776,0,0.006983,0
127009,23139,0,3.9e-05,0
10009,41593,0,0.199186,0
97498,8277,0,0.86156,1
10164,49235,0,0.251456,0
176301,30559,0,0.075079,0
55017,1516,0,0.000232,0
1820,6901,0,0.461954,0
120975,23375,0,0.540728,1
149854,16136,0,0.100838,0
86506,16274,0,0.49158,0
138214,17444,0,0.161161,0
188514,44479,0,0.105701,0
135377,38159,0,5.4e-05,0
25039,26593,0,0.321478,0
106093,16525,0,0.000193,0
71922,5613,0,0.00025,0
130560,33884,0,0.049281,0
53738,13176,0,0.130582,0
25855,47888,0,0.057979,0
141696,43768,0,0.606539,1
111082,46844,0,0.370994,0
116213,8518,0,0.044063,0
79597,1,0,0.000442,0
91377,30839,1,0.538134,1
118826,21174,0,0.137996,0
78494,38383,0,0.637911,1
148704,27307,0,0.712411,1
49133,42208,0,0.708966,1
84553,22788,0,0.000814,0
133972,31343,0,0.000568,0
48936,1783,0,0.062705,0
139980,30559,0,0.032495,0
128777,18439,0,0.725375,1
15357,49383,0,0.016633,0
110737,27442,0,0.000215,0
196580,4645,0,0.305381,0
26272,36485,0,0.000137,0
124885,5025,0,0.434457,0
24910,5240,0,0.534878,1
43555,13858,0,0.008225,0
142025,32265,0,5.2e-05,0
131979,30759,0,3.6e-05,0
28453,41480,0,0.362693,0
82778,23600,0,0.000371,0
39759,651,0,0.604006,1
25493,23516,0,0.195731,0
150516,16759,0,0.753512,1
145032,38694,0,0.000184,0
103471,27683,0,0.000184,0
167728,42667,0,0.174442,0
199465,6036,0,0.172886,0
167653,12932,0,0.023148,0
95984,4030,1,0.040254,0
2273,5373,0,0.685383,1
52814,1376,0,0.127949,0
202017,42817,0,0.563039,1
198522,23296,1,0.939026,1
105706,27429,0,0.390067,0
57897,30985,1,0.865065,1
133181,49269,0,0.036931,0
22970,30391,1,0.278057,0
200711,38508,0,0.000239,0
193708,23029,0,0.000276,0
153278,15176,0,0.08662,0
97977,28990,0,0.00102,0
86005,39928,0,0.515501,1
111609,42768,0,0.000349,0
170415,37687,0,0.139552,0
63237,21334,0,0.098325,0
183631,27790,0,0.36755,0
28351,5110,0,0.168405,0
154077,48364,0,0.072501,0
19544,40724,0,0.288141,0
36190,33846,0,0.000148,0
33010,27966,0,0.538727,1
52589,6184,0,0.000584,0
179236,8189,0,0.06309,0
154521,49026,0,0.828622,1
31210,20904,0,0.094564,0
38878,42736,0,0.00028,0
204814,8670,0,0.02391,0
175905,32689,0,0.730068,1
648,32691,0,0.493456,0
144015,8903,1,0.502612,1
49005,8390,0,0.928492,1
47343,21709,0,0.915438,1
49653,43263,0,0.000519,0
203523,6844,0,0.002518,0
160650,40587,0,0.000979,0
95471,43765,0,4.6e-05,0
179001,33370,0,0.811038,1
6586,10102,0,0.124405,0
165212,22795,0,0.007499,0
120185,26272,0,0.002772,0
94525,10534,0,0.000393,0
128123,10447,0,0.00016,0
68619,48239,0,0.000174,0
147229,39275,1,0.928877,1
184212,21903,1,0.886758,1
157318,13027,0,0.826045,1
27030,41745,0,0.084499,0
147970,48183,0,0.000229,0
82192,17794,0,0.470831,0
159887,16521,0,0.637534,1
30536,18234,0,0.001244,0
68492,19057,0,0.000768,0
65730,26209,1,0.921118,1
9433,27750,0,0.305075,0
155310,12320,0,0.201927,0
60049,24184,0,0.000282,0
32794,5114,0,0.000508,0
139474,8277,0,0.693079,1
142779,38596,0,0.000708,0
113238,31469,0,0.000273,0
187984,4920,0,0.131511,0
149858,46041,0,0.000209,0
105428,28985,0,0.000548,0
189951,15872,1,0.936072,1
85114,6808,0,0.047782,0
149784,24497,0,0.000249,0
152937,32652,0,0.429489,0
102616,25691,1,0.499636,0
111465,47626,0,0.55849,1
126073,49,0,0.64665,1
173997,44533,0,0.067913,0
126510,16797,0,0.000178,0
120296,27336,0,0.034275,0
494,2326,1,0.871329,1
182171,36848,0,0.246899,0
107077,20323,0,0.000404,0
191747,30827,0,0.000174,0
32813,44632,0,0.859402,1
90681,40706,1,0.651108,1
56040,38425,1,0.958097,1
97647,47501,0,0.162388,0
175218,49134,0,0.093549,0
128635,39984,0,0.448534,0
68075,33568,0,0.000461,0
109960,33884,0,0.00013,0
61699,16278,0,0.018915,0
94310,13176,0,0.001389,0
47590,17821,0,0.463179,0
201974,36322,0,0.000298,0
169503,11737,1,0.708372,1
29168,42697,0,0.000445,0
76954,24184,0,0.295416,0
84352,37072,1,0.526073,1
188430,39871,0,0.000126,0
119081,16797,0,0.382785,0
62355,47630,0,0.786841,1
171175,42768,0,0.378638,0
2432,27243,0,0.076822,0
86635,32478,0,0.000526,0
179973,26209,0,0.170058,0
73016,24231,0,0.701654,1
35590,24838,0,0.985066,1
133638,38596,0,0.000119,0
25900,39428,0,0.523334,1
181371,38515,0,0.201436,0
121467,4799,1,0.617819,1
116328,23400,0,0.407216,0
40338,890,0,0.000754,0
16406,1071,0,0.377203,0
10443,33000,0,0.000387,0
181263,17461,0,0.61497,1
151584,3513,0,0.000324,0
15503,10666,0,0.154394,0
148707,48679,0,0.691138,1
111486,24852,0,0.000602,0
157960,33731,0,0.000487,0
116063,39427,0,0.326485,0
160216,44413,0,0.000488,0
87018,4945,1,0.610925,1
86767,47144,0,0.000595,0
11539,46562,0,0.000352,0
199765,29182,0,0.144136,0
193865,21137,0,0.688425,1
55511,47740,0,7.2e-05,0
66854,27521,1,0.954616,1
91303,9327,0,9.8e-05,0
140395,9517,0,0.005629,0
179310,44142,0,0.048087,0
97101,23881,0,0.559719,1
104036,47144,0,0.71794,1
195853,6193,0,0.000659,0
200869,9030,0,9.9e-05,0
84586,29463,0,0.092254,0
67684,12312,0,0.000196,0
87473,4614,0,0.000192,0
5896,44280,0,0.000211,0
67263,33113,0,0.011345,0
147782,20794,0,0.826227,1
15634,196,0,0.000345,0
138362,38508,0,0.136253,0
172463,29742,0,0.223459,0
197911,21903,0,0.000421,0
137832,10912,0,0.314787,0
139318,21472,0,0.085486,0
201721,5684,0,0.76818,1
140014,21131,0,0.000278,0
44299,10574,0,0.000291,0
7228,32013,0,1.8e-05,0
61799,7781,0,0.000761,0
39735,7093,0,0.000622,0
44027,18389,0,0.203545,0
71922,17596,0,0.000298,0
13730,17299,0,0.000179,0
94499,28785,0,0.052021,0
69332,26723,0,0.187869,0
99749,36735,0,0.000798,0
88938,34262,0,0.503098,1
143993,35547,0,0.122616,0
156163,6550,0,0.131738,0
36691,24179,0,0.086478,0
52167,30599,0,0.012635,0
152781,47626,0,0.316997,0
23591,36929,0,0.001057,0
22640,3367,0,0.042583,0
175720,4605,0,0.099328,0
42446,11182,0,0.000378,0
114661,11345,1,0.499682,0
48306,6210,1,0.888722,1
95317,9327,0,0.000146,0
128615,7644,0,0.337553,0
147797,26569,0,0.014729,0
78050,40556,0,0.000251,0
155204,34321,0,0.000217,0
105950,10957,0,0.11797,0
164116,28204,0,0.786237,1
72340,11422,0,0.008007,0
132336,21953,0,0.091045,0
122704,43713,0,0.06895,0
178443,22210,0,0.03284,0
133917,22952,0,0.219066,0
6562,44987,0,0.000208,0
10795,39275,0,0.333617,0
13503,10761,0,0.001199,0
180459,46979,0,0.455646,0
170099,15404,0,0.432935,0
151132,20814,0,0.015976,0
138673,10132,0,0.000716,0
180836,32691,0,0.114341,0
117356,42943,0,0.168256,0
156928,36189,0,0.299141,0
97018,2646,0,0.000106,0
145262,45066,0,0.000217,0
124725,516,0,0.187605,0
125441,48423,0,0.000387,0
3006,21267,0,0.000397,0
14666,41844,0,0.757471,1
21300,7130,0,0.797686,1
139378,24908,0,0.034446,0
70119,16349,0,0.000931,0
82164,31801,0,0.158383,0
185720,5785,0,0.000427,0
13562,36256,0,0.004653,0
180533,32869,0,0.188052,0
73043,27316,0,0.974128,1
103385,39013,0,0.256731,0
29029,44570,0,0.00066,0
128315,39620,0,0.000117,0
131034,31355,0,0.000631,0
88884,35333,0,0.017841,0
3450,24954,0,0.000304,0
126425,2361,0,0.000196,0
9398,24499,0,0.626967,1
59291,3376,0,0.713246,1
898,23852,0,0.00346,0
173460,25630,0,0.000341,0
23956,18370,0,0.000652,0
99780,41951,0,0.134382,0
117615,22656,0,0.055708,0
125128,9584,0,0.863836,1
168241,18234,0,0.000366,0
177895,28851,0,0.000383,0
122696,15359,0,0.000202,0
184856,46226,0,0.262095,0
203416,37820,0,0.016821,0
80883,45010,0,1e-05,0
20397,15100,0,0.5034,1
145868,37524,0,0.00032,0
197448,26660,0,0.042901,0
97013,30148,0,0.059078,0
8028,46916,0,0.000135,0
42555,23025,0,0.000133,0
99334,42506,0,0.085981,0
88273,45840,0,0.000236,0
112110,1,0,0.000419,0
128380,3111,0,0.000177,0
104659,47766,0,0.7683,1
34321,24985,0,8.6e-05,0
76473,33198,0,0.074862,0
113426,29695,0,0.280421,0
62382,37065,0,0.000442,0
191368,44424,0,0.020161,0
64654,14992,0,0.19455,0
14365,43421,0,0.000477,0
178415,18615,0,0.077846,0
206042,9213,0,0.21326,0
53071,47601,0,0.273026,0
96577,28836,0,0.084304,0
199327,2086,0,0.045136,0
152340,41148,0,9e-05,0
194140,27683,0,0.229383,0
156151,4656,0,0.375427,0
190562,31462,0,0.193385,0
160718,21777,1,0.981254,1
143948,2380,0,0.001272,0
108637,16617,0,0.534794,1
202113,16797,0,0.000973,0
32124,45965,0,0.179943,0
131034,27156,0,0.000651,0
79555,4647,0,0.085122,0
31403,32638,0,0.000101,0
76473,41787,0,0.715827,1
164404,47274,0,0.01813,0
116416,42341,0,0.000311,0
176272,44766,0,0.1729,0
44299,26976,0,7.3e-05,0
114664,486,0,0.000248,0
198291,1217,0,0.000358,0
127006,34335,0,0.008598,0
13433,10749,0,0.000898,0
26225,39669,0,0.282743,0
67237,34557,1,0.957679,1
30910,5550,0,0.000627,0
58271,12805,0,0.000835,0
63226,42139,0,0.036288,0
31191,40088,0,0.090204,0
65641,46654,0,0.154568,0
113482,47209,0,0.578365,1
79727,16622,0,0.80272,1
80988,2180,0,0.013857,0
5896,35825,0,0.000254,0
86792,34458,0,0.023153,0
157089,7021,0,0.370527,0
199881,10070,0,0.804115,1
129181,21903,0,0.796083,1
36972,22276,0,0.159116,0
167488,42625,0,0.166237,0
195202,3738,0,0.370783,0
86915,31433,0,0.06857,0
117210,39619,0,0.141339,0
86479,41960,0,0.340428,0
12232,22034,0,0.005505,0
172031,6343,0,0.640843,1
148112,35951,0,0.000125,0
27351,23621,0,0.00051,0
77321,39247,0,0.590766,1
185809,46979,1,0.613799,1
44060,1511,0,0.95746,1
82895,15261,0,0.00775,0
44463,49269,0,0.71851,1
137243,11365,0,0.223277,0
91330,49235,0,0.000795,0
112154,4957,0,0.512055,1
74375,4920,0,0.869812,1
15805,17781,0,0.000183,0
201609,29780,0,0.219551,0
155474,28897,0,0.036517,0
59364,15160,0,0.000443,0
150225,10083,0,3.4e-05,0
52688,7213,0,0.421138,0
87363,28695,0,0.102274,0
33795,41950,0,0.000781,0
173608,47526,0,0.065932,0
23153,28842,0,0.022529,0
180353,35121,0,0.66064,1
190561,47492,0,0.790648,1
153405,36759,0,0.004761,0
55713,45007,0,0.355688,0
4262,2124,0,0.312758,0
20275,14168,0,0.526687,1
68991,4256,0,0.000475,0
28791,24964,0,0.357494,0
118389,24852,0,0.783081,1
156905,13578,0,0.000288,0
160378,25931,1,0.925797,1
89694,46047,0,0.000709,0
96381,21903,0,0.81268,1
41552,35561,0,0.645745,1
155066,16896,0,0.000476,0
181507,23047,0,0.001005,0
27470,10957,0,0.00046,0
189357,39877,1,0.968826,1
164346,14849,0,0.033055,0
68651,45116,0,0.000727,0
155976,30949,0,0.00054,0
152350,742,0,0.000186,0
62410,24561,0,0.000234,0
119910,47672,0,0.000871,0
6557,35263,0,0.000145,0
128218,9122,0,0.000612,0
60650,29615,0,0.000183,0
67463,19734,0,0.00023,0
144685,14992,0,0.000603,0
88000,9020,0,0.001479,0
199878,18702,0,0.620668,1
95853,10246,0,0.413048,0
92864,42828,0,0.000379,0
6895,39911,0,0.009157,0
175732,47141,0,0.538739,1
115071,31717,0,0.768638,1
78550,8479,0,0.241275,0
83563,9703,0,0.000399,0
93964,12403,0,0.357481,0
125484,20282,0,0.000322,0
167684,21616,0,0.198996,0
45003,13885,0,0.084625,0
193301,24125,0,0.000342,0
128848,13870,0,0.706557,1
129247,13212,0,0.000192,0
127390,2238,0,0.549846,1
12903,30391,0,0.616346,1
199299,1076,0,0.592334,1
59188,39781,0,0.306636,0
193131,39275,0,0.000292,0
80923,16322,0,0.368638,0
144160,42625,0,0.112618,0
176152,31022,0,0.000286,0
59471,17224,0,0.211656,0
149858,42602,0,2.5e-05,0
14737,1440,0,0.005689,0
59471,22915,0,0.464985,0
13225,3689,0,0.282862,0
176910,3717,0,0.000358,0
119382,39980,0,3.5e-05,0
163921,16234,0,0.000527,0
153819,8366,1,0.654614,1
159647,11412,0,0.000416,0
134670,14715,1,0.986904,1
89184,28985,0,0.460066,0
164709,758,0,0.39411,0
85072,23765,0,0.050051,0
23054,8518,0,0.514632,1
115674,8204,0,0.313755,0
36267,18656,0,0.887865,1
120273,16083,0,0.000371,0
177016,43908,0,0.000196,0
37650,23234,0,0.162823,0
146655,32293,0,0.000704,0
107005,21195,0,0.000137,0
53195,26763,0,0.069783,0
75805,37710,1,0.067203,0
153155,13829,0,0.000715,0
46761,24009,0,0.005648,0
84308,2238,0,0.684867,1
198699,26497,1,0.44454,0
194213,22034,0,0.058367,0
188089,32460,0,0.464545,0
132456,45535,0,0.360878,0
105845,41755,0,0.259925,0
176212,28983,0,3.7e-05,0
137878,44408,0,0.000268,0
53360,13535,0,0.000116,0
53818,16759,0,0.001087,0
31278,46654,0,0.0007,0
152355,22144,0,0.000571,0
21554,17988,0,0.000117,0
188732,24043,0,0.069672,0
83763,3988,0,0.000134,0
119290,24933,0,0.051802,0
189898,18531,0,0.735672,1
202394,8518,0,0.390454,0
146754,38622,0,0.278175,0
17553,28204,0,0.687281,1
65452,21288,0,0.000986,0
78670,31495,0,0.077692,0
23386,28476,0,0.231131,0
172732,27966,0,0.330424,0
36694,39997,0,0.000292,0
48259,34727,0,0.05445,0
48125,39275,0,0.594741,1
7184,23645,0,0.60056,1
33021,7175,0,0.000314,0
119348,1234,0,0.000307,0
204247,43352,0,0.435014,0
26533,23181,0,0.39903,0
70267,42183,0,0.385256,0
21553,9901,0,0.026377,0
61899,47652,0,7.1e-05,0
181981,39190,0,0.00011,0
25696,7736,0,0.066035,0
70971,34862,0,0.000349,0
145772,24830,0,0.001031,0
54859,13906,0,7.2e-05,0
17851,17915,0,0.000279,0
98197,5025,0,0.297973,0
6448,46147,0,0.105922,0
184589,46667,0,0.174431,0
198217,49416,0,1.7e-05,0
103420,9839,0,0.392027,0
104692,42828,0,0.035654,0
7224,5884,0,0.071832,0
153548,42701,0,0.754643,1
72536,35628,0,0.7424,1
64317,39275,0,0.000132,0
21059,33279,0,0.104305,0
23822,16185,0,0.616693,1
202252,45535,0,0.158648,0
78724,26209,0,0.000316,0
70679,26894,0,0.000116,0
45845,41242,1,0.917094,1
61607,3599,1,0.663304,1
74847,41273,0,0.000395,0
96193,34668,0,0.472434,0
74043,25952,1,0.646557,1
92856,41484,0,0.000197,0
54154,21903,0,0.000852,0
166566,7718,0,0.553394,1
66500,14259,0,0.000849,0
153351,12456,0,0.000477,0
183782,35535,0,0.000186,0
21304,24197,0,9.1e-05,0
24553,39877,0,0.675925,1
23797,23288,0,0.038037,0
75674,2646,0,0.000251,0
43612,35523,0,0.000506,0
126445,26405,1,0.762226,1
62647,44303,0,0.007695,0
43072,34489,0,0.000725,0
9193,37096,0,0.000289,0
104659,34126,0,0.670431,1
70971,34858,0,0.000101,0
132529,18927,0,0.313857,0
1584,24850,0,0.063921,0
12787,39408,0,0.27518,0
186595,38185,1,0.962231,1
10595,36961,0,0.374662,0
152877,48795,0,0.089504,0
153777,47734,0,0.000469,0
35382,11827,0,0.00023,0
133507,29077,0,0.141622,0
19527,20842,0,0.293012,0
53925,31433,0,0.000241,0
4543,15392,0,0.011317,0
105585,27681,0,0.211069,0
202100,20479,0,0.163334,0
112110,27635,0,0.000217,0
29012,9554,0,0.018934,0
74908,49531,0,0.096146,0
184215,36759,0,0.282574,0
44106,19254,0,0.000665,0
84327,37947,0,0.371242,0
152538,13245,0,0.161546,0
53694,17021,1,0.23456,0
185523,977,0,0.234818,0
48125,1935,0,0.099401,0
125204,36085,0,0.490944,0
50742,5322,0,0.214253,0
168912,1870,0,7.8e-05,0
123888,20704,1,0.105121,0
113129,26369,0,0.000186,0
136468,31040,0,0.095103,0
37320,49683,0,0.000482,0
176301,24184,0,0.655396,1
203343,20995,0,0.000421,0
20688,40279,0,0.034807,0
14692,37552,0,0.545761,1
28227,41319,0,0.115278,0
106474,1468,0,0.161739,0
159827,46242,0,0.028259,0
36928,24160,0,0.000534,0
32388,1117,0,0.000208,0
193131,13736,0,0.000162,0
189680,16687,0,2.8e-05,0
89639,38679,0,0.023907,0
101225,27966,0,0.410933,0
92193,7021,0,0.765959,1
82945,7150,0,0.00023,0
203593,5422,0,0.663054,1
36177,26790,0,0.00062,0
2316,22963,1,0.907964,1
33599,40034,0,0.133755,0
169856,6649,0,0.00019,0
102484,5098,0,0.046021,0
68238,41570,0,0.056238,0
144687,21288,0,0.573204,1
28958,3880,0,0.191196,0
86816,17122,0,0.262598,0
177520,39545,0,0.000672,0
50469,12206,0,0.00015,0
5011,11520,0,0.830269,1
29857,5876,0,0.000709,0
147532,32545,0,0.000174,0
93902,5450,0,0.185663,0
165625,44142,0,0.398934,0
42890,38456,0,0.00024,0
146613,43961,0,0.000157,0
69951,45622,0,0.347154,0
45802,3397,0,0.481572,0
168016,11408,0,0.618757,1
137048,26620,0,0.608311,1
156784,22995,0,0.000134,0
52334,28597,0,0.227533,0
53535,33846,0,0.238596,0
162366,26177,0,0.273696,0
88448,12276,0,0.216696,0
51645,23622,0,0.000444,0
16434,11005,0,0.260463,0
31382,21184,0,0.090315,0
17915,44561,0,0.001078,0
94868,15902,0,0.000747,0
46657,8518,0,0.464998,0
50249,35183,0,0.404215,0
158022,40386,0,0.230261,0
136235,5621,0,8.9e-05,0
27154,26355,0,0.139449,0
148468,37711,0,0.000226,0
40437,6141,0,0.142298,0
161775,20118,0,0.874704,1
175767,30391,0,0.596978,1
80218,4799,0,0.802469,1
168275,47123,0,0.023708,0
94285,37552,0,4.2e-05,0
180890,42736,0,0.282658,0
138600,47209,0,0.000429,0
37409,45,0,0.000522,0
845,16617,0,0.067252,0
26929,24184,0,0.000582,0
204884,26209,0,0.000367,0
124493,2537,0,0.000487,0
16118,4605,0,0.371026,0
36688,41844,1,0.371915,0
15626,15438,0,0.032047,0
70786,17328,0,0.000186,0
23568,27845,0,0.580705,1
118177,9112,0,0.061659,0
139415,2825,0,0.028721,0
31585,10385,0,0.423891,0
168386,22218,0,0.102969,0
5382,30981,0,5.4e-05,0
191191,13176,0,0.012463,0
80607,6181,0,9.9e-05,0
127525,11218,0,2.9e-05,0
156304,17794,0,0.310387,0
153065,21709,0,0.203593,0
87856,3464,0,0.708944,1
186249,10132,0,0.406816,0
148304,8174,0,0.000246,0
23852,21903,0,0.790151,1
169180,25138,0,0.118079,0
189750,11011,0,0.03286,0
33535,34565,0,0.000326,0
166459,39971,0,0.021979,0
197112,29604,0,0.26773,0
94959,9092,0,0.366231,0
203504,41998,0,0.00033,0
199995,38293,0,0.000281,0
50146,46041,0,0.000268,0
51006,41273,1,0.877946,1
156203,20119,0,0.000731,0
128137,21137,0,0.410935,0
156718,31066,0,0.102545,0
2404,16978,0,0.000243,0
9530,4799,0,0.085792,0
166159,39353,0,0.006058,0
18496,22825,0,0.227481,0
11378,46510,0,0.423064,0
20688,39758,0,0.022878,0
159240,39922,0,0.060445,0
103242,10749,0,0.291648,0
97401,36034,0,4.6e-05,0
11729,40706,0,0.375555,0
135429,23879,0,0.525816,1
1595,24489,0,0.711178,1
169430,15860,0,0.145353,0
89699,30169,0,0.000134,0
54610,22124,0,0.547674,1
65753,27966,0,0.254708,0
73310,30853,0,0.019353,0
56040,33316,0,0.093547,0
31796,39275,0,0.433028,0
116929,36735,0,0.007771,0
85622,39475,0,0.028629,0
22662,7121,0,0.095204,0
205406,23288,0,0.296835,0
66096,11465,0,5.6e-05,0
133953,8021,0,0.609781,1
40864,30623,0,0.075087,0
61197,17706,0,0.245191,0
50583,19731,0,9.1e-05,0
183353,3798,0,0.122982,0
20951,14157,0,0.000212,0
147903,26629,0,0.008522,0
51138,33153,0,0.043938,0
187945,31717,0,0.453333,0
148213,16521,0,0.000506,0
156882,35108,0,0.000652,0
34772,46802,0,6.4e-05,0
125882,42615,0,0.080734,0
143033,46260,0,0.055372,0
62239,46979,0,0.000108,0
117356,16891,0,0.09559,0
46691,30420,0,0.008319,0
98430,19678,0,0.000446,0
184373,43889,0,0.26391,0
54133,14161,0,0.238526,0
152725,21351,0,0.000363,0
127455,30489,0,0.472434,0
151737,8194,0,0.000461,0
47197,47209,0,0.000297,0
38732,4605,0,0.00023,0
147112,16797,0,0.000994,0
131125,41665,0,0.000198,0
180734,47209,0,0.42271,0
124938,27323,0,0.096365,0
37897,21938,0,0.416684,0
105262,47284,0,0.459128,0
125955,18382,0,5.3e-05,0
137495,41325,0,0.270165,0
106556,10960,0,0.130917,0
127322,11782,0,9e-05,0
82591,6734,0,0.194644,0
91619,35328,0,0.186433,0
204613,38164,0,0.063163,0
155666,26177,0,0.46121,0
107629,42516,0,0.000258,0
178775,26280,0,0.123907,0
119424,12797,0,0.000271,0
51616,39886,0,0.000394,0
122821,4793,0,3.2e-05,0
78867,49273,0,8.8e-05,0
29195,13176,0,0.925124,1
195360,38689,0,0.529037,1
146915,3956,0,0.007445,0
200052,44359,0,0.000189,0
145844,17316,0,0.000164,0
40180,2537,0,0.000184,0
27392,8803,0,0.182334,0
10595,23339,0,0.015618,0
121860,27142,0,0.132266,0
133199,18234,0,0.00106,0
172325,45497,0,0.000266,0
104636,5449,0,0.134286,0
124351,27179,1,0.14288,0
13631,49079,0,0.000588,0
87811,9210,0,0.000685,0
10316,21616,0,0.265661,0
190389,32433,0,0.016695,0
201636,22922,0,0.170224,0
5556,45613,0,0.000473,0
200711,17858,0,0.0002,0
204210,26298,0,0.00096,0
5378,17122,0,0.000464,0
79795,40063,0,0.000659,0
8748,24964,0,0.178835,0
109338,3631,1,0.959079,1
177224,21705,0,0.018565,0
168871,16145,0,0.251875,0
51483,46692,0,0.333747,0
192533,35108,0,0.156055,0
48931,10709,0,0.048289,0
141268,5785,0,0.000689,0
4663,17123,0,0.004946,0
74158,10221,0,0.303202,0
120200,12204,0,0.053689,0
60421,6224,0,0.000194,0
68679,7205,0,0.000127,0
101465,21083,0,0.478065,0
94033,42342,0,0.000851,0
25944,32922,0,0.005423,0
18677,1752,0,0.040802,0
117654,5077,0,0.000331,0
21533,44830,0,0.667705,1
108820,47209,0,0.000421,0
118430,42768,0,0.112805,0
193980,34861,0,0.037383,0
175643,25283,0,0.032685,0
122846,24838,0,0.239345,0
103784,38768,0,0.367173,0
104184,27625,0,0.160139,0
89246,19678,0,0.000447,0
5971,12606,0,0.00011,0
141547,32538,0,0.329106,0
56412,19151,0,0.074059,0
129961,31759,0,0.037208,0
175893,21376,0,0.482623,0
194934,31981,0,0.54653,1
125746,42936,0,0.236603,0
77751,19508,0,0.218503,0
189656,21295,0,0.595423,1
66092,45007,0,0.000147,0
117023,5194,0,0.095172,0
181218,15902,0,0.970052,1
42906,34688,0,0.425028,0
49480,37594,0,0.000131,0
151703,7354,0,0.775774,1
192797,7987,0,7.1e-05,0
72703,481,0,0.04093,0
40753,5024,0,0.306061,0
111972,27398,0,0.035638,0
130362,3631,1,0.434982,0
148242,24852,0,0.000716,0
179215,16254,0,0.000528,0
175175,28348,0,0.303903,0
40744,48241,1,0.958688,1
49010,15290,0,0.809095,1
166983,4793,0,0.000363,0
161264,5031,0,0.271906,0
144746,17027,1,0.767226,1
173482,21349,0,0.173058,0
118718,20126,0,0.038135,0
19510,47910,0,0.004839,0
180067,37687,0,9.3e-05,0
6851,37107,0,5.4e-05,0
99758,6808,0,4.5e-05,0
132972,7500,0,0.180215,0
59545,45856,0,0.094282,0
143526,19602,0,0.03147,0
64704,17835,0,0.000205,0
30877,45356,0,0.005247,0
39761,37107,0,0.006622,0
18142,16393,0,3.7e-05,0
56791,18362,0,0.936697,1
64925,1215,0,0.459718,0
52848,43619,0,0.179942,0
189895,38777,0,0.020946,0
132224,20842,0,0.000445,0
56570,25094,0,0.000216,0
71993,7371,0,0.634278,1
49881,24852,0,0.778319,1
67042,9347,0,0.048332,0
45528,24184,1,0.786677,1
53155,40863,0,0.129264,0
53634,21464,0,8.9e-05,0
53212,21137,0,0.634907,1
53548,19678,0,0.000597,0
49685,45541,0,0.084616,0
74279,21280,0,0.037897,0
16945,10482,0,0.000159,0
23086,38293,0,0.000714,0
52144,13802,0,0.293305,0
120997,2024,0,0.322138,0
9197,8518,0,0.375709,0
118837,48679,0,0.678737,1
8013,40002,0,0.120091,0
147291,49424,0,0.000116,0
29710,33000,0,0.000852,0
85113,7751,0,0.000114,0
91276,26790,1,0.836967,1
157164,39491,0,0.000944,0
149346,7559,0,0.546158,1
193951,21137,0,0.419675,0
98703,13304,0,0.111298,0
162742,2581,0,0.000214,0
44742,31640,0,0.000459,0
24394,36601,0,0.000221,0
111997,23744,0,0.260106,0
174422,45066,0,0.000512,0
177444,34243,0,0.484969,0
92688,22757,0,0.000527,0
15395,46720,0,0.00034,0
9985,47626,0,0.313723,0
73571,5194,0,0.022302,0
6613,32115,0,0.147548,0
184373,23995,0,0.006937,0
141431,19690,0,0.485298,0
189801,28204,0,0.500307,1
108870,27275,0,0.091023,0
51848,28469,0,0.000273,0
98816,39275,0,0.000137,0
183274,48679,0,0.000257,0
111105,45570,0,0.935897,1
67829,4472,0,0.062482,0
61282,47626,0,0.188873,0
160656,16797,0,0.0012,0
173972,17795,0,0.243907,0
184942,48775,0,0.000309,0
122285,22935,1,0.868672,1
66794,9092,0,0.000177,0
32713,3599,0,0.315021,0
179284,7948,0,0.578444,1
127453,12864,0,0.00023,0
142461,48974,0,0.082369,0
45011,10246,0,0.000409,0
184218,5818,0,0.000677,0
120270,28745,0,0.000402,0
79366,5460,0,0.358952,0
175354,30169,0,0.218088,0
164383,47357,0,0.000299,0
25992,16756,0,0.000912,0
15423,41220,0,0.000421,0
46129,40009,0,0.609165,1
118146,16757,0,0.5658,1
192360,31727,0,0.000457,0
155797,6286,0,0.641272,1
26613,5769,0,0.111335,0
74948,46413,0,0.04498,0
75407,4945,0,0.449856,0
97526,48845,0,3.2e-05,0
120833,33000,0,0.064432,0
33057,24221,0,0.093971,0
193986,21573,0,0.424063,0
69999,8929,0,0.180071,0
73701,7948,0,0.410737,0
141420,18090,0,0.000231,0
105879,7559,0,0.000253,0
116209,49318,0,0.633515,1
162873,43352,0,0.000299,0
178045,21709,0,0.00093,0
34489,35108,0,0.237186,0
140132,17905,0,0.019982,0
187717,38525,0,0.049298,0
131420,34126,0,0.816343,1
198692,37825,0,0.000262,0
41827,16436,0,0.000183,0
177082,38028,0,0.078858,0
15142,7371,0,0.000418,0
113517,21083,0,0.000495,0
87741,26604,0,0.117124,0
7607,26283,0,0.457625,0
22599,3627,0,0.021403,0
167069,35420,0,2.7e-05,0
155011,4421,0,0.000325,0
165601,40464,0,0.000207,0
139034,22031,0,0.3145,0
85952,33198,1,0.972918,1
66286,23516,0,0.02006,0
136611,24838,0,0.506748,1
4383,15130,0,0.000644,0
165716,2314,0,0.000306,0
36972,16797,0,0.01192,0
53522,6224,0,0.000124,0
152174,12312,0,0.067233,0
68591,1511,0,0.000314,0
79213,19201,0,7e-06,0
62834,42224,0,9.6e-05,0
97286,47144,0,0.929522,1
39752,31066,0,0.000173,0
152717,44267,1,0.186207,0
27578,18441,0,0.078988,0
120303,44887,0,0.036135,0
44814,6137,0,0.036407,0
164843,2078,0,0.00029,0
175238,1202,0,0.187452,0
114227,21403,0,0.000506,0
55315,27966,0,0.184722,0
11698,24964,0,0.313873,0
15142,22935,0,0.001166,0
130082,45,0,0.000148,0
30052,21386,0,0.859235,1
158036,46667,0,0.221159,0
2316,47133,0,0.352423,0
90095,49500,0,8.8e-05,0
86099,34497,0,0.254623,0
180735,7628,0,0.00017,0
193568,11078,0,0.204206,0
25779,33636,0,0.226629,0
184248,24009,0,0.017021,0
143487,34871,0,0.043643,0
126268,39275,0,0.888662,1
51645,21938,0,0.00037,0
172053,10036,0,0.000158,0
102366,47626,0,0.937773,1
43764,40603,0,0.144877,0
181676,48781,0,0.019227,0
5002,19457,0,8e-05,0
129223,26209,0,0.000274,0
109101,23466,0,0.222658,0
64037,5646,0,8.9e-05,0
140292,46584,0,0.007308,0
54160,4957,0,0.067361,0
77694,8670,0,0.000454,0
151805,30233,0,0.018112,0
117057,18872,0,0.010852,0
93870,19348,0,0.703016,1
41826,34358,0,0.000424,0
146951,6128,0,0.756715,1
116619,32915,0,0.082228,0
177934,21137,0,0.38018,0
40150,47209,1,0.917593,1
158372,33120,0,0.35969,0
178491,27325,0,0.368194,0
115909,5134,1,0.946523,1
92044,45656,0,0.000354,0
741,39275,0,0.18441,0
197683,47766,0,0.000436,0
199392,34368,0,0.000268,0
140539,46979,0,0.919063,1
158382,45519,0,0.004309,0
201241,23047,0,0.64379,1
30079,23592,0,0.026303,0
99551,13221,0,0.134534,0
95337,24489,0,0.233488,0
75446,2078,0,0.014921,0
90899,15976,0,0.135187,0
117287,30949,0,0.827118,1
116592,37766,0,0.000114,0
10329,38003,0,0.115136,0
115236,30326,0,0.30021,0
146246,937,0,0.190976,0
188250,15290,0,0.349462,0
113496,25804,0,0.000336,0
190501,21667,0,0.26144,0
15293,8910,0,0.066114,0
125554,24852,0,0.973721,1
52011,26452,0,0.204769,0
85952,6656,0,0.013638,0
870,40706,0,0.000474,0
189034,1104,0,0.015291,0
181866,5911,0,0.595749,1
77403,40377,0,0.000305,0
56791,31215,0,0.514679,1
85132,35336,0,0.508171,1
38853,4796,0,0.000718,0
29694,27104,0,0.62772,1
46674,29662,0,0.000303,0
172353,30169,0,0.000389,0
120015,8671,0,0.120918,0
25466,29622,0,0.079694,0
103204,45190,0,0.217059,0
200324,28413,0,0.435192,0
97785,32285,0,0.034083,0
107314,46979,0,0.001213,0
182618,18557,0,0.007267,0
155425,31964,0,0.212584,0
136048,39958,0,0.000611,0
66229,36051,0,0.072569,0
82368,5984,0,0.01782,0
65151,47977,0,0.000445,0
109757,49484,1,0.073845,0
132299,35123,0,8.3e-05,0
46701,8638,0,5.2e-05,0
10844,33493,0,4.8e-05,0
169471,3477,0,4.7e-05,0
48026,17650,0,0.248056,0
1240,39475,0,0.000114,0
59325,39492,0,0.035185,0
48957,38647,0,0.000373,0
151197,48737,0,0.045276,0
186963,21295,0,0.000231,0
38158,3805,0,0.018014,0
173347,8710,0,0.000407,0
42956,14335,1,0.962745,1
133063,10528,0,0.356948,0
140331,28985,0,0.696206,1
39640,23909,1,0.963866,1
96832,22282,1,0.911358,1
166584,7758,0,0.009303,0
84065,18471,0,0.00025,0
131890,43768,0,0.577177,1
72340,19348,0,0.802134,1
154757,31564,1,0.56711,1
33789,44961,0,0.03349,0
68269,39928,0,0.000404,0
193576,35108,1,0.276029,0
142056,37033,0,0.049549,0
92765,42471,0,0.139917,0
115780,7021,0,0.000549,0
2241,12419,0,0.037745,0
2482,29315,0,0.000306,0
14779,2180,0,0.000142,0
92595,32139,0,0.852921,1
134756,4605,0,0.75179,1
49973,17747,0,0.015456,0
73899,12872,0,0.102725,0
23876,8379,0,0.152102,0
2118,32573,0,0.481237,0
5983,43788,0,0.00162,0
80440,37234,0,0.591527,1
53932,890,0,0.221447,0
148112,13640,0,4e-05,0
60228,40593,0,0.268574,0
77937,22035,0,0.51489,1
128262,24683,0,0.012075,0
169013,24852,0,0.677677,1
95441,37711,0,0.081469,0
158836,36929,0,0.000291,0
87530,19678,0,0.560015,1
139423,30720,0,0.000488,0
197033,29894,0,0.000157,0
132004,39275,0,0.402034,0
203987,28985,0,0.717153,1
91840,48144,0,0.216277,0
150389,22312,0,0.000171,0
147087,10106,0,0.273779,0
81424,5085,0,0.000563,0
162981,7628,0,0.000213,0
168093,22935,0,0.000885,0
32273,23029,0,0.214853,0
187768,31915,1,0.957956,1
112367,39964,0,0.000632,0
181512,42423,0,0.35093,0
155976,6489,0,0.000423,0
203561,40174,0,0.672169,1
165820,15842,0,0.043589,0
195174,48697,0,0.655416,1
198004,12916,0,0.07419,0
174515,10251,0,0.437221,0
202076,1106,0,0.140033,0
44643,3040,0,0.012891,0
168319,31553,0,0.000524,0
8162,47626,1,0.752286,1
181283,38400,0,0.000778,0
79746,7602,0,0.144757,0
200804,13914,0,0.000364,0
15165,34358,0,0.275859,0
175809,29429,0,0.111447,0
198461,19057,0,0.153161,0
148985,18000,0,0.000108,0
80668,20730,1,0.091508,0
146547,18281,0,0.000206,0
128583,46996,1,0.891404,1
138176,33543,0,0.493161,0
134297,38052,1,0.092311,0
127182,27569,0,0.000113,0
141655,12385,0,0.113785,0
176231,16848,0,0.152017,0
164813,38768,1,0.248326,0
114602,20410,0,0.000286,0
50908,24363,0,0.032142,0
37625,44051,0,0.009142,0
464,46709,0,0.00015,0
33270,15290,0,0.000404,0
41346,890,0,0.131513,0
26357,10673,0,0.160928,0
41688,14467,0,0.000668,0
52949,5922,0,0.592257,1
57326,1463,1,0.938464,1
23347,41565,0,0.000289,0
194055,42342,0,0.751719,1
86443,13517,0,0.11443,0
48906,1086,0,0.00032,0
29074,45622,0,0.186229,0
76438,6767,0,0.048379,0
154912,35951,1,0.963173,1
51016,12508,0,0.000838,0
133497,4487,0,0.164832,0
24494,23554,0,0.074276,0
29476,7802,0,0.000119,0
142830,34969,0,0.000611,0
123089,31404,0,0.000204,0
23283,36322,0,0.000338,0
121443,4724,0,0.000512,0
86673,29363,0,0.392693,0
16109,34126,0,0.255421,0
140008,30391,0,0.000401,0
66934,17341,0,0.082376,0
158552,21709,1,0.979942,1
5017,5114,0,0.000247,0
7315,48685,0,0.000131,0
129738,2374,0,0.391874,0
15344,21526,1,0.787456,1
104205,4957,0,0.000388,0
114857,44354,0,0.000133,0
68257,20632,0,0.000208,0
171136,22788,0,0.403771,0
23189,44368,0,0.000377,0
115006,28985,0,0.453539,0
68809,9076,0,0.262355,0
136419,29910,0,0.000258,0
76534,21927,0,0.338266,0
827,49241,0,0.000361,0
62512,19488,0,0.000323,0
107402,17794,0,0.377273,0
203343,32877,0,0.001038,0
27547,4920,0,0.941583,1
102081,39491,0,0.917145,1
95396,23712,0,0.540596,1
194026,9076,0,0.269061,0
34489,41716,0,0.024909,0
75255,48246,0,0.000527,0
32124,1935,0,0.38767,0
46761,13519,0,0.004225,0
42524,42240,0,0.607799,1
173512,1890,0,0.001016,0
101602,32096,0,0.000209,0
110834,26767,0,0.180581,0
57103,34838,0,0.278215,0
23023,1440,0,8.4e-05,0
166624,44142,0,0.000181,0
113959,22507,0,0.000334,0
120296,42265,0,0.053544,0
29590,11816,0,0.185444,0
93096,5853,0,0.060217,0
42337,21384,1,0.827852,1
36422,8555,0,0.115156,0
162105,43565,0,0.524154,1
63698,37384,0,0.041005,0
98376,12341,0,0.653143,1
70212,31966,0,0.482572,0
115617,28476,0,0.000557,0
153850,48230,0,0.028501,0
148159,26604,0,0.00049,0
32351,47521,0,0.000215,0
185908,11057,0,0.01574,0
27241,45007,0,0.000384,0
61772,21376,1,0.739144,1
73618,29388,0,0.000532,0
177799,19691,0,0.000669,0
2278,23291,0,0.02041,0
126993,12845,0,0.012915,0
166205,6587,0,0.004103,0
30429,37646,0,0.000375,0
162677,7781,0,0.042892,0
43311,12099,0,0.586397,1
115574,18557,0,0.057716,0
90084,43875,0,0.016479,0
1500,44632,0,0.789003,1
164811,12409,0,0.081736,0
56294,4957,0,0.19548,0
70628,7693,0,0.000431,0
28723,30662,0,0.000364,0
97416,24489,0,0.578325,1
61216,48615,0,0.022316,0
47480,20082,1,0.968063,1
55794,49235,0,0.211516,0
57339,32526,0,0.022675,0
105937,6020,0,0.000153,0
159535,4799,0,0.298603,0
117356,25544,0,0.116925,0
103252,44500,0,0.000416,0
8365,18660,0,1.1e-05,0
158166,15689,0,4e-05,0
185919,605,0,0.000168,0
171542,38192,0,0.535472,1
26211,40939,1,0.607528,1
128604,7632,0,0.177952,0
34020,38188,0,0.004683,0
123335,37749,0,0.007102,0
203938,18867,0,0.000448,0
81711,204,0,0.24328,0
202723,13984,0,0.00038,0
164896,39619,0,0.255925,0
164499,33015,0,0.000627,0
113298,9076,0,0.779007,1
199817,47766,0,0.011515,0
70799,46666,0,0.167103,0
8440,40329,0,2.6e-05,0
199299,49235,0,0.521664,1
105003,1202,0,0.625007,1
205384,5583,0,0.342427,0
53030,5068,0,0.000246,0
63680,24799,0,0.000576,0
114935,34358,0,0.024591,0
196917,13029,1,0.596613,1
26599,25170,0,0.071554,0
136048,45603,0,0.000844,0
109686,35782,0,0.000268,0
101954,48679,0,0.000605,0
203399,44372,0,0.02825,0
101097,48697,0,0.000441,0
107910,12341,0,0.85786,1
124453,9881,0,0.463648,0
184406,33731,0,0.000448,0
84890,47639,0,0.03113,0
181706,4605,0,0.000724,0
70551,34551,0,0.122111,0
11649,42752,0,0.203578,0
162620,41192,0,0.000583,0
178996,16108,1,0.168992,0
32351,4605,0,0.000322,0
34505,18531,0,0.45125,0
22009,16154,0,0.0018,0
47531,44640,0,0.073332,0
80245,32727,0,0.000405,0
16772,32412,0,0.000195,0
32863,37201,0,6.9e-05,0
87106,39758,0,0.000357,0
82380,2132,0,0.079463,0
198876,47783,0,0.061934,0
151024,40706,0,0.000273,0
167805,22281,0,0.00018,0
44202,8451,0,0.065246,0
132299,42394,0,0.00014,0
183521,9434,0,0.000686,0
205747,37973,0,0.127387,0
184113,17948,0,0.683929,1
77361,28204,1,0.446385,0
2396,8479,0,0.069203,0
189571,13535,0,0.067347,0
133780,22451,0,5.4e-05,0
70935,25623,0,0.261844,0
23998,6387,0,0.061273,0
60296,27477,0,0.324479,0
98675,25230,0,0.079368,0
21422,26911,0,0.000111,0
152786,38231,0,0.488681,0
105981,42063,0,0.086948,0
73946,21903,0,0.000126,0
57021,41821,0,0.000122,0
9678,25640,0,0.162664,0
40279,26940,0,0.033087,0
152652,651,0,0.076394,0
183842,43154,0,0.000514,0
170359,34124,0,0.10699,0
65819,17706,1,0.974659,1
188318,29328,0,0.097066,0
86537,37215,0,0.160609,0
128175,7952,0,0.687644,1
107381,27336,0,0.000372,0
82807,35108,0,0.000453,0
204884,42768,0,0.000361,0
65981,40516,0,0.000406,0
144211,39812,1,0.114555,0
101954,12419,0,0.000195,0
21535,21754,0,0.000104,0
114979,38508,0,0.000113,0
26843,20682,0,0.000518,0
23060,18594,0,0.000615,0
128714,31066,0,0.080802,0
57226,44825,0,0.023965,0
126510,32638,0,0.000143,0
197053,21903,0,0.000787,0
67443,46516,1,0.950262,1
112839,2452,1,0.519022,1
129625,28199,0,0.000328,0
14392,19647,0,0.066297,0
122957,44053,0,0.19253,0
1629,8670,0,0.434391,0
55035,1633,0,0.26643,0
8778,2272,0,0.53787,1
49480,6104,0,0.000552,0
8232,20991,0,7.9e-05,0
116795,11123,0,0.000144,0
78039,21513,0,0.000115,0
193391,10504,0,0.510718,1
171969,29694,0,0.026039,0
45522,47843,0,0.207162,0
102020,1556,0,0.047344,0
126766,30489,0,0.535334,1
55576,42450,0,0.000394,0
204792,6341,0,0.312512,0
146163,10036,0,0.000219,0
188184,18020,0,0.000202,0
103890,20842,0,0.015825,0
80465,43961,0,0.342941,0
120163,5134,0,0.00024,0
34703,37890,0,0.0128,0
70867,44683,0,0.397574,0
181782,32585,0,0.05673,0
94710,155,0,0.00445,0
22750,28911,0,0.464948,0
5557,21479,0,0.076325,0
15575,40516,0,0.000626,0
112340,23809,0,0.163119,0
140614,10673,0,0.000246,0
140109,39002,0,0.025938,0
71,19019,0,0.176913,0
61699,40712,0,0.011772,0
149662,40587,1,0.855376,1
164907,29926,0,0.000338,0
171557,32224,0,2.9e-05,0
117577,23288,0,0.000437,0
161557,5322,0,0.000136,0
12639,9155,0,0.023093,0
88610,13212,0,0.000101,0
76640,9210,0,0.141411,0
6688,42536,0,0.416145,0
97393,6742,0,0.039912,0
121430,41544,0,0.486991,0
135400,32931,0,0.025204,0
50595,14895,0,0.067093,0
25687,47626,0,0.626427,1
36190,43406,0,0.000102,0
13278,26486,0,0.172022,0
6235,47626,0,0.001279,0
65130,32156,0,0.00013,0
131203,29094,1,0.862429,1
178640,45633,0,0.610478,1
5346,45007,0,0.364899,0
9944,43129,0,0.066088,0
150389,46667,0,0.000262,0
198288,2078,0,0.704154,1
135560,26324,0,0.357447,0
132789,39275,0,0.328583,0
156968,47087,0,0.000362,0
193664,3616,0,0.457014,0
195661,33198,0,0.966682,1
162777,37931,0,0.006949,0
10666,39558,0,0.622815,1
67181,29439,0,0.047796,0
75707,37147,0,0.090612,0
198099,26981,0,0.093353,0
164251,33120,1,0.951632,1
121486,46802,0,0.000376,0
153788,20760,0,0.000468,0
173692,28790,0,0.000288,0
117708,47626,1,0.769536,1
193085,42110,0,0.000338,0
78039,47766,0,0.000151,0
73290,4562,0,0.000641,0
7713,16965,0,0.006801,0
169468,30442,0,0.742356,1
87259,22825,0,0.000337,0
168938,23821,0,8.3e-05,0
81175,21914,0,0.059055,0
98968,15290,0,0.000811,0
25397,17862,0,0.062833,0
79523,36011,0,0.000363,0
24562,35980,0,0.025714,0
55555,32707,0,0.076203,0
183781,30353,0,0.000274,0
89782,13838,0,0.000621,0
146624,6073,0,0.549178,1
110872,47590,0,0.000382,0
77797,40969,0,0.000142,0
72901,40233,0,0.210835,0
10592,22113,0,0.000176,0
79762,7753,0,0.269322,0
124341,33368,0,0.010219,0
184219,41131,0,0.334666,0
133778,29987,0,0.000938,0
96381,19448,0,0.079969,0
23029,24231,0,0.016799,0
201637,18370,0,0.000877,0
170970,2846,0,0.156318,0
33703,21616,0,0.876288,1
28980,31553,0,2.5e-05,0
130543,15654,0,1.3e-05,0
84553,24382,0,0.000306,0
118843,46709,0,0.375945,0
15598,14992,0,0.335708,0
24257,2086,0,0.484536,0
57980,17231,0,0.000207,0
201529,9124,0,0.000296,0
200827,7177,0,0.715452,1
23657,46969,0,0.209515,0
34124,16900,0,0.005606,0
11221,5388,0,0.156656,0
143343,26369,0,0.00035,0
5390,13966,0,0.000121,0
85389,24622,0,0.090618,0
9084,42887,0,0.097848,0
33336,30489,0,0.000355,0
132641,47788,0,0.122694,0
62976,27104,0,0.416568,0
97436,45013,0,0.000473,0
59130,44229,1,0.820262,1
18217,35176,0,0.000112,0
43402,23524,0,0.016763,0
138526,30169,0,0.000269,0
201645,43234,0,0.085653,0
32980,45570,0,0.202259,0
153033,27845,0,0.004942,0
50321,33407,0,0.0006,0
63725,43933,0,0.000288,0
164116,28934,1,0.83791,1
33695,14144,0,0.000267,0
93403,31660,0,0.000353,0
70880,31173,0,8.9e-05,0
127837,34530,0,0.012914,0
144314,48220,1,0.974973,1
137447,21376,0,0.000738,0
83562,35162,0,3.7e-05,0
100595,17858,0,0.000167,0
85124,17122,0,0.016968,0
94838,23236,0,0.268053,0
163156,21872,0,0.00032,0
132364,44683,0,0.00029,0
132336,45066,0,0.096958,0
11576,39781,1,0.625905,1
200321,45440,0,0.047475,0
20064,32553,0,0.368817,0
182347,18709,0,0.230407,0
141113,42629,0,0.298819,0
99154,18479,0,0.000349,0
196952,14462,0,0.25079,0
41900,48946,0,0.000304,0
141547,17862,0,0.016809,0
25425,24964,0,0.949023,1
116407,23032,0,0.088248,0
155922,39275,1,0.614706,1
153319,19678,0,0.000659,0
34856,37011,0,0.00038,0
173662,17758,0,0.056685,0
155788,42719,0,0.00058,0
135687,7358,0,0.280839,0
153850,5640,0,0.869377,1
98004,41540,1,0.955041,1
143422,33957,0,0.048819,0
22510,48679,0,0.000536,0
7224,30778,0,0.05909,0
173112,44329,0,0.000223,0
87001,13838,0,0.152341,0
198225,35395,0,0.000268,0
83671,35072,0,0.000328,0
16298,35221,0,3e-05,0
6198,30784,0,0.451251,0
100032,19513,0,0.081138,0
20906,13176,0,0.001539,0
106699,19706,0,0.016724,0
193261,41055,0,0.679545,1
203851,5876,0,0.696909,1
147253,1057,0,0.000397,0
80868,26346,0,0.188949,0
157739,19495,0,0.00101,0
198056,47253,0,0.420989,0
161394,21137,0,0.000545,0
49259,36107,0,0.352211,0
203170,42992,0,0.000416,0
48943,47229,0,0.042235,0
44391,31717,0,0.000734,0
109015,9736,0,0.000481,0
46559,14999,0,0.446186,0
126485,18413,0,0.169196,0
63748,12392,0,0.262888,0
193065,18434,0,0.373354,0
48776,18610,0,0.177404,0
104373,48775,0,0.812284,1
53694,16414,0,0.424884,0
54574,17794,0,0.000799,0
162418,41610,0,0.000141,0
89402,39558,0,0.052128,0
144387,16144,0,0.081042,0
56653,41400,1,0.70646,1
55470,21019,0,0.478132,0
152052,25544,0,0.082676,0
183215,47601,0,0.14705,0
61357,33791,0,0.000962,0
51775,41273,0,0.000441,0
199845,8536,0,0.464993,0
147443,12817,0,0.000342,0
97399,14506,0,0.048675,0
193254,4799,0,0.000351,0
52493,15261,0,0.000347,0
79213,32839,0,0.000135,0
105914,21019,0,0.000143,0
180185,12341,1,0.987836,1
80179,31717,0,8.1e-05,0
166917,36076,0,0.115129,0
42264,27571,0,0.000365,0
94016,8518,0,0.343674,0
140722,17223,0,0.000117,0
200978,44628,0,0.087113,0
205634,5971,0,0.00025,0
199328,16953,0,0.492401,0
56406,37766,0,0.000224,0
65961,15290,0,0.000377,0
191135,46605,0,0.157872,0
200437,25272,0,0.127983,0
83343,31692,0,0.516245,1
183683,17949,0,0.389213,0
194996,13563,0,0.000393,0
1856,36865,1,0.774958,1
199358,9337,0,0.381476,0
144751,27318,0,0.000104,0
181827,21144,0,4.3e-05,0
176076,19678,0,0.041614,0
140745,10246,0,0.000552,0
129582,2295,0,0.193382,0
44090,5910,0,0.000184,0
131394,42658,0,0.000283,0
203838,13176,0,0.037405,0
170224,1090,0,0.112308,0
189729,38273,0,0.000186,0
78927,32156,0,0.459728,0
131672,20278,0,0.088499,0
25982,25718,0,0.000277,0
144847,12013,1,0.089425,0
154676,22105,0,0.241729,0
141768,20641,0,0.000686,0
16130,13245,0,0.107696,0
194182,30021,0,0.020967,0
112061,42828,0,0.796062,1
4178,18880,0,0.287415,0
159341,41787,0,0.536464,1
101975,29204,0,0.071437,0
163550,10017,1,0.454374,0
86909,38871,0,0.000124,0
134468,34155,0,0.428022,0
188679,18362,0,0.000203,0
204184,19354,0,0.313244,0
193021,29345,0,0.000491,0
173613,46979,0,0.565476,1
33716,12845,0,0.086866,0
79887,30922,0,0.002678,0
186544,11174,0,0.010233,0
8270,41149,0,0.028286,0
59564,32965,0,0.000107,0
183074,22530,0,0.33495,0
173657,28682,0,0.132167,0
118871,20754,0,0.00039,0
31939,19678,0,0.000397,0
132958,5296,0,0.000409,0
159240,44644,0,0.096008,0
164454,26900,0,0.00044,0
147836,9839,0,0.000658,0
27145,4605,0,0.513935,1
31939,31126,0,5.3e-05,0
5055,196,1,0.986133,1
36257,31136,0,0.784605,1
169355,8174,0,0.000819,0
189655,14399,0,0.034267,0
202849,10193,0,5.9e-05,0
77434,31127,0,0.000833,0
97900,17295,0,0.000446,0
203851,40079,0,0.071103,0
203392,29553,0,0.842388,1
90348,35752,0,0.891121,1
52182,22935,0,0.501332,1
49173,13525,0,0.208789,0
107505,2974,0,0.290576,0
27090,17858,0,0.00059,0
7831,38653,0,0.088908,0
189746,44632,1,0.854352,1
143203,8184,0,0.049694,0
97061,10978,0,0.19458,0
120230,3816,0,0.000904,0
34684,36923,0,0.242935,0
24571,49226,0,0.903937,1
72148,30036,0,0.807275,1
38955,17461,0,0.000306,0
31057,22007,0,0.023923,0
196604,36,0,0.00027,0
24638,13733,0,0.000404,0
98478,22340,0,0.46834,0
63517,27521,1,0.753192,1
3659,41787,0,0.000609,0
176948,3990,0,0.635697,1
86909,11827,0,7.9e-05,0
24179,5380,0,0.006493,0
12249,6238,0,0.007495,0
20575,14870,0,0.000227,0
54917,5550,0,0.419239,0
97345,38610,0,0.000193,0
132544,19151,0,0.459915,0
79047,29545,0,0.062367,0
153685,32578,0,0.22556,0
40604,37983,0,0.431117,0
172875,44910,0,0.031995,0
50434,16349,0,0.369627,0
21027,42265,1,0.155432,0
89333,14778,0,0.39365,0
139023,5194,0,0.512721,1
32539,32446,0,0.000529,0
204848,28849,0,0.000631,0
96267,34991,0,0.038374,0
124341,27801,0,0.01975,0
138310,45125,0,0.000256,0
120892,4647,0,0.19236,0
66895,34459,0,0.000276,0
113257,8053,0,0.066318,0
109812,22935,0,0.014,0
27762,45453,0,0.065644,0
91949,12080,0,0.162567,0
85750,45303,0,0.000316,0
34605,48695,1,0.366676,0
118905,42931,0,0.000713,0
16312,46226,0,0.618342,1
58218,39578,0,0.000463,0
134020,12693,0,0.000368,0
74678,11688,0,0.041832,0
41517,5757,0,0.073865,0
193746,21372,0,0.000337,0
39438,15269,0,0.000493,0
13227,10246,0,0.000717,0
103211,2759,0,4.3e-05,0
16152,38383,0,0.669216,1
139110,24964,1,0.267754,0
102616,5970,0,0.244924,0
1722,48086,1,0.799965,1
26054,26165,0,0.815441,1
92277,19660,0,0.000513,0
92811,7054,0,0.000366,0
131791,16398,0,0.020283,0
139096,42958,0,0.000512,0
4426,42475,0,0.000361,0
49370,6178,0,0.118598,0
114046,21903,0,0.00049,0
67129,41874,0,0.000409,0
19262,4945,1,0.90912,1
113255,47626,0,0.319652,0
122218,42701,0,0.279958,0
100869,34358,0,0.575896,1
184014,24506,0,0.123625,0
125265,38383,0,0.619972,1
135984,33493,0,0.011103,0
53738,4138,0,0.553872,1
25855,23375,0,0.078785,0
7228,22825,0,0.000306,0
88303,5973,0,0.009601,0
30658,24852,0,0.001253,0
193193,5271,1,0.315581,0
101664,45296,0,0.000634,0
135187,12013,0,0.067708,0
80829,13757,0,0.440019,0
137331,44479,0,0.737451,1
148162,41338,0,0.162248,0
171158,15662,0,0.052693,0
182778,14877,0,0.116298,0
154216,18027,0,0.122988,0
89208,47630,0,0.926645,1
103401,31156,1,0.324389,0
193204,17789,0,0.000108,0
141295,35652,0,0.144956,0
71688,13176,1,0.980862,1
53281,1158,1,0.102944,0
132713,1313,0,0.201989,0
48132,32756,0,0.243774,0
163467,28427,0,0.000135,0
73175,5450,0,0.357465,0
78076,48370,0,0.756878,1
82058,49401,0,0.000252,0
177166,43789,0,0.417006,0
82215,9462,0,0.296418,0
103262,6046,0,0.360994,0
194234,18465,0,0.344984,0
159979,790,0,0.000296,0
8677,25093,0,0.064568,0
25283,34778,0,0.107537,0
126902,6858,0,0.000478,0
141683,10912,0,0.000114,0
119159,12980,0,0.446137,0
78487,45537,0,0.472716,0
146520,2086,0,0.15356,0
80581,2408,0,0.080223,0
59519,21506,0,0.000162,0
85870,16137,0,0.030939,0
60371,40467,0,0.406531,0
199993,41055,0,0.01356,0
10446,30382,0,0.67072,1
199815,10749,0,0.470401,0
87810,2014,0,0.296959,0
148285,29798,0,0.000436,0
76323,4605,0,0.000484,0
71903,16097,0,0.378347,0
57287,890,1,0.204513,0
18482,33884,0,2.3e-05,0
18332,35108,0,0.189419,0
60834,25836,0,0.000185,0
41153,17008,0,0.165575,0
45955,9438,0,0.101177,0
67178,40878,0,0.000432,0
96424,38827,0,0.000412,0
55746,36658,0,0.000224,0
130953,35725,0,0.054772,0
127709,34358,0,0.000692,0
80232,5242,0,5.3e-05,0
48959,40486,0,0.000349,0
60406,9703,0,0.027939,0
160409,14191,0,0.038014,0
42500,34137,0,0.119641,0
65798,18415,0,0.004896,0
155370,1485,0,0.0008,0
66060,35715,0,0.882489,1
25304,41220,0,0.071522,0
175809,41178,0,0.183836,0
131979,15186,0,3.8e-05,0
161797,2295,0,0.00015,0
8820,22474,0,0.463565,0
124556,26668,0,0.330257,0
114311,21850,0,7.7e-05,0
17739,16823,0,0.508206,1
32569,9839,0,0.000613,0
169366,47029,0,0.031147,0
165123,39581,0,0.000408,0
203523,14462,0,0.045884,0
4152,1234,0,0.779913,1
177652,47209,0,0.648405,1
64014,41642,0,0.000648,0
72715,1648,0,0.000656,0
154411,343,0,0.000161,0
13062,19887,0,0.00012,0
141283,23296,0,0.886288,1
112747,47766,0,0.540456,1
89590,8277,0,0.000134,0
186619,46979,0,0.764561,1
159274,27966,0,0.782278,1
60396,2966,0,0.000132,0
124424,47058,0,0.667966,1
143101,6288,0,0.027981,0
202252,1862,0,0.048198,0
22352,15873,0,0.030737,0
115586,44614,0,0.23956,0
1648,22234,0,0.13986,0
79944,16479,0,0.194943,0
63277,17956,0,0.037543,0
34531,18200,0,0.009839,0
141383,20431,0,0.663683,1
35315,39275,0,0.000228,0
22309,37131,0,0.054427,0
82746,44514,0,0.082411,0
137392,40723,0,7.6e-05,0
167720,21077,0,0.242132,0
193632,44628,0,0.045915,0
16989,37220,0,0.000116,0
181460,28842,0,0.168903,0
167547,38067,0,0.000137,0
198699,35167,0,0.292232,0
91840,20983,0,0.011264,0
16692,25005,0,0.085421,0
121888,28842,0,0.271426,0
89694,22849,0,0.000248,0
75487,24852,1,0.955945,1
26838,43263,0,0.054017,0
158866,11068,0,0.322158,0
62450,49520,0,0.157804,0
134744,23565,0,0.149795,0
23007,26604,0,0.000356,0
101816,18079,0,0.079136,0
23190,44910,0,0.170322,0
202580,17600,0,0.009035,0
189460,31683,0,0.874258,1
158091,35914,0,0.893995,1
71381,5212,0,0.000479,0
67344,13780,0,0.000635,0
186263,26165,0,0.838669,1
53690,32338,0,0.123603,0
71817,46667,1,0.427192,0
45701,37029,0,0.550832,1
102255,41055,1,0.006359,0
164448,36316,0,0.000806,0
160961,16797,0,0.042872,0
71051,24852,0,0.865733,1
202457,26183,0,0.200012,0
134080,15290,0,0.000583,0
42481,13457,0,0.050341,0
187890,13263,0,0.392342,0
27441,26209,0,0.000335,0
133588,7054,0,0.000291,0
39896,7628,0,0.0002,0
35422,49683,0,0.000764,0
34266,25686,0,0.000401,0
76360,2164,0,0.000217,0
69853,38293,0,0.536103,1
70743,6765,0,0.038636,0
104269,13031,0,0.717932,1
6806,26764,0,1.9e-05,0
126687,22312,0,1.1e-05,0
202410,39339,0,0.207503,0
179148,12541,0,0.12772,0
79395,48205,1,0.775126,1
127776,38563,0,0.002533,0
196174,49598,0,0.004608,0
136579,3529,0,0.76538,1
91917,204,0,0.000169,0
105852,26848,0,0.306125,0
34797,21386,0,0.000179,0
146321,25824,0,0.000911,0
199684,42857,0,5.9e-05,0
172654,31766,0,0.732048,1
184663,37065,0,0.414875,0
104364,26111,0,0.133589,0
164426,19660,0,0.000128,0
70102,11182,1,0.754795,1
154915,49235,0,0.868685,1
113052,45063,0,0.000594,0
206117,46087,0,0.000456,0
678,30229,0,0.000218,0
99389,18069,0,0.120963,0
33932,481,0,0.040455,0
15363,6347,0,0.215226,0
148891,17326,0,0.000865,0
50187,34169,0,0.117506,0
155976,33731,0,0.000282,0
118967,26521,0,0.285787,0
65495,20142,0,0.001397,0
147580,28221,0,0.032475,0
99934,29898,0,0.412591,0
136271,37059,0,0.240755,0
77405,23137,0,5.9e-05,0
94152,36929,0,0.000467,0
46257,9871,0,0.000298,0
75020,20431,0,0.000148,0
163843,3389,0,0.18253,0
88449,10819,0,0.000171,0
22646,20985,0,0.000756,0
187104,14197,0,0.125402,0
155228,46811,0,0.098754,0
120526,17794,1,0.717804,1
204390,36854,0,0.099349,0
23280,39636,0,0.059318,0
180289,35951,1,0.828784,1
90685,38293,0,0.780771,1
133679,31558,0,0.185022,0
84835,34625,0,0.433124,0
135407,38739,0,0.000892,0
66387,7751,0,0.031546,0
168313,31486,0,0.000696,0
86769,43295,0,0.603903,1
17292,3376,0,0.438586,0
47968,42244,0,0.894609,1
15160,12986,0,0.089493,0
137856,28985,0,0.441511,0
173325,40706,0,0.219897,0
75664,35921,0,0.080266,0
169787,27744,0,0.545896,1
183401,28156,0,0.379973,0
26083,20580,0,0.000691,0
97551,12756,0,0.357899,0
69750,39928,0,0.089149,0
161079,687,0,0.005885,0
85613,18150,0,0.000746,0
54283,25043,0,0.095551,0
16298,7862,0,0.000181,0
146295,27360,0,0.928266,1
121153,29432,0,0.103691,0
174478,17794,0,0.06636,0
185011,38504,0,0.107747,0
129705,15392,0,0.262449,0
161766,12745,0,0.000557,0
83780,8668,0,0.089503,0
143278,1862,0,0.000198,0
118958,21666,0,0.091214,0
66777,31717,0,0.678636,1
51288,47766,1,0.976221,1
164319,28993,0,0.426535,0
203062,24955,0,0.00029,0
143539,15386,0,0.747155,1
65790,18394,0,0.571388,1
202778,31805,0,0.595348,1
190389,34658,0,0.007924,0
49368,9480,0,0.225961,0
137233,2088,0,0.261761,0
3514,11543,0,2.3e-05,0
90227,31477,0,0.037969,0
6336,28204,0,0.000785,0
62549,2405,0,0.043929,0
147356,43122,1,0.475617,0
198725,32782,0,0.217249,0
77153,14671,0,0.000367,0
48957,24964,0,0.000456,0
204793,12341,1,0.93734,1
141612,25153,0,0.528952,1
5384,19048,0,0.694239,1
174328,38558,0,0.030045,0
47385,29009,0,0.739165,1
140412,34321,1,0.499077,0
16357,28012,0,0.00095,0
50210,19057,0,0.41612,0
179846,39984,0,0.000214,0
202941,27243,0,0.000146,0
63057,47144,0,0.000649,0
66285,12276,0,0.111151,0
80556,35181,0,0.000268,0
84336,27104,0,0.000516,0
84327,21698,0,0.288885,0
64601,8571,1,0.974967,1
23713,30191,0,0.081253,0
130359,45801,0,0.02693,0
92749,46692,0,0.310557,0
193028,5456,0,0.319401,0
140766,23106,0,0.033894,0
176495,24830,0,0.018304,0
169468,31766,0,0.780246,1
104304,45066,0,0.000142,0
175725,37979,0,0.179399,0
129390,43961,0,0.000266,0
88103,42475,0,0.13645,0
39388,44632,0,0.486315,0
131706,32051,0,0.096581,0
82392,7615,0,0.21659,0
150249,32717,0,0.350315,0
92580,42299,0,0.049142,0
8073,32429,0,0.00044,0
151304,19436,0,3.9e-05,0
88837,1503,0,0.243626,0
119024,11807,0,0.101201,0
204930,44475,0,0.425381,0
154973,3187,0,0.000666,0
149808,28985,0,0.814202,1
69252,10644,0,0.000185,0
152972,41220,0,0.474447,0
205708,14627,0,0.264549,0
144542,43076,0,0.145602,0
181970,22007,0,0.019874,0
49973,21092,0,0.009487,0
68716,5134,0,0.003054,0
121535,26767,0,0.008725,0
204215,11438,1,0.076975,0
62634,34487,0,0.432536,0
100773,14645,0,0.000325,0
34006,34243,1,0.410099,0
53548,34249,0,0.000216,0
159210,39561,0,0.546277,1
195416,28849,0,0.000331,0
95565,12834,0,0.006349,0
145250,24711,0,0.000105,0
88813,25890,0,0.513253,1
174399,25132,0,0.135278,0
151915,32455,0,0.0957,0
177942,21405,0,0.65561,1
24179,22187,1,0.005597,0
204278,1940,0,0.000403,0
56412,11755,0,0.021065,0
69991,44375,0,0.064059,0
127868,7751,0,0.00353,0
161679,34804,0,0.001823,0
154404,36418,0,0.034372,0
92484,19760,0,0.00031,0
72110,3231,0,3.7e-05,0
57199,25170,0,0.215224,0
46485,22849,0,0.457546,0
193500,43740,0,0.000174,0
57380,22245,0,0.000538,0
44473,45717,0,0.078203,0
29621,38970,0,5.4e-05,0
89513,9796,0,0.010673,0
164307,45948,1,0.632398,1
10055,44683,0,0.265167,0
111388,4605,0,0.610478,1
104263,19057,0,0.029231,0
87026,24671,0,2.6e-05,0
152468,41352,0,0.000377,0
154812,28985,0,0.230165,0
46768,26790,0,0.000194,0
98081,16349,0,9.8e-05,0
77943,11198,0,0.045796,0
72391,26586,0,0.179776,0
59698,45076,0,0.00036,0
73651,13176,0,0.661633,1
73581,40706,0,0.049773,0
21535,40332,0,0.000159,0
13218,31343,0,0.540442,1
115019,22275,0,0.109191,0
159591,12672,0,6.4e-05,0
130966,9387,0,0.000467,0
3231,34466,0,0.000561,0
501,27429,0,0.270202,0
160264,43968,0,0.069749,0
13330,30849,0,0.040658,0
169340,39545,0,0.000159,0
173248,42356,0,0.00027,0
117053,38637,0,7.5e-05,0
66304,16818,0,0.328064,0
158600,34243,0,0.447252,0
149584,25495,0,0.000556,0
102199,4006,0,0.000108,0
144151,48595,0,0.41489,0
73957,3265,0,0.000232,0
26059,19508,0,0.000105,0
25435,44466,0,0.013698,0
83589,44422,0,0.000399,0
189173,8502,0,0.000446,0
148917,10369,0,0.000181,0
7214,37646,0,0.000704,0
72917,16797,0,0.000712,0
67064,25659,0,0.000319,0
143524,45013,0,0.00063,0
17062,36287,1,0.756153,1
46900,17027,0,0.187511,0
30337,48679,1,0.970333,1
78498,44449,0,0.097038,0
205389,23314,0,4.7e-05,0
110311,46206,0,0.000337,0
190729,8518,1,0.593873,1
25202,14444,0,0.00058,0
108580,34126,0,0.623347,1
204060,46671,0,0.011456,0
179335,43221,0,0.00014,0
53084,7461,0,0.000153,0
444,33407,0,0.080014,0
199334,5025,0,0.20465,0
169280,42265,0,0.487703,0
188318,35939,0,0.477973,0
84782,48364,0,0.273981,0
108653,46402,0,0.000694,0
136292,33120,0,0.505986,1
192739,28020,0,0.000416,0
21267,40220,0,0.070702,0
76025,13198,1,0.745124,1
191587,35734,0,0.210614,0
97228,15290,0,0.427656,0
38202,45613,0,0.560962,1
147903,45504,0,0.188294,0
117023,28597,0,0.033845,0
23969,43295,0,0.000316,0
146656,10,1,0.076033,0
14321,23348,0,0.151826,0
122799,29344,0,0.015191,0
126872,5794,0,0.424229,0
162651,1396,0,0.335331,0
114313,46941,0,0.433591,0
14140,47144,0,0.000649,0
41898,11870,0,0.053587,0
75098,47059,0,0.00039,0
105645,25086,0,0.025072,0
105343,2825,0,0.000593,0
193650,14862,0,0.000667,0
198970,18352,0,0.000626,0
37859,47042,0,0.000652,0
127774,39812,0,0.000179,0
167204,32177,0,0.00037,0
5049,37710,0,0.062236,0
120296,29987,0,0.134409,0
105547,37646,1,0.865011,1
133306,4704,0,0.244448,0
198627,37011,0,0.000528,0
193576,19048,0,0.142943,0
196704,31433,0,0.054923,0
126636,40795,0,0.110474,0
68888,14161,0,0.219211,0
115600,41131,0,0.704951,1
4131,45066,0,0.000326,0
61012,24852,0,0.001597,0
6456,39374,0,0.086958,0
2997,1757,0,0.00053,0
8458,26497,0,0.000455,0
36478,31553,0,0.123319,0
198004,24830,0,0.007438,0
168213,13219,0,0.459699,0
189680,37011,0,0.000181,0
151446,44548,0,0.017845,0
119079,45007,1,0.813022,1
122613,41787,1,0.463958,0
65754,12285,0,0.001164,0
151866,17902,0,0.484586,0
8274,890,0,0.195032,0
197567,27307,0,0.766093,1
149942,810,0,0.061493,0
65481,2525,0,5.3e-05,0
52909,44987,0,0.000137,0
33466,44867,0,0.011172,0
27699,14992,0,0.000237,0
91925,12471,0,0.004176,0
168860,34466,0,0.000518,0
181181,48043,0,0.073135,0
135196,3843,0,0.000593,0
159047,25647,0,0.092591,0
31743,24852,0,0.000497,0
59752,42350,0,0.296158,0
106903,35749,0,0.000198,0
42392,47439,0,0.010217,0
32312,28906,0,0.007313,0
152877,7500,0,0.003903,0
138279,35412,0,0.307101,0
205513,24561,0,0.132369,0
77347,11352,0,0.221179,0
171877,28985,1,0.838721,1
118380,27170,0,0.025667,0
52861,44042,1,0.972757,1
105996,24838,1,0.892135,1
64781,6673,0,0.000651,0
184664,24964,0,0.000222,0
205126,47626,0,0.24212,0
82938,8098,0,0.134248,0
161246,48364,0,0.210582,0
156223,26032,0,0.000477,0
180850,46361,0,0.000454,0
24918,29328,0,0.000248,0
166291,17008,0,0.000559,0
14293,1940,1,0.979284,1
89412,23909,0,0.315645,0
125709,44359,0,0.135567,0
115659,40723,0,0.018492,0
40202,22122,0,0.216698,0
114990,141,0,0.000259,0
39614,41453,0,0.749831,1
120042,21137,0,0.707788,1
109644,13176,0,0.000358,0
24696,11964,0,0.508003,1
187507,16097,0,0.349871,0
20744,24221,0,0.010257,0
59156,47966,0,0.000126,0
7793,14992,0,0.327621,0
101030,39353,0,0.020796,0
175565,32717,0,0.197616,0
43437,26384,1,0.713574,1
64972,8479,0,0.328936,0
131500,13782,0,0.453148,0
204745,19156,0,0.005171,0
138900,22034,0,0.022937,0
138647,36082,0,0.000455,0
182841,30391,1,0.75154,1
53932,49327,0,0.213228,0
178352,27374,0,0.000246,0
157565,46881,0,0.000186,0
133871,43122,0,0.513083,1
36740,20734,0,0.132704,0
23871,13735,0,0.000248,0
153963,36695,0,0.199581,0
92353,30597,0,0.868298,1
182311,16185,0,0.000403,0
19154,24964,0,0.232334,0
86669,13829,0,0.000145,0
24456,46056,0,0.000294,0
103009,9076,0,0.000173,0
92176,3992,1,0.304348,0
57300,13636,0,0.122504,0
17983,38192,0,0.08491,0
183428,35725,0,6.4e-05,0
154077,6543,0,0.085035,0
34048,21083,0,0.0002,0
100272,12872,0,0.080876,0
179810,40332,1,0.792909,1
25327,44359,0,0.624045,1
157248,5077,0,0.000231,0
144015,18998,0,0.041009,0
128473,40706,0,9.4e-05,0
103784,37687,0,0.459241,0
183948,44449,0,0.011362,0
71164,6313,0,0.013798,0
179589,2295,0,0.421666,0
110325,42242,0,0.363527,0
173696,5876,0,0.488444,0
70679,48317,0,1.9e-05,0
43999,17781,0,0.000351,0
136888,42701,0,0.000316,0
171775,35752,0,0.047602,0
89396,33511,0,0.000229,0
177484,8103,0,0.000708,0
19482,46308,0,0.117581,0
65730,47890,0,0.022264,0
72366,17649,0,0.215224,0
51332,26177,0,0.446999,0
140124,46979,0,0.331188,0
139956,8245,0,0.012327,0
118341,40459,0,0.000758,0
105756,31040,0,0.205749,0
200316,7139,0,4e-05,0
41158,41400,0,0.000104,0
122577,11791,0,0.256723,0
54817,20168,0,3.5e-05,0
53836,21019,0,0.099759,0
37172,45007,0,0.000635,0
167542,6999,0,0.772212,1
91377,43961,0,0.285444,0
159606,15872,0,0.37304,0
155650,13176,0,0.234083,0
42379,6020,0,0.000134,0
128169,48038,0,0.058279,0
49770,48720,0,0.676823,1
200609,9955,0,0.228413,0
72699,27086,0,7.5e-05,0
201107,8277,0,0.327387,0
3534,28593,0,0.416823,0
44645,47626,0,0.54958,1
19206,4487,0,0.183344,0
90548,49363,0,0.000221,0
1137,4354,0,0.000126,0
84995,2297,0,4.4e-05,0
129460,21896,0,0.000333,0
76171,36389,0,0.793891,1
29195,48205,0,0.031583,0
2920,5746,0,0.25185,0
33204,46979,0,0.000465,0
12661,4252,0,0.080211,0
140969,27509,0,0.000169,0
199765,6552,0,0.054672,0
52121,19156,0,0.07964,0
57030,5876,0,0.415659,0
27678,48810,0,0.008533,0
74530,35601,0,0.170523,0
111801,7948,0,0.000812,0
199719,38003,0,0.191919,0
92858,37903,0,0.000243,0
177963,11390,0,0.000305,0
62242,16214,0,0.019935,0
8162,35951,0,0.723408,1
43120,36599,0,0.050649,0
110240,33056,0,0.023709,0
138782,24799,0,0.26285,0
174603,7862,0,0.230344,0
16804,41198,0,0.00027,0
199609,22849,0,0.558012,1
154267,40488,0,0.047696,0
200654,28123,0,0.351982,0
6106,34126,0,0.000393,0
189655,14104,0,0.061347,0
200750,18370,0,0.467517,0
182904,8153,0,0.754659,1
121219,47209,0,0.471788,0
166255,45310,0,0.000108,0
149637,40397,0,0.000337,0
204765,28601,0,0.000618,0
21680,18918,1,0.42131,0
50576,44310,0,0.940116,1
54823,27413,0,0.043265,0
125102,48004,0,0.000677,0
167763,45007,1,0.825131,1
32617,46900,0,0.004,0
11582,7963,1,0.899379,1
196613,29941,0,0.00616,0
43947,43488,0,0.938735,1
117711,8281,0,0.000744,0
46621,14379,0,0.095432,0
189477,7103,0,0.922412,1
29014,40354,0,9.6e-05,0
121950,27845,0,0.000919,0
202568,16363,0,0.843357,1
24589,44303,0,0.199895,0
46345,39275,1,0.912809,1
60439,32139,0,0.000607,0
154231,38510,0,0.222247,0
50683,9076,0,0.0003,0
183782,18382,0,0.000117,0
186995,3283,0,0.000248,0
141685,38159,0,0.000245,0
131611,29307,0,9.4e-05,0
101172,17231,0,0.208949,0
135296,44497,0,0.000297,0
120253,41352,0,0.008,0
174266,41488,0,0.00035,0
24489,44799,0,0.686329,1
35289,26209,0,0.744858,1
27654,32211,0,0.000368,0
28995,33966,0,0.011955,0
112469,31373,0,9.6e-05,0
34552,33316,0,0.010027,0
85011,13802,0,0.169493,0
63057,38777,0,0.000464,0
12884,20682,0,0.000203,0
178607,40342,0,0.008714,0
78497,28842,0,0.479708,0
121746,36929,0,0.000299,0
195678,35973,0,0.0258,0
67494,14147,0,0.441692,0
187746,19025,0,0.010887,0
112987,42585,0,0.00095,0
38268,26369,0,0.561938,1
186085,4194,0,0.029645,0
72008,19895,0,0.000178,0
39084,1969,0,0.000426,0
5002,38896,0,4.4e-05,0
167099,8263,0,0.000183,0
150285,24954,0,0.307808,0
45861,13176,0,0.904671,1
193939,7681,0,0.000352,0
202124,20168,0,0.053847,0
93153,21601,0,0.760826,1
146643,9595,0,0.612753,1
166322,26283,0,0.410262,0
162729,1382,0,0.014616,0
185529,22035,0,0.795958,1
231,21386,0,0.967255,1
9311,26604,1,0.440073,0
126121,34678,0,0.025106,0
198544,19173,0,0.277769,0
83783,43961,0,0.000301,0
136518,21616,0,0.000258,0
135689,39275,0,0.476542,0
14019,26209,0,0.00022,0
197091,15424,0,0.000529,0
186271,33957,0,0.086857,0
91834,47322,0,0.143883,0
8312,30784,0,0.000335,0
128571,31382,0,0.470876,0
159817,48249,0,0.102141,0
41965,41065,0,0.751604,1
151584,8740,0,5.1e-05,0
199229,9510,0,0.319572,0
203061,42585,0,0.908313,1
143789,7175,0,0.165348,0
120395,6532,0,0.862018,1
67283,13085,0,0.000193,0
62988,38456,0,0.000462,0
146027,28985,0,0.845639,1
127147,36695,0,0.290232,0
154020,16522,0,0.000294,0
65974,13536,0,0.000146,0
86693,1890,0,0.836949,1
35712,23537,0,0.000138,0
60642,22468,0,0.000162,0
46924,46676,0,0.815775,1
71223,1905,0,0.109272,0
19958,26209,0,0.074268,0
77751,42585,0,0.26266,0
14481,49247,0,0.000156,0
11650,21137,0,0.548293,1
138304,27966,0,0.186221,0
46033,21137,1,0.234197,0
112707,17230,0,0.063968,0
117133,22989,0,0.000858,0
7834,31717,0,0.679421,1
121843,37107,0,0.000287,0
202369,22598,0,0.000897,0
19912,48399,0,0.253448,0
8946,26165,0,0.235977,0
86816,4462,0,0.501849,1
110052,29447,0,0.031558,0
57980,9594,0,4.9e-05,0
11977,15290,0,0.665512,1
182567,28371,1,0.90975,1
141537,27663,0,0.000418,0
49737,1935,0,0.570122,1
135429,6291,0,0.866,1
190,43961,0,0.000186,0
203801,11689,0,0.032018,0
152817,40377,0,0.237261,0
70457,37904,0,0.09471,0
194885,21914,0,0.017165,0
198789,20767,0,0.265744,0
31740,44949,0,0.000237,0
124178,13877,1,0.662592,1
182732,32465,0,0.695558,1
54395,36070,0,0.363214,0
179479,35973,0,9.8e-05,0
89622,48777,0,0.065379,0
152174,18288,0,0.218895,0
19450,46692,0,0.000214,0
119514,29864,0,0.00045,0
160100,17273,0,0.000329,0
20031,3476,0,0.086207,0
74799,9786,0,0.380789,0
91775,43183,0,0.000318,0
80468,8395,0,8.5e-05,0
123180,35561,0,0.000554,0
169280,11452,0,0.877887,1
138212,5652,0,0.038433,0
125155,16616,0,0.000188,0
122652,9839,0,0.581853,1
199995,1244,0,0.000345,0
173117,31553,0,0.0004,0
20449,21280,0,0.179583,0
54159,2722,0,0.00026,0
200148,11563,0,0.347544,0
83885,40618,0,0.009,0
200289,16797,0,0.749896,1
95953,6985,0,0.079092,0
202566,5710,0,0.372436,0
150264,33290,0,0.036466,0
193743,31471,0,0.432394,0
40436,23892,0,0.166904,0
134949,2383,0,0.273998,0
11165,27845,0,0.000264,0
27186,26684,0,0.000215,0
11635,16965,0,0.179489,0
162856,41860,0,0.296795,0
149863,24915,0,0.057249,0
85369,1485,0,0.425885,0
146246,29640,0,0.446351,0
97013,29898,0,0.600479,1
18482,47479,0,0.000335,0
52075,12144,0,0.113265,0
125222,29473,0,0.173966,0
79757,33065,0,0.182476,0
22319,22935,0,0.001049,0
51784,29672,0,0.69591,1
3451,23026,0,0.000273,0
142827,30021,0,0.013646,0
90106,28715,0,0.875097,1
70665,26250,0,7.1e-05,0
196387,30610,0,0.080233,0
68795,21387,0,0.114988,0
161485,27104,0,0.000444,0
198650,21417,0,0.575866,1
172769,8174,0,0.712053,1
69304,14197,0,0.404588,0
124158,28946,0,0.088082,0
23153,6489,0,0.009163,0
8150,6789,0,0.00019,0
81300,46059,0,0.000275,0
154446,21174,0,0.65335,1
101948,9623,0,0.150809,0
107678,19268,0,0.000337,0
32307,11365,0,0.151024,0
198461,93,0,0.041453,0
167354,46906,0,0.000781,0
74578,23744,0,0.080441,0
179774,4920,0,0.271979,0
166895,17149,0,0.133711,0
123330,47601,0,0.000754,0
60826,424,0,0.159451,0
197081,21938,0,7.6e-05,0
29046,42527,0,0.000655,0
172473,17706,0,0.500055,1
49486,21177,0,0.000387,0
34429,16490,0,0.142715,0
171020,44632,0,0.875791,1
204210,46906,0,0.001078,0
186271,33041,0,0.240802,0
49977,39275,0,0.492501,0
50143,8710,0,0.000197,0
105578,8385,0,4.8e-05,0
169471,1356,0,4e-05,0
15955,8518,0,0.000162,0
67178,29987,0,0.000436,0
71661,10749,0,0.000552,0
123392,20119,0,0.403235,0
132387,38473,0,0.000396,0
35422,36695,0,0.000544,0
97855,45633,0,0.134936,0
199060,40910,0,5.8e-05,0
20083,45208,0,5e-05,0
182838,41844,0,0.000385,0
39614,47144,0,0.098235,0
173017,19734,0,0.263113,0
83327,6046,0,0.000541,0
164695,27991,0,0.017241,0
26272,28541,0,8.7e-05,0
199477,29740,0,0.066346,0
37995,30855,1,0.469538,0
104581,21653,0,0.000242,0
17555,32706,0,0.024616,0
64454,45066,0,0.000803,0
19343,14491,0,0.028695,0
119039,10481,0,0.804541,1
11161,43122,0,0.000622,0
123700,35547,0,0.811679,1
8290,24489,0,0.343371,0
76157,4138,0,0.422642,0
134984,24964,0,0.384939,0
111137,32047,0,0.114096,0
99385,35902,0,0.000767,0
48772,11574,1,0.518271,1
23924,1090,0,0.171385,0
126209,5615,0,0.005113,0
186448,8519,0,0.01934,0
74345,47672,0,0.000704,0
153777,21903,0,0.000177,0
140648,28221,0,0.000575,0
189951,46812,0,0.355046,0
156694,27086,1,0.756051,1
84455,1416,0,0.0918,0
71911,33575,0,0.497011,0
101020,45596,0,0.431653,0
97006,42701,0,0.073705,0
204415,23115,0,0.143031,0
89924,39464,1,0.776533,1
56048,35004,0,0.027055,0
74705,20345,0,0.648105,1
30334,34969,0,0.492212,0
69667,32537,0,0.000531,0
136554,34824,1,0.852871,1
202876,39639,0,0.117067,0
68717,9210,0,0.000489,0
14684,35420,0,7.6e-05,0
193074,20995,0,0.135356,0
89511,45445,0,0.000101,0
956,44336,0,0.134166,0
185745,42736,0,0.30767,0
180289,890,0,0.297286,0
36771,40706,0,0.025848,0
101976,38902,0,0.602489,1
80505,21938,0,0.000488,0
189042,11247,0,0.011906,0
106927,5101,0,0.120223,0
134063,18721,0,0.003136,0
25615,31482,0,0.000201,0
184834,20574,0,0.000778,0
182109,49235,1,0.177339,0
28806,16589,0,0.269383,0
73310,32689,0,0.050651,0
88460,46789,0,0.05164,0
89246,35378,0,0.00026,0
191800,39993,0,0.561747,1
32314,3957,1,0.961889,1
89395,46616,0,0.367492,0
185362,22882,0,0.38963,0
69953,6846,0,0.453273,0
198868,28289,0,0.000401,0
48408,46979,0,0.000561,0
136922,13113,0,0.000522,0
174995,23761,0,0.000795,0
62622,36735,0,0.00087,0
96934,6046,0,0.000431,0
173245,49205,0,0.00383,0
16751,8981,0,0.000689,0
202876,13910,0,0.080622,0
82747,13535,0,0.24998,0
161231,8490,0,0.749482,1
135921,36737,1,0.965474,1
6514,12557,0,0.199328,0
118978,11755,0,6.7e-05,0
184626,45504,0,0.73181,1
17862,42768,0,0.000302,0
113697,2579,0,0.000252,0
119718,11266,0,0.000314,0
88422,16525,0,0.000187,0
38737,42660,0,0.000227,0
153345,23695,0,0.241974,0
190950,24413,1,0.55869,1
134788,7639,0,0.174396,0
64589,23622,0,7e-05,0
122408,21709,0,0.547177,1
133814,6585,0,0.000297,0
137602,45346,0,0.000691,0
146885,29662,0,0.000211,0
107321,12206,0,0.000206,0
59252,21195,0,0.300566,0
188390,29433,0,8e-06,0
151984,3214,0,0.104013,0
135165,45037,0,0.000108,0
149749,8174,0,0.000453,0
153983,46041,0,0.139701,0
121530,9070,0,0.162417,0
44320,44359,1,0.812838,1
162597,19771,0,0.039955,0
194215,42356,0,0.421793,0
11170,43076,0,0.011739,0
140404,7343,0,7e-05,0
202978,13310,0,0.053021,0
186877,11367,0,0.795073,1
188841,7963,0,0.000558,0
74621,14947,0,0.791374,1
53036,42736,0,0.691154,1
183970,24852,0,0.670597,1
203033,38383,0,0.646052,1
53302,49235,0,0.559742,1
30127,44882,0,0.122838,0
61429,1158,0,0.000483,0
54112,21137,0,0.609322,1
4198,29212,0,0.000212,0
120119,45747,0,0.318077,0
67161,30492,0,0.040497,0
72089,46709,0,0.000501,0
203998,31343,0,0.000559,0
189680,13249,0,0.000332,0
133331,18175,0,0.794755,1
71839,6638,0,0.000101,0
201142,26723,0,0.284467,0
96355,35140,0,0.326737,0
135386,1559,0,0.443854,0
177719,32455,0,8.7e-05,0
137814,23288,0,0.035509,0
171358,28849,0,0.000273,0
102270,30480,0,0.000232,0
36653,6336,0,0.656669,1
131077,30744,0,0.000501,0
16406,39106,0,0.017569,0
10928,47766,1,0.969589,1
155947,32197,0,0.71082,1
138603,40555,0,0.000533,0
177764,34217,0,0.420021,0
104581,25588,0,0.000306,0
98303,6105,0,0.000162,0
134108,10172,0,0.018082,0
144863,34126,0,0.724169,1
197277,2295,0,0.397868,0
114582,8349,0,0.017039,0
163295,11777,0,0.000625,0
105033,43435,0,0.26437,0
185835,34126,0,0.5035,1
19916,42500,0,0.000293,0
97264,22620,0,0.147183,0
138409,44795,0,0.491715,0
181932,31523,0,0.190775,0
75990,3917,0,0.000763,0
19186,19057,0,0.524711,1
94823,13527,0,0.20512,0
95309,31553,0,0.00024,0
97947,44628,0,6e-05,0
196996,4947,0,0.000145,0
174205,14852,0,0.000309,0
58375,20321,0,7.4e-05,0
53102,45747,0,0.36722,0
178877,40377,0,0.000314,0
198993,605,0,0.000354,0
85613,23399,0,4.1e-05,0
190003,42500,0,0.305645,0
19882,16953,0,0.000133,0
166291,937,0,0.000243,0
88982,18234,0,0.953028,1
92864,47817,0,0.000133,0
44718,9803,0,0.619499,1
49232,2692,0,0.000186,0
55961,42768,0,0.373514,0
48077,26395,0,0.001074,0
105825,13328,1,0.615877,1
117380,48265,0,5.4e-05,0
36691,23236,0,0.124099,0
23808,41874,0,0.040491,0
169800,36735,0,0.000169,0
88752,5097,1,0.400246,0
205787,49215,0,0.045784,0
138130,7371,0,0.510177,1
196590,7864,0,6.3e-05,0
126303,39275,0,0.073746,0
124064,37067,0,0.931965,1
174450,27966,0,0.432828,0
23241,34582,0,0.000596,0
40422,13646,0,0.242341,0
94832,28983,0,0.073806,0
148467,34969,1,0.556972,1
23350,40199,0,0.000229,0
181399,20178,0,0.247727,0
172275,12312,0,0.044103,0
204326,39993,0,0.000165,0
174737,260,0,0.209311,0
24000,3990,0,0.000798,0
127455,46667,0,0.121155,0
109601,26683,0,0.372731,0
125535,26620,0,0.337608,0
178340,35199,0,0.70321,1
26120,4897,0,0.645603,1
11828,24184,1,0.12981,0
154812,34358,0,0.302734,0
91945,16953,0,0.263477,0
139770,26298,0,0.005771,0
28963,11005,0,0.486243,0
171823,46266,0,0.244708,0
170787,1957,0,0.029181,0
65964,43376,0,0.000673,0
111837,546,0,0.000536,0
81706,42847,0,0.030591,0
2886,47144,0,0.320646,0
28345,5024,0,0.006507,0
124737,30265,0,0.000403,0
134063,18201,0,0.021695,0
60011,34887,0,0.000531,0
64173,21940,0,0.055983,0
30804,1402,1,0.445558,0
41508,47180,0,0.000224,0
128915,14720,0,0.664062,1
35401,26638,0,4.7e-05,0
86408,8861,0,0.558266,1
166566,16943,0,0.448879,0
41478,28792,0,6.3e-05,0
202453,40396,0,0.191086,0
101908,23405,0,0.008407,0
143074,41290,0,0.000287,0
83597,39922,0,0.276922,0
110068,42513,0,0.322574,0
140889,38003,1,0.202295,0
131610,26857,0,0.000314,0
83362,11707,0,0.000148,0
105852,6873,0,0.197139,0
132826,31634,0,0.717518,1
15096,40604,0,0.001062,0
193372,47248,0,0.279417,0
162377,7948,0,0.34829,0
77299,40593,0,0.000303,0
26339,18465,0,0.001273,0
71659,10151,0,0.241214,0
59509,1117,0,0.000181,0
42054,22699,0,0.000295,0
130571,32163,0,0.000185,0
190676,25072,0,1.1e-05,0
123095,25828,0,0.037096,0
14039,47209,0,0.000437,0
152139,15424,0,0.000323,0
201791,47766,0,0.62871,1
25289,26691,1,0.1872,0
156955,28413,0,0.562262,1
195843,23106,0,0.000819,0
204524,41364,0,8.1e-05,0
22360,19057,1,0.96667,1
103748,24382,0,0.031497,0
27743,36793,1,0.008555,0
186227,9178,0,8.6e-05,0
90334,5240,0,0.123106,0
81880,26940,0,0.444312,0
11789,13389,0,0.081691,0
30134,14704,0,0.000634,0
118165,6991,0,0.450476,0
177881,21616,0,0.518442,1
153519,25936,0,0.000479,0
143692,46359,0,0.00205,0
107270,24041,0,0.266534,0
14097,46667,0,6.9e-05,0
109715,24186,1,0.914446,1
143142,26088,0,0.020945,0
756,13988,0,0.269679,0
41348,32478,0,0.000499,0
190542,29795,0,5e-05,0
204524,3793,0,9.9e-05,0
157997,10246,0,0.000319,0
5157,46979,0,0.001043,0
115446,43857,0,0.361204,0
153435,3142,0,0.000161,0
89768,23543,0,0.000237,0
194153,35199,0,0.023846,0
69652,26664,0,7.3e-05,0
41965,48491,0,0.855726,1
82818,11538,0,0.022148,0
105706,25919,0,0.43718,0
118942,48679,0,0.000351,0
113532,5450,0,0.520408,1
105428,26768,0,0.000495,0
36328,26209,1,0.71322,1
53555,2979,0,0.483274,0
147855,27433,0,0.016269,0
112022,42244,0,0.015978,0
155723,45906,0,8.8e-05,0
188943,24476,0,0.239038,0
35422,47766,0,0.000764,0
63698,40541,0,0.381242,0
109932,31717,0,0.467366,0
29041,2180,0,0.060356,0
76927,18070,0,0.000659,0
189363,22750,0,0.000773,0
28453,39083,0,0.012176,0
128713,24482,0,0.287748,0
192256,17284,0,0.408387,0
168096,14678,0,0.782707,1
200156,26668,0,0.000291,0
157328,10960,0,0.000124,0
40520,7606,0,0.773443,1
123894,1685,0,0.627777,1
86615,11352,0,6.9e-05,0
80249,4799,0,4.4e-05,0
186444,22007,0,1e-04,0
109279,42397,0,1.5e-05,0
191460,30442,0,0.969228,1
122810,43772,0,0.683974,1
81603,38970,0,0.132497,0
3275,26209,0,0.154794,0
2518,33716,1,0.706977,1
92645,2275,0,0.153441,0
63687,5636,0,0.00018,0
169468,5646,0,0.213026,0
135759,34126,0,0.000161,0
76323,7948,0,6.6e-05,0
5246,33787,0,6.3e-05,0
69022,29607,0,0.001971,0
146787,44142,0,0.000563,0
204056,27521,0,0.39995,0
133427,12341,0,0.000328,0
148383,16797,0,0.43451,0
15778,47626,0,0.000486,0
134239,34234,0,0.134194,0
99628,14761,0,0.114279,0
128210,15599,0,0.000228,0
165919,19155,0,0.00032,0
183422,15290,0,0.602424,1
100531,7131,0,0.000338,0
167860,8075,1,0.266485,0
196602,31871,0,0.214548,0
40322,3014,0,0.10853,0
13615,22987,0,0.049802,0
94789,46979,0,0.000704,0
173013,30966,0,0.004172,0
18611,12080,0,0.388833,0
202020,7969,0,0.372766,0
34628,5383,0,0.034842,0
300,11100,0,0.010135,0
190887,38231,0,0.020028,0
171423,24852,1,0.953331,1
194084,15740,0,0.000333,0
50168,43129,0,0.014933,0
131570,24184,0,0.407912,0
73596,44075,0,0.107941,0
131899,21948,0,0.393466,0
175960,32734,0,0.00058,0
59325,9881,0,0.347881,0
15138,15932,0,5.4e-05,0
68716,31343,0,0.010142,0
91957,22247,0,0.032912,0
28340,29251,0,0.290575,0
125976,20549,0,0.163293,0
82525,7303,0,5.4e-05,0
32067,43920,0,0.009346,0
63165,45066,0,0.403225,0
64995,38693,0,0.000146,0
136468,11068,1,0.414551,0
117633,44371,0,0.236052,0
74174,7175,0,0.000101,0
98333,3438,0,0.090407,0
121981,37067,0,0.001423,0
147841,10246,0,0.271977,0
32888,24852,0,0.280617,0
74158,1025,0,0.033794,0
95845,25101,0,0.000138,0
55040,20039,0,0.136015,0
65633,9387,0,0.723753,1
192440,7170,1,0.472896,0
156421,264,0,0.00013,0
167996,5373,0,0.000393,0
137597,12033,0,0.000414,0
137351,32523,0,0.904211,1
188224,12409,0,0.021494,0
136679,43867,0,0.201294,0
137808,11352,0,0.164789,0
11203,7695,0,0.91587,1
29449,43881,0,0.00107,0
56422,40709,0,0.044987,0
120526,9076,0,0.454711,0
192976,7751,0,0.02489,0
86091,32838,0,0.950143,1
140753,28934,0,0.00819,0
138727,27705,0,0.047776,0
32567,26080,0,0.019836,0
200792,16535,1,0.399703,0
27241,4605,0,0.000335,0
110123,39275,0,0.0003,0
137729,41581,0,0.11658,0
136314,9507,0,0.225028,0
7264,41757,0,0.000224,0
145281,39984,0,0.196489,0
180143,49608,0,0.000116,0
119037,24489,0,0.225916,0
151943,45253,1,0.14692,0
42344,45104,0,0.000558,0
58788,48174,0,0.000128,0
173435,42450,0,0.522108,1
21637,13984,1,0.260222,0
44023,29363,0,0.000299,0
64279,9439,0,0.000149,0
36336,28464,0,0.044408,0
111166,36035,0,0.049385,0
38348,29075,0,0.07964,0
161568,11301,0,2.6e-05,0
101814,8277,0,0.531445,1
97764,28156,0,0.235549,0
57103,6394,0,0.009072,0
55284,38164,0,0.000612,0
78320,9397,0,0.083869,0
152403,35004,0,0.373441,0
22983,4541,0,0.003332,0
179460,47766,0,0.000436,0
93608,9327,0,0.022882,0
186075,5450,0,0.39048,0
101459,26298,0,8.8e-05,0
85444,38609,0,0.060272,0
28591,24204,0,0.049991,0
52757,19906,0,0.070719,0
185941,45211,0,0.000112,0
53071,27696,1,0.089926,0
124563,39055,0,0.685178,1
109357,2639,0,0.139671,0
1423,39408,0,0.603475,1
9767,45121,0,0.000126,0
188524,3529,1,0.794252,1
95991,19811,0,0.808066,1
147824,37528,0,0.000516,0
130741,48364,0,0.056252,0
14509,26800,0,0.137951,0
142077,47759,1,0.5636,1
112325,38383,0,0.357494,0
53343,2966,0,0.000192,0
199488,44197,0,0.019669,0
107911,49621,0,0.041089,0
83878,26457,0,0.000183,0
148735,13431,0,0.000204,0
145236,39275,1,0.663437,1
175993,32124,0,0.000431,0
655,49111,0,0.0375,0
60554,17794,0,0.000366,0
136754,47626,1,0.608383,1
117752,34427,0,0.331636,0
144640,38777,0,0.74808,1
28641,20955,0,0.000409,0
37777,44142,1,0.46044,0
23817,24852,1,0.967209,1
88424,13176,1,0.985046,1
52068,46654,0,0.117429,0
151763,890,0,0.095875,0
151271,17956,0,6.8e-05,0
135429,49383,1,0.815885,1
178284,27845,0,0.853747,1
11527,39475,1,0.698246,1
124968,10371,0,0.000138,0
157934,34530,0,0.000486,0
205326,45061,0,0.334911,0
58774,47652,0,0.560018,1
157431,5856,0,0.252771,0
159840,27044,0,0.415588,0
65493,40604,0,0.000743,0
64433,23644,0,0.000665,0
127255,26165,0,0.000916,0
188224,27344,0,0.23516,0
57695,5769,0,0.266722,0
15012,2514,0,0.008426,0
52011,3240,0,0.326141,0
178833,43961,0,0.565654,1
142755,37053,0,0.000138,0
19039,42193,0,0.000134,0
145096,35887,0,0.55623,1
464,43295,0,0.000519,0
104179,12013,0,0.00072,0
136926,11457,0,0.000187,0
154842,43122,0,0.000111,0
38763,23516,0,0.000328,0
181719,47626,1,0.660586,1
205893,34004,0,7.7e-05,0
92401,18140,0,0.016144,0
120230,4376,0,0.000636,0
58124,22151,0,0.765578,1
131699,184,0,0.000231,0
97596,21405,0,0.892194,1
70278,45495,0,0.002638,0
177032,45535,0,0.000207,0
107806,33016,0,0.823226,1
84854,28204,0,0.110797,0
155274,27845,0,0.839938,1
154277,21769,0,0.210655,0
145403,33198,0,0.753488,1
171699,5373,0,0.695465,1
118209,45005,0,0.467603,0
166702,38293,0,0.000426,0
169194,26283,0,0.240258,0
99124,10473,0,0.0004,0
169450,4920,0,0.000306,0
91103,26629,0,0.000244,0
125474,41950,0,0.54793,1
132819,343,0,0.000808,0
58583,40396,0,0.000641,0
135057,32689,0,0.00051,0
77644,28939,0,0.032266,0
109634,2846,0,0.466222,0
161033,43721,0,0.530925,1
131719,35194,0,0.000259,0
188524,45116,0,0.441608,0
132776,2309,0,0.000154,0
134744,10749,0,0.246106,0
185215,11326,0,0.038533,0
196601,45364,0,0.814034,1
195227,34582,0,0.068809,0
76180,42265,1,0.880223,1
128635,3599,0,0.112567,0
52227,4565,0,0.82299,1
96192,5228,0,0.005164,0
179460,29987,0,0.000202,0
150982,28199,0,0.412745,0
26515,26586,0,0.132714,0
156916,49520,0,0.000263,0
188321,38892,0,0.000233,0
114532,1364,0,0.000264,0
8365,20840,0,6e-06,0
17662,29307,0,0.000853,0
120627,45566,0,0.000144,0
126449,49158,0,0.000444,0
44538,38293,0,0.234706,0
204548,22220,0,0.342458,0
79826,15543,0,0.081908,0
143962,13431,0,0.000268,0
20872,6689,0,0.038864,0
49181,23165,0,0.056186,0
41094,5067,0,0.000144,0
191530,5450,1,0.785846,1
154072,17468,0,0.179821,0
89885,42828,0,0.545752,1
125609,41220,0,0.967937,1
66622,22504,0,0.104221,0
38588,28204,0,0.534094,1
156622,31717,1,0.809396,1
160378,46473,0,0.011386,0
8843,12092,0,8.2e-05,0
19693,43122,0,0.016971,0
123289,18079,0,8e-05,0
164900,34005,0,0.029173,0
170346,16913,0,0.734545,1
105033,46572,1,0.555256,1
136575,28278,0,0.377374,0
181650,27548,0,0.000608,0
178535,34278,0,0.027182,0
99942,27958,0,0.000274,0
148343,44396,0,0.065791,0
165220,11782,0,0.000426,0
37121,47993,0,0.000286,0
180177,6166,0,0.938602,1
116129,31945,0,0.022157,0
67042,5696,0,0.050635,0
151742,40256,0,0.007541,0
131979,43692,0,0.000149,0
200565,24816,0,0.000699,0
159057,38015,0,0.000176,0
125420,38777,0,0.110221,0
161465,17313,0,0.000399,0
188799,26783,0,0.518836,1
82423,30849,1,0.459242,0
95565,27681,0,0.018952,0
200286,12271,0,0.000271,0
204046,7010,0,0.000674,0
31963,11526,0,0.007909,0
128200,15937,0,0.000411,0
3480,26165,0,0.085188,0
123697,45619,0,0.000584,0
200442,21903,0,0.193836,0
177408,5258,0,0.515702,1
159923,10867,0,0.000547,0
187894,22825,0,0.285085,0
74157,12456,0,0.000734,0
124806,43507,0,5.6e-05,0
161678,2131,0,0.003711,0
71993,45842,0,0.250366,0
51353,24838,0,0.476612,0
184573,20126,0,0.000123,0
155943,48287,0,0.618471,1
172153,35652,0,0.468558,0
84115,37524,0,0.213336,0
122985,14136,1,0.192013,0
131226,645,0,4.8e-05,0
23189,5760,0,7e-05,0
171540,33127,0,0.012454,0
106433,1938,0,0.000452,0
141982,29589,0,0.738663,1
67338,23753,0,0.662611,1
161136,9510,0,0.000823,0
70733,19678,0,0.898469,1
139527,25890,0,0.000288,0
89518,7970,0,0.000215,0
36478,46530,0,0.112031,0
161094,4796,0,0.653206,1
101372,31215,0,0.355913,0
101439,44753,0,0.025182,0
201149,11688,0,0.093756,0
124473,34126,0,0.000267,0
65156,33614,0,0.00032,0
49145,17948,0,0.12229,0
161488,25087,0,5e-05,0
160485,23991,0,0.020654,0
8665,39046,1,0.355793,0
205944,3399,0,0.036905,0
106978,49044,0,0.568846,1
58117,36135,0,0.304864,0
7678,5743,0,0.378215,0
40235,18762,0,0.000182,0
30134,16986,0,0.00049,0
43672,8869,0,0.156332,0
114979,32734,0,0.000152,0
32186,20211,0,0.00995,0
152380,20345,0,0.231112,0
190012,1819,1,0.073192,0
168478,45013,0,0.683174,1
30042,30336,0,0.052403,0
175897,27737,0,0.001256,0
22056,1117,0,0.000401,0
40608,27511,0,0.726262,1
110774,2295,0,0.396093,0
153856,10848,0,0.308704,0
146323,47362,0,0.100917,0
91193,44987,0,0.000554,0
50876,32782,0,0.065573,0
41718,36441,1,0.642604,1
53976,539,0,0.165727,0
82539,13363,0,0.152868,0
47101,36772,0,0.249194,0
199643,15601,0,0.000582,0
3858,27156,0,0.593652,1
161758,13176,1,0.754925,1
24950,42828,0,0.342081,0
60649,47672,0,0.197948,0
17995,29487,0,0.856488,1
12149,42768,0,0.346125,0
143598,7762,0,0.730375,1
108048,34027,0,0.271879,0
83736,23026,0,0.000533,0
157787,32402,0,0.000334,0
190304,23537,0,3.9e-05,0
47433,4006,0,0.000311,0
89734,17366,0,0.052251,0
82938,41290,0,0.315457,0
39920,32912,0,0.000454,0
145503,18288,0,0.334995,0
8774,30338,0,0.444294,0
60764,31073,0,0.054662,0
167098,38650,0,0.00033,0
172748,24024,0,0.00562,0
49619,8192,0,0.110132,0
154409,19660,1,0.033098,0
57097,16696,0,0.000243,0
193943,5899,0,0.000307,0
165699,29747,0,0.000552,0
185032,7896,0,0.08829,0
206201,29487,0,0.000446,0
52888,12545,0,0.112572,0
15479,38159,0,8.9e-05,0
185660,5412,0,6e-05,0
186563,8193,0,0.000584,0
145283,12911,1,0.046967,0
21267,38944,0,0.067099,0
14078,15902,0,0.647634,1
158808,22141,0,0.237829,0
93906,30450,0,0.253116,0
120757,44799,0,0.780427,1
35529,34126,0,0.069875,0
152538,45223,0,0.006104,0
202983,24830,0,0.000512,0
22643,26209,0,0.280207,0
77882,26209,1,0.798319,1
23919,36005,0,0.00014,0
108739,31215,0,0.000163,0
126800,34590,0,0.000175,0
97855,31933,0,0.005778,0
38814,21195,0,0.129386,0
162140,44053,0,0.000356,0
90841,43768,0,0.000247,0
122273,48142,1,0.546905,1
188221,38426,0,0.102183,0
115909,204,0,0.204801,0
189895,6999,0,0.149709,0
180425,5785,0,0.000807,0
93756,31506,0,0.044086,0
87398,26260,0,0.005008,0
24541,34358,0,0.073448,0
190156,11180,0,0.011345,0
145503,24670,1,0.145412,0
98725,1875,0,0.613097,1
79887,20468,0,0.204894,0
65685,10644,0,0.000383,0
35155,38666,0,0.001936,0
112730,19057,1,0.725921,1
71105,16759,0,0.89523,1
11261,20123,0,0.008415,0
181652,3055,0,0.000544,0
181045,39922,0,0.036096,0
6454,21137,1,0.889075,1
83420,33290,0,0.168853,0
136855,47766,0,0.178384,0
174603,36036,0,0.416934,0
5850,29934,0,0.68386,1
15007,13431,0,0.000303,0
97309,41220,0,0.393418,0
31459,36601,0,0.000292,0
61765,42265,0,0.12196,0
145451,38298,0,0.000105,0
5964,17616,1,0.784801,1
57363,32689,0,0.299014,0
126435,1986,0,0.057563,0
181729,19706,0,1.8e-05,0
7843,39428,0,9.8e-05,0
56848,13512,0,0.000456,0
133078,32525,0,0.000142,0
66477,40587,0,0.288372,0
31885,6533,0,0.922737,1
166322,5258,0,0.532931,1
123608,15527,0,0.021435,0
153245,7413,0,0.538735,1
170359,12521,0,0.060823,0
204570,45007,0,0.000275,0
78927,47630,0,0.766888,1
54283,30391,1,0.835447,1
111418,13627,0,0.000509,0
63912,2726,0,0.100868,0
141210,10644,0,0.057112,0
93922,27845,0,0.088731,0
4100,47761,0,0.0008,0
79472,9076,0,0.000125,0
99520,33731,0,0.000125,0
92535,28199,0,0.000954,0
92217,22065,0,0.081545,0
161894,15683,0,0.840642,1
155153,890,0,0.400728,0
77664,14992,0,0.000355,0
13615,9366,0,0.059291,0
148618,27104,0,0.341244,0
56412,35124,0,0.017962,0
102186,27179,0,0.158617,0
134355,6994,0,0.429962,0
146572,46175,0,0.000299,0
188732,4799,1,0.565738,1
23692,20292,0,0.016155,0
79679,40154,0,0.142449,0
17121,21137,1,0.531762,1
147087,28928,0,0.292562,0
187979,15860,0,0.000304,0
80090,13108,0,0.042382,0
115365,23765,0,0.617162,1
63801,29223,0,0.625423,1
105298,19863,0,0.359069,0
151805,47526,0,0.058016,0
146057,11182,0,0.270413,0
100789,18531,0,0.469316,0
131883,30021,0,0.018891,0
65526,30072,0,0.60899,1
145281,13984,0,0.089851,0
146047,40574,0,0.043373,0
181395,22255,0,0.573592,1
194652,16234,0,0.000425,0
162597,31433,0,0.200659,0
183353,25705,0,0.091511,0
124503,15294,0,0.000303,0
166534,31326,0,3e-05,0
25937,21497,0,0.896568,1
140404,8732,0,0.000628,0
139966,29418,0,0.000179,0
160079,6750,0,0.33258,0
62509,27336,0,0.00033,0
134456,10613,0,0.15263,0
147855,2086,0,0.02365,0
81444,9020,1,0.915524,1
163167,22630,0,0.011322,0
104973,7483,0,0.000196,0
95573,2722,0,0.044872,0
185883,18523,0,0.000382,0
49653,41242,0,0.000494,0
15229,22224,0,4.3e-05,0
3566,49352,0,0.664433,1
39896,7952,0,0.000291,0
199717,28199,0,0.406936,0
120928,45763,1,0.857052,1
70948,12140,0,0.000645,0
51728,10054,0,0.275238,0
51911,34974,0,0.410145,0
154260,21115,0,0.536885,1
35382,14962,0,0.000422,0
71416,16759,0,0.570616,1
18190,28465,0,0.352359,0
131050,18159,0,0.050928,0
33653,16797,0,0.000821,0
77519,25931,1,0.870433,1
177633,39021,0,0.28082,0
173675,3896,0,0.768671,1
126419,13870,0,0.093022,0
141592,35921,0,0.000525,0
153730,39921,0,0.116752,0
194374,10765,0,0.021671,0
141756,17758,0,0.022069,0
128420,9366,0,0.57452,1
102749,8193,0,0.455954,0
119851,17199,0,7.9e-05,0
151050,47734,0,0.18588,0
123259,24852,1,0.939821,1
133016,33701,0,0.000491,0
195948,5876,0,0.430155,0
199005,39275,0,0.000117,0
139647,23909,0,0.419303,0
31782,39728,1,0.153974,0
188184,24852,0,0.000131,0
171980,4792,0,0.000413,0
62355,15527,0,0.002528,0
53084,38118,0,0.001371,0
37511,38456,0,0.796969,1
156208,45453,0,0.000657,0
58919,6104,0,0.085643,0
107936,16971,0,0.024599,0
92959,8230,0,0.180532,0
80985,29934,0,0.000155,0
49590,3682,0,0.499406,0
194483,13176,1,0.970411,1
79351,18811,0,0.203272,0
146796,47766,0,0.054242,0
91568,8518,1,0.821064,1
203998,27344,0,0.000591,0
201505,17971,0,0.127299,0
180456,3999,0,0.000227,0
111737,22883,0,0.000512,0
55058,9076,0,0.624408,1
154409,49075,0,0.19024,0
165789,6046,0,0.172328,0
200755,24035,1,0.474972,0
88441,30489,0,0.130659,0
40237,44471,0,0.522371,1
143627,17948,0,0.000207,0
74969,43961,0,0.00016,0
130614,42508,0,0.000431,0
34667,18987,0,0.411496,0
46737,48761,0,0.000638,0
18383,29736,0,0.00094,0
35269,32557,0,0.062513,0
6837,19446,0,0.101969,0
193298,29650,0,0.00041,0
56904,12576,1,0.261604,0
64356,28741,0,0.014738,0
187445,48099,0,0.116672,0
190887,36070,0,0.48985,0
43120,26273,0,0.01259,0
48426,12606,0,0.488594,0
155117,5120,0,0.002411,0
67226,46316,0,9e-05,0
138208,35000,0,0.000116,0
176427,20977,0,0.149945,0
127487,44604,0,0.000371,0
86171,24810,0,0.000441,0
78498,3873,0,0.78794,1
67534,23535,0,8.3e-05,0
102494,4565,0,0.000189,0
44070,34429,0,0.000428,0
70356,12206,0,0.77268,1
61658,40804,0,9.7e-05,0
43182,38205,0,0.047439,0
26087,30599,0,5.1e-05,0
13017,16525,0,0.29395,0
15599,21417,0,0.000652,0
108790,23909,0,0.000408,0
179677,44229,0,0.000354,0
159413,9020,1,0.731642,1
13280,23645,0,0.324566,0
88536,18580,0,0.230937,0
140097,7746,0,0.032718,0
95845,34335,0,0.000123,0
43863,22362,0,0.261182,0
94997,20327,0,0.086454,0
113113,6698,1,0.870225,1
128930,8725,0,0.081244,0
24610,30696,0,0.914472,1
75764,37464,0,0.388364,0
21632,18523,1,0.993099,1
42068,32368,0,0.000139,0
14231,5161,0,0.000102,0
112511,44786,0,0.000253,0
126230,1503,0,0.048064,0
116156,12157,0,0.012059,0
99845,5640,0,0.000152,0
81537,38273,0,0.807501,1
7637,16797,0,0.328977,0
160010,4605,1,0.411622,0
104981,26856,0,0.189068,0
28140,34951,0,0.015866,0
74094,47504,0,0.419267,0
132115,15392,0,0.19292,0
74621,43768,1,0.683049,1
158808,12674,0,0.314493,0
175296,39990,0,0.39951,0
62673,3550,0,0.163151,0
125512,35535,0,0.000393,0
193625,44310,1,0.551653,1
14664,29668,0,0.1344,0
148812,4167,0,0.011158,0
1194,38847,0,5.8e-05,0
85895,46175,0,0.068173,0
170323,5460,0,0.612975,1
8512,33120,0,0.000629,0
109127,12324,0,0.255395,0
49898,27086,0,0.000393,0
37596,12013,0,0.317769,0
188318,16759,0,0.918807,1
133801,47630,0,0.000983,0
121596,40706,0,0.000209,0
152928,41198,0,0.067873,0
130563,39928,0,0.000201,0
69991,35749,0,0.584188,1
45195,39275,0,0.06436,0
86907,48988,0,0.965791,1
36497,18557,0,0.024328,0
4534,127,0,0.154698,0
95676,26861,0,0.000207,0
193690,13540,0,0.075458,0
27666,8744,0,0.000631,0
74705,25659,0,0.130046,0
57887,8149,0,0.371848,0
31707,22367,0,0.000257,0
172107,35502,0,0.000185,0
34124,36005,0,0.02284,0
117616,41844,0,0.000501,0
5541,39928,0,0.494891,0
187254,13435,0,0.164673,0
142330,4920,0,0.000907,0
165096,2966,0,0.284424,0
143427,43385,0,0.097049,0
48032,38890,0,0.124202,0
26821,39982,1,0.39149,0
7850,41787,0,0.44878,0
181090,24645,0,0.000119,0
147539,18027,1,0.69947,1
133364,20052,0,0.022111,0
70575,11819,0,0.000177,0
7315,19519,0,0.000238,0
48320,12703,0,0.000329,0
123608,37220,0,0.286216,0
66286,23202,0,0.002955,0
94926,44666,0,0.911193,1
3501,49424,0,0.111586,0
43467,23115,0,0.259271,0
122671,5212,0,0.00054,0
109686,45878,0,0.000253,0
122096,41560,0,2e-05,0
83524,17129,0,8.6e-05,0
128218,41844,0,0.000292,0
101249,21573,0,0.000157,0
4053,47866,0,0.000692,0
76621,20734,0,0.000182,0
37410,44788,0,0.002006,0
45639,23854,0,0.022002,0
4195,3468,0,0.000548,0
1303,2713,0,0.525781,1
127486,23405,0,2.1e-05,0
43868,14477,0,0.155709,0
129876,18625,0,0.00022,0
137425,1819,0,0.000214,0
184906,2716,0,0.075161,0
36478,24489,0,0.116747,0
12344,40614,0,0.296946,0
107005,46906,0,0.000431,0
126886,10155,0,0.000108,0
27952,2275,0,0.000127,0
49895,9098,0,0.000147,0
118545,18071,0,0.491325,0
27414,633,0,0.110393,0
183038,45007,0,0.636603,1
198099,46175,0,0.071451,0
180289,21903,0,0.666753,1
26755,33401,0,0.762528,1
170285,31343,0,0.759207,1
9943,20609,0,0.723106,1
107783,35252,0,0.000139,0
160277,48866,0,0.352195,0
24032,27966,0,0.000335,0
19442,39097,0,0.395412,0
181409,46720,0,0.156572,0
45217,760,0,0.000204,0
194088,18770,0,0.789673,1
132856,21870,0,0.004711,0
14330,44359,0,0.281086,0
16168,8075,0,0.000219,0
5479,24810,0,0.535079,1
9124,36553,0,0.347565,0
186546,5194,0,0.25841,0
201402,22935,0,0.381063,0
140113,48144,0,0.000418,0
55086,424,0,0.108647,0
118843,23178,0,0.128377,0
42555,12955,0,4.8e-05,0
135235,16014,0,0.615963,1
125128,12078,0,0.200429,0
27045,35951,0,0.469313,0
202915,25767,0,0.288791,0
129450,41823,0,0.060337,0
46275,14074,0,0.855544,1
80544,44765,0,0.556988,1
20027,41396,0,0.76445,1
42555,25535,0,5.4e-05,0
199817,13176,1,0.379251,0
32548,44294,0,0.039138,0
93817,46088,0,0.000456,0
4362,14651,0,0.000428,0
85464,15945,0,0.000376,0
172882,22035,1,0.730334,1
138105,46724,0,0.211148,0
142969,25659,0,0.027257,0
151028,31020,0,0.141422,0
154965,29941,0,0.000406,0
58417,21709,0,0.809861,1
125671,22497,0,9.6e-05,0
172766,35108,0,0.217936,0
105203,47940,0,0.888792,1
1982,21067,0,0.046949,0
27959,20168,0,0.203804,0
67064,29363,0,0.000351,0
32632,8518,0,0.000144,0
101663,12669,0,0.238867,0
203072,43512,0,0.012852,0
136608,31562,0,0.342622,0
68178,24759,0,0.097533,0
40440,41362,1,0.980048,1
146163,22122,0,0.000138,0
186227,39799,0,3.8e-05,0
187408,8380,0,0.954059,1
72213,44449,0,0.155135,0
44209,10017,0,0.824388,1
24629,48865,1,0.101604,0
129006,27744,0,0.000219,0
190267,21365,0,5.5e-05,0
141316,34871,0,0.125386,0
72467,5744,1,0.844278,1
127202,21903,0,0.917176,1
105647,42611,0,0.000273,0
135594,34243,0,0.000747,0
107472,3145,0,0.034323,0
155221,31343,0,0.000466,0
107208,5933,0,0.055485,0
46028,21137,0,0.341996,0
26435,8006,0,0.113243,0
83619,41909,1,0.27146,0
41314,39275,0,0.05505,0
75897,27086,0,0.000603,0
168846,11366,0,0.06864,0
193719,13176,1,0.964253,1
115958,44325,1,0.848335,1
4936,5475,1,0.201247,0
77788,34092,0,2.6e-05,0
158475,11777,0,0.000762,0
25651,12732,0,0.473593,0
26931,37722,0,0.745833,1
95498,47652,0,0.035742,0
127547,20169,0,1.6e-05,0
195944,46667,0,0.195068,0
181409,25346,1,0.871093,1
100737,49111,0,0.384313,0
114197,41874,0,0.050321,0
152871,41844,0,0.000374,0
24342,41920,0,0.000182,0
76809,15097,0,0.06386,0
186825,42701,0,0.23224,0
98350,8424,0,0.768224,1
195227,47284,0,0.06481,0
77453,21616,0,0.000302,0
164285,33000,0,0.443619,0
11221,12341,0,0.869106,1
98200,44201,0,0.550916,1
177097,8518,0,7.4e-05,0
183955,47717,0,0.348742,0
49545,13834,0,0.000131,0
191944,29662,0,0.000392,0
141685,25584,0,0.000151,0
176315,15200,0,0.000461,0
115786,5353,0,0.009216,0
179849,33768,0,0.00033,0
130522,39448,0,0.000178,0
50477,21681,0,0.028133,0
18812,19895,0,0.351082,0
115301,28568,0,0.110138,0
174348,13176,0,0.551939,1
5197,25533,0,0.00068,0
190719,40233,0,0.000277,0
74088,34969,0,0.000494,0
37610,22935,0,0.000539,0
105695,810,0,0.030345,0
8832,3464,0,0.042054,0
60818,7673,0,0.027681,0
7228,8615,0,0.000236,0
14512,23233,0,0.00049,0
199399,47209,0,0.74819,1
26693,15721,0,0.002404,0
74948,32935,0,0.006668,0
67263,11577,0,0.00552,0
35182,2050,0,0.113365,0
183125,45723,0,0.000196,0
55253,9963,0,0.530574,1
205961,33120,1,0.646192,1
170682,35851,0,0.730179,1
140395,7632,0,0.000953,0
123807,46505,0,0.000167,0
133549,2314,0,0.324182,0
173083,28278,0,0.7078,1
106823,21616,0,2.4e-05,0
78721,44667,0,0.02916,0
46001,16323,0,0.053637,0
32186,1939,0,0.055346,0
43186,35003,0,0.04666,0
109929,30257,0,0.224366,0
117736,22058,0,0.009911,0
65495,9689,0,0.019296,0
51616,23579,0,0.000176,0
51778,12572,0,0.098812,0
54120,38650,0,0.000134,0
137720,39664,1,0.905212,1
166566,22565,0,0.218996,0
121555,4210,0,0.28007,0
148250,23620,0,9.5e-05,0
64302,726,0,0.088598,0
8817,38273,0,0.081548,0
10141,27344,0,0.130038,0
74301,28934,0,0.340904,0
110568,41259,0,0.112197,0
132866,11136,0,0.00045,0
1264,6795,0,5e-05,0
108474,33000,0,0.609987,1
352,44683,0,0.000613,0
196445,47114,0,0.000296,0
80568,19048,0,0.000627,0
94847,23734,0,0.000437,0
141685,23938,0,0.000332,0
143175,29204,0,0.20403,0
131403,17559,0,0.000161,0
29459,15872,0,0.752104,1
25145,939,0,0.000452,0
122721,16617,0,0.263163,0
5891,11154,0,0.355989,0
149981,34668,0,0.009629,0
189669,49496,0,0.485076,0
95879,26209,0,0.23581,0
54097,7413,0,0.760845,1
147580,5011,0,0.050532,0
88126,48214,0,0.013693,0
36631,22281,0,0.475626,0
45501,9387,0,0.000645,0
6264,43352,0,0.531685,1
130543,34358,0,0.000131,0
87835,39664,0,0.092506,0
104245,6991,0,0.928983,1
62329,3539,0,8e-05,0
79202,5621,0,0.000195,0
39438,23687,0,6.2e-05,0
76685,15236,0,0.000903,0
89804,30482,0,0.000429,0
10443,33846,0,0.000318,0
201155,45243,0,0.000221,0
84170,33499,0,0.688496,1
99509,22598,0,0.001205,0
148618,25190,0,0.076119,0
105286,33731,0,0.00045,0
130944,6760,1,0.707745,1
62646,23341,0,0.000612,0
97581,47526,0,0.000407,0
32842,41597,0,0.000399,0
29603,16732,0,0.000189,0
67345,44359,0,0.51814,1
6248,49320,0,0.00042,0
143111,46346,1,0.609367,1
37538,15902,0,0.705593,1
3120,29941,0,0.000252,0
56269,7863,0,0.058349,0
31807,28331,0,0.342004,0
95468,39700,0,0.061008,0
198727,27117,0,0.16108,0
132497,43986,0,0.000352,0
157431,41950,0,0.547453,1
75707,24964,0,0.37675,0
173433,7131,0,0.741213,1
157716,34358,0,0.845249,1
161980,20520,0,0.000343,0
103618,16456,0,0.000245,0
54842,49683,0,0.393885,0
131610,47805,0,1.5e-05,0
86649,27336,0,0.147976,0
116966,42265,0,0.397402,0
186283,28916,0,0.000303,0
73583,48775,1,0.420599,0
91373,8057,0,0.000571,0
12273,6615,0,0.084687,0
160274,36691,0,0.93769,1
99346,43789,0,0.000412,0
158660,49683,0,0.838664,1
101358,41950,0,0.000362,0
29476,23405,0,0.000249,0
73122,45957,0,0.14159,0
162712,10895,0,0.000678,0
11455,27845,0,0.229907,0
185042,23001,0,0.078941,0
36369,5479,0,0.286862,0
199328,47639,1,0.785474,1
73075,17303,0,0.000212,0
135968,14612,0,0.148346,0
84363,25965,0,0.090895,0
134860,18629,0,0.520613,1
17442,42139,0,0.40657,0
20797,46906,0,0.616535,1
9829,7916,0,8.2e-05,0
35880,3702,0,3.7e-05,0
60609,48104,0,0.462904,0
159753,41773,0,0.003147,0
158073,2535,0,0.000148,0
103547,33621,0,0.002618,0
111728,12962,0,0.057869,0
92750,10258,0,0.000932,0
194889,47626,1,0.767476,1
197376,40571,0,0.021735,0
10971,44765,0,0.330688,0
16505,22935,1,0.750828,1
65094,43409,0,0.000863,0
182560,41808,0,0.6377,1
97526,30774,0,5.9e-05,0
172755,21616,0,0.485074,0
173781,11580,0,0.000247,0
73946,21083,0,6e-05,0
199181,38775,0,0.000506,0
94926,46979,0,0.126553,0
71301,36639,0,0.000512,0
117211,16797,0,0.000397,0
25204,28289,0,0.438003,0
8717,7146,1,0.884357,1
101210,22963,0,0.82577,1
204342,3631,0,0.333862,0
105489,12813,0,0.807142,1
177263,14536,0,0.000356,0
35265,24852,0,0.898617,1
64961,34126,0,0.281181,0
198291,8224,0,0.000467,0
40235,47757,0,0.000269,0
181321,35951,0,0.000636,0
121020,14147,0,0.000424,0
115020,34134,0,0.161914,0
180692,46703,0,0.242355,0
67596,7185,0,0.0002,0
148131,4799,0,0.304633,0
171037,17745,0,0.000296,0
30064,39561,0,0.000385,0
42107,25466,0,0.000347,0
196222,38067,0,0.031141,0
138734,19679,0,0.107051,0
69464,6286,0,0.036645,0
134154,36406,0,0.000133,0
66517,8475,0,0.000315,0
65099,12341,0,0.000512,0
172783,17825,0,0.381828,0
73007,6729,1,0.673669,1
179838,38341,1,0.477038,0
9291,23400,0,0.050336,0
137043,38271,0,0.189093,0
14481,45066,0,0.000442,0
172714,11250,0,0.000143,0
56096,11688,0,6.2e-05,0
1648,38108,0,0.717986,1
194412,36178,0,0.032135,0
125409,47154,0,0.000576,0
107678,2770,0,0.000173,0
31773,35140,0,0.000139,0
182391,16797,0,0.466372,0
58143,19057,0,0.000152,0
24912,26940,0,0.000112,0
75912,33156,1,0.150592,0
47461,20738,0,6.6e-05,0
26522,30233,0,0.960604,1
68344,38689,1,0.960945,1
187210,8859,1,0.945707,1
55896,21775,0,0.000279,0
31164,4605,0,0.4442,0
199174,47766,0,0.000813,0
110133,8412,0,0.000343,0
24777,1301,0,8.9e-05,0
174406,48095,0,0.195194,0
51880,17794,0,0.252321,0
195671,6991,0,0.000171,0
102586,27966,0,0.00066,0
203318,15392,0,0.000117,0
26001,591,0,0.185123,0
167190,4799,0,3.6e-05,0
22952,8637,0,0.000433,0
74861,15486,0,1.8e-05,0
137448,38273,0,0.014255,0
36972,49608,0,0.012878,0
154050,37646,0,0.541587,1
197760,31100,0,0.36057,0
25766,14284,0,0.005727,0
203960,26668,0,0.175855,0
141844,3717,0,0.000337,0
191944,27521,0,0.000701,0
182657,46906,1,0.98183,1
173982,47388,0,0.008528,0
68157,26834,0,0.123826,0
100330,41716,1,0.854318,1
100898,9020,0,0.000151,0
5870,32184,0,0.128312,0
177733,39794,0,0.301582,0
199327,23594,0,0.042886,0
142612,42579,0,0.63758,1
111719,27966,0,0.000184,0
174830,21910,0,0.00032,0
106352,18718,0,0.478379,0
165078,38609,0,0.742587,1
109350,22046,0,0.645735,1
140260,7781,0,0.000644,0
157934,12703,0,0.000523,0
182977,9766,0,0.000482,0
187799,45149,0,0.442983,0
84120,29139,0,8.9e-05,0
168630,19057,0,0.01078,0
28227,21729,0,0.0928,0
8052,40709,0,0.833372,1
12348,47209,0,0.53136,1
128585,7916,0,0.000425,0
83763,7746,0,4.9e-05,0
83659,47516,0,0.000223,0
4388,49683,0,0.000482,0
185959,2964,0,0.319372,0
41398,7010,0,0.00054,0
193647,8193,0,0.03152,0
53548,2447,0,0.000367,0
177691,31114,0,0.206611,0
196119,34584,0,0.000306,0
19753,47521,0,0.576909,1
72135,11265,0,0.096036,0
18376,49198,0,0.09392,0
154757,21951,0,0.011263,0
84532,11941,0,0.079667,0
48125,9648,0,0.35069,0
67489,45066,0,0.000267,0
57354,8424,0,0.000314,0
44008,24557,1,0.18963,0
42582,6602,0,0.160136,0
70427,4054,0,0.164703,0
49431,25347,0,0.000786,0
92893,2295,0,0.698883,1
117357,8294,0,0.023414,0
71622,18689,0,0.000386,0
165716,17200,0,0.000359,0
127325,23178,0,0.000306,0
167099,42333,0,0.000584,0
185359,20904,0,0.781229,1
49791,11068,0,0.163479,0
128132,19674,1,0.076032,0
92258,44359,0,0.644782,1
169024,35762,0,0.00052,0
58102,48610,0,0.066506,0
157404,6184,1,0.839609,1
167595,43076,0,0.059958,0
73532,31264,0,0.000312,0
144517,38228,0,0.266993,0
157144,14645,0,0.001,0
126558,19660,0,0.107677,0
77571,18479,0,0.157987,0
165505,28199,0,0.000349,0
42341,38383,0,0.454934,0
110033,6390,0,2.2e-05,0
205565,19767,0,6.6e-05,0
193134,28123,0,0.448911,0
198183,30489,0,0.834436,1
149422,21616,0,0.065654,0
149748,5876,0,0.000558,0
57287,149,0,0.12964,0
10925,13984,0,0.034171,0
21515,810,0,0.233305,0
16958,4302,0,0.000113,0
199180,24248,0,0.122242,0
41602,8424,0,0.435458,0
75456,2099,0,0.000598,0
180116,5971,0,0.000245,0
11802,8424,0,0.001003,0
23283,23731,0,0.000523,0
32431,2597,0,0.000702,0
141533,12945,0,0.08404,0
128802,46906,0,0.591585,1
77614,36550,0,0.941859,1
108854,34126,1,0.71533,1
190902,26209,0,0.788827,1
49099,21903,0,0.000751,0
169280,44882,0,0.040321,0
114225,7963,0,0.791062,1
52919,32585,0,0.184496,0
42783,13949,0,0.00085,0
25288,33768,0,0.573859,1
63783,33716,0,0.703495,1
33655,39799,0,0.000291,0
57226,13717,0,0.196948,0
167573,21616,0,0.000487,0
202235,49176,0,0.000193,0
198949,26604,0,0.849689,1
30265,6638,0,0.000358,0
53671,6343,0,0.58026,1
28294,40299,0,0.000491,0
134191,19759,0,0.000445,0
182669,30764,0,0.000152,0
173662,9807,0,0.064844,0
8365,43635,0,6.4e-05,0
118223,42625,0,0.000245,0
60821,35108,0,0.00036,0
92932,43621,0,0.163949,0
150768,1000,0,0.00047,0
71310,35004,0,0.391796,0
119966,44449,0,0.24334,0
161619,43113,1,0.747591,1
175454,40332,0,0.000409,0
129234,28798,0,0.000305,0
79714,44961,0,0.233632,0
190253,5322,0,0.020456,0
59095,26568,0,0.088201,0
195573,18656,0,8.7e-05,0
150284,19443,0,0.287096,0
123920,28204,0,0.795475,1
51531,7649,0,0.000259,0
64246,8112,0,0.000492,0
169444,10060,0,0.000549,0
32968,16521,0,0.347096,0
613,32134,0,0.001277,0
74461,48717,0,0.118943,0
54181,13176,0,0.000961,0
97965,20632,0,0.127633,0
62834,3265,0,0.000285,0
181646,17008,0,0.509955,1
12319,49383,0,0.000119,0
65819,21184,0,0.040825,0
112707,44661,0,0.199821,0
118341,25691,0,0.000352,0
185719,37552,0,0.000251,0
142523,35140,0,0.223852,0
177942,1999,0,0.230526,0
20498,45578,0,0.93079,1
134891,23909,0,0.913861,1
109037,21137,0,0.713806,1
100394,8518,0,0.541774,1
49633,27104,0,0.000237,0
199678,9871,0,0.000234,0
7549,2081,0,0.030414,0
160926,27999,0,0.150952,0
117182,21019,0,0.32822,0
2273,42828,0,0.504518,1
185527,38650,0,0.367427,0
172936,48370,0,0.689134,1
22484,34969,0,0.24217,0
76107,23565,0,0.000417,0
113366,49296,0,0.635256,1
24532,27440,0,0.526891,1
178966,12385,0,0.00857,0
154792,48395,0,0.000317,0
30012,14159,0,0.251562,0
143701,39275,0,0.837684,1
123544,5240,0,0.371864,0
170810,2314,0,0.000207,0
182841,16262,0,0.210044,0
114229,23957,0,0.006708,0
186604,7403,0,0.058535,0
171008,18389,0,0.00018,0
17121,35547,0,0.741004,1
50180,49683,1,0.760289,1
194432,36085,0,0.016709,0
121020,21137,0,0.00035,0
187565,33401,0,0.442099,0
139877,16797,0,0.123293,0
137435,20754,0,1e-04,0
55236,39928,0,0.631966,1
83514,10749,0,0.000627,0
97309,5134,0,0.022113,0
95264,3732,1,0.416394,0
178443,26128,0,0.028383,0
172786,29447,1,0.650423,1
199851,48733,1,0.898504,1
4395,15290,0,0.000277,0
103951,20842,0,0.000262,0
130936,28527,0,0.047235,0
109686,36599,0,7.3e-05,0
160022,36221,0,0.013836,0
96577,3800,0,0.082099,0
154637,8939,0,0.00055,0
50669,1025,0,0.550397,1
110442,47141,0,0.011341,0
78934,13245,0,0.268801,0
106423,47403,0,0.379091,0
90356,44389,0,0.000645,0
201640,14621,0,0.00039,0
101976,49185,0,0.015512,0
142794,46720,0,9.9e-05,0
156613,16145,0,0.639011,1
202252,27470,1,0.902963,1
27592,16797,0,0.000293,0
186287,22935,0,0.001642,0
10901,46979,0,0.00083,0
144871,5303,0,0.000424,0
154063,23001,0,0.005485,0
194505,37288,0,0.000387,0
38720,16278,0,0.001757,0
101383,23165,0,0.203839,0
144305,33000,0,0.309432,0
140817,34656,1,0.302363,0
112674,41273,0,0.000333,0
67259,36177,1,0.976957,1
113176,24964,0,0.00069,0
73362,47516,0,0.251672,0
20700,46676,0,0.284553,0
26336,23898,0,0.488182,0
70799,47766,0,0.065188,0
81126,11973,0,0.502682,1
14573,31717,0,0.428299,0
180803,1925,0,0.280875,0
127124,22736,0,0.194141,0
113310,47216,0,0.369862,0
140866,47626,0,0.107454,0
47069,45002,0,6.3e-05,0
185215,42345,0,0.197587,0
116217,47357,0,0.000296,0
140316,45064,0,0.000748,0
124710,5890,0,0.003486,0
154835,5450,0,0.000308,0
60611,21938,0,0.488462,0
41602,45774,0,0.125219,0
9777,16797,0,0.872943,1
53818,13176,0,0.001569,0
161341,3969,0,0.75045,1
35576,4428,0,0.464057,0
150101,25890,0,0.000594,0
116309,27086,0,0.000313,0
166693,30489,0,0.000164,0
74009,46667,0,0.202377,0
112435,48335,0,0.195679,0
202713,28934,0,0.014683,0
89556,35424,0,0.5363,1
97822,39275,0,0.000285,0
152795,17258,0,0.214796,0
79151,37053,1,0.423532,0
195434,19385,0,0.000152,0
194140,41149,0,0.118344,0
41210,46969,0,0.000595,0
68107,5214,0,0.000329,0
144965,47766,0,0.000485,0
110067,32110,0,0.468822,0
34970,31964,0,0.176667,0
81388,5380,0,0.000237,0
189238,46616,0,0.115515,0
4518,26157,0,9.3e-05,0
92707,19660,1,0.982972,1
89511,44457,0,0.000169,0
18805,46059,0,0.000703,0
119884,42445,0,0.00031,0
139426,14381,0,0.000385,0
51784,49131,0,0.304252,0
59095,7054,0,0.040889,0
5203,5933,0,0.148035,0
163383,32360,0,0.000267,0
78084,3808,0,0.000284,0
96903,210,1,0.940564,1
19916,26348,0,0.000287,0
166255,15904,0,5.4e-05,0
56280,4605,0,0.000757,0
47948,21948,0,0.00013,0
66142,49481,0,0.352067,0
6837,21704,0,0.087362,0
172277,3442,0,0.047841,0
171175,18288,0,0.181664,0
50621,21077,0,0.832578,1
6417,26300,0,0.15449,0
70381,44359,0,0.362091,0
50830,2314,0,0.000399,0
82380,47119,1,0.948035,1
185996,23909,0,0.101698,0
83202,41351,0,0.093381,0
127072,6795,1,0.044544,0
117908,2012,0,0.000332,0
120867,31343,0,0.000527,0
182045,20277,0,0.000217,0
81625,33120,0,0.000189,0
61850,44142,0,0.635375,1
145851,277,0,0.039175,0
17509,28199,0,0.384026,0
196604,47626,0,0.000361,0
164445,13242,0,0.130308,0
40650,34625,0,0.519265,1
97401,5605,0,9.7e-05,0
179253,12955,0,0.057486,0
116966,35547,0,0.606048,1
60362,1819,0,0.000213,0
74053,35734,0,0.000197,0
144869,24413,0,0.093838,0
88418,13198,0,0.211082,0
199767,41618,0,0.880766,1
8563,41844,0,0.365173,0
29265,5077,0,0.954082,1
38826,13885,0,0.000559,0
114516,7948,0,0.779312,1
192289,27105,0,0.244546,0
29012,12409,0,0.010891,0
82818,33647,0,0.09647,0
18680,45066,0,0.473687,0
195183,6631,0,0.000228,0
11250,10831,0,0.619776,1
86463,2228,0,0.000299,0
201833,40310,0,0.000792,0
171557,17708,0,3.3e-05,0
79597,32079,0,0.000539,0
98347,10831,0,0.000478,0
140014,21351,0,0.000448,0
124893,13431,0,0.091,0
66706,29307,0,7.3e-05,0
28649,26604,0,0.000795,0
156665,10534,0,0.070431,0
91843,10957,1,0.968968,1
9699,17360,0,0.000218,0
101862,34519,0,0.000498,0
46146,24390,0,0.231824,0
45268,43875,0,0.397097,0
35406,12312,0,0.305413,0
152592,42244,0,0.487963,0
60040,7751,0,6.2e-05,0
54154,26317,0,0.000431,0
48610,35547,0,0.728319,1
13522,46134,0,2.9e-05,0
68157,26576,0,0.246038,0
204046,21938,0,0.00066,0
177942,11005,0,0.16734,0
152871,4009,0,4.1e-05,0
15160,30041,0,0.034196,0
146146,24413,0,0.163174,0
138762,25371,0,2.9e-05,0
31405,21174,0,0.000289,0
43381,47766,0,0.729176,1
119113,27629,0,0.421686,0
199855,26131,0,0.056509,0
36824,36135,0,8.3e-05,0
132919,12427,0,0.017624,0
204638,27628,0,0.112843,0
173475,27521,0,0.347,0
60627,41006,0,3.3e-05,0
169150,34358,0,0.509871,1
133018,28842,0,0.1362,0
191710,21903,0,0.608617,1
70078,8654,0,0.240073,0
44108,47479,0,0.000229,0
120117,28443,1,0.900788,1
200820,28518,0,0.000363,0
137814,31557,0,0.229238,0
107018,5451,0,0.524024,1
190497,42265,0,0.000248,0
153343,31248,0,0.000298,0
132624,25199,0,0.612967,1
1584,26317,0,0.767176,1
26488,20670,0,0.000453,0
138731,32205,0,0.150102,0
91580,30746,1,0.981587,1
10372,23588,0,0.000163,0
179206,12743,0,0.000209,0
16219,4470,0,0.129547,0
16945,5878,0,4.8e-05,0
190519,32177,0,0.000314,0
89230,33636,0,0.667211,1
130267,16464,0,0.040236,0
152709,22671,0,0.233606,0
78084,22161,0,0.000267,0
64120,8555,0,0.123433,0
83652,30271,0,0.033445,0
102549,29553,0,0.639044,1
140269,35548,0,0.000581,0
128473,14874,0,0.000105,0
84056,41148,0,0.00035,0
127135,3931,0,0.413955,0
161622,41811,0,0.179176,0
39752,42356,0,0.00038,0
109071,37029,1,0.954248,1
115586,49174,0,0.133246,0
80653,28842,0,0.00034,0
121828,19894,1,0.759176,1
54836,6105,1,0.894407,1
120455,5785,0,0.136553,0
3275,28601,0,0.730858,1
25467,7350,0,0.953074,1
118816,39623,0,0.060113,0
127497,46025,0,0.493234,0
66758,31611,0,0.055691,0
101923,44661,0,0.000436,0
119146,40174,0,0.056446,0
91249,34175,0,0.28574,0
195434,18376,0,0.000368,0
203998,7177,0,0.000527,0
181479,5077,0,0.591719,1
204759,30305,0,0.000993,0
153785,44310,1,0.730448,1
120630,41593,0,0.207459,0
69718,24852,0,0.710577,1
25283,49198,0,0.172407,0
142427,31955,0,4.9e-05,0
91682,42398,0,0.499819,0
75111,21903,0,0.000315,0
19498,41950,0,0.69971,1
135078,1463,0,0.173956,0
102655,49174,0,0.011127,0
128060,39097,0,0.074434,0
92022,15802,0,0.171329,0
13000,14927,0,0.163009,0
188267,27325,0,0.000543,0
190404,49175,0,0.000341,0
15559,43668,0,9.4e-05,0
103606,18359,0,0.00015,0
140006,20785,0,0.530182,1
26995,45948,0,0.000589,0
101394,12431,0,6.6e-05,0
82689,29987,1,0.819598,1
186995,37646,0,0.000306,0
20501,21804,0,0.230622,0
193700,3142,0,0.058862,0
120728,46802,0,0.000145,0
64035,43086,0,0.000679,0
103618,11006,0,0.000249,0
130806,33279,0,0.419853,0
21189,10749,0,0.000912,0
22506,40203,0,5.8e-05,0
35807,35939,0,0.287054,0
105093,38779,0,0.000273,0
53001,32650,0,4.6e-05,0
162361,25640,0,0.218258,0
104124,24964,0,0.000597,0
92399,17550,0,0.056889,0
78550,39275,0,0.039044,0
98005,4938,0,0.000652,0
117382,31662,0,4.9e-05,0
187544,39993,0,0.000873,0
197219,45819,0,0.000138,0
204823,9076,0,0.385033,0
192487,34593,0,0.171587,0
171855,31553,0,0.000285,0
19958,20549,0,0.021222,0
97545,39558,0,0.000233,0
167409,40878,0,0.57437,1
43264,49620,0,0.162258,0
29606,12341,1,0.936163,1
65638,43352,0,0.000267,0
155621,2825,0,0.713864,1
18747,33808,0,0.1146,0
150785,16541,1,0.732951,1
178080,44325,0,0.00475,0
131246,40706,0,0.083772,0
88986,22206,0,0.00031,0
74158,44683,0,0.396179,0
32798,39275,0,0.764144,1
193679,13997,0,0.296599,0
92872,6846,0,0.000394,0
182743,26209,0,0.000913,0
37650,34433,0,0.022926,0
87672,26209,0,0.53136,1
18482,24427,0,0.00012,0
113696,11869,0,0.134645,0
61626,4705,0,0.110692,0
187814,11827,0,0.039148,0
166976,15872,0,0.000876,0
199776,27156,0,0.291997,0
138164,33129,0,0.306683,0
153694,17157,0,0.576075,1
75223,39984,0,0.117071,0
63688,17819,0,0.028691,0
25900,22206,0,0.23342,0
125182,36534,0,0.153043,0
109904,40571,0,0.000115,0
34179,45683,0,0.009832,0
112405,6474,0,0.00024,0
95911,47196,0,0.762242,1
50843,11090,0,0.340117,0
91992,45683,0,0.031166,0
71103,32537,0,0.131746,0
136723,29662,0,0.257475,0
60112,43858,0,0.330567,0
111042,13966,0,0.000271,0
165852,31683,0,0.137791,0
24337,41527,0,0.082142,0
117733,46616,0,0.000684,0
195990,4754,0,0.031011,0
134958,4500,0,0.000122,0
171344,47185,0,0.583087,1
205086,32478,1,0.930239,1
146000,7673,0,0.871569,1
54628,49621,0,0.000326,0
41898,24197,0,0.030629,0
105132,22890,0,0.000184,0
68495,13536,1,0.65575,1
37676,40706,0,0.000804,0
175809,15202,0,0.019415,0
104907,44912,0,0.000105,0
843,3896,0,0.000618,0
163761,48765,0,0.024141,0
135893,21187,0,0.799991,1
110442,22959,1,0.595154,1
110315,18531,1,0.711278,1
114963,33745,0,0.000137,0
9662,46402,0,0.582707,1
130966,35149,0,0.000384,0
53615,34551,0,0.194263,0
49846,42460,0,0.000851,0
86637,15478,0,0.264481,0
174447,39408,0,0.00061,0
198896,13575,0,0.006314,0
23350,23440,0,0.000248,0
190682,5450,0,0.001143,0
47584,38739,0,0.009178,0
177889,19272,0,0.004985,0
140079,7969,0,0.272148,0
51206,28547,0,0.0712,0
163406,47626,0,0.001887,0
28759,29432,0,0.034424,0
101525,45664,0,0.002536,0
121202,41665,1,0.934353,1
192818,10017,0,0.000353,0
30137,24184,0,0.4844,0
190798,8518,0,0.637938,1
196408,5684,0,0.901867,1
74469,4428,0,0.135464,0
184197,4605,1,0.428164,0
86012,45200,0,0.486687,0
97168,34234,0,0.007494,0
6018,12910,0,0.000432,0
95242,7478,0,0.095395,0
176687,2535,0,0.199891,0
113052,18727,0,0.000894,0
160961,27392,0,0.019768,0
21507,13851,0,0.094772,0
39793,10957,0,0.543831,1
78867,49075,0,0.000199,0
127523,44628,0,0.008136,0
10519,46047,0,0.013948,0
125355,45007,0,0.082064,0
127359,32099,0,0.000276,0
143369,34946,0,0.000253,0
23280,36011,0,0.003894,0
19921,8320,0,0.000315,0
115547,5757,0,0.422269,0
150897,37646,0,0.648762,1
3376,41787,0,0.592606,1
66984,27966,0,0.000783,0
185909,40571,0,0.448699,0
68160,12118,0,0.000103,0
122346,26219,0,0.179267,0
96308,47626,0,0.26652,0
150982,6150,1,0.267697,0
173945,20323,0,0.387206,0
39832,21903,0,0.088987,0
201947,31338,0,0.000535,0
48369,27171,0,0.000155,0
31564,15519,0,0.322214,0
85141,27796,0,0.000356,0
106724,12813,0,0.013879,0
172233,36923,0,0.000464,0
193708,34371,0,0.000182,0
195527,25659,0,0.236476,0
172131,12078,0,0.000517,0
76323,7923,0,8e-05,0
201014,3634,0,0.000108,0
24529,36082,0,0.000539,0
140702,23543,0,0.098879,0
140292,9390,0,0.007119,0
46691,41006,0,0.012286,0
164858,48885,0,0.000552,0
97319,5785,0,0.000109,0
10738,25659,0,0.107372,0
1992,19976,0,9e-05,0
124352,6721,0,0.000283,0
139302,35898,0,0.0003,0
120157,31717,1,0.922346,1
76323,43920,0,5.1e-05,0
136370,28427,1,0.965716,1
7878,44323,0,0.21473,0
164440,46505,0,9.1e-05,0
121467,42699,0,0.362129,0
56077,44628,0,0.195851,0
110521,21603,1,0.940701,1
77598,41844,0,0.000696,0
86121,20995,0,0.201535,0
7006,37158,0,0.189981,0
178367,41570,0,0.000289,0
25425,8518,0,0.908468,1
57752,9366,0,0.000407,0
23023,27881,0,0.000517,0
148237,11755,0,9.8e-05,0
111073,14877,0,5.6e-05,0
148358,14126,0,0.016716,0
45195,37766,0,0.704234,1
163506,40629,0,0.028589,0
92710,8803,0,0.000194,0
102127,45371,0,0.486218,0
176504,44632,0,0.000907,0
141879,11869,0,0.949421,1
167988,11009,0,0.391561,0
173488,46906,0,0.230393,0
180309,42282,1,0.369031,0
51770,37053,0,0.249074,0
118837,29268,0,0.505771,1
86693,21137,0,0.855454,1
67975,9515,0,0.000124,0
47940,36389,0,0.000385,0
111128,17461,0,0.02121,0
171091,12285,0,0.000411,0
101496,40587,0,0.557574,1
188943,18200,0,0.277244,0
38873,14540,0,0.019279,0
833,46820,1,0.259342,0
28442,17568,0,0.00046,0
9566,27548,0,0.000309,0
119424,37557,0,0.00011,0
25471,15284,0,1.6e-05,0
79154,24989,0,0.113381,0
152547,31759,0,0.083925,0
175922,21137,0,0.000635,0
186227,48559,0,0.000115,0
103318,29127,0,0.067476,0
151737,24716,0,0.001446,0
86907,33324,0,0.043324,0
160804,45321,0,0.219529,0
19646,7628,0,0.982282,1
162366,10831,0,0.779581,1
201825,27104,1,0.51872,1
197100,45007,0,0.008012,0
57272,22825,0,0.000344,0
202695,261,0,0.025905,0
136573,12493,0,5.7e-05,0
186227,7175,0,0.00011,0
117733,28928,0,0.000688,0
200095,30287,0,0.101566,0
37924,8239,0,0.000152,0
110374,39812,0,0.188889,0
121097,39071,0,7.4e-05,0
31147,47537,0,0.181951,0
70265,29565,0,7.1e-05,0
21632,42106,0,0.041614,0
45582,9387,0,0.267978,0
60624,19261,0,0.070428,0
78073,32734,0,0.324416,0
38873,21903,0,0.032335,0
147290,1263,0,0.188023,0
4904,4605,0,0.000475,0
124501,17858,0,0.121349,0
3571,21841,1,0.613825,1
75863,49659,0,0.032184,0
149143,16797,0,0.000588,0
194792,9464,0,0.121598,0
205031,45007,0,0.179773,0
187650,39812,0,0.034624,0
90208,39619,0,0.630399,1
58936,44795,0,0.279165,0
109806,36117,1,0.769791,1
85464,27897,0,0.000319,0
4388,34969,0,0.000489,0
171730,40490,0,0.000329,0
56406,41950,0,0.001036,0
198013,6994,0,0.000128,0
142050,27521,0,0.861011,1
85257,11798,0,0.305975,0
10810,45748,0,0.000349,0
136882,15672,0,0.512476,1
138722,38583,0,0.000321,0
139483,30639,0,0.409793,0
146426,881,0,0.024475,0
146067,38293,0,0.000271,0
78084,13230,0,0.000506,0
16103,7461,0,0.207962,0
157339,34356,0,0.002569,0
43072,28465,0,0.000376,0
90520,26723,0,0.000156,0
66973,3480,0,0.122616,0
14133,21137,0,0.973753,1
172755,40063,0,0.26097,0
85576,47014,0,0.039378,0
15503,6383,0,0.112762,0
53535,15130,1,0.946361,1
99277,19992,0,0.059885,0
34299,5250,0,0.467667,0
143552,40706,0,0.029671,0
59354,29334,0,0.113349,0
84847,19048,0,0.462649,0
188684,16462,0,0.09065,0
100936,43643,0,0.458498,0
16219,34145,0,0.012034,0
146826,5312,0,0.000623,0
128941,21917,0,0.827984,1
87063,46853,1,0.492583,0
12661,669,0,0.130739,0
173435,38452,1,0.666207,1
95879,20114,0,0.155019,0
153092,3957,0,0.000362,0
103493,49144,0,0.000672,0
197970,21194,0,0.002271,0
146604,41950,0,0.83292,1
39752,2097,0,0.0003,0
48308,6104,0,0.794423,1
66631,32478,0,0.054252,0
49175,3990,0,0.000423,0
22447,10749,0,0.000368,0
45410,42828,0,0.501177,1
49543,22548,0,0.000283,0
57177,18811,0,0.545753,1
37915,34079,0,0.760215,1
70495,5038,0,0.122258,0
145136,5794,0,0.380462,0
40210,12254,0,0.015272,0
119112,8955,0,0.000751,0
30614,31844,0,0.018742,0
109650,42936,0,0.000478,0
129116,33462,0,0.000121,0
33736,24622,0,0.061632,0
135238,16797,1,0.664628,1
156668,20995,0,0.000214,0
130304,17824,0,0.131884,0
165707,10312,0,0.167158,0
159620,6187,0,0.005138,0
114817,17619,0,0.013894,0
151418,2180,0,0.000216,0
128561,32184,0,0.006714,0
14392,28600,0,0.009113,0
148170,30353,1,0.714104,1
6419,32689,1,0.815474,1
166717,46516,0,0.695605,1
84412,16349,0,0.000784,0
24873,20685,0,0.002906,0
161548,18659,0,0.17825,0
129050,36189,0,0.000148,0
53004,24852,1,0.96867,1
96193,40338,0,0.499363,0
199369,18358,0,0.323032,0
91406,24221,0,0.202129,0
199357,34243,0,0.055257,0
142635,29987,0,0.141216,0
35050,24035,0,0.000188,0
112730,47626,0,0.526506,1
160507,32831,0,0.01969,0
82516,17526,0,2.1e-05,0
27518,16213,0,0.001402,0
124132,33731,0,0.059937,0
141459,28204,0,0.579461,1
176948,25408,0,0.219028,0
159101,5077,0,0.000623,0
183569,30962,0,0.000216,0
114800,12409,0,0.06525,0
27952,49201,0,3.4e-05,0
139527,12015,0,0.000158,0
26443,25435,0,0.06235,0
19093,19283,0,0.000353,0
26409,39099,0,0.653121,1
182518,2443,0,0.101842,0
57027,24390,0,0.0071,0
58129,37766,0,0.000675,0
110374,44580,0,0.455989,0
115904,41831,0,0.158525,0
55458,36695,0,0.000717,0
42676,46676,0,0.007898,0
149089,18479,1,0.443234,0
145067,34214,0,0.087753,0
128215,10034,0,0.000839,0
15586,5876,0,0.409254,0
55101,35050,0,0.000163,0
22140,24810,0,0.454754,0
10738,29398,0,0.005204,0
88273,44683,0,0.000423,0
1401,2708,0,0.108464,0
25205,43654,0,0.002856,0
144305,41658,0,0.524378,1
160379,12592,0,0.07067,0
138115,47059,0,0.151876,0
170364,38374,0,0.172497,0
51719,44670,0,0.110055,0
20962,38456,0,0.074729,0
51019,16349,0,0.000696,0
60650,26604,0,0.000174,0
21101,17008,0,0.000626,0
118871,1787,0,9e-05,0
170364,25919,0,0.247533,0
49181,1203,0,0.062171,0
100536,9155,0,0.049982,0
72160,42240,0,0.516264,1
188696,10017,1,0.390234,0
200508,22935,0,0.000399,0
92880,32476,0,3.4e-05,0
97401,18288,0,4e-05,0
23797,20843,0,0.015374,0
12115,24750,0,0.000103,0
64047,27158,0,0.003979,0
192609,12456,0,0.000192,0
65243,25670,0,0.077784,0
155042,42617,0,3.7e-05,0
138935,39821,0,0.211391,0
173426,41463,0,0.160276,0
140852,47962,0,0.205796,0
106093,29334,0,0.000189,0
164304,49030,0,0.088732,0
108393,44728,0,0.000343,0
56961,4853,1,0.671719,1
30614,40678,0,0.696452,1
88132,16823,0,0.335309,0
165594,19340,0,0.000197,0
32694,37511,0,0.253781,0
117078,43713,0,0.416663,0
11742,16759,0,0.505653,1
58052,19446,0,0.117355,0
21647,10768,0,0.000166,0
199892,11408,0,9.7e-05,0
58765,27325,0,0.001036,0
34696,10673,0,0.496433,0
78139,6101,0,0.000211,0
95471,24185,0,3.3e-05,0
119398,14992,0,0.00032,0
127666,13380,0,0.429173,0
76149,40268,0,0.145829,0
135429,30288,0,0.024534,0
44804,22935,0,0.775486,1
181892,4605,0,0.283986,0
135283,13369,0,0.000129,0
53184,14705,0,0.000178,0
3779,24852,0,0.001246,0
96954,28123,0,0.000123,0
193647,30849,0,0.005286,0
160656,14280,0,0.001274,0
162834,29871,0,0.117153,0
149349,25,0,0.57949,1
100176,19057,0,0.000352,0
35404,691,0,0.072288,0
101231,4781,1,0.804164,1
162693,48299,0,0.20523,0
135662,26422,0,0.000131,0
190562,18852,0,0.526071,1
65065,32685,0,0.000172,0
80726,4857,0,0.070398,0
142650,10755,1,0.045702,0
152078,30066,0,0.254444,0
22504,41474,0,4.2e-05,0
4788,4421,0,0.000482,0
41602,33438,0,0.113978,0
121731,5971,0,0.454768,0
71151,13829,0,9.9e-05,0
30556,28603,0,0.402964,0
50906,25965,0,0.000144,0
94653,30363,0,0.135146,0
78866,10212,0,0.117812,0
25495,27796,0,0.236658,0
77590,37594,0,0.247152,0
82382,23734,0,0.683239,1
178720,27783,0,0.138625,0
40279,311,0,0.005417,0
15454,45613,0,0.058484,0
154060,5818,0,0.000522,0
176404,28849,0,0.000554,0
206045,28204,0,0.000576,0
137532,31865,1,0.033386,0
139683,34099,0,0.03674,0
28815,7501,0,0.104852,0
38365,4957,0,0.43937,0
111782,40593,0,0.059369,0
96618,45066,0,0.878273,1
66320,31654,0,0.824308,1
141787,34220,0,0.304146,0
5338,17149,0,0.000137,0
123235,22883,0,0.28496,0
5844,25824,0,0.332681,0
153835,18434,1,0.268712,0
154063,48645,0,0.007305,0
60554,12385,0,0.00022,0
72420,36004,0,0.098857,0
198102,43352,0,0.340396,0
184881,41330,0,0.002605,0
55824,27690,0,0.68317,1
183250,122,0,0.047423,0
103408,17862,0,0.000251,0
184306,2315,0,0.000107,0
135758,24184,0,0.314578,0
128849,49583,0,0.279329,0
23029,21938,0,0.051447,0
99788,49075,0,0.156172,0
71731,2017,0,1.6e-05,0
68444,16249,1,0.860841,1
163096,21376,0,0.09459,0
188318,26283,0,0.325966,0
9628,34545,0,0.00012,0
29449,35336,0,0.00024,0
173177,35068,0,0.576696,1
3443,14084,0,0.738143,1
77012,36070,0,0.155478,0
144940,49140,0,0.000155,0
29671,21472,0,0.181675,0
99575,32467,0,0.00032,0
101012,14712,0,0.037107,0
147515,26767,0,0.28556,0
186140,19627,1,0.96444,1
101265,46906,0,0.470857,0
141990,23765,0,0.000623,0
86322,42445,0,0.003097,0
47461,2092,0,6.9e-05,0
137443,24852,1,0.975038,1
16726,22745,0,0.000325,0
204241,13176,0,0.567623,1
51069,34584,0,6.5e-05,0
139516,10243,0,0.028221,0
53239,40001,1,0.974151,1
93922,15610,0,0.00962,0
100730,46703,0,0.181849,0
191563,40517,0,0.01806,0
146904,20842,0,0.368161,0
6417,25745,0,0.009641,0
47076,7212,0,3.9e-05,0
24587,4446,0,0.014063,0
26225,19677,1,0.748881,1
197558,6860,0,0.026238,0
185441,45495,0,1.5e-05,0
6837,24852,0,0.959193,1
133665,12099,1,0.850314,1
19581,46906,0,0.000627,0
141787,24020,0,0.923425,1
46826,17948,0,0.324118,0
200108,35217,0,0.050716,0
46822,27463,0,0.06699,0
203595,260,0,0.594974,1
86968,24356,0,0.048836,0
98163,34956,0,0.172413,0
84099,39558,0,0.000554,0
71515,15891,0,0.259893,0
14737,49235,0,0.02107,0
4477,27596,0,0.014216,0
160749,41273,0,0.112538,0
168493,480,0,0.282881,0
188186,21137,0,0.166606,0
154771,26452,0,0.257567,0
112933,25067,0,0.00025,0
8426,31343,0,0.000389,0
160244,12016,0,0.000521,0
50796,40063,0,0.143632,0
188390,45669,0,8.3e-05,0
80179,20549,0,0.000103,0
32980,31553,0,0.371682,0
199180,23744,0,0.151437,0
110220,45757,0,0.043166,0
113241,1695,0,0.106764,0
12586,16349,0,0.000116,0
98617,9203,1,0.407823,0
108196,35045,0,0.000195,0
127625,30620,0,0.000275,0
162566,44799,0,0.69594,1
36986,1025,0,0.000698,0
167824,15359,1,0.186636,0
16837,3631,0,0.789616,1
163096,8193,0,0.30382,0
9150,48438,0,0.318577,0
54698,4942,0,0.43564,0
52133,29107,0,0.086083,0
117736,36865,0,0.024045,0
123306,39275,1,0.735435,1
151378,31391,0,3.6e-05,0
84615,17123,0,0.016008,0
93502,33957,0,0.013756,0
169635,27966,0,0.060908,0
72537,5077,0,0.297216,0
37777,20120,0,0.049281,0
77429,5390,0,0.036683,0
53004,25718,0,0.255524,0
203318,29722,0,9.5e-05,0
12721,26405,0,0.087667,0
33470,10082,0,0.543772,1
103703,1757,0,0.13425,0
50930,47526,0,0.302268,0
6141,21903,0,0.000662,0
131348,27570,0,0.000227,0
155428,21903,0,0.362997,0
96126,11068,0,0.452688,0
105538,38739,0,0.000195,0
164677,25493,1,0.948938,1
116219,42585,0,0.485666,0
162350,2855,0,0.149054,0
53683,44765,1,0.688662,1
178250,3583,0,0.000169,0
69883,12341,0,0.3608,0
198629,37388,0,0.000516,0
3990,21461,0,0.156011,0
69116,3280,0,0.043182,0
112598,45002,0,0.000838,0
140844,26209,0,0.336086,0
185546,35956,0,0.233551,0
149159,7413,0,0.000754,0
181528,28476,0,0.180114,0
173112,46175,0,0.00035,0
88091,33705,0,0.104048,0
98199,44566,0,0.000784,0
190713,33745,0,0.224084,0
154826,27968,0,0.411754,0
37502,23405,0,0.014633,0
141939,10814,0,0.152497,0
101975,33552,0,0.157783,0
23461,31872,0,0.000496,0
156581,7509,0,0.014371,0
91031,47672,0,0.413738,0
97345,42139,0,0.000112,0
151994,16797,0,0.000327,0
5287,781,0,0.012346,0
76121,8174,0,0.281783,0
68835,27548,0,0.000439,0
143526,25671,0,0.020984,0
151089,35199,0,0.001133,0
182440,40681,0,0.0011,0
98491,30855,0,0.103377,0
14577,13560,0,0.000113,0
94618,10749,0,0.000436,0
107629,14129,0,0.000346,0
144836,32303,0,0.135964,0
190043,2447,0,0.17951,0
66304,34582,0,0.118265,0
196116,6046,0,0.0004,0
188791,42736,1,0.441111,0
127359,41966,0,6.7e-05,0
105805,20995,0,0.061482,0
151714,38531,0,0.256373,0
32798,44632,0,0.901375,1
203181,17429,0,0.495246,0
141844,21616,0,0.000544,0
132919,26767,0,0.13662,0
148836,25745,0,0.045407,0
183691,19677,0,0.192252,0
16958,3874,0,0.000322,0
86951,35725,0,0.036036,0
8492,3992,0,0.014361,0
31773,35951,0,0.000165,0
186696,34126,0,0.846094,1
205821,34551,0,0.223624,0
142400,35748,0,0.002107,0
178791,33081,0,0.00022,0
35201,16145,0,9.8e-05,0
85827,20507,0,0.074151,0
163464,30731,0,0.070665,0
142863,12324,1,0.766702,1
80144,13885,0,9.2e-05,0
167314,36186,0,0.294475,0
101465,26301,0,0.240207,0
203492,13380,0,0.806355,1
156148,6473,1,0.394074,0
58813,44089,0,0.351125,0
198932,45007,0,0.570428,1
41424,34668,0,0.092595,0
71,7911,0,0.302652,0
36059,14852,0,0.473332,0
53280,11121,0,0.000395,0
117635,19706,0,0.772801,1
204307,32819,0,0.315596,0
147618,44325,0,0.000286,0
179728,24830,0,0.778378,1
150893,2314,0,0.145851,0
90669,41720,0,0.224442,0
71913,44142,0,0.879662,1
55058,24622,0,0.125134,0
106161,311,0,0.000158,0
188576,36307,0,0.00038,0
186075,15987,0,0.229698,0
203607,2380,0,0.023572,0
93570,24964,0,0.000649,0
57250,48634,1,0.694196,1
142417,31726,0,0.000215,0
7569,7969,0,0.000466,0
160724,30057,0,0.154249,0
133780,6873,0,0.000107,0
162614,42701,0,0.430955,0
31634,48523,0,0.210873,0
196674,14929,0,0.501318,1
126833,24184,1,0.822956,1
1833,12779,1,0.353368,0
5589,4920,0,0.000113,0
194861,31486,0,0.04142,0
180610,39993,0,0.450124,0
181920,18159,0,0.000149,0
116553,23747,0,0.387006,0
170542,48527,0,0.500765,1
125769,25949,0,0.228583,0
121036,27471,0,0.038494,0
180905,39275,0,0.02607,0
204937,40604,0,0.338665,0
64879,35370,0,0.000643,0
160166,14332,0,0.063375,0
32517,30371,1,0.714646,1
60627,22400,0,0.000195,0
71922,11996,0,0.000309,0
73080,28785,0,9.6e-05,0
171616,38371,0,0.016599,0
131459,21344,0,0.000242,0
187953,47089,0,0.022337,0
75988,39408,0,0.001252,0
4131,4481,0,0.000177,0
168449,4920,0,0.219818,0
203416,47766,0,0.418779,0
4395,40332,0,0.000332,0
127313,22952,0,0.015565,0
161895,40310,0,0.000454,0
127746,41220,0,0.000489,0
146833,10574,0,0.000517,0
49983,23848,0,0.000229,0
129015,605,0,0.000276,0
84588,26486,0,0.000256,0
84103,39929,0,0.369639,0
131794,37687,0,0.66267,1
101136,35547,1,0.918416,1
49470,14126,0,0.628217,1
190862,45633,0,0.360547,0
167972,43087,0,0.298542,0
92823,44359,0,0.00085,0
133304,40516,0,0.360078,0
58306,41960,1,0.657176,1
78670,37654,0,0.416498,0
199074,432,0,0.000484,0
139086,42356,0,0.387777,0
80747,33540,0,0.143774,0
71863,45,0,0.543522,1
104018,29460,0,0.074949,0
202799,34126,0,0.00112,0
147885,35536,0,0.008941,0
140292,5892,0,0.013905,0
204536,5621,0,0.029537,0
175768,19057,0,0.504878,1
203721,45578,0,0.000383,0
161339,41570,0,0.011276,0
203507,5031,0,0.810459,1
20031,11679,0,0.093624,0
69173,18411,0,0.000104,0
168708,13225,0,0.000413,0
186997,24841,0,0.647156,1
31402,48679,1,0.415302,0
898,12614,0,0.012388,0
109415,19389,0,0.114452,0
72968,46962,0,0.042627,0
122361,7021,0,0.038208,0
195400,27695,1,0.766904,1
53020,13660,0,7.4e-05,0
56539,35042,0,0.000623,0
204928,9225,0,0.000368,0
80423,7361,0,0.170292,0
172297,45599,0,0.200587,0
124178,6871,0,0.443201,0
38235,35430,1,0.881461,1
177224,46527,0,0.041529,0
156784,42757,0,0.000162,0
38316,36684,0,0.309596,0
17059,19190,0,0.000143,0
106823,30489,0,3.1e-05,0
2646,10798,0,0.65813,1
180185,35494,0,0.155331,0
66621,5214,0,0.005584,0
178547,22963,0,0.265083,0
53303,14351,0,0.173671,0
7526,3339,0,0.000284,0
182179,23622,0,0.527779,1
34635,12289,0,0.735565,1
21553,13176,0,0.688578,1
95879,25890,0,0.843461,1
78670,34350,0,0.014879,0
174908,34243,0,0.000519,0
43535,13163,0,0.127155,0
52167,29121,0,0.072879,0
148627,311,0,0.458786,0
82544,21511,0,0.037757,0
100565,21282,0,0.000351,0
116063,1335,0,0.036836,0
193301,32109,0,0.000246,0
84845,25890,0,0.39657,0
101602,15261,0,0.000445,0
31564,33572,0,0.968186,1
127034,21543,0,0.19386,0
167294,14852,0,0.25624,0
191334,35522,0,4.8e-05,0
135172,4145,0,0.795091,1
130373,2109,0,0.367398,0
41939,42063,0,0.129155,0
106161,40334,0,2.8e-05,0
156905,45938,0,0.000647,0
73947,28204,0,0.000429,0
149617,33825,0,0.00018,0
89220,25247,0,0.130913,0
169409,39024,0,0.28419,0
132972,47526,0,0.293953,0
118672,28601,0,0.322612,0
67829,49683,0,0.180737,0
42029,26604,0,0.000568,0
163023,10644,0,0.079629,0
101911,44486,0,0.000311,0
91486,27323,0,0.127382,0
25067,14901,0,0.000234,0
113257,8205,0,0.321049,0
22707,6871,0,0.038967,0
125665,5652,0,0.461886,0
18951,48364,0,0.748002,1
112210,36640,0,0.64537,1
59023,24964,0,0.317171,0
77434,27663,0,0.000508,0
68165,43961,0,0.326321,0
8775,17794,0,0.600552,1
75789,36809,0,0.034415,0
96001,18599,0,0.258603,0
21686,3083,0,6.5e-05,0
107251,40198,0,0.374062,0
105626,27690,0,0.000199,0
172357,29740,0,0.01128,0
162722,36735,0,0.012841,0
162677,8903,0,0.65384,1
112511,20114,0,0.00035,0
111345,31343,0,0.000909,0
49323,38558,1,0.823254,1
205261,3829,0,0.030982,0
178739,27337,0,0.041948,0
71532,38015,0,0.000386,0
77275,47766,1,0.674129,1
88093,15438,0,0.131586,0
149499,4675,0,0.136497,0
6668,40761,0,0.5346,1
6527,33548,0,0.000207,0
196314,1202,0,0.014722,0
103003,2180,0,0.21849,0
60604,38288,0,0.113576,0
91840,5097,0,0.451952,0
197970,33953,0,0.06579,0
51443,43319,0,0.000609,0
52194,27240,0,0.000166,0
11496,43721,0,0.062857,0
153760,27370,0,0.288045,0
133951,7854,0,0.065711,0
51531,28123,0,0.000289,0
128380,44910,0,0.000705,0
4281,48523,0,0.004602,0
154621,46906,0,0.001256,0
165095,14061,0,0.072225,0
127735,26209,0,0.521126,1
119781,49030,1,0.858467,1
113591,47209,0,0.470407,0
131819,45603,0,0.79136,1
31456,27521,0,0.000493,0
133246,17948,0,0.145321,0
90216,11247,0,0.003266,0
44070,44293,0,0.000128,0
189430,49533,0,0.620693,1
145437,4149,0,0.130706,0
38281,8021,0,0.724374,1
43608,31486,0,0.000336,0
162533,8694,0,0.000226,0
9213,18027,0,0.378473,0
88668,39108,1,0.460877,0
128998,26592,0,0.000311,0
49695,31801,0,0.095052,0
136559,47156,0,0.519973,1
49277,11631,0,0.0004,0
155666,38164,0,0.849897,1
136801,42447,0,0.000151,0
159797,25647,0,0.573257,1
160926,35221,1,0.321309,0
150533,18159,0,0.000163,0
104186,19019,0,0.538385,1
178966,2533,0,0.042075,0
121090,13960,0,3.8e-05,0
5848,42265,0,0.00017,0
152235,37687,0,0.726952,1
184881,45007,0,0.305018,0
25095,48370,0,0.000335,0
83562,37933,0,1.6e-05,0
95402,38077,0,0.000218,0
109805,42625,0,0.000686,0
117211,32650,0,0.000272,0
18986,1940,0,0.26474,0
139495,4544,0,0.000113,0
200416,21614,0,0.062667,0
22763,15386,0,0.001112,0
168948,6184,0,0.000472,0
162791,10895,0,0.648921,1
134295,26104,0,0.054121,0
145654,21292,0,0.3049,0
205563,12670,0,0.009571,0
160245,9934,0,0.051254,0
2248,23516,0,0.089129,0
145488,13042,0,0.78769,1
16604,33352,0,0.000444,0
37773,21903,0,0.57665,1
123372,18656,0,0.742328,1
134963,47284,0,0.067008,0
178080,32163,0,0.002446,0
112327,22825,0,0.219177,0
3480,23296,0,0.130639,0
115621,34270,0,0.000225,0
54698,7781,0,0.842739,1
37557,38293,0,0.494258,0
19141,12442,0,0.101148,0
144785,45570,0,0.000172,0
186085,2237,0,0.159236,0
93649,17553,0,0.260017,0
117708,2596,0,0.213202,0
171439,39059,0,0.000319,0
30265,20382,0,0.000402,0
194576,10243,0,0.000415,0
38696,27336,0,0.000495,0
104691,36615,0,0.000229,0
121436,7930,0,9.2e-05,0
121766,19389,0,0.000455,0
133223,21137,0,0.618214,1
163102,1846,0,7.3e-05,0
139205,12167,0,0.026447,0
179323,18394,1,0.881924,1
73680,8006,0,0.121369,0
147575,20324,0,0.000365,0
195869,17119,0,0.000299,0
202394,10644,1,0.08444,0
151574,26425,0,0.033416,0
37809,22677,0,0.042078,0
158554,4699,0,0.32838,0
82544,46906,0,0.369408,0
81603,33043,0,0.161083,0
103890,38118,0,0.019521,0
78879,2846,0,0.014396,0
81603,18288,1,0.932929,1
99337,31651,0,0.000139,0
135459,42625,0,0.413123,0
135561,22395,0,0.071889,0
204165,43123,0,0.000724,0
68294,28123,0,0.00041,0
111618,48657,0,0.027282,0
104244,47626,0,0.246161,0
138839,27104,0,0.520772,1
185454,43961,0,0.175045,0
70692,23576,0,0.411561,0
173207,27243,0,0.13454,0
42906,17025,0,0.266609,0
204076,39408,0,0.874315,1
22292,13984,0,0.319717,0
132654,18439,1,0.73885,1
129474,39479,0,0.007652,0
48320,23375,0,0.000254,0
156699,21268,0,0.01226,0
159240,24333,1,0.983392,1
134153,19057,0,0.000427,0
7699,1219,0,0.000283,0
142746,20842,0,0.000294,0
85778,15200,1,0.652442,1
169692,36393,0,0.000219,0
120488,9036,0,0.000217,0
12833,42013,0,0.046465,0
160556,17576,0,0.034,0
182558,48034,0,0.014689,0
149647,44461,0,0.035382,0
31939,12381,0,0.000142,0
6321,16965,0,0.941612,1
131501,6343,0,0.070585,0
100330,5876,0,0.520473,1
181405,29251,0,0.055652,0
72764,28443,0,0.021302,0
111902,44560,0,0.16437,0
185127,37524,0,0.000153,0
146625,7704,0,0.001914,0
147826,27336,0,0.00032,0
16345,40545,0,0.000368,0
14747,37001,0,0.118294,0
184834,7598,0,0.000847,0
137850,26209,0,0.213838,0
77989,5390,0,0.128917,0
99471,36640,0,0.000335,0
74570,43789,0,0.232076,0
202568,30135,0,0.920651,1
15229,4302,0,6.6e-05,0
183345,5479,0,0.8457,1
127034,39639,0,0.829012,1
160294,22713,0,0.00082,0
103547,9058,0,0.017729,0
28435,8174,0,0.000819,0
94285,49383,0,5.4e-05,0
91377,25753,0,0.984784,1
200789,45005,0,0.000215,0
48744,10070,0,0.000168,0
50721,7021,0,0.000333,0
130687,14197,0,0.140007,0
64470,29744,0,0.000444,0
178791,14419,0,0.000127,0
124220,49497,0,0.000292,0
126230,24521,1,0.338841,0
9036,36076,0,0.000118,0
134776,27104,0,0.0004,0
202558,40914,0,7.3e-05,0
165585,24009,0,0.619275,1
122883,95,0,3.4e-05,0
108472,33671,0,0.038382,0
82585,45616,0,0.71263,1
57800,39024,0,8.3e-05,0
53507,21903,0,0.55626,1
137104,5373,0,0.284968,0
153743,24852,0,0.892437,1
104167,41828,0,0.553203,1
75912,21616,0,0.736737,1
54135,9955,0,0.000299,0
59985,45504,0,0.768726,1
3485,9547,0,0.02143,0
133592,42858,0,0.092619,0
58701,38274,0,0.704179,1
5189,20178,0,0.009484,0
196314,11542,0,0.054314,0
121860,12246,0,0.026613,0
24268,123,0,0.000169,0
141321,35217,0,7.2e-05,0
174991,5612,0,0.123883,0
201308,27323,0,0.206579,0
95477,33000,1,0.486622,0
68308,26344,0,0.000302,0
3649,33682,0,0.587353,1
162312,45253,0,0.000248,0
128332,17122,1,0.94862,1
167263,34358,0,0.000704,0
64223,47209,0,0.035856,0
124250,30233,1,0.928137,1
193735,37460,0,0.267325,0
21463,44359,0,5.5e-05,0
132638,10246,0,0.741897,1
36478,30500,0,0.122328,0
63254,12916,0,0.000397,0
72683,33552,0,0.000131,0
127673,18465,0,0.000312,0
182607,22524,0,0.000414,0
80750,47485,0,0.000623,0
189926,46516,0,0.000404,0
38032,41,0,0.000163,0
158384,46932,0,0.704541,1
121486,22417,0,8.5e-05,0
203565,9390,0,0.310442,0
161264,44359,0,0.330677,0
171386,38689,0,0.00023,0
174215,26152,0,0.102934,0
28470,29127,0,0.00796,0
157279,41373,0,0.517365,1
