user_id,product_id,label,prob,pred
154001,27573,0,0.350588,0
78575,21903,0,0.480884,1
135124,9358,0,0.277227,0
26699,15040,0,0.389628,0
14876,22250,0,0.386033,0
195759,19734,0,0.337254,0
58387,43986,0,0.357686,0
181349,49416,0,0.367545,0
167086,41950,1,0.43819,0
123250,36310,0,0.36149,0
157887,31838,0,0.387226,0
183125,10060,0,0.247109,0
87618,39374,0,0.298412,0
66713,14702,0,0.4718,1
60078,17923,0,0.355879,0
70839,26620,0,0.396496,0
73988,40706,1,0.404689,0
184487,11048,0,0.352681,0
2609,6799,0,0.257242,0
6334,36070,0,0.3028,0
157290,28431,0,0.393495,0
24241,44471,0,0.388276,0
56130,27510,1,0.475943,1
37795,36443,0,0.18748,0
43448,33000,0,0.232904,0
136893,25653,0,0.391517,0
176056,24114,0,0.264202,0
145575,21376,0,0.291775,0
127988,29447,1,0.381636,0
55155,28842,0,0.43553,0
202094,15996,0,0.219772,0
58144,36865,1,0.449596,0
121467,4210,0,0.369727,0
109415,42887,0,0.338583,0
22640,8197,0,0.379533,0
108393,13176,0,0.247215,0
29396,30967,0,0.332247,0
93217,46526,0,0.379063,0
99749,13251,0,0.259807,0
45966,19706,0,0.422966,0
24670,43194,0,0.346039,0
181528,14778,0,0.414171,0
172200,1194,0,0.252129,0
198779,1463,0,0.309774,0
202404,44008,0,0.362971,0
116773,37067,1,0.48476,1
63703,42342,0,0.426407,0
170581,4086,0,0.200998,0
80710,32854,0,0.374386,0
173255,13176,0,0.51192,1
56089,24830,0,0.369244,0
140008,248,0,0.202018,0
67195,7485,0,0.263626,0
58647,39509,0,0.377034,0
63002,1364,0,0.487361,1
61877,6377,0,0.221664,0
10451,14576,0,0.397989,0
139570,12779,0,0.261465,0
22280,21195,0,0.486381,1
144680,23913,0,0.401249,0
108250,34731,0,0.318037,0
116640,44371,0,0.27374,0
121977,29409,0,0.337922,0
100835,22935,0,0.387175,0
102971,27451,0,0.401579,0
114592,23499,0,0.343716,0
128530,29529,0,0.328563,0
112872,14897,0,0.405465,0
88649,33636,0,0.277995,0
202516,1117,0,0.29213,0
131227,20114,0,0.438453,0
68160,49044,0,0.272556,0
89337,21513,0,0.412611,0
22599,45007,0,0.458035,1
204152,33731,0,0.217158,0
190887,42411,0,0.306335,0
158382,10549,0,0.381364,0
27473,10017,0,0.47467,1
13760,36695,0,0.283639,0
178320,42450,0,0.267585,0
186094,47144,0,0.449201,0
61583,26620,0,0.447899,0
132866,24964,0,0.307067,0
102486,33120,1,0.471777,1
44463,41366,0,0.386874,0
55857,36364,0,0.182368,0
187491,7989,0,0.303456,0
163745,5876,0,0.269089,0
140674,5913,0,0.26866,0
31963,11610,0,0.275013,0
138861,25266,0,0.290044,0
186585,33881,0,0.398664,0
135561,49510,0,0.397613,0
152197,22754,0,0.296452,0
195366,37354,0,0.385562,0
46423,35750,0,0.230647,0
173708,49429,0,0.325214,0
1975,44570,0,0.34372,0
47991,21376,0,0.237116,0
184557,12232,0,0.34621,0
57021,40009,0,0.283135,0
204605,24385,0,0.272135,0
166522,39790,0,0.349889,0
37703,43967,0,0.391618,0
148189,42585,0,0.282169,0
140210,2605,0,0.369407,0
189045,34126,0,0.31248,0
194994,45063,0,0.367628,0
139980,40696,0,0.349177,0
42836,12125,0,0.429004,0
138826,32598,0,0.31587,0
3918,10814,0,0.272683,0
171771,41057,0,0.344112,0
68737,5120,1,0.520678,1
21679,10565,0,0.321014,0
93644,35672,0,0.217796,0
151805,29440,0,0.256905,0
201456,9385,0,0.455561,1
158741,35561,0,0.324887,0
44463,43223,0,0.36632,0
147226,37354,0,0.324517,0
15054,5989,0,0.283999,0
97518,39475,0,0.266439,0
47971,22825,0,0.385974,0
54112,35221,0,0.319261,0
96381,22935,0,0.427223,0
6774,25588,0,0.2473,0
2694,9434,0,0.415529,0
173651,40182,0,0.404577,0
63038,5566,0,0.409431,0
108211,46676,0,0.254858,0
154364,39190,0,0.245409,0
19262,45664,0,0.338571,0
87876,32139,0,0.428741,0
70122,41065,0,0.246659,0
60627,3599,0,0.280229,0
51636,18140,0,0.447638,0
17765,13755,0,0.253876,0
165999,18059,0,0.417779,0
68160,3172,0,0.277918,0
137648,11742,0,0.216727,0
77489,18208,0,0.306716,0
80338,13807,0,0.305513,0
87929,15823,0,0.25754,0
86688,30656,0,0.325371,0
106443,15937,0,0.221279,0
61658,40545,0,0.272835,0
163247,24507,0,0.383718,0
46900,31720,0,0.434732,0
96807,21938,0,0.405593,0
28992,30795,0,0.447155,0
138283,39040,0,0.464675,1
76406,13310,0,0.387609,0
151253,7878,1,0.398403,0
136754,16759,0,0.43036,0
55896,33198,0,0.345257,0
160380,42972,0,0.404631,0
67583,48532,0,0.357309,0
185441,5491,0,0.256558,0
125907,32978,0,0.2848,0
38796,13740,0,0.361638,0
180417,39368,0,0.212055,0
151768,11132,1,0.434688,0
173238,26692,0,0.403728,0
101691,36962,0,0.383032,0
159240,33007,0,0.417355,0
132976,35951,0,0.368844,0
93325,1514,0,0.416371,0
15561,2846,0,0.47195,1
109661,23722,0,0.279586,0
119179,2002,0,0.211199,0
48351,17553,0,0.414988,0
116287,8239,0,0.395336,0
7149,35935,0,0.269945,0
112280,39928,0,0.242866,0
189928,8174,0,0.283639,0
20712,31727,0,0.370721,0
127485,16696,1,0.51025,1
196314,38827,0,0.327579,0
37817,47788,0,0.272772,0
1461,42265,0,0.415629,0
79933,21621,0,0.391601,0
95869,35053,0,0.380672,0
137805,47865,0,0.396127,0
82661,14064,0,0.319346,0
47060,4895,0,0.440663,0
57020,49652,0,0.340683,0
37650,23288,0,0.375787,0
35638,21461,0,0.229906,0
170192,47990,0,0.458343,1
103563,30489,0,0.335058,0
3546,21225,0,0.380521,0
62939,12911,0,0.246058,0
65369,46667,0,0.245828,0
79747,26209,0,0.217505,0
136994,17789,0,0.428641,0
159702,28871,0,0.330397,0
107923,45535,0,0.345762,0
112110,46691,0,0.259083,0
145974,480,0,0.25473,0
189600,43768,0,0.311643,0
170045,5450,0,0.309923,0
205200,29189,0,0.365653,0
123271,2846,0,0.463602,1
25082,38622,0,0.319202,0
182045,5496,0,0.2871,0
126232,2275,0,0.443477,0
36599,196,0,0.375205,0
161332,48543,0,0.412914,0
176216,31821,0,0.262795,0
99942,4986,0,0.20001,0
176690,21938,0,0.366578,0
29046,20583,0,0.278281,0
59107,17526,0,0.207698,0
115904,38154,0,0.352513,0
172237,13198,0,0.409279,0
19891,44632,0,0.35864,0
7543,45664,0,0.358719,0
123906,44632,0,0.34043,0
107106,14010,0,0.40474,0
201572,39004,0,0.336853,0
53982,16349,0,0.276807,0
3009,28842,0,0.410313,0
198397,33846,0,0.389719,0
84048,13874,0,0.368257,0
109072,2562,0,0.254334,0
159219,42383,0,0.415731,0
51631,27104,0,0.411599,0
84835,14097,0,0.399154,0
40331,41618,0,0.345883,0
122096,7821,0,0.255133,0
89149,14223,0,0.201044,0
111486,26901,0,0.212058,0
56875,4210,0,0.272835,0
106527,36506,0,0.299652,0
84822,36724,0,0.395108,0
95069,42768,0,0.330983,0
150764,35217,0,0.286321,0
134570,38747,0,0.236827,0
173481,22849,0,0.258515,0
70979,6201,1,0.414019,0
6495,17341,0,0.242555,0
129355,34092,0,0.320392,0
18524,19508,0,0.351809,0
174991,43295,0,0.456715,1
152424,40706,1,0.429441,0
49549,23744,0,0.286198,0
82433,45603,0,0.496258,1
7565,40377,0,0.321515,0
193709,44487,0,0.404183,0
100926,9507,1,0.446148,0
123139,16185,0,0.400708,0
94888,22993,0,0.326626,0
140641,9387,0,0.426779,0
173460,46654,0,0.280806,0
134984,21137,0,0.482338,1
141210,47209,0,0.38105,0
145919,20580,0,0.258927,0
84464,43697,0,0.244513,0
64981,40706,0,0.221296,0
149568,49235,0,0.318734,0
127547,41385,0,0.196143,0
45008,37067,0,0.400372,0
75126,37220,0,0.338455,0
140416,7975,1,0.399431,0
47954,1994,0,0.300108,0
54652,11323,0,0.4292,0
11456,697,0,0.363659,0
53925,19448,0,0.278514,0
2278,39411,0,0.344233,0
139272,38608,0,0.282861,0
115548,34126,1,0.456847,1
189104,4932,0,0.263426,0
124786,1319,0,0.340525,0
65456,26889,0,0.264649,0
149008,21267,0,0.46548,1
86509,46346,0,0.258648,0
173696,5212,0,0.362685,0
41314,25985,0,0.318973,0
194234,30784,1,0.43927,0
131513,39055,0,0.452651,1
101279,4792,0,0.236993,0
176287,4472,0,0.297189,0
106865,9076,0,0.281148,0
106161,1376,0,0.196523,0
97272,27978,0,0.356762,0
54836,31263,0,0.444191,0
70339,20554,0,0.204467,0
136112,1017,0,0.35107,0
173805,20734,0,0.263999,0
170842,5716,0,0.400958,0
126810,23029,0,0.227985,0
66699,21903,0,0.382781,0
135059,37053,0,0.426632,0
142378,35951,0,0.300641,0
171823,14897,0,0.402957,0
91345,11760,0,0.340169,0
129634,9839,0,0.298297,0
77145,24971,0,0.335177,0
165932,19068,0,0.42276,0
170536,13563,1,0.469043,1
86697,22123,0,0.490148,1
60965,16830,0,0.255746,0
55834,17461,0,0.310265,0
55287,5390,0,0.2221,0
43277,12145,0,0.368597,0
143664,14992,0,0.423926,0
158051,7430,0,0.217904,0
75454,46667,0,0.432954,0
162996,47209,1,0.423099,0
126868,9666,0,0.282801,0
42299,46069,0,0.412181,0
71785,8903,0,0.388086,0
162777,37358,0,0.31401,0
18951,27086,0,0.418217,0
140514,10500,0,0.253389,0
82758,21903,0,0.400793,0
66747,651,0,0.412718,0
26145,19660,1,0.443642,0
44575,14917,1,0.42097,0
129795,11265,0,0.221598,0
16298,8281,0,0.244959,0
38382,8503,0,0.20438,0
105428,7156,0,0.239087,0
186453,19660,0,0.287353,0
45117,2846,0,0.25443,0
94260,24476,0,0.209605,0
72244,11791,0,0.324645,0
157395,24964,0,0.272383,0
71056,37220,0,0.251543,0
170422,11631,0,0.313319,0
188810,7461,0,0.272507,0
94710,44628,0,0.326749,0
162126,46692,0,0.481409,1
146885,7787,0,0.221251,0
116590,36051,0,0.427535,0
128533,43643,0,0.2361,0
158553,2519,0,0.213139,0
26726,17616,0,0.318969,0
63925,20619,0,0.346467,0
16945,15392,0,0.249325,0
139733,13641,0,0.374419,0
27592,21903,0,0.384654,0
177650,27900,0,0.379108,0
190923,15269,0,0.276746,0
91543,39059,0,0.258449,0
5338,13535,0,0.209211,0
150566,890,0,0.466238,1
37817,39561,0,0.266836,0
67276,41844,0,0.307364,0
94285,1409,0,0.258569,0
162534,49404,0,0.217796,0
169758,48623,0,0.374845,0
155632,13430,0,0.406123,0
71782,30391,0,0.412311,0
88697,28299,0,0.287766,0
1164,41319,0,0.280616,0
116395,13380,0,0.362832,0
137278,33000,0,0.346105,0
62367,49113,0,0.255255,0
32079,28842,0,0.304477,0
71080,39180,0,0.523604,1
128614,47156,0,0.422325,0
37650,13284,0,0.342231,0
23657,4287,0,0.346467,0
29888,28191,0,0.394576,0
182359,9783,0,0.3793,0
4072,5621,0,0.354061,0
142365,16349,1,0.438254,0
183710,37940,1,0.498089,1
200388,12258,0,0.404127,0
114887,19519,0,0.21254,0
81936,28934,0,0.433146,0
191038,47734,0,0.25174,0
49298,45343,0,0.365297,0
55315,24852,0,0.429835,0
33916,6046,0,0.296573,0
52337,37173,0,0.425273,0
15052,44008,0,0.456598,1
33931,31343,0,0.4629,1
160084,13885,0,0.329239,0
56907,26209,0,0.238689,0
133262,21462,0,0.23753,0
144160,12779,0,0.332586,0
85514,19678,0,0.410674,0
69847,3376,0,0.448812,0
178830,9623,0,0.481477,1
32798,17872,0,0.426612,0
72060,26298,0,0.413338,0
182821,427,0,0.188868,0
68230,24390,0,0.427282,0
66138,24010,0,0.211733,0
130597,32265,0,0.350754,0
10666,39693,0,0.392643,0
170585,5684,0,0.296029,0
5198,27845,0,0.325512,0
86304,39083,0,0.351173,0
187771,16083,1,0.449605,0
175469,11512,0,0.421388,0
204524,42850,0,0.254302,0
29821,2966,0,0.324971,0
113299,6276,0,0.38764,0
61794,48747,0,0.371114,0
103482,9507,0,0.346011,0
182618,12481,0,0.356015,0
126874,46455,0,0.345414,0
143552,28204,0,0.343998,0
25405,12916,0,0.257915,0
171333,15276,0,0.384382,0
4199,47209,0,0.466274,1
120419,5077,0,0.271482,0
16226,44290,0,0.385313,0
185719,26751,0,0.295019,0
118090,31927,0,0.358507,0
40419,24852,0,0.294508,0
105058,2966,0,0.242277,0
192993,24852,0,0.318114,0
24077,20114,0,0.237012,0
197007,4920,0,0.409512,0
183371,43768,0,0.29662,0
92491,22035,0,0.438864,0
93502,44201,0,0.417006,0
72239,40815,0,0.252912,0
36478,1217,0,0.365037,0
106184,30233,0,0.425719,0
194576,5024,0,0.225394,0
129655,3586,0,0.408893,0
96192,8197,0,0.348621,0
170810,11193,0,0.275358,0
106184,18411,0,0.324718,0
93027,27061,0,0.266836,0
179828,19125,0,0.248866,0
18556,6184,0,0.435317,0
203708,40516,0,0.406572,0
8037,24489,0,0.416519,0
93902,42834,0,0.338801,0
12858,43961,0,0.390237,0
106608,5652,0,0.375998,0
167086,7485,0,0.431791,0
156522,29990,0,0.37741,0
75720,24294,0,0.220571,0
95978,22952,0,0.374793,0
131077,14778,0,0.267254,0
119078,10668,0,0.308096,0
148540,49110,0,0.398254,0
42063,35914,0,0.425651,0
150695,7035,0,0.278144,0
204934,47766,0,0.298837,0
107598,7615,0,0.212183,0
136982,20887,0,0.250559,0
133676,24964,0,0.338272,0
203456,45123,0,0.409091,0
158495,42001,0,0.40396,0
62838,12955,0,0.272135,0
195338,4799,0,0.420243,0
175768,18487,0,0.404836,0
110702,25513,0,0.410183,0
148468,43838,0,0.202751,0
63004,2716,0,0.319643,0
156377,18037,0,0.395668,0
23280,41047,0,0.378257,0
145067,40054,0,0.385899,0
87823,37238,0,0.298206,0
124727,45753,0,0.368988,0
172755,33000,0,0.360577,0
131091,14594,0,0.359408,0
113113,22890,0,0.380043,0
205101,3376,0,0.424159,0
48259,28384,0,0.325786,0
58040,4920,0,0.322307,0
141592,13517,0,0.23521,0
157270,33787,0,0.282013,0
138826,35315,0,0.361324,0
190609,23622,0,0.385115,0
85332,23375,0,0.498213,1
146705,8571,0,0.444452,0
162155,32455,0,0.409025,0
66477,33731,0,0.45506,1
23039,8955,0,0.217462,0
71006,47734,0,0.402254,0
130182,7350,0,0.477797,1
15662,18389,0,0.467277,1
66137,37158,0,0.477173,1
138900,5077,0,0.380126,0
78487,8174,0,0.410245,0
152972,21344,0,0.338642,0
25035,36036,0,0.466675,1
2609,13176,0,0.273035,0
136922,7963,0,0.308201,0
193330,32090,0,0.216433,0
196686,39657,1,0.475616,1
189212,27344,0,0.341984,0
76295,39984,0,0.261679,0
156850,12419,0,0.253214,0
143841,24852,0,0.320364,0
115595,33731,0,0.326293,0
96776,16462,0,0.379032,0
157512,4731,0,0.297184,0
117356,9852,0,0.378839,0
173428,40199,0,0.424756,0
135292,20542,0,0.459871,1
107317,43054,0,0.36627,0
8337,10492,0,0.294248,0
194395,24654,0,0.203951,0
44017,16825,0,0.437448,0
177202,14197,0,0.393972,0
167997,34243,0,0.462837,1
87779,24834,0,0.262795,0
126230,48775,0,0.384913,0
117939,31915,0,0.371179,0
53303,35580,0,0.277855,0
57553,46023,0,0.382095,0
37995,13808,0,0.413709,0
86377,15937,0,0.426752,0
150695,4096,0,0.238669,0
101550,4802,0,0.375914,0
111166,40009,1,0.379792,0
74826,16249,0,0.36592,0
63783,27730,0,0.388006,0
52467,15569,0,0.246261,0
125340,18090,0,0.232048,0
97816,7014,0,0.307199,0
125407,25005,0,0.279586,0
16289,42013,0,0.355758,0
149360,25753,0,0.478562,1
125265,5876,1,0.48366,1
151658,3093,0,0.251599,0
126868,21174,0,0.276321,0
147855,10246,0,0.341994,0
87366,8575,0,0.268542,0
118629,23165,0,0.388462,0
183569,5785,0,0.322131,0
32229,5098,0,0.275304,0
141369,24852,0,0.230954,0
111926,11599,0,0.208437,0
153139,34244,0,0.366569,0
59336,39411,0,0.351492,0
128637,25670,0,0.241033,0
45133,40604,0,0.417404,0
133546,16797,0,0.344282,0
146426,13920,0,0.330684,0
4129,42265,0,0.501419,1
144702,19461,0,0.255079,0
187075,44142,0,0.45787,1
14577,16965,0,0.256815,0
22861,2,0,0.233619,0
200885,8637,0,0.408639,0
134602,15333,0,0.392594,0
146203,3959,1,0.457924,1
176030,39408,0,0.412468,0
128777,14668,0,0.411061,0
113071,47209,0,0.392871,0
117290,47526,0,0.428557,0
71043,24830,1,0.422448,0
149093,9243,0,0.19332,0
68701,26553,1,0.427361,0
132872,3634,0,0.281453,0
120691,37215,0,0.290981,0
98759,16276,0,0.273943,0
131403,33222,0,0.261948,0
69542,13829,0,0.31796,0
1810,18391,0,0.467253,1
182482,4920,1,0.46937,1
184546,22827,0,0.381647,0
140678,9076,0,0.410245,0
150237,13176,0,0.237936,0
108038,9124,0,0.23811,0
138201,21463,0,0.308428,0
98847,12206,0,0.332563,0
114770,13802,0,0.283454,0
140493,32099,0,0.234996,0
192070,47766,0,0.340614,0
82307,30509,0,0.37102,0
75707,28079,0,0.347039,0
85238,48857,0,0.420233,0
142582,11416,0,0.330842,0
53776,5077,0,0.24737,0
199180,33508,0,0.406766,0
59625,18362,1,0.490504,1
133262,27966,0,0.249035,0
54436,27845,1,0.433504,0
187337,36780,0,0.294928,0
88080,16797,0,0.326444,0
49030,2447,0,0.218956,0
82447,41787,0,0.293669,0
126348,16759,0,0.238878,0
182018,27521,0,0.366976,0
137233,25533,0,0.453548,1
143989,26209,0,0.32395,0
148258,47626,0,0.344951,0
104784,7054,0,0.280827,0
196565,23400,0,0.417139,0
89200,44485,0,0.317742,0
6708,4642,0,0.362338,0
64296,31553,0,0.370081,0
7945,5612,0,0.242555,0
169930,12456,0,0.332851,0
149598,5618,0,0.292523,0
57559,43867,0,0.221155,0
133262,43475,0,0.245508,0
79000,27142,0,0.268806,0
30877,18670,1,0.461689,1
199833,44142,0,0.42035,0
155950,21542,0,0.291709,0
100720,9934,0,0.353198,0
87214,1818,1,0.420656,0
186195,28564,0,0.268151,0
21247,16570,0,0.39678,0
153319,31506,0,0.267319,0
20555,14890,0,0.321589,0
62161,43550,0,0.367025,0
7821,19005,0,0.373009,0
157532,40603,0,0.370203,0
102493,40571,0,0.299203,0
59604,28476,0,0.204595,0
183957,17400,0,0.376031,0
74009,17872,0,0.388019,0
126645,9550,0,0.48154,1
77797,5450,0,0.312959,0
74578,1583,0,0.373617,0
77008,15801,0,0.357686,0
23876,44204,0,0.292131,0
97367,39475,0,0.415577,0
179526,25740,0,0.203587,0
172277,19019,0,0.36382,0
112487,14715,1,0.398381,0
114542,28207,0,0.215102,0
127837,39001,0,0.336765,0
105939,33407,0,0.28332,0
180829,44914,0,0.450339,1
6895,38383,0,0.348489,0
21911,28204,0,0.414937,0
185010,7952,0,0.25754,0
189096,39928,0,0.297543,0
146021,28553,0,0.267123,0
56461,20327,0,0.482455,1
66057,27086,0,0.375798,0
46333,2137,0,0.527945,1
151304,23373,0,0.23521,0
66249,35629,0,0.283781,0
182876,3376,0,0.45363,1
192218,37646,0,0.279417,0
22017,47521,0,0.404563,0
175469,6091,0,0.352654,0
122968,24852,1,0.520605,1
143299,26177,0,0.233574,0
9943,1215,0,0.411665,0
50376,28601,0,0.329463,0
92797,30941,0,0.377133,0
160245,11005,1,0.4349,0
23641,37229,0,0.374799,0
54607,4421,0,0.419126,0
5335,3339,0,0.339348,0
57030,30839,0,0.380459,0
144717,26800,0,0.406856,0
159719,21903,1,0.46793,1
127547,33776,0,0.197201,0
105999,43530,0,0.339168,0
108146,34448,0,0.326494,0
914,14901,0,0.217297,0
53686,28849,0,0.213951,0
129687,11580,0,0.247004,0
50187,8774,0,0.396636,0
113238,3081,0,0.256927,0
89175,40706,0,0.239926,0
122736,35395,0,0.284896,0
167223,38063,0,0.262795,0
60267,40852,0,0.386425,0
188318,1215,0,0.370711,0
205461,33290,0,0.251691,0
41917,47626,1,0.414161,0
190119,32433,0,0.36678,0
4794,7746,0,0.347637,0
186227,16759,0,0.206286,0
85384,33352,0,0.281396,0
15537,10473,0,0.23075,0
201825,45097,0,0.373958,0
161048,1113,0,0.366448,0
88466,18883,0,0.233118,0
39068,41665,0,0.363993,0
30654,2079,0,0.294819,0
167684,21903,0,0.386543,0
180259,30774,0,0.421352,0
99495,35912,0,0.309838,0
183211,33787,0,0.457525,1
28245,31553,0,0.404843,0
24179,46667,0,0.353757,0
145644,29474,0,0.351034,0
88680,33493,0,0.408381,0
163530,44008,0,0.500052,1
72066,40310,0,0.432226,0
192051,34126,0,0.355622,0
188065,29553,0,0.262663,0
159702,28993,0,0.365938,0
134675,22007,0,0.340569,0
78639,49383,0,0.293556,0
163244,7893,0,0.325048,0
130282,44787,0,0.401215,0
151276,26604,0,0.352779,0
174098,17683,0,0.4928,1
178840,16797,1,0.438896,0
8349,24830,0,0.319531,0
85952,43086,0,0.408158,0
5325,7830,0,0.226956,0
41777,12456,0,0.476324,1
166239,6128,0,0.394968,0
111864,26317,0,0.2871,0
61592,39804,0,0.259859,0
13910,37592,0,0.406728,0
48286,8490,0,0.471256,1
177562,1158,0,0.269271,0
100241,13512,0,0.398337,0
143343,46845,0,0.262974,0
73755,30404,0,0.24354,0
77087,30284,0,0.351612,0
37734,41999,0,0.404122,0
124068,41743,0,0.19308,0
11129,32580,0,0.405989,0
160158,33846,0,0.26779,0
147106,1541,1,0.428176,0
165820,37107,0,0.281572,0
144870,46880,0,0.242086,0
157312,2838,1,0.49734,1
173435,11536,0,0.364955,0
107430,3798,1,0.465887,1
171660,28199,0,0.454379,1
53075,42719,0,0.356536,0
174848,20754,0,0.333588,0
16032,45633,0,0.370659,0
81971,33493,0,0.356845,0
171224,21903,0,0.420799,0
29344,27711,0,0.301339,0
15407,21405,0,0.416318,0
64258,45007,0,0.24557,0
149373,48595,0,0.303903,0
164922,24184,0,0.317755,0
5927,40706,0,0.216111,0
22898,32611,0,0.416488,0
25245,993,0,0.176237,0
157407,18814,0,0.258515,0
190561,17861,0,0.34451,0
21019,7485,0,0.273196,0
32888,44310,0,0.367693,0
167098,6348,0,0.32965,0
182080,33507,0,0.257461,0
151986,36618,0,0.351621,0
102915,47626,1,0.450482,1
95779,30290,0,0.398041,0
181262,29223,0,0.360484,0
121424,11712,0,0.468129,1
188559,3376,0,0.262852,0
155327,26209,0,0.297514,0
44513,26939,0,0.390717,0
184711,10706,0,0.404286,0
162677,23115,0,0.339655,0
50296,7996,0,0.318479,0
173353,20073,0,0.357501,0
134015,38400,0,0.410063,0
133942,29557,0,0.212651,0
81753,21019,1,0.515349,1
87946,2388,0,0.383803,0
53893,37687,0,0.415057,0
183112,48110,0,0.430791,0
75793,47209,0,0.454649,1
127601,23579,0,0.374937,0
43302,30252,0,0.42648,0
76886,27336,0,0.414514,0
184780,26842,0,0.44683,0
153937,28204,1,0.533489,1
88999,35894,0,0.363325,0
99437,2716,0,0.425066,0
16257,25017,1,0.48229,1
97533,4671,0,0.334563,0
192545,29080,0,0.249542,0
138283,1446,0,0.304717,0
74957,38533,0,0.393494,0
174948,3172,0,0.320177,0
352,32717,0,0.273196,0
38673,49383,0,0.304455,0
22292,2078,0,0.372426,0
60329,23190,0,0.385893,0
145925,28601,0,0.225188,0
3779,40709,0,0.267585,0
124544,18689,0,0.489814,1
141009,46359,0,0.371126,0
87765,11230,0,0.400246,0
81373,23076,0,0.383116,0
104244,33768,1,0.338798,0
107159,945,0,0.23681,0
67074,21938,0,0.296974,0
186363,26351,0,0.370103,0
59084,14084,0,0.379096,0
81676,890,0,0.308276,0
62003,4071,0,0.414154,0
49104,33647,1,0.498871,1
188563,13646,0,0.319047,0
137933,27344,0,0.2326,0
49537,6343,0,0.350783,0
53924,24221,0,0.231622,0
141787,17601,0,0.417482,0
85901,31372,0,0.321838,0
105304,40878,0,0.503129,1
83878,5428,0,0.241033,0
51671,28842,0,0.41739,0
175713,5818,0,0.316191,0
167888,30721,0,0.401718,0
85091,13176,0,0.378663,0
79482,49683,0,0.446033,0
143445,22290,0,0.256713,0
170693,31506,0,0.357314,0
205163,8490,0,0.284744,0
178670,3142,0,0.331992,0
127,49340,0,0.226387,0
173804,2726,0,0.387403,0
103950,29662,0,0.336374,0
103514,1176,0,0.340783,0
94954,20842,0,0.521306,1
134758,45104,0,0.404671,0
71198,34126,0,0.444444,0
85600,40948,0,0.283192,0
15160,21936,0,0.330474,0
172001,28299,0,0.303903,0
108630,4938,0,0.380234,0
158508,21405,0,0.327499,0
132653,37065,0,0.293539,0
62772,20084,0,0.361945,0
43836,38311,0,0.518572,1
184368,31660,0,0.363011,0
192414,41220,0,0.277313,0
97965,15635,0,0.278194,0
39637,35906,0,0.28577,0
50095,22880,0,0.320189,0
157563,11688,0,0.334338,0
188494,32355,0,0.318673,0
138325,31231,0,0.413278,0
78183,26425,0,0.27308,0
142195,48057,0,0.308069,0
188878,21996,0,0.25717,0
149093,32338,0,0.249745,0
11542,15680,0,0.265245,0
171274,26706,0,0.292333,0
171981,43749,1,0.385186,0
87551,49204,0,0.225108,0
177487,22627,0,0.299092,0
78544,49478,0,0.227493,0
98026,11154,0,0.258569,0
181466,32429,0,0.490625,1
54315,17915,0,0.476774,1
42746,23165,0,0.217539,0
55924,39877,0,0.268159,0
29626,13176,0,0.350372,0
81194,10125,0,0.449715,0
74279,25305,0,0.379088,0
100627,27629,0,0.386375,0
201165,35725,0,0.428715,0
70076,35221,0,0.412506,0
108847,23729,0,0.415586,0
205580,35004,0,0.281815,0
30373,17896,0,0.426939,0
195886,32689,0,0.414993,0
170551,23032,0,0.220888,0
156928,23495,0,0.384257,0
17684,10603,0,0.36447,0
41037,45570,0,0.354438,0
112116,44987,0,0.303925,0
24047,7175,0,0.269386,0
95145,42265,0,0.459873,1
105877,25272,0,0.248134,0
88863,13431,0,0.408236,0
68865,1194,0,0.297687,0
185322,40634,0,0.218553,0
23787,7615,0,0.408725,0
133497,43205,0,0.33537,0
15052,9839,0,0.480429,1
160556,32293,0,0.452903,1
155921,26280,0,0.314166,0
168599,10305,0,0.346675,0
53694,23909,0,0.478173,1
114680,4793,1,0.441149,0
32186,46906,0,0.420039,0
174848,25627,0,0.444406,0
167972,19875,1,0.437964,0
2205,19057,1,0.418553,0
23319,24838,0,0.238275,0
119283,14470,0,0.469939,1
112725,41665,0,0.464472,1
54272,12738,0,0.403081,0
183897,31848,0,0.460451,1
107947,37687,0,0.405242,0
16559,9741,0,0.247715,0
152779,46676,0,0.401511,0
199169,43986,0,0.363812,0
1210,24930,0,0.384267,0
58095,34509,0,0.3872,0
76678,23734,0,0.326068,0
124564,49235,0,0.384452,0
130082,8012,0,0.212275,0
73080,12935,0,0.213461,0
10595,22844,0,0.304008,0
60005,25927,0,0.425004,0
177827,1787,0,0.311233,0
140113,32689,0,0.293564,0
177764,40311,0,0.425387,0
151132,34279,0,0.337914,0
474,548,0,0.221486,0
101465,14858,1,0.45945,1
154884,31355,1,0.297381,0
67847,30248,0,0.3661,0
165235,34050,0,0.330909,0
169989,45694,0,0.304605,0
68479,23909,0,0.421218,0
114652,41597,1,0.526601,1
113322,46294,0,0.356562,0
2342,7882,0,0.219513,0
31351,6835,0,0.388263,0
173646,9387,1,0.521809,1
77749,13535,0,0.415784,0
20798,18292,0,0.331865,0
181827,22656,0,0.263668,0
97393,4447,0,0.353447,0
92024,5876,0,0.373805,0
142100,23178,0,0.20001,0
76461,33527,0,0.223729,0
104295,44142,0,0.378239,0
138591,16295,0,0.34535,0
58728,10163,1,0.41504,0
75624,38241,0,0.432632,0
136782,19143,0,0.362774,0
202735,20431,0,0.335126,0
36267,23537,0,0.429217,0
40279,3327,0,0.336264,0
96863,35547,0,0.422169,0
17274,18281,0,0.224785,0
30172,47029,0,0.429899,0
141179,42768,0,0.281138,0
115481,21903,0,0.337072,0
206079,36695,0,0.209408,0
46581,9364,0,0.386328,0
68157,23597,0,0.380526,0
201829,35535,0,0.396487,0
106757,47209,1,0.512066,1
37625,19949,0,0.323431,0
120713,30211,0,0.239861,0
33931,13076,0,0.376122,0
154835,48417,0,0.27743,0
177827,25588,0,0.337787,0
86340,23088,0,0.37615,0
58701,44912,0,0.376715,0
178426,2099,0,0.399865,0
5016,31183,0,0.329254,0
32696,22108,0,0.420866,0
175859,30192,0,0.282269,0
52131,4302,0,0.30132,0
149550,31506,0,0.395144,0
191708,39228,0,0.298882,0
154243,49235,0,0.323982,0
40774,45946,0,0.38441,0
141662,47766,1,0.508655,1
132018,15290,0,0.303418,0
132206,29553,0,0.403442,0
84352,43530,1,0.508695,1
12435,10326,0,0.365344,0
50321,41690,0,0.317929,0
40753,2716,0,0.401336,0
113954,35948,0,0.258692,0
38620,41053,0,0.252912,0
155554,48666,0,0.365761,0
26585,9124,0,0.361057,0
29460,42824,0,0.263668,0
205223,31981,0,0.486423,1
96897,17807,0,0.325291,0
137856,24764,0,0.337854,0
37245,24852,1,0.514426,1
168688,34254,0,0.287757,0
97382,2120,0,0.239473,0
11512,23910,0,0.329112,0
44842,45066,0,0.350156,0
157611,10193,0,0.257694,0
71532,47144,0,0.276779,0
188886,1409,0,0.366407,0
52008,1356,0,0.350558,0
76834,8193,0,0.333978,0
97816,49113,0,0.312722,0
812,9781,0,0.212491,0
16668,16349,0,0.320465,0
12385,34668,1,0.506602,1
192533,16521,0,0.311856,0
22591,12271,0,0.334461,0
62707,8193,0,0.411306,0
62829,47209,0,0.492757,1
65074,47766,0,0.283889,0
23655,40154,0,0.365852,0
24036,19894,0,0.348687,0
1584,29418,0,0.321958,0
9879,5785,0,0.452085,1
36820,15472,0,0.388525,0
1563,37003,0,0.23659,0
14263,35430,0,0.238708,0
7266,6341,0,0.2725,0
47197,33957,0,0.224785,0
117159,32700,0,0.319956,0
21246,36060,0,0.233793,0
159573,4605,0,0.465824,1
51058,40706,0,0.402046,0
137265,5876,0,0.217158,0
156316,8424,0,0.441955,0
41314,26461,0,0.341696,0
141028,28289,0,0.463344,1
156077,47941,0,0.396326,0
61845,1359,0,0.358269,0
106865,45333,0,0.253323,0
80544,39363,0,0.399596,0
81835,37220,0,0.33504,0
138252,4421,0,0.396342,0
80797,13269,0,0.377669,0
109892,40002,0,0.312812,0
82096,12408,0,0.390701,0
46902,26499,0,0.390382,0
156368,5545,0,0.375713,0
48850,26405,1,0.396542,0
29144,14021,0,0.256901,0
82545,44683,0,0.409114,0
196674,47257,0,0.386725,0
91871,5713,0,0.219971,0
99551,31082,0,0.329967,0
104263,38777,0,0.39389,0
110223,21616,0,0.272383,0
148539,30036,0,0.378333,0
93126,5380,1,0.32007,0
58841,2469,0,0.457323,1
198454,8069,0,0.241184,0
16669,35689,0,0.20652,0
41941,2966,0,0.307978,0
27648,14146,1,0.428581,0
31238,16974,0,0.352941,0
177097,9373,0,0.215896,0
39544,12606,0,0.350541,0
6886,44624,0,0.373942,0
69542,6638,0,0.312341,0
88872,26313,0,0.249585,0
59872,19508,0,0.375221,0
178111,19156,0,0.277995,0
69458,34434,0,0.387856,0
36663,13712,0,0.450991,1
45777,36011,1,0.483696,1
185638,26668,0,0.354446,0
178449,3512,0,0.420615,0
132905,22947,0,0.443161,0
22259,43686,0,0.270077,0
39727,4367,0,0.225344,0
183059,47049,0,0.271475,0
13192,18439,0,0.418463,0
37752,43693,0,0.288991,0
168380,29987,1,0.465546,1
111596,17948,0,0.317157,0
134295,5235,0,0.333087,0
60040,9755,0,0.242437,0
118672,11741,0,0.42914,0
122262,9175,0,0.48173,1
48435,24241,0,0.379437,0
14605,30593,0,0.225519,0
110486,27323,0,0.26779,0
150396,260,0,0.308647,0
172299,35652,0,0.242555,0
102199,27080,0,0.223342,0
56961,45531,0,0.48637,1
5706,21616,0,0.414188,0
115537,32734,0,0.358691,0
189234,47966,0,0.255652,0
44046,43691,0,0.323748,0
3485,44661,0,0.460193,1
127,41651,0,0.325753,0
109892,8871,0,0.295263,0
61145,21582,0,0.382622,0
20843,8638,0,0.348242,0
161094,15803,0,0.31933,0
113567,18531,0,0.410468,0
79274,42536,0,0.318422,0
198183,18531,0,0.457357,1
91162,46802,0,0.24564,0
66497,40706,0,0.344235,0
130988,45603,0,0.352793,0
126397,32455,0,0.241576,0
140006,38734,0,0.423168,0
52819,19097,0,0.431799,0
64770,2295,0,0.418677,0
20297,25043,0,0.362662,0
121888,16479,0,0.350337,0
7345,39132,0,0.35659,0
135738,19354,1,0.41159,0
77788,11422,0,0.205113,0
34407,5858,0,0.392007,0
11885,24852,0,0.44032,0
95315,21292,0,0.35601,0
112774,21372,0,0.373858,0
187717,1969,0,0.376225,0
113166,9065,0,0.266221,0
103206,37825,0,0.311856,0
103402,4697,0,0.460193,1
143311,11258,0,0.373169,0
85952,19706,0,0.32443,0
18523,17281,0,0.400245,0
63129,43523,0,0.434045,0
23378,42030,0,0.223549,0
98094,13802,0,0.387672,0
143422,14811,0,0.284607,0
5870,30700,0,0.331992,0
155921,38260,0,0.351334,0
40328,18531,0,0.237805,0
10202,26885,0,0.420207,0
62549,4005,0,0.309488,0
97803,27456,0,0.388459,0
65927,7177,0,0.445451,0
185464,36527,0,0.387672,0
145076,4778,0,0.360479,0
185685,32156,1,0.358546,0
168741,21137,0,0.439756,0
161848,20255,0,0.357244,0
54246,17616,0,0.455492,1
140766,33113,0,0.339183,0
66418,43961,1,0.432195,0
131610,20955,0,0.276332,0
62396,47449,0,0.25767,0
169131,19057,0,0.248509,0
117023,46331,0,0.378829,0
94113,4605,0,0.364566,0
126868,35989,0,0.228285,0
16692,18594,0,0.356423,0
91349,47144,0,0.405743,0
149595,6218,0,0.203587,0
139670,49570,0,0.392255,0
8150,11463,0,0.24303,0
115547,3667,0,0.329058,0
2349,11301,0,0.416481,0
62367,15290,0,0.277877,0
140777,37047,0,0.329903,0
109911,4367,0,0.366832,0
202876,37933,0,0.300924,0
41346,34584,0,0.355038,0
72814,3957,0,0.240482,0
103747,28008,0,0.366469,0
146347,1215,0,0.41583,0
54494,5818,0,0.2473,0
118225,6656,0,0.251032,0
13562,34551,0,0.3009,0
166733,28842,1,0.459962,1
92044,17449,0,0.222653,0
62605,47402,0,0.283002,0
142461,27325,0,0.462545,1
93083,36962,0,0.275862,0
86462,17264,0,0.363759,0
147745,31847,0,0.327794,0
148201,26993,0,0.278514,0
13194,24838,0,0.301911,0
60556,48192,0,0.29213,0
65156,25706,0,0.233149,0
80227,8929,0,0.395849,0
64361,16185,0,0.286403,0
49675,22260,1,0.388843,0
107494,4487,0,0.196143,0
148824,46673,0,0.269839,0
34215,15424,0,0.269895,0
50131,27104,0,0.239396,0
85767,26283,0,0.427803,0
164932,30391,0,0.291114,0
122957,37120,0,0.341308,0
192634,18025,0,0.36814,0
143993,39989,0,0.248283,0
205406,23348,0,0.372378,0
160763,2180,0,0.321119,0
95975,27958,0,0.400816,0
59480,32691,0,0.434872,0
150485,30489,0,0.3168,0
91327,23457,0,0.276925,0
149360,31355,0,0.393535,0
122147,2309,0,0.253086,0
106105,17400,0,0.362661,0
33458,9755,0,0.239434,0
126818,4461,0,0.381032,0
108351,19508,0,0.362687,0
179810,17224,0,0.353311,0
23378,21783,0,0.241712,0
79213,29662,0,0.205495,0
101279,34217,0,0.229171,0
188733,24964,0,0.455627,1
108250,28373,0,0.448498,0
72856,33316,0,0.293204,0
114755,27204,0,0.310108,0
60051,49544,0,0.340701,0
18922,162,0,0.413355,0
129795,37795,0,0.219513,0
67344,41787,0,0.289408,0
90027,27336,0,0.322035,0
109017,30233,1,0.482693,1
157842,25890,0,0.431643,0
72951,16896,0,0.346316,0
194558,9901,0,0.395557,0
205114,9623,0,0.266703,0
92706,43545,0,0.398505,0
199514,47626,0,0.469222,1
709,11993,0,0.442219,0
198523,28934,0,0.420981,0
122566,27247,0,0.304814,0
107992,46969,0,0.362958,0
131895,27514,0,0.403845,0
79931,21376,0,0.279417,0
193500,16174,0,0.25326,0
194377,29615,0,0.488125,1
94285,42445,0,0.241431,0
194994,46990,0,0.440204,0
8105,21847,0,0.320687,0
90030,26209,0,0.337062,0
193441,35851,0,0.345349,0
109294,11759,0,0.423803,0
95269,14705,0,0.263212,0
178538,41483,0,0.289383,0
50143,46157,0,0.223993,0
79449,21850,0,0.259322,0
108693,47526,0,0.418147,0
132793,5146,1,0.385074,0
136195,5618,0,0.429606,0
186868,44987,0,0.303011,0
56115,22935,0,0.378447,0
44527,48368,0,0.375589,0
32552,27156,0,0.410751,0
48921,40388,0,0.263284,0
165852,5876,0,0.4095,0
15747,41950,0,0.416904,0
194376,43986,0,0.259612,0
200009,40604,0,0.46369,1
126,47601,0,0.248959,0
104369,13988,0,0.429523,0
67384,20995,0,0.4195,0
197254,30591,0,0.337482,0
71494,27992,0,0.396366,0
53889,24221,0,0.241033,0
35592,14678,0,0.432674,0
154766,7185,0,0.409278,0
136998,18523,0,0.239926,0
58507,23753,1,0.352431,0
146400,21903,1,0.484872,1
108519,7978,0,0.376547,0
94868,35221,0,0.254222,0
97727,28076,0,0.25767,0
203404,5449,0,0.3593,0
167994,6187,0,0.433304,0
161967,47672,0,0.40145,0
194474,49683,0,0.416216,0
13045,44632,0,0.513377,1
27104,22474,0,0.339896,0
78150,31040,0,0.306437,0
49354,14211,0,0.420394,0
198283,28058,0,0.366139,0
155334,18382,0,0.471256,1
140713,17438,0,0.364713,0
166840,10403,0,0.341788,0
36245,41593,0,0.386469,0
183459,26521,0,0.28134,0
159397,15872,0,0.349842,0
102622,40706,0,0.46523,1
161299,43961,0,0.271482,0
65080,26209,0,0.318957,0
31330,5161,0,0.412362,0
103582,2067,0,0.359178,0
191073,45842,0,0.279115,0
44587,9871,0,0.335438,0
15843,37524,0,0.380094,0
146563,26767,0,0.230364,0
70229,42887,0,0.326672,0
52026,26128,0,0.435804,0
120226,26201,0,0.225344,0
115351,2750,0,0.38171,0
58802,40706,0,0.406286,0
52008,32734,0,0.465738,1
160226,45290,0,0.342935,0
93608,4347,1,0.413936,0
43697,46667,1,0.425486,0
199550,25424,1,0.479948,1
146836,9786,0,0.254279,0
182274,21903,0,0.365241,0
190927,1126,0,0.390833,0
194320,14881,0,0.279233,0
719,24010,0,0.450838,1
17862,7150,0,0.260349,0
112125,7963,0,0.421866,0
49684,28535,0,0.2677,0
170618,8197,0,0.276925,0
138889,14678,0,0.413466,0
42430,14168,0,0.355371,0
156522,23537,1,0.321164,0
93570,18564,0,0.336451,0
62226,21872,0,0.449687,0
164624,38656,0,0.24106,0
133321,7748,0,0.392292,0
102059,13822,0,0.369305,0
148618,11136,0,0.34748,0
7808,27514,0,0.364133,0
190887,41007,0,0.425219,0
28472,13599,0,0.215435,0
28837,24810,0,0.432321,0
151581,41687,0,0.339146,0
68717,21405,0,0.271482,0
153103,27845,0,0.289007,0
87498,18027,0,0.276779,0
66232,28199,0,0.402176,0
44871,25824,0,0.324992,0
177408,11580,0,0.389078,0
68445,8859,0,0.284997,0
198959,28842,0,0.3687,0
20553,47766,1,0.48637,1
52592,14870,0,0.259848,0
5036,4058,0,0.403773,0
128569,46906,0,0.371713,0
95798,9955,0,0.444236,0
142028,21616,0,0.217158,0
53525,10106,0,0.405817,0
142241,35951,0,0.372289,0
51636,7704,0,0.366677,0
204397,46785,1,0.382219,0
35382,44987,0,0.256789,0
134380,21137,0,0.336681,0
2077,25005,0,0.370869,0
92993,49098,0,0.248959,0
157248,44566,0,0.261492,0
53696,47060,0,0.226117,0
60112,44142,0,0.412696,0
49181,38452,0,0.378612,0
148170,47516,0,0.36447,0
11915,45633,0,0.415629,0
78480,24964,0,0.242866,0
54411,47083,0,0.264649,0
73728,49005,0,0.43143,0
157590,5491,0,0.420796,0
199743,37674,0,0.200684,0
110363,14761,0,0.302449,0
115589,23782,0,0.278028,0
152793,31506,0,0.273308,0
23304,40380,0,0.400413,0
100031,11716,0,0.320539,0
120865,31066,0,0.397323,0
91925,41890,0,0.353001,0
43971,25824,0,0.220571,0
74437,35217,0,0.256283,0
83157,2228,0,0.386735,0
81062,40852,0,0.432027,0
76394,26115,0,0.259552,0
41493,7443,0,0.355115,0
95765,49683,0,0.391638,0
10301,42680,0,0.391186,0
49314,34969,0,0.412652,0
24776,7489,0,0.50791,1
22646,48229,0,0.299619,0
62142,38777,0,0.283479,0
41777,34216,0,0.397938,0
40738,24852,0,0.314155,0
39885,5450,1,0.516318,1
102261,14877,0,0.394341,0
118318,46162,0,0.376094,0
15503,6101,0,0.341572,0
41139,21872,0,0.339364,0
125778,43961,0,0.271933,0
193301,29307,0,0.232336,0
77410,2055,0,0.353218,0
164407,17526,0,0.324175,0
110413,30450,0,0.277692,0
34794,30336,0,0.258569,0
81298,29034,0,0.417499,0
16742,27344,0,0.358104,0
41205,27392,0,0.292943,0
39671,31623,0,0.360309,0
106093,32238,0,0.208588,0
55911,5488,0,0.383085,0
127072,22779,0,0.345609,0
39896,37158,0,0.266513,0
2589,21278,0,0.387558,0
127634,37590,0,0.321858,0
167988,47629,0,0.387481,0
98523,46667,0,0.36843,0
154766,3283,0,0.409278,0
13777,8442,0,0.372306,0
93729,46667,0,0.301911,0
152468,13984,0,0.266433,0
179556,17207,0,0.240701,0
67161,39877,0,0.338819,0
197589,1234,0,0.346912,0
71700,196,0,0.350842,0
29912,21093,0,0.309903,0
9518,25464,0,0.264649,0
8953,46847,0,0.263496,0
62661,30137,0,0.406129,0
71755,14267,0,0.337542,0
195727,15658,0,0.40041,0
195552,2649,0,0.365918,0
8349,24964,0,0.329011,0
79235,27104,0,0.337032,0
148618,44422,0,0.360322,0
184895,14114,0,0.401711,0
187895,9424,0,0.382222,0
97529,36070,0,0.27254,0
82544,4799,0,0.33518,0
92401,24412,0,0.319982,0
203595,6387,0,0.319076,0
189985,37687,0,0.440151,0
41977,7035,0,0.257976,0
75736,20561,0,0.265633,0
186078,46654,0,0.315451,0
23050,13385,0,0.39123,0
199323,22636,0,0.234607,0
103025,43352,0,0.420431,0
130509,23322,0,0.318307,0
181955,40941,0,0.315825,0
155551,16997,0,0.324198,0
28826,15143,0,0.290143,0
23015,16241,0,0.2725,0
145730,42205,0,0.313322,0
87105,44098,0,0.255505,0
167584,42701,0,0.329706,0
192412,7021,0,0.289837,0
108115,33000,0,0.420924,0
155385,40742,0,0.376409,0
180459,9819,0,0.415608,0
139370,47766,0,0.308229,0
89200,24852,0,0.398892,0
182592,15011,0,0.400531,0
64773,26765,0,0.357184,0
64454,17794,0,0.246378,0
47698,29659,0,0.398548,0
58969,37,1,0.387903,0
195091,31471,0,0.262795,0
39249,42535,0,0.336907,0
51120,25146,0,0.307364,0
102127,12496,0,0.339688,0
90373,41540,0,0.28585,0
117863,17747,0,0.37398,0
44190,22888,0,0.266703,0
64298,46088,1,0.514975,1
52820,20280,1,0.466612,1
184055,31651,0,0.375653,0
190033,35976,0,0.437158,0
69324,5450,0,0.329927,0
187726,21574,0,0.197145,0
120713,29922,0,0.19332,0
161912,7877,0,0.319017,0
135261,11257,0,0.308161,0
73583,17568,1,0.39521,0
193664,12916,0,0.451975,1
85113,47209,0,0.349988,0
100213,16883,0,0.422818,0
149561,12078,0,0.302311,0
156519,39024,0,0.226906,0
117220,49258,0,0.352708,0
79235,47209,0,0.384952,0
82662,13874,0,0.259622,0
92249,29615,0,0.337285,0
36336,8501,0,0.285202,0
203191,2210,0,0.378082,0
84691,16882,0,0.475622,1
2531,36695,0,0.327266,0
12130,5991,0,0.260565,0
158922,28928,0,0.242555,0
196524,40706,0,0.365161,0
58441,13984,0,0.322822,0
157289,13740,0,0.396892,0
4323,23115,0,0.241308,0
130296,19987,0,0.331152,0
89008,8670,0,0.380967,0
68294,20995,0,0.326494,0
157241,35715,0,0.380521,0
17933,5077,0,0.315646,0
47584,46676,0,0.364608,0
161339,6476,0,0.324563,0
115997,43421,0,0.379857,0
94959,44142,0,0.307637,0
5856,30561,0,0.481291,1
41556,16927,0,0.215325,0
183569,47766,0,0.257686,0
79349,38289,1,0.39281,0
90259,29298,0,0.39512,0
78557,38003,1,0.403586,0
194629,673,0,0.337353,0
63650,26373,0,0.256841,0
140274,47626,0,0.42299,0
75736,24097,0,0.257976,0
33353,20632,0,0.429191,0
82544,25837,0,0.357561,0
120735,10246,0,0.269089,0
189428,38400,0,0.401793,0
128979,35503,1,0.396892,0
4100,17225,0,0.323922,0
36323,5876,0,0.404084,0
175164,35336,0,0.247609,0
110896,41220,0,0.271826,0
105170,21267,0,0.325171,0
28924,15290,0,0.385944,0
66599,47977,0,0.41974,0
94005,40706,0,0.376367,0
54599,46355,0,0.345842,0
25283,11827,0,0.375569,0
95573,13819,0,0.433631,0
108987,46886,0,0.427296,0
67644,13176,0,0.402647,0
52456,14129,0,0.359425,0
117191,24156,0,0.380452,0
99136,24795,0,0.403239,0
92707,5825,0,0.324401,0
108535,27695,0,0.439385,0
88100,42929,0,0.425329,0
50754,34551,0,0.465379,1
71594,11265,0,0.343545,0
183353,9544,0,0.389312,0
141227,49131,1,0.419348,0
156850,1866,0,0.258482,0
10429,16259,0,0.300605,0
150982,44167,0,0.396827,0
84235,11408,0,0.253444,0
51566,43789,0,0.405316,0
155350,37701,0,0.255087,0
124064,17872,0,0.33115,0
69138,44611,0,0.246101,0
193042,19048,0,0.355306,0
80779,7746,0,0.392804,0
162380,26172,0,0.372455,0
99106,39578,0,0.35709,0
201797,13631,0,0.20001,0
154895,38192,0,0.452412,1
29828,17487,0,0.347236,0
118735,30391,0,0.400071,0
183459,29557,0,0.349747,0
98413,24492,0,0.220404,0
140641,10442,0,0.364259,0
151078,8518,0,0.416077,0
68827,9695,1,0.351929,0
202970,32502,0,0.25443,0
184142,27966,1,0.471359,1
53114,6184,0,0.271826,0
54315,35328,0,0.419563,0
201370,7260,0,0.413221,0
47587,43005,0,0.261782,0
73701,7014,0,0.360645,0
124283,14161,0,0.402206,0
52705,33021,0,0.3679,0
151304,35535,0,0.212275,0
105343,26390,0,0.283651,0
183259,20580,0,0.385147,0
190389,27001,0,0.288214,0
20613,8021,0,0.302656,0
17442,28842,1,0.4521,1
77489,34067,0,0.334074,0
135187,5918,1,0.47509,1
83362,24841,0,0.260883,0
162796,38844,0,0.391657,0
72699,44449,0,0.207841,0
174737,10385,0,0.507538,1
134346,1063,0,0.377768,0
29396,35887,1,0.368102,0
198779,5450,0,0.375213,0
68160,11688,0,0.223743,0
144443,43933,0,0.309867,0
8920,42824,0,0.208362,0
144534,24489,0,0.276671,0
171091,3039,0,0.239502,0
43113,3835,0,0.440139,0
167848,44717,0,0.387066,0
81908,46665,0,0.255079,0
193205,1640,0,0.337823,0
16580,27344,0,0.436081,0
117426,3628,0,0.425359,0
11848,49279,0,0.276925,0
94521,7559,0,0.427294,0
152122,33731,0,0.431314,0
108993,4149,0,0.234687,0
187252,14992,0,0.423583,0
169430,13924,0,0.32291,0
5446,37634,0,0.349875,0
57242,1215,1,0.44374,0
1312,8518,0,0.422169,0
151845,8025,1,0.435576,0
191972,11673,0,0.383312,0
67916,46969,0,0.357642,0
31382,26209,0,0.364566,0
65322,38579,0,0.338102,0
95437,17847,0,0.493271,1
159137,10280,0,0.402205,0
134013,20721,0,0.373483,0
176948,2457,0,0.442143,0
103913,34496,0,0.27136,0
202107,30994,0,0.407443,0
23428,21914,0,0.285073,0
44024,7533,0,0.387579,0
110352,36598,0,0.374663,0
144211,40408,0,0.376821,0
127234,40077,0,0.34585,0
947,7026,0,0.44014,0
125386,28842,0,0.378445,0
145335,1240,0,0.329319,0
17474,13679,0,0.335622,0
52472,41665,0,0.397239,0
150169,43409,0,0.27795,0
41534,27104,0,0.304615,0
19318,27104,0,0.311177,0
186846,46716,0,0.219333,0
41126,13885,0,0.249447,0
114015,9766,0,0.322446,0
30906,23236,0,0.226057,0
167266,48749,0,0.241521,0
12442,26723,0,0.374007,0
147503,11844,0,0.39134,0
180930,24631,0,0.242299,0
5446,27676,0,0.301583,0
72436,19734,1,0.496201,1
192289,20424,0,0.27712,0
80311,39408,0,0.319018,0
40595,16953,0,0.293809,0
89537,48825,0,0.259807,0
33388,23898,0,0.257643,0
28546,15892,0,0.325091,0
190595,40934,0,0.374537,0
131140,34407,0,0.387035,0
49470,7175,0,0.328986,0
59421,21137,0,0.284381,0
25457,5337,0,0.393308,0
28835,45007,0,0.368482,0
168866,19231,0,0.209961,0
83763,46667,0,0.273315,0
49187,45646,0,0.215673,0
198640,19816,0,0.242038,0
151569,39322,0,0.434975,0
103618,6568,0,0.216909,0
39394,2339,0,0.450658,1
66638,14462,0,0.306266,0
181775,46906,0,0.3028,0
169699,31215,0,0.287345,0
44231,13944,0,0.44601,0
61365,19503,0,0.351248,0
97350,25072,0,0.248535,0
170285,47209,0,0.516844,1
85561,28605,0,0.370211,0
177224,18389,0,0.394138,0
20318,31717,0,0.41766,0
159081,39803,0,0.358849,0
68770,16797,0,0.279002,0
176823,34160,0,0.496763,1
72110,29479,0,0.216806,0
182391,11408,0,0.293866,0
5335,38357,0,0.351091,0
193074,46969,0,0.363228,0
85324,12911,0,0.376264,0
86969,2062,0,0.347658,0
10157,27294,0,0.422752,0
177650,47464,0,0.40927,0
156688,2130,0,0.398751,0
142702,8352,0,0.398438,0
147285,45066,0,0.403118,0
107543,36070,0,0.490985,1
82621,41618,0,0.343241,0
106288,25659,0,0.41849,0
62103,13759,0,0.255079,0
23010,27196,0,0.210706,0
43450,23032,0,0.250646,0
154204,9094,0,0.19332,0
68460,28928,0,0.276925,0
97680,39275,0,0.232497,0
3607,12044,0,0.405692,0
45533,33527,0,0.372575,0
6530,32691,0,0.431408,0
23505,21137,0,0.342139,0
160284,22089,0,0.34557,0
143995,19767,0,0.286378,0
192130,37825,0,0.38268,0
27769,26648,0,0.2303,0
18838,35140,0,0.441993,0
80004,19706,0,0.235106,0
168866,16823,0,0.226453,0
29546,16083,0,0.291825,0
113809,33731,0,0.350036,0
117155,5479,0,0.345635,0
161951,32851,0,0.395781,0
53922,24838,0,0.36772,0
198118,13176,1,0.528134,1
43158,27086,0,0.474597,1
69132,13158,0,0.394753,0
113141,28179,0,0.380565,0
114818,18956,0,0.220913,0
142907,15541,0,0.356305,0
71,22849,1,0.51238,1
81912,14612,0,0.198867,0
201878,20542,0,0.283454,0
140428,20682,0,0.322648,0
76375,34551,0,0.25156,0
27468,2314,0,0.463747,1
124291,31551,0,0.245404,0
125166,24492,0,0.372336,0
175720,26664,0,0.373905,0
134153,44359,0,0.320527,0
39786,5818,0,0.242329,0
187378,10305,0,0.337804,0
136893,5896,0,0.318345,0
138921,33929,0,0.40201,0
31443,38108,0,0.355379,0
184636,9290,0,0.424891,0
19819,13263,0,0.424047,0
12740,7503,0,0.251851,0
106608,6348,0,0.43427,0
155159,23165,0,0.286469,0
126872,49131,0,0.400299,0
199229,22825,0,0.248322,0
162921,10755,0,0.292137,0
205488,18908,0,0.263831,0
184365,14137,0,0.330447,0
51357,4832,0,0.403482,0
165291,40604,0,0.335301,0
57560,24184,0,0.353631,0
190469,5194,0,0.431846,0
13699,18380,0,0.28053,0
129738,42191,0,0.38803,0
34393,23952,0,0.215455,0
93845,19938,0,0.316487,0
29351,45535,0,0.268919,0
190070,29262,0,0.327686,0
8909,34230,0,0.408274,0
69457,45787,0,0.393388,0
83202,13203,0,0.360419,0
93231,46575,0,0.410325,0
19076,26209,0,0.443128,0
96953,29815,0,0.366818,0
36383,42900,0,0.37316,0
25466,14376,0,0.4067,0
81093,41220,0,0.443611,0
45470,7693,0,0.298801,0
86759,48620,0,0.391884,0
75664,27104,0,0.318226,0
202215,26209,0,0.255291,0
175657,47993,0,0.433652,0
171540,3176,0,0.334367,0
147532,45588,0,0.23521,0
65781,23236,0,0.336594,0
197377,48493,0,0.393274,0
37142,37215,0,0.200529,0
189034,32255,0,0.305797,0
89639,13874,1,0.439796,0
64131,5750,0,0.334642,0
53696,47626,0,0.334563,0
57963,33314,0,0.387628,0
171009,19863,0,0.26796,0
27610,37832,0,0.267599,0
79746,47734,1,0.462678,1
40210,46886,0,0.328644,0
198149,22935,0,0.3345,0
137925,45006,0,0.383266,0
188425,44580,0,0.21799,0
121506,23322,0,0.364928,0
119308,32857,0,0.325083,0
78240,34637,0,0.24909,0
47971,13058,0,0.36319,0
103951,13176,0,0.248407,0
54353,10613,0,0.240343,0
83849,432,0,0.440915,0
84835,22866,0,0.389223,0
100301,21137,0,0.477545,1
23293,32218,0,0.25717,0
88441,25659,0,0.43567,0
49892,10177,0,0.243573,0
61516,25005,0,0.400443,0
125659,33043,0,0.37035,0
1303,27240,0,0.385116,0
37982,26209,0,0.37213,0
5346,19057,0,0.374013,0
77996,24831,0,0.321687,0
181344,20152,0,0.326414,0
203332,40054,0,0.253188,0
117435,27772,0,0.25668,0
205350,28647,0,0.227994,0
80232,32299,0,0.205259,0
110220,7411,0,0.376979,0
163406,26096,0,0.229948,0
89846,44632,0,0.267899,0
60404,27156,0,0.314641,0
39038,27336,0,0.363441,0
188627,21011,0,0.369762,0
134612,35202,1,0.474604,1
125890,1700,0,0.403668,0
150837,13807,0,0.310692,0
136315,19886,0,0.252096,0
14051,12276,0,0.356876,0
114889,12703,0,0.398338,0
80779,11005,0,0.398683,0
64979,21272,0,0.350457,0
79778,38557,0,0.223543,0
37296,32923,0,0.371517,0
149358,39279,0,0.302761,0
20606,13249,0,0.288501,0
167573,38159,0,0.282169,0
67026,17794,0,0.379654,0
126940,47357,0,0.390747,0
6417,26312,0,0.354476,0
126868,46682,0,0.203786,0
115537,49520,0,0.412981,0
106695,9285,0,0.336963,0
195585,40136,0,0.2303,0
198362,12846,0,0.412816,0
60406,11408,0,0.308033,0
191905,41276,0,0.340995,0
148212,47156,0,0.380249,0
139050,13265,0,0.263613,0
156084,44219,0,0.415086,0
137104,31717,0,0.420981,0
182537,49198,0,0.448823,0
132773,13176,0,0.417632,0
36820,37766,0,0.405553,0
92959,8516,0,0.405958,0
100684,11576,0,0.416014,0
153396,48109,0,0.447927,0
158441,42817,0,0.349138,0
83492,29594,0,0.362573,0
162468,47766,0,0.413681,0
71316,37710,0,0.379207,0
190412,37504,0,0.412145,0
138573,28842,0,0.242208,0
161678,24184,1,0.504275,1
59107,45056,0,0.25473,0
151599,43768,0,0.325683,0
21078,14084,1,0.478469,1
81357,26940,0,0.420032,0
183158,40078,0,0.217147,0
39516,890,0,0.37956,0
17683,8251,0,0.409056,0
46223,47672,0,0.413462,0
34131,43713,0,0.361128,0
102137,31506,0,0.224287,0
122028,48775,0,0.25884,0
97873,26128,0,0.416116,0
27716,1090,0,0.406933,0
119148,40256,0,0.330297,0
137447,9507,0,0.306636,0
97659,32689,0,0.494381,1
38756,6422,1,0.295812,0
63237,37145,0,0.422066,0
63388,20282,0,0.196143,0
179296,47626,1,0.416384,0
31189,39558,0,0.272135,0
80699,46064,0,0.355797,0
82046,9076,0,0.435297,0
205206,33768,0,0.494378,1
62801,1244,0,0.380415,0
201805,49298,0,0.332224,0
182170,47078,0,0.30903,0
117013,24852,0,0.370912,0
57199,2516,0,0.353639,0
132638,32864,0,0.42789,0
99979,45374,0,0.298848,0
82888,11561,0,0.270798,0
9039,40593,0,0.41413,0
59752,16619,1,0.470153,1
28080,25146,0,0.432261,0
122634,39032,0,0.486424,1
63559,36962,0,0.20001,0
80004,24701,0,0.237395,0
121580,5223,0,0.382738,0
164358,21137,0,0.283426,0
201436,27105,0,0.347604,0
101812,30849,0,0.267989,0
121843,40396,0,0.277128,0
82661,38456,1,0.459429,1
94150,24838,1,0.396465,0
163038,14127,0,0.261633,0
124207,34194,0,0.380515,0
205963,13702,1,0.477422,1
144869,19048,0,0.429245,0
63898,14809,0,0.398632,0
102833,21614,0,0.43422,0
43393,21137,0,0.289523,0
100367,26917,0,0.258515,0
203177,22451,0,0.319681,0
390,6615,0,0.447909,0
138861,40686,0,0.179799,0
118133,36107,0,0.368941,0
9799,48871,0,0.2595,0
189034,13709,0,0.328245,0
48661,41463,0,0.278795,0
108351,28849,1,0.466667,1
182022,39097,0,0.432053,0
24037,46667,0,0.298191,0
117182,41665,1,0.353195,0
152871,16521,0,0.222553,0
111786,5120,1,0.514537,1
96249,34969,0,0.452056,1
193729,47000,1,0.418815,0
41019,41665,0,0.38142,0
33216,24487,0,0.372464,0
107832,24964,0,0.433986,0
112571,39108,0,0.436713,0
25507,13471,0,0.254965,0
187910,49347,0,0.299701,0
5335,48079,0,0.303585,0
71839,20608,0,0.216223,0
104237,16773,0,0.425936,0
50113,23537,0,0.328402,0
364,38368,0,0.27559,0
9445,15937,0,0.268873,0
116818,9434,0,0.410112,0
55445,36725,0,0.21463,0
136907,4227,0,0.28585,0
75766,25504,0,0.380291,0
152495,149,0,0.252912,0
10372,23826,0,0.220404,0
35384,2763,0,0.228961,0
164762,17548,0,0.280221,0
191824,39121,0,0.405238,0
139311,12683,0,0.400816,0
10595,41319,0,0.279051,0
51096,14515,0,0.295804,0
89513,513,0,0.299092,0
76678,41694,0,0.417953,0
81975,10941,0,0.418829,0
132821,15984,0,0.310667,0
118820,48681,0,0.351842,0
4727,4796,0,0.367274,0
46564,41131,0,0.309594,0
42180,24363,0,0.432039,0
83589,27104,0,0.272383,0
38164,20282,0,0.233507,0
190329,13431,0,0.262901,0
130374,38557,0,0.250481,0
67318,11987,0,0.299286,0
68763,30659,0,0.38163,0
193330,42333,0,0.37082,0
59413,48476,0,0.305513,0
108176,33606,0,0.373149,0
157339,26728,0,0.301541,0
205859,47042,0,0.378186,0
94268,9708,0,0.336911,0
140742,20590,0,0.38122,0
193372,7144,0,0.307894,0
70804,17154,0,0.366012,0
100926,3376,0,0.388854,0
203027,26940,0,0.217158,0
173759,35833,0,0.349619,0
14019,8368,0,0.259207,0
196590,34092,0,0.212058,0
86887,39812,0,0.413538,0
92508,43122,0,0.424205,0
191057,46725,0,0.245338,0
81228,46654,0,0.400288,0
61008,13032,0,0.271446,0
60396,19412,0,0.206519,0
3482,39509,0,0.222217,0
132836,4605,0,0.371529,0
195086,28165,0,0.28621,0
124341,10448,0,0.327757,0
66706,9337,0,0.223318,0
190396,20711,0,0.333507,0
105055,17794,0,0.437673,0
100590,16797,0,0.399792,0
118137,16332,0,0.36821,0
5841,22935,0,0.280702,0
127666,14252,0,0.419184,0
180492,20590,0,0.221712,0
63809,14444,1,0.415529,0
97416,1999,0,0.351682,0
21666,44449,0,0.263592,0
153786,28052,0,0.388188,0
19753,39781,0,0.389562,0
137495,46584,0,0.411021,0
185441,1483,0,0.197145,0
3971,15290,0,0.357231,0
171015,32156,0,0.259441,0
52698,32573,0,0.210246,0
175175,46979,0,0.471486,1
130943,95,0,0.229397,0
186825,48775,0,0.273489,0
66500,29442,0,0.303585,0
90802,7021,0,0.450378,1
14630,18550,1,0.5355,1
81971,31717,0,0.430396,0
21283,21903,0,0.328293,0
106430,18150,0,0.377797,0
10345,33540,0,0.312751,0
194558,12333,0,0.396397,0
95984,44359,0,0.446425,0
70265,2732,0,0.263409,0
84854,15264,0,0.344098,0
32922,37848,0,0.221664,0
84871,10644,0,0.350675,0
145228,30839,0,0.259189,0
127497,19346,0,0.405817,0
188666,30135,0,0.33621,0
193939,9421,0,0.228743,0
173696,43789,0,0.394996,0
47862,11763,0,0.419172,0
3114,25416,0,0.368988,0
129127,38159,0,0.237805,0
29168,2452,0,0.28946,0
181211,2361,0,0.334424,0
163857,17878,0,0.410215,0
175875,41290,0,0.324971,0
58107,14084,0,0.352519,0
144702,33819,0,0.281396,0
192931,22825,0,0.344653,0
171661,40366,0,0.320105,0
163049,45613,0,0.377646,0
26848,24243,0,0.543565,1
110374,38273,0,0.325131,0
92587,25985,0,0.334272,0
163860,16048,1,0.355181,0
158976,46969,0,0.445325,0
57380,27323,0,0.21979,0
181218,39877,0,0.423161,0
71636,48587,0,0.400554,0
81408,38847,0,0.332529,0
51901,42736,0,0.292148,0
50121,16797,0,0.379332,0
115892,28800,0,0.278262,0
203531,34690,0,0.263026,0
205717,14151,0,0.394331,0
177594,47310,0,0.35677,0
196314,19678,0,0.365095,0
155816,38609,0,0.379763,0
18635,18441,0,0.258216,0
147276,28601,0,0.433019,0
53836,19508,1,0.35237,0
164139,40646,0,0.26895,0
72098,33055,0,0.41526,0
57571,39921,0,0.257898,0
74530,7901,0,0.30859,0
99207,24216,0,0.259497,0
6895,10189,0,0.31396,0
105939,33043,0,0.199381,0
186085,45309,0,0.322479,0
79743,22663,0,0.356261,0
198228,2154,0,0.192922,0
133778,24830,0,0.305677,0
80311,25890,0,0.239926,0
69124,21072,0,0.236993,0
165611,44813,0,0.353652,0
2371,47591,0,0.330933,0
196622,37890,0,0.231661,0
121921,42701,0,0.276779,0
88247,43086,0,0.356466,0
36928,39180,0,0.32298,0
7985,26569,0,0.35982,0
102312,21573,0,0.268827,0
121482,36076,0,0.483272,1
36691,31717,0,0.481955,1
113232,42441,0,0.267777,0
76229,20899,0,0.433515,0
153024,34898,0,0.331812,0
86443,38707,0,0.303066,0
172233,47357,0,0.274122,0
62068,45933,0,0.281396,0
67465,21050,0,0.263699,0
17509,36205,0,0.375653,0
55713,32642,0,0.298261,0
176952,42282,0,0.295683,0
183173,38051,0,0.213783,0
91043,27433,0,0.214744,0
97372,16645,0,0.287037,0
121562,30849,0,0.279115,0
73507,15399,1,0.423104,0
14814,49176,0,0.342556,0
32713,42701,0,0.412644,0
120590,39928,0,0.308896,0
81493,10132,0,0.377962,0
190475,22108,0,0.391555,0
95441,4605,0,0.462826,1
83036,33754,0,0.283251,0
32253,22935,1,0.429535,0
127601,15566,0,0.34686,0
201797,11140,0,0.238381,0
27288,2120,0,0.303523,0
69545,23229,0,0.253366,0
179014,44904,0,0.302604,0
191613,32116,0,0.247661,0
64868,18140,0,0.428247,0
112116,242,0,0.336421,0
79737,16714,0,0.499105,1
186546,21137,1,0.511513,1
72759,45607,0,0.296005,0
37829,1938,0,0.260717,0
46451,4314,0,0.264744,0
71785,28537,0,0.435348,0
139684,28836,0,0.267254,0
65685,49683,0,0.337744,0
179166,35896,0,0.257499,0
92118,11408,0,0.348472,0
19210,43945,0,0.358137,0
40726,25804,0,0.397443,0
129474,1560,0,0.483797,1
36250,18479,0,0.258779,0
90378,39891,0,0.278086,0
61288,8555,0,0.359731,0
31976,24852,0,0.460465,1
201141,4846,0,0.38748,0
112009,28278,0,0.39337,0
165545,22750,1,0.408846,0
38710,33508,0,0.415134,0
115200,546,0,0.360998,0
70000,2434,0,0.265104,0
80436,27966,0,0.440228,0
204089,43789,0,0.415606,0
104721,23165,0,0.327744,0
86194,34969,1,0.415297,0
24456,3892,0,0.227797,0
103218,32486,0,0.211733,0
143952,17649,0,0.215707,0
162762,18171,0,0.303381,0
142399,21288,0,0.4155,0
180456,34050,0,0.349755,0
69052,39408,0,0.298763,0
110172,10306,0,0.351326,0
162134,29487,0,0.303647,0
190394,28465,0,0.494143,1
129555,45566,0,0.356276,0
53166,22959,0,0.419131,0
18383,17375,0,0.295749,0
57766,13269,0,0.293995,0
200321,9837,0,0.326238,0
32229,26520,0,0.319933,0
180502,31748,0,0.260305,0
48132,6910,0,0.329053,0
10451,10151,0,0.391551,0
84453,36051,0,0.224345,0
38146,3988,0,0.385009,0
15459,29865,0,0.297146,0
60501,2295,0,0.431869,0
99557,24852,1,0.528924,1
101156,22293,0,0.255079,0
71570,24852,1,0.471883,1
200792,39561,0,0.363201,0
42408,45607,0,0.330397,0
168845,10193,0,0.359094,0
164278,30257,0,0.39833,0
6141,42858,0,0.244432,0
190389,10534,0,0.298463,0
128570,12196,0,0.271963,0
99713,36315,0,0.381276,0
48988,3999,0,0.317592,0
205240,31640,0,0.282815,0
36058,46906,0,0.355447,0
36246,29987,0,0.318957,0
32194,14159,0,0.261025,0
117975,33731,0,0.277877,0
2646,29203,0,0.364923,0
83157,19048,0,0.340028,0
45217,36929,0,0.242512,0
73707,31553,0,0.308837,0
166111,33554,0,0.334509,0
30680,10904,0,0.393663,0
39320,45712,0,0.255259,0
96924,5322,0,0.463607,1
89304,5337,0,0.213375,0
162937,46979,0,0.531021,1
63318,11481,0,0.344169,0
180534,46979,0,0.367247,0
119603,1202,0,0.265813,0
132299,24097,0,0.19317,0
156090,14462,0,0.435875,0
20906,23794,0,0.236742,0
49675,40545,0,0.344012,0
185742,11984,0,0.384787,0
154556,17794,0,0.352101,0
144697,37646,0,0.410273,0
205264,397,0,0.275507,0
203025,46107,0,0.381529,0
201112,48347,0,0.226684,0
126121,21717,0,0.356065,0
66387,20887,0,0.334164,0
83364,14592,0,0.395979,0
65207,45761,0,0.427017,0
31387,5876,1,0.441103,0
97264,47655,0,0.320615,0
155742,15902,0,0.410401,0
143236,10607,0,0.40041,0
188804,27086,0,0.375213,0
2870,15795,0,0.416202,0
61561,19348,0,0.305818,0
149412,35819,0,0.400137,0
191562,11576,0,0.271216,0
23304,42333,0,0.425096,0
136112,43662,1,0.48258,1
82887,5006,0,0.371478,0
178817,47192,0,0.36069,0
60918,21938,0,0.463887,1
42992,25527,0,0.361647,0
167518,43194,0,0.389238,0
160850,2099,0,0.210246,0
30012,38216,0,0.352441,0
22775,41198,0,0.316094,0
134145,44514,0,0.252852,0
165173,28311,1,0.272916,0
102070,29084,0,0.34274,0
42706,47672,0,0.373841,0
164484,32839,0,0.363049,0
69942,7992,0,0.429261,0
121436,45650,0,0.222778,0
103718,30391,0,0.282169,0
47986,40232,0,0.355562,0
164558,43073,0,0.382738,0
200565,11331,0,0.275762,0
92535,5450,0,0.308647,0
129355,15354,0,0.331387,0
82286,33122,0,0.443067,0
193045,42231,0,0.354202,0
83728,12572,0,0.506835,1
131385,40689,0,0.333289,0
38339,26369,0,0.243856,0
31097,14657,0,0.2725,0
48332,1521,1,0.512232,1
143948,44008,0,0.298745,0
70682,5794,0,0.434756,0
124887,12078,0,0.476203,1
105289,9534,0,0.39112,0
14493,1244,0,0.423813,0
178309,40723,0,0.229171,0
192692,49383,0,0.382947,0
34823,14992,0,0.46231,1
93898,33511,0,0.278795,0
33947,23901,0,0.243005,0
110123,43908,0,0.19317,0
28847,35725,0,0.291312,0
162449,204,0,0.252301,0
80862,27966,1,0.454305,1
60845,4920,0,0.438617,0
176070,9422,0,0.268542,0
93885,40706,0,0.467819,1
43304,19048,0,0.253765,0
41546,31268,0,0.370564,0
116656,28199,0,0.217158,0
118469,25804,0,0.434667,0
140663,25890,0,0.285749,0
93698,49683,0,0.42526,0
83681,6340,0,0.448688,0
133013,33792,0,0.178684,0
4915,25340,0,0.379995,0
156762,21376,1,0.47287,1
205782,24184,0,0.277064,0
203364,10385,0,0.416833,0
92360,46308,0,0.256913,0
3219,22935,0,0.418358,0
134788,46968,0,0.375794,0
21227,436,0,0.3147,0
170415,5169,0,0.330887,0
197897,22825,0,0.374339,0
3168,33636,0,0.365123,0
29212,38689,1,0.45069,1
9124,35424,0,0.378695,0
136818,19596,0,0.263644,0
9493,44359,0,0.3958,0
154305,12779,0,0.223148,0
134744,8324,0,0.361929,0
204241,13085,0,0.402316,0
32617,3561,0,0.277723,0
83562,49533,0,0.187974,0
140870,16549,1,0.458562,1
42654,13147,1,0.521827,1
70507,5886,0,0.402383,0
141711,23672,0,0.383192,0
93845,44303,0,0.316498,0
121858,24390,1,0.397675,0
135365,19887,0,0.241914,0
10451,35752,0,0.318313,0
635,5161,0,0.269398,0
143768,12845,0,0.382787,0
202190,17155,0,0.220888,0
52359,26453,0,0.278514,0
82433,11173,0,0.368958,0
171402,27521,0,0.303486,0
57424,24231,0,0.379863,0
9244,5210,0,0.344903,0
79008,5462,0,0.305167,0
9981,17224,1,0.468871,1
128334,31506,0,0.400403,0
127103,2540,0,0.404631,0
80468,22474,0,0.217147,0
19844,13252,0,0.347584,0
89254,13924,0,0.317783,0
167888,28821,1,0.470983,1
136001,47209,0,0.270809,0
180437,8309,0,0.396141,0
180691,26683,0,0.405989,0
25951,1217,0,0.433175,0
64684,30252,0,0.372052,0
20744,4844,0,0.294316,0
59651,39877,0,0.331396,0
198631,23288,0,0.435828,0
25870,1713,0,0.200998,0
155642,5296,0,0.356662,0
137392,43352,0,0.308896,0
164222,24010,0,0.420858,0
56096,9366,0,0.286724,0
30681,3327,0,0.31073,0
135746,27104,0,0.283639,0
147291,27548,0,0.296956,0
140508,43194,0,0.405502,0
165754,21709,0,0.523601,1
120796,23909,0,0.345622,0
197970,904,0,0.343789,0
165980,21288,0,0.435459,0
97975,3880,0,0.387735,0
146386,33957,0,0.271358,0
116217,41844,0,0.304332,0
110636,28643,0,0.216232,0
193844,46969,0,0.315646,0
78144,11281,0,0.338642,0
36457,38371,0,0.397398,0
202621,39984,0,0.367969,0
115912,31717,0,0.404837,0
204436,34034,0,0.38326,0
129652,21903,0,0.323094,0
178966,2535,0,0.293437,0
169150,28014,0,0.373009,0
110909,17668,0,0.382091,0
168741,24852,0,0.48949,1
14365,40268,0,0.246659,0
89200,46906,0,0.354502,0
193042,9000,0,0.338075,0
48143,23029,0,0.268938,0
43420,45066,0,0.505316,1
97401,49374,0,0.242437,0
203979,22556,1,0.519492,1
25307,4726,0,0.39741,0
94003,42170,0,0.395503,0
128377,4920,0,0.410035,0
69463,45410,0,0.20523,0
87479,41787,1,0.505291,1
146397,36849,0,0.333097,0
41231,43122,0,0.394092,0
71345,29205,0,0.217492,0
168275,11096,0,0.359487,0
191174,20869,0,0.330347,0
186227,4605,0,0.209408,0
19392,28842,0,0.306437,0
186196,14233,0,0.389943,0
20083,43875,0,0.23659,0
78039,40386,0,0.234329,0
59998,27966,0,0.406703,0
82619,19017,0,0.384479,0
177530,34358,0,0.301275,0
136028,23986,0,0.355083,0
2970,27086,0,0.242277,0
170980,13885,0,0.236741,0
53385,33454,0,0.46029,1
104309,20588,0,0.417805,0
203692,39113,0,0.354261,0
7247,15200,0,0.441739,0
148917,10017,0,0.233007,0
138242,28465,0,0.291255,0
101893,26648,0,0.301541,0
79795,18465,0,0.288312,0
202380,26985,0,0.272929,0
32273,3952,1,0.44424,0
199156,11068,0,0.233149,0
114554,42719,0,0.394811,0
116979,6758,0,0.394878,0
54353,20998,0,0.227493,0
87297,48235,0,0.262936,0
30137,38231,0,0.399811,0
92305,651,0,0.420981,0
152471,15472,0,0.22839,0
119024,44858,0,0.32809,0
151158,1,0,0.347091,0
77614,21461,0,0.36558,0
24309,24622,0,0.372724,0
30910,6153,0,0.234174,0
3989,13870,0,0.277917,0
193550,49075,0,0.337556,0
57829,40415,0,0.212344,0
134540,41433,0,0.360504,0
177263,35068,0,0.217389,0
96832,46059,0,0.399121,0
127466,44912,0,0.264417,0
72110,21582,0,0.250935,0
163332,3599,0,0.269089,0
15466,44525,0,0.219191,0
84189,21511,0,0.377359,0
58736,31506,0,0.424998,0
187339,46979,0,0.49836,1
131093,25146,0,0.219898,0
145009,19821,0,0.437183,0
155788,6664,0,0.244959,0
127102,22568,0,0.382676,0
180734,38603,0,0.349289,0
202795,13231,0,0.205428,0
70185,20423,0,0.443866,0
90662,13500,0,0.389942,0
200343,5115,0,0.298792,0
13735,25072,0,0.243358,0
74969,20431,0,0.248016,0
88950,48679,0,0.273315,0
106184,7021,0,0.390765,0
16429,17207,0,0.253062,0
11512,45290,0,0.336226,0
174963,18465,0,0.374607,0
158695,18370,0,0.431309,0
85979,39275,0,0.401745,0
155405,16004,0,0.379956,0
19042,20977,0,0.389745,0
129234,11737,0,0.274204,0
199999,40934,0,0.283231,0
30191,10655,0,0.314017,0
8390,4920,0,0.441181,0
203637,5860,0,0.451263,1
135441,34619,0,0.29123,0
94071,4960,0,0.438611,0
187214,45504,0,0.500103,1
68075,27471,0,0.250053,0
142157,34969,0,0.403908,0
199785,41950,0,0.351541,0
123661,35554,0,0.255133,0
138271,49585,0,0.367207,0
203343,28289,0,0.282356,0
147891,41508,0,0.259043,0
163286,25659,0,0.379035,0
193393,31040,0,0.337533,0
117829,15740,0,0.433745,0
20774,34658,0,0.323982,0
180083,712,0,0.27822,0
79411,14493,0,0.34273,0
198056,4847,0,0.42591,0
162978,47626,0,0.306584,0
88124,14256,0,0.387761,0
149128,3800,0,0.39833,0
27372,18110,1,0.455029,1
198261,38689,0,0.322717,0
127713,41750,0,0.277759,0
66197,19678,1,0.448642,0
12740,30391,0,0.321444,0
163179,42265,0,0.391503,0
52479,19711,0,0.406372,0
154556,47626,0,0.375209,0
145503,7177,0,0.320372,0
85536,23836,0,0.258162,0
18270,26209,1,0.447583,0
99520,47626,0,0.303168,0
178638,1015,0,0.381018,0
117965,2380,0,0.385625,0
92706,14010,0,0.312316,0
55838,37193,0,0.21105,0
54602,23400,0,0.381513,0
179784,21137,0,0.400087,0
49122,21137,0,0.352311,0
192289,29668,0,0.265538,0
90392,8277,0,0.509036,1
30385,5684,0,0.392699,0
143711,48697,0,0.401827,0
49634,1197,0,0.392382,0
166459,24599,0,0.328304,0
95609,43647,1,0.407583,0
39755,19508,0,0.332111,0
195253,47672,0,0.371402,0
158936,3541,0,0.287316,0
185005,22559,1,0.423548,0
32157,37766,0,0.449454,0
6222,43789,0,0.399239,0
141845,40604,0,0.363597,0
90539,40706,0,0.335358,0
175800,39922,1,0.462611,1
155827,31605,0,0.327336,0
129755,39812,0,0.329907,0
47094,44880,0,0.378803,0
66038,47766,0,0.425015,0
116283,18465,0,0.282356,0
109218,22442,0,0.443982,0
96887,47597,0,0.186212,0
70871,14947,0,0.294176,0
141340,21225,0,0.359659,0
38964,27966,0,0.419369,0
31124,1408,0,0.250502,0
68157,22795,0,0.407557,0
136679,15328,0,0.372368,0
73994,32085,0,0.405457,0
84392,44375,0,0.217389,0
69652,9649,0,0.257923,0
164319,26348,0,0.397182,0
77422,19348,0,0.285254,0
105706,36685,0,0.340217,0
84304,11737,1,0.451951,1
183489,39275,0,0.426603,0
151905,38400,0,0.378069,0
46451,13853,0,0.244144,0
7398,13730,0,0.325629,0
136315,17202,0,0.274934,0
40360,13440,0,0.203937,0
83541,2314,0,0.44915,0
138512,20114,1,0.46673,1
75897,33037,0,0.291667,0
110798,3381,0,0.247773,0
71532,47626,0,0.333021,0
156682,40516,0,0.381323,0
162947,36389,0,0.358903,0
41238,9421,0,0.276925,0
120087,33290,0,0.250053,0
90575,13733,0,0.273986,0
120157,10673,0,0.362161,0
187979,20577,0,0.268806,0
27954,1541,0,0.46645,1
105058,49622,0,0.253444,0
159840,38456,0,0.337755,0
50210,21137,0,0.494983,1
82591,5744,0,0.322713,0
167649,11777,0,0.388012,0
158056,8030,0,0.346223,0
61279,26604,0,0.282331,0
20979,5157,0,0.344694,0
164404,39984,0,0.301422,0
65974,4920,0,0.336743,0
131993,35652,0,0.367693,0
169915,47788,0,0.334965,0
194037,34608,0,0.342719,0
812,15613,0,0.291667,0
61311,13517,0,0.212275,0
60554,43768,0,0.236003,0
101340,37606,0,0.224093,0
205224,42265,0,0.298132,0
195331,34126,0,0.401305,0
34383,7863,0,0.342402,0
1545,18027,0,0.443396,0
145746,30960,0,0.43079,0
65278,20794,0,0.320741,0
123366,5876,0,0.323037,0
137930,561,0,0.194505,0
150074,36118,1,0.357939,0
149146,27163,0,0.266424,0
105118,18849,0,0.258449,0
66262,11520,0,0.484551,1
150237,2175,0,0.207264,0
195032,18465,0,0.455354,1
32066,33401,0,0.324971,0
127547,37654,0,0.186516,0
173708,9387,0,0.371774,0
68250,20682,0,0.390904,0
69266,33768,0,0.441876,0
111846,42828,0,0.239926,0
73303,27845,0,0.413777,0
89819,27344,0,0.433815,0
113599,18908,0,0.258515,0
65875,35951,0,0.473277,1
84321,20904,0,0.304251,0
122377,3266,0,0.258443,0
46819,20323,1,0.528332,1
82929,1402,1,0.517799,1
157951,46979,0,0.333274,0
131043,31040,0,0.292358,0
105734,5240,0,0.253444,0
127009,17181,0,0.267797,0
10810,20842,0,0.292753,0
8843,6481,0,0.220653,0
59145,5876,0,0.308502,0
7228,39973,0,0.244959,0
139691,19366,0,0.364886,0
48869,29159,0,0.362653,0
109917,31960,0,0.351764,0
200978,8309,0,0.366854,0
153396,19732,0,0.37872,0
6122,37113,0,0.22082,0
127064,19678,0,0.282356,0
81730,8518,0,0.440355,0
51566,8518,0,0.415915,0
189042,34448,0,0.412637,0
77466,36259,0,0.267178,0
54283,43086,0,0.364479,0
95441,28597,0,0.374137,0
82706,46812,0,0.382155,0
72342,9849,0,0.330806,0
120865,32864,0,0.424795,0
132210,38241,0,0.251639,0
41389,31130,0,0.220888,0
32014,30307,0,0.416961,0
42555,19478,0,0.193682,0
49370,41774,0,0.414951,0
32102,32429,0,0.373514,0
80842,5652,0,0.379036,0
185961,15613,0,0.358388,0
147130,34862,0,0.269945,0
136998,19261,0,0.23521,0
195002,31087,0,0.502414,1
92848,21573,0,0.275358,0
18298,2450,0,0.362935,0
198217,39275,0,0.202448,0
82344,3481,0,0.282475,0
65481,4726,0,0.213706,0
101030,45200,0,0.421063,0
193858,39194,0,0.277888,0
116651,9725,0,0.422814,0
17363,44292,0,0.522671,1
37627,47626,0,0.314023,0
175425,38797,0,0.302794,0
98675,23517,0,0.332751,0
194505,24764,0,0.222553,0
198781,35221,0,0.275376,0
85393,16673,1,0.407009,0
65819,19706,0,0.38269,0
83690,15392,0,0.380036,0
201712,7518,0,0.371719,0
178735,41774,0,0.249447,0
153777,47766,0,0.300591,0
154267,39121,1,0.426948,0
68415,19370,0,0.352241,0
117435,28643,0,0.189195,0
68484,43957,0,0.385247,0
122089,47626,0,0.45285,1
154306,5876,0,0.409442,0
103217,39794,0,0.32472,0
15395,311,0,0.280242,0
190156,45144,0,0.314893,0
140230,27714,0,0.334353,0
150649,29223,0,0.374158,0
56890,23594,0,0.35687,0
132481,49667,1,0.477321,1
110198,30599,0,0.404134,0
163569,12206,0,0.315644,0
183846,38494,0,0.46246,1
31765,39249,0,0.356533,0
167187,42814,0,0.380619,0
167720,37065,0,0.352771,0
198699,39619,0,0.387943,0
60818,4461,0,0.333465,0
102096,13176,0,0.374133,0
146530,49325,0,0.418392,0
143496,28931,0,0.275916,0
11948,27050,0,0.389754,0
175425,35176,0,0.286061,0
115302,5450,1,0.434562,0
2186,7150,0,0.375626,0
61850,17579,0,0.41718,0
143422,38908,0,0.280614,0
169064,19658,0,0.329533,0
70102,34648,0,0.384979,0
474,35510,0,0.225344,0
198929,1511,0,0.321371,0
98614,311,0,0.23811,0
64145,11461,0,0.334342,0
107232,34823,0,0.204595,0
175083,47734,0,0.281007,0
148073,29299,0,0.356646,0
170440,2943,0,0.378553,0
154762,25890,0,0.37506,0
156517,43772,0,0.299681,0
102422,49098,0,0.404829,0
92840,22935,0,0.403876,0
117493,22210,0,0.327057,0
59340,6948,0,0.339757,0
33098,12341,0,0.434327,0
203733,23363,0,0.380035,0
105293,21903,0,0.34325,0
144869,25824,1,0.43177,0
2118,22090,0,0.382546,0
172603,4605,0,0.252491,0
26225,29178,0,0.33811,0
82603,43928,0,0.385452,0
119050,39408,0,0.409787,0
17735,16283,0,0.371816,0
50172,28842,0,0.325921,0
22284,21938,0,0.321251,0
164319,44115,0,0.375378,0
166693,33232,0,0.229744,0
83719,8277,0,0.416794,0
93266,47098,0,0.365874,0
69646,43295,0,0.325652,0
178033,10504,0,0.257948,0
464,26723,0,0.216825,0
165594,11710,0,0.271942,0
46033,21903,0,0.349567,0
46356,27471,0,0.200684,0
60863,10275,0,0.417128,0
139354,38374,0,0.263284,0
76715,49235,1,0.542259,1
1246,44642,0,0.347616,0
90911,19292,0,0.253915,0
204524,48104,0,0.298378,0
89636,23634,0,0.340388,0
188667,25466,0,0.371942,0
79056,454,0,0.232638,0
17957,19938,0,0.375995,0
104795,4920,0,0.289408,0
74797,12385,0,0.371898,0
141155,17794,0,0.409177,0
113599,11520,0,0.344952,0
121984,21472,0,0.357986,0
5828,15649,0,0.428458,0
166039,7781,0,0.246378,0
182474,48171,0,0.336934,0
45003,34287,1,0.365147,0
95870,31342,0,0.267254,0
51566,47601,0,0.311065,0
151736,20638,0,0.253366,0
194846,47301,0,0.372808,0
190821,11363,0,0.229383,0
158362,22524,0,0.354886,0
204681,45633,0,0.370266,0
115415,34449,0,0.398585,0
136991,47086,0,0.398719,0
97661,9963,0,0.266232,0
38348,46913,0,0.364022,0
182199,38293,0,0.363297,0
155339,17370,0,0.309266,0
93308,9076,0,0.33518,0
68865,16797,0,0.3496,0
16464,14168,0,0.28243,0
140433,24009,0,0.330455,0
48245,7026,0,0.414393,0
44558,34530,0,0.397677,0
150244,13740,0,0.396306,0
7665,44661,0,0.325417,0
174688,22164,0,0.380461,0
15579,15100,0,0.384071,0
121022,29387,0,0.407086,0
95063,49191,0,0.198498,0
1844,44035,0,0.390879,0
88181,15290,0,0.417533,0
176219,37086,0,0.407719,0
149749,45,0,0.240031,0
46251,26648,0,0.192489,0
31189,43904,0,0.263975,0
183101,5171,0,0.238713,0
69110,27881,0,0.325562,0
68439,29826,0,0.32495,0
173440,28985,0,0.283204,0
126828,47792,0,0.272683,0
37650,30759,0,0.366628,0
69847,45208,0,0.382606,0
18159,18963,0,0.413438,0
196431,42450,0,0.422364,0
41858,8571,0,0.412036,0
40905,24390,0,0.229555,0
19974,11046,0,0.386086,0
20797,34243,1,0.446417,0
169489,3464,0,0.386916,0
21250,47766,0,0.389608,0
152936,11182,0,0.465558,1
99551,31342,0,0.386819,0
44091,30960,0,0.282874,0
195728,38996,0,0.401529,0
170099,23170,0,0.297223,0
24940,20682,0,0.252014,0
27017,12341,0,0.258384,0
127340,36735,0,0.341276,0
25861,24852,0,0.328829,0
101496,21288,0,0.365088,0
49347,31893,0,0.428506,0
190433,27845,0,0.331738,0
52960,30623,0,0.286312,0
178590,22317,0,0.278571,0
80118,24231,0,0.373642,0
44502,34244,0,0.466573,1
146271,46256,0,0.390413,0
193900,19508,0,0.274043,0
184212,1947,0,0.401238,0
175410,14858,0,0.422885,0
170735,13212,0,0.248693,0
179834,33388,0,0.383752,0
192289,24221,1,0.279759,0
173407,23955,0,0.230262,0
128520,40078,0,0.368983,0
182022,27845,0,0.42748,0
151024,24964,0,0.271826,0
34219,23554,0,0.197969,0
107596,26113,0,0.393562,0
55713,42265,0,0.30575,0
9832,37033,0,0.194428,0
75191,28110,0,0.239513,0
169530,22963,0,0.439405,0
82597,41950,0,0.406768,0
137007,14536,0,0.259322,0
107494,27171,0,0.208446,0
90150,27336,0,0.228653,0
114225,4086,0,0.391448,0
81703,14858,0,0.25754,0
202775,37646,0,0.383216,0
140648,42943,0,0.258515,0
168727,1823,0,0.410382,0
163962,17397,0,0.258569,0
167190,22939,0,0.219026,0
192321,16995,0,0.393426,0
171400,17067,0,0.32134,0
42353,26047,0,0.375801,0
106184,36322,0,0.350359,0
176783,5649,0,0.344842,0
17792,12099,1,0.481219,1
192910,21903,0,0.422379,0
23713,33471,0,0.355488,0
51037,10326,1,0.477992,1
20097,4052,0,0.406646,0
99115,27521,1,0.446338,0
157590,1158,0,0.356604,0
117725,28476,0,0.402125,0
51248,40542,1,0.405188,0
93898,14462,0,0.28577,0
143402,38226,0,0.200529,0
179529,8174,0,0.363321,0
76534,22922,0,0.372915,0
52223,17264,0,0.3152,0
114824,16349,0,0.435357,0
73174,10309,0,0.353256,0
174085,8670,0,0.227485,0
41508,32364,0,0.252569,0
525,26283,0,0.344164,0
20814,14678,0,0.242277,0
70831,21292,0,0.268274,0
199780,40706,0,0.361377,0
24257,26369,0,0.439938,0
172768,22290,0,0.334209,0
914,2108,0,0.221455,0
133262,42585,0,0.242277,0
69022,18523,0,0.256945,0
11518,22035,0,0.460305,1
29041,17224,0,0.313268,0
197351,40377,0,0.255229,0
52698,32655,0,0.369632,0
162605,38773,0,0.271942,0
200679,32740,0,0.283614,0
141606,36085,0,0.249745,0
26791,17256,0,0.27325,0
131043,30489,0,0.324971,0
160650,26376,0,0.288622,0
143402,8251,0,0.301614,0
169851,22247,0,0.249535,0
72943,21137,0,0.452418,1
22284,26209,0,0.278416,0
95765,36809,0,0.355463,0
150244,21137,0,0.418076,0
205747,8670,0,0.362994,0
76608,21405,0,0.415629,0
195169,12113,0,0.311478,0
191174,14976,0,0.3457,0
158690,14881,0,0.265272,0
129687,34126,0,0.239293,0
154163,329,0,0.3994,0
150063,9430,0,0.357848,0
61424,24184,1,0.395902,0
154964,37552,0,0.254654,0
2432,37096,0,0.368288,0
190932,26904,0,0.383163,0
28226,11826,0,0.407743,0
205273,9755,0,0.331979,0
67755,29993,0,0.363067,0
202352,15221,0,0.439507,0
70619,27544,0,0.352628,0
159792,29382,0,0.357955,0
67178,8021,0,0.274674,0
131610,39275,0,0.275121,0
122073,46906,0,0.326293,0
96875,43352,0,0.412185,0
87398,40358,0,0.36227,0
474,34134,0,0.30223,0
183263,44146,0,0.196143,0
117126,49235,0,0.380825,0
144305,41570,0,0.409664,0
49453,13378,1,0.439935,0
18062,21927,0,0.302713,0
39788,23848,0,0.278811,0
34284,44325,0,0.343454,0
39873,26047,0,0.483518,1
164820,27104,0,0.240368,0
40905,41787,0,0.270714,0
170848,43973,0,0.330143,0
43653,23695,0,0.313938,0
159900,48123,0,0.264334,0
49314,31713,0,0.345072,0
153033,24954,0,0.370317,0
24236,7778,0,0.2677,0
201928,48364,0,0.434282,0
44108,26430,0,0.275057,0
120714,14874,0,0.332901,0
5487,24222,0,0.310283,0
1272,12419,0,0.36706,0
32794,15487,0,0.246659,0
84411,48017,0,0.201872,0
150249,24260,0,0.385102,0
163857,17334,0,0.385817,0
203089,26606,0,0.226453,0
111345,47087,0,0.285909,0
181208,38273,0,0.25397,0
106554,4137,0,0.433652,0
81603,43713,0,0.455354,1
198993,28553,0,0.220571,0
135371,44479,0,0.344889,0
16173,31238,0,0.375653,0
155233,8571,0,0.34127,0
147482,27629,0,0.32155,0
201507,35503,0,0.2677,0
192121,35770,0,0.251304,0
62742,22935,0,0.43629,0
171854,8811,0,0.415369,0
176075,7781,0,0.303122,0
14872,5315,0,0.372264,0
152183,14741,0,0.399519,0
91118,5746,0,0.443098,0
31874,39812,0,0.264222,0
197970,43295,0,0.33518,0
146530,43961,0,0.472188,1
12077,47223,0,0.362747,0
139881,13565,0,0.240848,0
130651,21938,0,0.407375,0
29939,27451,0,0.225504,0
159844,22935,0,0.295712,0
158335,890,0,0.380182,0
21647,13113,0,0.227985,0
188267,47861,0,0.220571,0
163454,23405,0,0.323659,0
26536,3631,0,0.31413,0
30948,33043,0,0.355537,0
81300,48018,0,0.305317,0
127540,34137,0,0.513743,1
1822,23452,1,0.495039,1
162808,24535,0,0.276973,0
201417,19468,0,0.33362,0
8706,34124,0,0.32566,0
41394,6348,0,0.2473,0
90216,47626,1,0.504019,1
201588,26911,0,0.314768,0
177706,20463,0,0.408841,0
16357,43930,0,0.288344,0
44926,16281,0,0.261671,0
135535,38400,0,0.28655,0
104839,34550,0,0.343436,0
180410,19468,0,0.329872,0
61169,5001,0,0.393876,0
134946,7010,0,0.204965,0
147819,28993,0,0.405923,0
4801,32650,0,0.395781,0
17509,16145,0,0.390882,0
143099,18818,0,0.321716,0
7506,49235,0,0.422173,0
154489,16696,0,0.29213,0
146005,24852,0,0.351152,0
200722,16965,0,0.39301,0
88938,33682,1,0.410688,0
124165,46823,0,0.417477,0
21050,10957,0,0.311964,0
42784,45349,0,0.2093,0
168185,25588,0,0.417412,0
168007,47766,0,0.515043,1
185042,40146,0,0.392983,0
123301,24571,0,0.268722,0
10342,29288,0,0.413718,0
142838,18814,0,0.31764,0
143707,13802,0,0.225232,0
145692,22825,0,0.496001,1
74152,36326,0,0.340663,0
138795,47977,0,0.299674,0
34785,9337,0,0.336055,0
185127,21445,0,0.274934,0
63098,16213,0,0.391728,0
128626,39094,1,0.454095,1
34013,11520,0,0.343354,0
50929,32707,0,0.251595,0
168313,9743,0,0.222553,0
165641,37067,0,0.430886,0
97372,24221,0,0.319391,0
157817,47626,0,0.328822,0
98094,31853,0,0.387672,0
21128,21903,0,0.476249,1
184304,21868,0,0.220173,0
144914,11182,0,0.417188,0
94339,27984,0,0.307081,0
195897,13167,0,0.388384,0
89842,8197,1,0.528395,1
190344,40203,0,0.341376,0
33619,23,0,0.398519,0
149022,41844,0,0.360613,0
175725,17008,0,0.345023,0
203283,38618,0,0.347675,0
167715,38511,0,0.451544,1
1820,36011,0,0.455281,1
177166,26209,0,0.425068,0
24910,42736,0,0.406373,0
158823,39238,0,0.387375,0
36974,41561,1,0.509158,1
41990,49683,0,0.42144,0
107208,2314,0,0.324508,0
4971,22093,0,0.255688,0
96192,35004,0,0.296201,0
52654,28800,0,0.253899,0
69464,25893,0,0.39096,0
48426,32573,0,0.382484,0
199370,41621,0,0.254545,0
11770,42421,0,0.200376,0
3546,17982,0,0.444028,0
154942,10478,0,0.344389,0
196601,3856,0,0.410497,0
52740,26083,0,0.315074,0
167509,43295,0,0.470394,1
124556,5451,1,0.408302,0
187378,7051,0,0.337675,0
195115,29388,0,0.374056,0
26359,13212,0,0.401652,0
102582,28666,0,0.405965,0
7027,25256,0,0.341572,0
4198,13176,0,0.289605,0
192519,33102,0,0.454296,1
100773,31185,0,0.251264,0
33906,21137,0,0.329803,0
141171,33816,0,0.396302,0
153410,43768,0,0.35915,0
46424,23198,0,0.409378,0
129122,21553,0,0.233149,0
187715,196,0,0.295125,0
141069,3634,0,0.311944,0
43979,16759,0,0.298132,0
127464,49141,0,0.309957,0
123466,46522,0,0.35443,0
17363,26800,0,0.370198,0
8715,25588,0,0.246847,0
203644,17794,0,0.28241,0
12139,3990,0,0.396892,0
181278,40388,0,0.331565,0
162067,28842,0,0.442105,0
73879,35042,0,0.267871,0
59892,27065,0,0.302327,0
30043,45862,1,0.445792,0
159341,39275,0,0.416607,0
53693,13819,0,0.369517,0
6168,21955,0,0.452131,1
130566,23165,0,0.378133,0
172416,19429,0,0.267526,0
77664,12347,0,0.256641,0
84569,46347,0,0.261633,0
43211,22788,0,0.387477,0
159269,12791,0,0.369412,0
99713,9020,1,0.508598,1
3276,47209,0,0.476259,1
200633,24852,0,0.357256,0
125355,35821,0,0.298492,0
201089,23194,0,0.256976,0
20575,18382,0,0.293739,0
62055,31343,0,0.407671,0
151334,8680,0,0.219289,0
64658,38777,0,0.471035,1
144046,27966,0,0.24451,0
8499,42479,0,0.285909,0
6486,8746,0,0.277995,0
106637,1025,0,0.395067,0
105825,33819,0,0.394558,0
60078,12358,0,0.382279,0
27504,43744,0,0.468739,1
20561,21137,0,0.392708,0
88963,15040,0,0.245516,0
185883,27531,0,0.272556,0
42676,5618,0,0.381559,0
164304,21137,0,0.426294,0
107961,35176,1,0.492442,1
155229,16759,0,0.370691,0
131946,45249,0,0.246625,0
115912,19457,0,0.43228,0
114928,8626,0,0.327015,0
165173,28289,1,0.363888,0
51719,22234,0,0.299972,0
181566,45009,0,0.346655,0
101292,25146,0,0.441129,0
181827,46692,0,0.215464,0
107729,21645,0,0.387856,0
141593,2466,0,0.232359,0
7378,13176,0,0.443242,0
70841,49621,0,0.35757,0
20379,31486,0,0.303411,0
114560,36865,0,0.416926,0
12232,31287,0,0.319922,0
97319,44325,0,0.218119,0
20843,22963,0,0.373682,0
65130,26060,0,0.260618,0
96316,42828,0,0.282396,0
76957,42736,0,0.280818,0
1618,1468,0,0.263184,0
147482,13370,0,0.262607,0
172618,37646,0,0.394243,0
124829,24852,0,0.248833,0
119462,24129,0,0.264516,0
32552,29127,0,0.387313,0
55040,16988,0,0.335956,0
93480,18441,0,0.409302,0
88557,4562,0,0.416318,0
138774,38400,0,0.3028,0
164319,2745,0,0.388688,0
156695,37119,0,0.220748,0
57621,39984,0,0.417063,0
8440,44325,0,0.298367,0
27104,18370,0,0.35491,0
80354,6473,0,0.26295,0
109942,35951,0,0.371804,0
56461,895,0,0.389172,0
21267,43692,0,0.311871,0
191308,33198,1,0.531936,1
144115,35761,0,0.269547,0
121115,10049,0,0.41375,0
124012,23995,0,0.191041,0
155687,14881,0,0.399034,0
55267,29127,0,0.413996,0
197361,17794,0,0.415789,0
110025,18148,0,0.249526,0
105805,21009,0,0.404742,0
201170,47209,0,0.510303,1
163857,22210,0,0.321204,0
49580,42585,0,0.378403,0
127001,39348,0,0.440136,0
95471,47927,0,0.200529,0
176076,16133,0,0.317377,0
81443,1197,0,0.26295,0
177386,1194,0,0.432733,0
168857,47185,0,0.30356,0
114525,14992,0,0.24737,0
40627,44359,0,0.209408,0
195585,14379,0,0.323737,0
181652,21011,0,0.219454,0
107936,38414,0,0.297035,0
157028,47209,0,0.466937,1
13218,7955,0,0.360674,0
163502,9477,0,0.297332,0
86130,42701,0,0.399245,0
68582,40541,0,0.401446,0
127084,40706,0,0.47893,1
56282,21769,0,0.273281,0
51813,49247,0,0.387629,0
81408,2885,0,0.31885,0
2884,27663,0,0.393406,0
88765,13016,0,0.40894,0
4649,42625,0,0.257863,0
75898,49585,0,0.212087,0
159117,4565,0,0.389044,0
160713,7021,0,0.353452,0
34715,5202,0,0.336902,0
105783,49248,0,0.449274,0
38469,27744,0,0.33158,0
168701,44303,0,0.350998,0
72738,43712,1,0.345799,0
180728,26416,0,0.324109,0
152792,32205,0,0.2222,0
147812,9327,0,0.29942,0
39225,8571,0,0.392258,0
139883,13535,0,0.265206,0
182977,19049,0,0.271626,0
91046,29801,0,0.350245,0
20082,44632,0,0.244436,0
17277,12232,0,0.446176,0
188020,30226,0,0.390799,0
187714,16995,0,0.342962,0
44971,27845,0,0.518695,1
153149,19048,0,0.252299,0
68852,45264,0,0.307961,0
2156,29487,0,0.448615,0
198517,19910,0,0.409128,0
153278,47409,0,0.414638,0
165820,2966,0,0.333616,0
91287,16145,0,0.376618,0
143698,24852,0,0.550723,1
111641,45149,0,0.303563,0
47212,26201,0,0.313923,0
24028,48946,0,0.253015,0
54597,13712,0,0.226917,0
42655,36736,0,0.36706,0
114423,23001,0,0.37426,0
102831,30057,0,0.25393,0
111972,33175,0,0.406881,0
199005,39408,0,0.232904,0
46564,45511,0,0.25873,0
98523,25801,0,0.358036,0
81537,49520,0,0.415688,0
115941,8571,0,0.424801,0
144490,43389,0,0.24892,0
17363,29867,0,0.32854,0
104570,43875,0,0.337912,0
161636,37611,0,0.407793,0
146257,49227,0,0.334853,0
195944,47877,0,0.42761,0
131577,30191,0,0.379825,0
77968,2295,0,0.219898,0
61483,41540,0,0.478636,1
175310,7731,0,0.260482,0
59413,33462,0,0.280242,0
19200,21295,0,0.271972,0
198602,432,0,0.489777,1
29014,45577,0,0.213628,0
178449,20779,0,0.344276,0
122439,45084,1,0.477126,1
18910,14130,0,0.210397,0
60078,44991,0,0.355048,0
201001,41690,0,0.356876,0
41019,40761,0,0.359444,0
60396,45633,0,0.228182,0
37820,15709,0,0.418471,0
60755,44424,0,0.360603,0
32124,46906,0,0.482585,1
38246,9420,0,0.384731,0
60862,38644,0,0.339149,0
135809,42526,1,0.418375,0
69330,14947,1,0.54443,1
116596,28156,1,0.396664,0
144314,5605,0,0.287016,0
91560,6193,0,0.274517,0
37777,40332,0,0.43944,0
156668,25588,0,0.270742,0
74094,1263,0,0.34317,0
178250,34024,0,0.273515,0
156018,9839,0,0.293997,0
134598,11611,0,0.234996,0
30910,29921,0,0.292328,0
16052,25806,0,0.398943,0
161079,30391,0,0.337755,0
94770,31717,0,0.330249,0
120317,34126,0,0.424345,0
64258,44142,0,0.239926,0
116656,27117,0,0.223543,0
156784,10193,0,0.224834,0
116929,31040,0,0.312732,0
169827,432,0,0.306996,0
27610,20687,0,0.233619,0
10738,22950,0,0.316257,0
70152,41805,0,0.334209,0
163247,12797,0,0.389748,0
158003,19445,0,0.419294,0
181600,39729,0,0.229444,0
189951,27596,0,0.462565,1
64783,8358,0,0.423813,0
94710,40545,1,0.446821,0
54233,40268,0,0.429867,0
57337,46516,0,0.391296,0
187243,45603,0,0.323111,0
44046,13637,0,0.343695,0
10345,13802,0,0.35774,0
159412,17971,0,0.333844,0
188186,16083,0,0.503602,1
165837,34590,0,0.381849,0
70904,10621,0,0.410821,0
183248,24288,0,0.257976,0
153986,47348,0,0.395488,0
196758,30307,0,0.40002,0
195006,33754,0,0.371056,0
33695,28990,0,0.308621,0
99376,2587,0,0.381899,0
157739,46672,0,0.26274,0
11977,45660,0,0.411716,0
110633,20607,0,0.399593,0
9878,28842,0,0.413046,0
117965,7664,0,0.377351,0
102868,36872,0,0.341118,0
28531,27966,0,0.476359,1
12344,6317,0,0.39055,0
63120,177,0,0.525513,1
162601,30695,0,0.344835,0
164307,48230,0,0.419565,0
84943,11943,0,0.226377,0
86909,40142,0,0.294303,0
7549,27423,0,0.3292,0
117023,25138,0,0.43456,0
35169,1500,0,0.234174,0
91924,33351,0,0.278378,0
120833,17131,0,0.368964,0
187910,3237,0,0.311718,0
136064,11068,0,0.234687,0
190257,35206,0,0.244092,0
156769,47766,0,0.422493,0
118937,37119,0,0.432134,0
71839,33194,0,0.263668,0
62355,36696,0,0.408241,0
161622,37038,0,0.345081,0
34057,21616,0,0.296974,0
76678,36216,1,0.500061,1
154576,47990,0,0.327905,0
30889,13866,0,0.281207,0
128132,41155,0,0.362705,0
144800,47792,0,0.347102,0
2528,34974,0,0.389758,0
24330,23729,0,0.241868,0
8274,49267,0,0.363489,0
97228,14251,0,0.339723,0
34775,26790,0,0.489449,1
162614,20840,0,0.439261,0
75001,9839,0,0.342196,0
117182,33731,0,0.36503,0
157062,34126,0,0.431536,0
24611,47766,0,0.375629,0
31093,781,0,0.324692,0
10507,14233,0,0.422105,0
106865,29142,0,0.269091,0
55979,14612,0,0.229407,0
32931,95,0,0.310368,0
188025,27104,0,0.445758,0
86236,21810,0,0.254438,0
31164,39411,0,0.418287,0
48906,48857,0,0.273895,0
125287,38400,0,0.399895,0
22040,28257,0,0.239621,0
92118,4421,1,0.404028,0
187082,14678,0,0.333755,0
42105,29662,0,0.268541,0
128511,46900,0,0.387989,0
104782,45948,0,0.242555,0
23824,21709,1,0.459386,1
106924,25740,1,0.451655,1
127781,49683,0,0.302656,0
50418,44961,0,0.381202,0
108937,3330,0,0.400003,0
159714,38770,0,0.372147,0
21163,2314,0,0.219173,0
103158,46667,0,0.475093,1
94792,38318,0,0.298777,0
45183,46984,1,0.413298,0
96999,43967,0,0.262383,0
89836,14852,0,0.276788,0
194012,18339,0,0.382711,0
103261,2050,1,0.384666,0
17070,2078,0,0.411306,0
109709,4790,0,0.396427,0
5951,10403,0,0.379201,0
51872,45066,0,0.237012,0
15743,28577,0,0.28946,0
166286,42625,0,0.461143,1
113176,48210,0,0.231238,0
103252,5332,0,0.210903,0
149182,7274,1,0.412882,0
146446,35951,0,0.365482,0
131048,23955,1,0.486943,1
27741,46131,0,0.407986,0
17647,17600,0,0.447243,0
35061,29780,0,0.291895,0
110505,7021,0,0.276121,0
142794,8955,0,0.204173,0
11576,22848,0,0.368782,0
20744,27690,0,0.35417,0
1264,20324,0,0.216232,0
109332,10333,0,0.429059,0
46715,884,0,0.250409,0
136275,28450,0,0.212087,0
162690,33234,1,0.474114,1
153236,23337,0,0.274174,0
141464,544,0,0.342185,0
104936,22069,0,0.407685,0
1240,30461,0,0.208585,0
10716,38029,0,0.323617,0
75853,18539,0,0.319869,0
48622,5603,0,0.344839,0
23808,17794,0,0.457357,1
22640,43086,0,0.385683,0
40109,20448,0,0.221215,0
127868,22298,0,0.312307,0
183606,40706,0,0.217158,0
92393,16479,0,0.294819,0
173945,46593,0,0.388822,0
156913,8787,0,0.285169,0
179873,26497,1,0.458965,1
136661,24062,0,0.280763,0
43524,43768,0,0.450941,1
167987,41437,0,0.391165,0
101368,44008,0,0.459127,1
167536,3376,0,0.387968,0
124721,33672,0,0.299334,0
76121,20400,0,0.325765,0
70078,975,0,0.380794,0
93083,40910,0,0.196507,0
176076,43735,0,0.31875,0
39620,37255,0,0.256713,0
8063,33089,0,0.40041,0
179746,20107,0,0.387816,0
153919,26767,0,0.279246,0
82464,32402,0,0.457378,1
148250,1483,0,0.264649,0
106061,5077,0,0.426565,0
164277,6576,0,0.246659,0
174996,38456,0,0.401518,0
174081,33752,0,0.264319,0
79785,31181,1,0.392951,0
46100,8929,0,0.357922,0
195998,41642,0,0.456665,1
141844,38293,0,0.240757,0
110442,14862,0,0.31875,0
79382,22180,0,0.447277,0
125955,17747,0,0.212058,0
195434,34969,0,0.322337,0
1495,14165,0,0.408906,0
184259,35921,0,0.438789,0
56870,23265,0,0.412592,0
74671,22952,0,0.38325,0
59595,34429,0,0.241033,0
10814,43643,0,0.429215,0
27837,28553,0,0.250368,0
149182,47854,0,0.357105,0
60040,39479,0,0.183003,0
39038,11941,0,0.332018,0
112656,22454,0,0.423359,0
88607,41845,0,0.374166,0
29344,10025,0,0.379711,0
32186,7694,0,0.385846,0
87100,35629,0,0.338129,0
64659,29456,0,0.256512,0
136555,16622,0,0.302234,0
186249,46226,0,0.440345,0
152717,11452,0,0.401235,0
160174,24279,0,0.399189,0
12647,8518,0,0.338768,0
25264,21183,0,0.265019,0
91263,12419,0,0.21803,0
15357,47532,0,0.307586,0
90687,27744,0,0.242038,0
74142,19691,0,0.245034,0
947,14895,0,0.387775,0
91193,48235,0,0.197145,0
127801,43352,0,0.410582,0
124727,4920,0,0.51451,1
29650,27966,0,0.286818,0
199850,14540,0,0.346369,0
144702,2835,0,0.298107,0
164294,46979,0,0.477576,1
32632,7021,0,0.202291,0
183512,24964,0,0.481481,1
125341,47716,0,0.337801,0
149542,35547,0,0.304565,0
177230,21616,0,0.358889,0
104433,2806,0,0.234687,0
525,26862,0,0.235743,0
129454,49275,0,0.396023,0
202941,27521,0,0.255494,0
138584,36316,0,0.319581,0
166280,13984,0,0.262646,0
65333,21461,0,0.411782,0
135185,8518,0,0.39376,0
26023,47626,0,0.28013,0
103547,43713,0,0.381492,0
154946,32638,0,0.297916,0
52075,25,1,0.448188,0
25030,23649,0,0.392485,0
158832,45645,0,0.42866,0
42945,17281,0,0.376502,0
158577,19051,0,0.311481,0
151574,27841,0,0.31045,0
183006,48163,0,0.258202,0
45528,1158,1,0.491543,1
169284,27737,0,0.220571,0
117733,40706,0,0.242277,0
47527,19734,0,0.416648,0
191148,16973,0,0.376448,0
62498,7622,0,0.389028,0
178846,8478,0,0.2556,0
114771,13338,0,0.403242,0
152919,14556,0,0.221827,0
1531,14376,0,0.337558,0
27573,30720,0,0.28222,0
140344,11046,0,0.377174,0
170489,37291,0,0.264472,0
183401,15261,0,0.385071,0
136888,35939,0,0.24557,0
107430,31985,0,0.312479,0
88375,18418,0,0.388854,0
102691,49131,0,0.397227,0
65470,15937,0,0.336076,0
42144,39059,0,0.375222,0
2558,22491,0,0.229839,0
80568,47144,0,0.273975,0
24541,27521,1,0.521177,1
151838,47500,0,0.355353,0
140607,21938,0,0.462537,1
58919,34134,0,0.447625,0
131883,28199,0,0.422456,0
182612,4605,0,0.430371,0
93246,21936,0,0.384832,0
117993,24964,0,0.266986,0
197103,26209,1,0.357895,0
126676,16462,0,0.216727,0
58218,41065,0,0.268174,0
135967,7978,0,0.287741,0
186261,12218,0,0.490828,1
39118,45842,1,0.426665,0
173405,29529,0,0.332927,0
56078,13514,0,0.345636,0
155788,33857,0,0.216747,0
80463,32052,0,0.412541,0
173543,32056,0,0.215331,0
42997,34350,0,0.249185,0
38163,31717,1,0.477654,1
141369,5250,0,0.227387,0
122380,21616,0,0.426751,0
141844,35842,0,0.267128,0
53840,43295,0,0.242208,0
192289,48476,0,0.324924,0
117357,13829,0,0.353499,0
143707,329,0,0.313782,0
129926,12392,0,0.268827,0
135839,47163,0,0.351625,0
169628,429,0,0.397591,0
98200,33572,0,0.454894,1
160222,31127,0,0.478961,1
89520,6184,0,0.240927,0
136940,43697,0,0.216184,0
102520,43205,0,0.248837,0
122028,30175,0,0.217492,0
66320,31725,0,0.444305,0
43120,31506,0,0.411075,0
136125,27258,0,0.356699,0
94268,43965,0,0.329215,0
20882,1541,0,0.354179,0
88484,5467,0,0.316868,0
199728,16816,1,0.392215,0
70140,30309,0,0.224785,0
78154,16185,0,0.277749,0
25451,47766,1,0.435376,0
103404,21137,1,0.498954,1
79970,42176,1,0.457199,1
92673,3869,0,0.201906,0
2518,4029,0,0.357881,0
76016,31683,0,0.433351,0
116401,26032,0,0.339539,0
150594,21301,0,0.380498,0
16882,21737,0,0.426713,0
168796,8953,0,0.385555,0
80204,29223,0,0.310692,0
15689,42674,0,0.250282,0
12540,47209,0,0.487709,1
4593,18811,0,0.237988,0
112455,3800,0,0.41277,0
105308,42447,0,0.456118,1
159004,43413,0,0.437553,0
15316,26431,0,0.467613,1
73425,42585,0,0.357913,0
14399,4920,1,0.431083,0
14684,12163,0,0.249627,0
197480,7916,0,0.47888,1
102494,12514,0,0.217462,0
125726,7818,0,0.279281,0
98364,8277,0,0.242641,0
28605,44471,0,0.279947,0
132217,7088,0,0.309188,0
76016,43961,0,0.472947,1
39766,35921,0,0.228283,0
136322,35108,0,0.312959,0
37710,42526,0,0.405042,0
34628,4960,0,0.342193,0
145250,1376,0,0.235753,0
21045,3513,0,0.426429,0
104600,44419,0,0.380828,0
120890,33898,0,0.340965,0
38178,28258,0,0.301476,0
146446,43165,0,0.28577,0
140014,22869,0,0.218834,0
113708,45260,0,0.250559,0
103732,29436,0,0.249765,0
23199,15466,0,0.339407,0
137300,9515,0,0.274204,0
160185,31506,0,0.349794,0
57511,6850,0,0.364504,0
206183,2086,0,0.3168,0
142050,3362,0,0.395242,0
151687,5794,0,0.298937,0
161194,4508,0,0.263088,0
38667,29956,0,0.40772,0
154695,1463,0,0.294953,0
48114,25466,0,0.314142,0
101176,28985,0,0.374766,0
100655,35077,0,0.266734,0
13979,1577,0,0.428341,0
19525,11688,0,0.396299,0
109451,35752,1,0.409197,0
65506,20052,0,0.345832,0
26083,17334,0,0.253444,0
146059,23986,0,0.225605,0
50214,48767,0,0.353464,0
13849,14168,1,0.46038,1
169915,47209,0,0.418622,0
127709,44570,0,0.242555,0
186140,47144,0,0.408664,0
108281,46064,0,0.406407,0
179374,3661,0,0.329767,0
24288,24852,0,0.326302,0
102188,34969,0,0.415419,0
199610,40942,0,0.437329,0
61791,8671,0,0.371907,0
103963,25718,0,0.403219,0
75664,2362,0,0.345872,0
100580,11826,0,0.399292,0
65981,25659,0,0.242277,0
167481,18432,0,0.429373,0
15537,937,0,0.216281,0
73517,25370,0,0.370773,0
111189,22169,0,0.249526,0
28098,16185,0,0.422271,0
120997,16823,0,0.349237,0
94178,48865,0,0.263613,0
40019,18370,0,0.32143,0
135431,3651,0,0.34699,0
205007,24382,0,0.357861,0
6962,30529,0,0.355881,0
14330,38683,0,0.418187,0
126256,23770,0,0.354445,0
60059,12727,0,0.281362,0
140797,22343,0,0.368045,0
99749,4429,0,0.27743,0
76323,5134,0,0.231918,0
142486,29921,0,0.378549,0
62495,35360,1,0.428254,0
99144,26201,0,0.345167,0
156850,8728,0,0.282568,0
146677,19759,0,0.255079,0
138358,26315,0,0.292712,0
189063,13627,0,0.399303,0
1722,15964,0,0.35586,0
40738,8518,0,0.282228,0
90539,24925,0,0.340517,0
68639,6104,0,0.480561,1
83780,3318,0,0.402165,0
153372,19508,0,0.290741,0
177988,45002,0,0.236933,0
7578,2596,0,0.230367,0
107888,33810,0,0.38514,0
127124,7723,0,0.44323,0
172977,45056,0,0.325626,0
60396,21137,0,0.226593,0
71883,32293,0,0.433948,0
166016,16185,1,0.362359,0
139285,1354,0,0.407929,0
17478,25637,0,0.352556,0
130852,6473,0,0.26917,0
73155,48732,1,0.399737,0
88973,39928,0,0.398673,0
32863,1818,0,0.207698,0
47257,30950,0,0.348192,0
78443,37208,0,0.386149,0
27536,43352,0,0.213371,0
120862,33274,0,0.338075,0
165364,8993,0,0.416079,0
28314,6615,0,0.341449,0
49875,5262,0,0.464039,1
183334,34165,0,0.321336,0
128010,15290,0,0.368482,0
103262,6101,0,0.336305,0
97309,25466,0,0.347282,0
95565,36962,0,0.334459,0
80428,46799,0,0.19308,0
73441,46749,0,0.419751,0
35441,45386,0,0.241581,0
138519,48957,0,0.424464,0
52479,14947,0,0.371302,0
66808,43569,0,0.248213,0
30829,13259,0,0.435501,0
35269,9595,0,0.307395,0
52647,33127,0,0.381748,0
91925,5025,0,0.351541,0
23998,43452,0,0.375204,0
120273,45535,0,0.263592,0
162777,12341,0,0.364016,0
3677,32573,1,0.403937,0
94119,21225,0,0.263026,0
29297,4675,0,0.226734,0
61772,27966,1,0.398891,0
144443,19057,0,0.314242,0
60604,22935,0,0.36863,0
14865,26317,0,0.337268,0
5655,22825,0,0.374713,0
147066,15610,0,0.202793,0
24104,17341,0,0.277085,0
44209,49683,0,0.443993,0
168985,27796,0,0.296005,0
8028,13351,0,0.33365,0
202920,35072,0,0.363107,0
53075,47532,0,0.372271,0
165175,17872,0,0.368883,0
141657,24838,0,0.385497,0
148351,37665,0,0.391296,0
173032,14992,0,0.341274,0
133789,26209,0,0.241548,0
180531,19706,0,0.365515,0
173675,4205,0,0.394096,0
167263,43086,0,0.272383,0
150488,18531,1,0.465141,1
84851,34429,0,0.333261,0
202252,28289,0,0.371739,0
163036,22750,1,0.369375,0
27895,32030,0,0.27423,0
150695,37766,0,0.276215,0
104721,33718,0,0.28591,0
158077,27243,1,0.318535,0
103991,8424,0,0.255959,0
52482,20957,0,0.380043,0
103129,9092,0,0.264048,0
175284,25466,0,0.342378,0
25051,42699,0,0.39754,0
27923,29487,0,0.246725,0
178250,2717,0,0.268256,0
44618,35866,0,0.221136,0
9799,28204,0,0.330163,0
31875,17807,0,0.229839,0
62555,32757,0,0.233574,0
27495,29382,0,0.260408,0
167357,28204,0,0.409458,0
144908,34530,0,0.384787,0
69684,39922,0,0.403593,0
129711,8460,0,0.308719,0
29967,36693,0,0.224295,0
41295,34584,0,0.319631,0
95063,3761,0,0.19416,0
126038,23400,0,0.251492,0
90216,31506,0,0.433046,0
164325,24830,0,0.381351,0
162722,23215,0,0.309079,0
51111,19057,0,0.305818,0
165611,7297,0,0.345402,0
183428,12206,0,0.297748,0
146856,11163,0,0.450203,1
196391,13396,0,0.267123,0
22911,27845,1,0.498066,1
92618,32655,0,0.374133,0
177676,196,0,0.331653,0
24257,24852,0,0.453539,1
148999,3260,0,0.382325,0
43524,17794,0,0.426389,0
169013,27796,0,0.431008,0
105019,47042,0,0.213647,0
39903,4913,0,0.257164,0
196650,12834,0,0.208371,0
146263,5451,0,0.337912,0
47460,31553,0,0.30569,0
79285,18441,0,0.248365,0
79570,5484,0,0.248693,0
22849,12409,0,0.371687,0
167308,3390,0,0.215073,0
152928,23537,0,0.318089,0
33284,13176,0,0.394738,0
187954,19057,0,0.441216,0
196639,19846,0,0.363201,0
167308,28380,0,0.264388,0
182327,6361,0,0.343418,0
91470,47209,0,0.422935,0
143307,13409,0,0.385743,0
171125,38834,0,0.365123,0
40650,48395,0,0.310875,0
67847,11512,0,0.42662,0
15229,3339,0,0.21698,0
82834,47348,0,0.20258,0
158977,45007,0,0.287738,0
47682,14898,0,0.382189,0
113591,14084,0,0.416729,0
40604,37107,0,0.275642,0
99979,44014,0,0.254587,0
140999,30057,0,0.264314,0
201011,20940,1,0.42947,0
90414,19711,0,0.405695,0
173011,24852,0,0.511878,1
191135,35748,0,0.309296,0
194802,43743,0,0.378351,0
43718,37518,0,0.299624,0
27837,7948,0,0.26985,0
30496,44359,0,0.257244,0
115659,16254,0,0.414555,0
187337,21376,0,0.353908,0
173414,27521,0,0.396886,0
32690,26863,0,0.340768,0
109474,30827,0,0.410349,0
179824,48364,0,0.436228,0
192289,48595,0,0.265538,0
84280,17341,0,0.242038,0
192931,28883,0,0.315941,0
13927,32655,0,0.460098,1
191300,22935,0,0.288678,0
141124,36695,0,0.40721,0
35323,42768,0,0.412354,0
75148,29277,0,0.381812,0
180130,9076,0,0.380058,0
126302,36086,1,0.449352,0
180158,9510,0,0.272722,0
112426,46692,1,0.434145,0
137798,27288,0,0.394357,0
128263,17794,0,0.346047,0
70647,41149,1,0.40718,0
153785,16837,0,0.464458,1
1538,19604,0,0.321665,0
96267,8277,0,0.456352,1
71128,6046,0,0.412306,0
103599,4455,0,0.30945,0
50113,18175,0,0.357374,0
160005,23265,0,0.368284,0
34816,160,0,0.220888,0
86802,11961,0,0.327452,0
77362,34448,0,0.32279,0
36257,37849,0,0.374802,0
68986,26604,0,0.297371,0
110358,33000,0,0.320158,0
43299,24852,0,0.299734,0
126986,32566,0,0.488065,1
88154,48015,0,0.292943,0
42746,44008,0,0.2329,0
47912,49075,0,0.419624,0
82847,19478,0,0.337693,0
37283,25745,0,0.442353,0
164020,28798,0,0.399413,0
88027,42014,0,0.287892,0
99495,41540,0,0.336525,0
106407,19734,0,0.318253,0
86224,12127,0,0.300179,0
84178,47223,0,0.308995,0
177263,49496,0,0.229839,0
152664,37524,0,0.251578,0
20454,21938,0,0.235899,0
202849,47966,0,0.200684,0
184085,46990,0,0.375207,0
101645,13252,0,0.283079,0
184599,13182,0,0.381822,0
71259,31238,0,0.225344,0
114558,36185,0,0.475628,1
162386,22395,0,0.322892,0
59038,14653,0,0.294156,0
36740,8518,0,0.411525,0
194395,37119,0,0.287184,0
160672,41950,0,0.33026,0
70147,13176,0,0.301784,0
53690,12183,0,0.341559,0
137789,3740,0,0.33451,0
99268,24964,0,0.410794,0
166171,35430,0,0.386086,0
97821,37511,0,0.289662,0
12586,18625,0,0.220706,0
82461,26312,0,0.263424,0
199369,45574,0,0.374727,0
3320,28934,0,0.380687,0
187504,44895,0,0.39287,0
182059,27044,0,0.312903,0
119091,45535,0,0.334831,0
91862,2966,0,0.28737,0
97977,2974,0,0.263026,0
40592,5646,0,0.36382,0
41308,12686,0,0.318052,0
183158,1529,0,0.203587,0
177633,37354,1,0.491968,1
42401,36878,0,0.253998,0
97031,34126,0,0.308647,0
55924,41220,0,0.273416,0
107074,10108,0,0.333627,0
188171,25890,0,0.433529,0
114070,18883,0,0.268389,0
34414,48717,0,0.199668,0
139412,38622,0,0.359119,0
69643,42458,0,0.410564,0
159714,33990,0,0.336535,0
198013,42352,0,0.227787,0
101207,38768,0,0.476486,1
83648,22166,0,0.217389,0
72817,41629,0,0.305867,0
158387,49488,0,0.380885,0
90628,23178,0,0.254127,0
15710,651,0,0.354485,0
98664,46802,0,0.379736,0
54698,13452,0,0.444794,0
45930,41387,0,0.224057,0
46715,31915,0,0.368375,0
109942,29487,0,0.363327,0
173050,26209,0,0.393316,0
128184,27973,0,0.200998,0
140844,34497,0,0.297187,0
83524,23341,0,0.295001,0
163814,48679,0,0.411263,0
138242,14867,0,0.334005,0
161337,19681,0,0.18169,0
758,4451,0,0.272144,0
58226,48297,0,0.349155,0
16339,38693,0,0.266719,0
120997,28849,0,0.383545,0
143736,40002,0,0.4128,0
146234,21938,0,0.297076,0
110963,37188,0,0.242555,0
173751,19653,0,0.377886,0
49030,4605,0,0.239396,0
103448,32047,0,0.455745,1
29227,47766,0,0.376883,0
151259,22031,0,0.310896,0
112305,42030,1,0.503115,1
160317,46222,0,0.337255,0
201825,16616,0,0.410145,0
140777,48549,0,0.31891,0
16418,26856,0,0.430717,0
203924,19895,0,0.420355,0
205106,37257,0,0.424371,0
110835,31981,1,0.494337,1
104705,25588,0,0.380915,0
8545,16349,0,0.303486,0
32321,43295,0,0.416926,0
162140,21513,0,0.295835,0
29449,44944,0,0.215248,0
157542,24739,1,0.449754,0
188588,19156,0,0.271626,0
59137,7751,0,0.357072,0
173608,40516,0,0.291433,0
154726,49235,0,0.4578,1
78240,33065,0,0.231918,0
19627,16797,0,0.298191,0
22451,17830,0,0.294819,0
133919,30720,0,0.237047,0
46708,26895,0,0.36301,0
109227,18531,0,0.26916,0
29327,14461,0,0.248866,0
122833,44548,0,0.305317,0
71653,31248,0,0.257496,0
53996,22944,0,0.388281,0
190356,40604,0,0.233086,0
56886,16290,0,0.307199,0
121926,4461,0,0.267599,0
7713,45061,0,0.310169,0
72761,21405,0,0.46673,1
46041,7644,0,0.257976,0
204736,34358,0,0.420692,0
65284,48556,0,0.264808,0
37897,42736,0,0.422164,0
181597,35853,0,0.287749,0
37526,19478,0,0.369704,0
188565,1438,0,0.224561,0
114434,24320,0,0.344364,0
97886,18465,0,0.272383,0
6774,20842,0,0.260079,0
174559,40604,0,0.419248,0
162242,41950,0,0.364173,0
44089,39408,0,0.367664,0
121695,18288,0,0.445875,0
141517,33819,0,0.341015,0
42555,14129,0,0.222467,0
89795,365,0,0.266363,0
31216,5327,0,0.409757,0
29368,41319,0,0.394324,0
168530,26168,0,0.392847,0
66808,44661,0,0.271626,0
92699,13176,0,0.513587,1
202168,13740,0,0.410455,0
118374,25640,0,0.218363,0
199347,40992,0,0.278087,0
145444,42315,0,0.283057,0
91760,42719,0,0.400894,0
13950,22859,0,0.349164,0
153907,17560,0,0.200998,0
201797,35416,0,0.206196,0
161782,8382,0,0.259476,0
134216,43365,0,0.2475,0
49551,13673,0,0.25473,0
170144,35665,0,0.374046,0
124893,10749,0,0.370644,0
83512,4605,0,0.357009,0
128533,4269,0,0.226267,0
50264,21292,0,0.376018,0
152122,204,0,0.383674,0
4100,651,0,0.274088,0
110149,9844,0,0.339801,0
76309,31433,0,0.268894,0
115476,16797,1,0.512872,1
29775,43713,0,0.350496,0
24709,28289,0,0.276671,0
1654,38944,1,0.450983,1
77285,20837,0,0.271626,0
39928,6061,0,0.366687,0
35061,13997,0,0.329837,0
31200,21616,0,0.274541,0
109698,6274,0,0.384877,0
112976,41610,0,0.376911,0
92486,13774,0,0.330652,0
93772,30406,0,0.289752,0
195632,42183,0,0.330653,0
187507,31506,1,0.379359,0
163772,28427,0,0.424697,0
132217,31759,0,0.430033,0
158355,44880,0,0.212087,0
171281,27238,0,0.381554,0
5507,34024,0,0.381675,0
152410,46172,0,0.265332,0
99821,12099,0,0.447155,0
71151,7658,0,0.285824,0
193065,16797,0,0.410515,0
187564,20345,0,0.401803,0
33059,27949,0,0.232602,0
85070,46528,0,0.409934,0
93452,31601,0,0.390125,0
202776,37220,0,0.39211,0
42532,35451,0,0.375133,0
91289,32946,0,0.305826,0
160556,41223,0,0.332011,0
93504,35420,0,0.400281,0
17941,2763,0,0.262974,0
44272,33129,0,0.277995,0
166877,29405,0,0.325453,0
97011,22035,0,0.471508,1
127896,35363,0,0.276925,0
31307,34534,1,0.397337,0
10237,24708,0,0.446486,0
175316,45296,0,0.431883,0
199776,38312,0,0.449859,0
188559,12845,0,0.240059,0
10592,31486,0,0.278144,0
131973,9175,0,0.239618,0
54843,48726,0,0.333597,0
42059,1516,0,0.267968,0
31939,13984,0,0.20036,0
108684,30795,0,0.454925,1
1579,25640,0,0.340288,0
204348,39981,0,0.381001,0
98346,40516,0,0.462075,1
146625,21010,0,0.266774,0
63538,16797,0,0.237836,0
152573,46505,0,0.374674,0
164471,21019,0,0.230875,0
78900,12667,0,0.35943,0
176545,31701,0,0.390543,0
854,35231,0,0.27137,0
94525,31371,0,0.268389,0
62161,26242,0,0.365519,0
32551,17487,0,0.439453,0
206015,21616,0,0.421916,0
23217,46755,0,0.234605,0
60724,35004,0,0.267036,0
37979,45774,0,0.459416,1
115277,45007,0,0.427926,0
186311,10252,0,0.401798,0
76900,31605,0,0.447442,0
143219,47141,0,0.269386,0
72901,29987,0,0.32654,0
148409,23234,0,0.357922,0
170346,40868,0,0.394471,0
858,48193,0,0.222618,0
202990,28604,0,0.224345,0
23241,41220,0,0.216111,0
88375,24830,0,0.380513,0
133707,23801,0,0.429927,0
8744,45398,0,0.365957,0
101239,43889,0,0.384537,0
111999,18370,0,0.373358,0
64893,46906,0,0.40245,0
24105,47380,0,0.253444,0
171827,10032,0,0.327452,0
68484,26751,0,0.308301,0
204751,47626,0,0.285294,0
148097,2327,0,0.390493,0
35783,19508,0,0.285594,0
157312,28156,1,0.438663,0
73804,9550,0,0.431842,0
193896,7021,0,0.229575,0
50688,21903,0,0.41385,0
179775,44683,0,0.286283,0
93266,17151,0,0.407143,0
118273,6348,1,0.434506,0
167684,20767,0,0.340112,0
147199,8277,0,0.294956,0
146431,13457,0,0.324849,0
42344,10599,0,0.321267,0
21780,29640,0,0.341123,0
148707,38312,0,0.452412,1
205091,46022,0,0.407397,0
94268,46827,0,0.365228,0
53360,8670,0,0.273955,0
167497,35921,0,0.303486,0
55911,49215,0,0.42204,0
73160,33754,1,0.531545,1
74847,48229,0,0.28281,0
83668,38527,0,0.331678,0
1694,9547,0,0.404455,0
11986,44126,0,0.336628,0
24562,9794,0,0.284701,0
65120,30720,1,0.389216,0
176062,39199,0,0.427496,0
65524,37711,0,0.32893,0
199553,21903,0,0.445051,0
139301,664,0,0.20258,0
66500,7156,0,0.325811,0
128001,7644,0,0.457366,1
55136,19508,0,0.387717,0
129271,49605,1,0.403592,0
189600,25890,1,0.402497,0
192051,31927,0,0.416169,0
158758,25890,0,0.441823,0
2862,43504,0,0.433464,0
134621,43483,0,0.340217,0
93720,44683,0,0.302656,0
189455,20738,0,0.268827,0
178970,26209,0,0.431811,0
194628,27509,0,0.215102,0
162281,39984,0,0.422479,0
75243,21083,0,0.292482,0
170050,21903,0,0.355692,0
29381,39275,0,0.333448,0
148739,907,0,0.419062,0
146721,1511,0,0.380367,0
192027,34034,0,0.297623,0
4967,424,0,0.255133,0
108828,27845,0,0.293695,0
183200,31015,0,0.405192,0
202830,48205,0,0.29441,0
94150,12986,0,0.373326,0
170386,47492,0,0.419683,0
47379,25357,1,0.33692,0
153786,27093,0,0.359678,0
136097,5652,0,0.216208,0
93370,40709,0,0.333233,0
109765,3777,1,0.389792,0
73016,32700,0,0.399803,0
125128,9431,1,0.409849,0
44235,15144,0,0.31834,0
77052,7969,0,0.224785,0
52868,30759,0,0.188371,0
77489,26002,0,0.308533,0
117493,4232,0,0.341393,0
154060,277,0,0.261014,0
151120,43631,1,0.424628,0
52550,35708,0,0.351266,0
56048,23594,0,0.322651,0
39614,6994,0,0.336422,0
91303,19713,0,0.251961,0
171827,23740,0,0.32377,0
105428,31506,0,0.226501,0
159620,19677,0,0.382093,0
168938,3631,0,0.229744,0
130890,16254,0,0.28946,0
136402,21009,0,0.32079,0
14078,36287,0,0.365123,0
23789,4044,0,0.424998,0
106238,28248,0,0.339928,0
1461,13176,0,0.495757,1
184881,36550,0,0.312749,0
110633,46979,0,0.441298,0
96206,41831,0,0.316275,0
200589,21174,0,0.258071,0
68510,13702,0,0.372495,0
185322,47866,0,0.240033,0
18970,38984,0,0.327635,0
66997,34862,0,0.228961,0
17341,24857,0,0.414841,0
62670,34680,0,0.390288,0
61148,42240,0,0.219875,0
121463,12075,0,0.312722,0
149685,9839,0,0.307749,0
28558,13702,0,0.400117,0
119091,47626,0,0.37545,0
51198,27729,0,0.440362,0
179072,30907,0,0.332806,0
145849,44479,1,0.48067,1
145076,8518,0,0.417554,0
95676,7992,0,0.223881,0
195320,25659,0,0.416872,0
4418,23347,1,0.346758,0
39249,49198,0,0.420419,0
55369,26972,0,0.263613,0
46333,31096,1,0.532121,1
133057,14766,0,0.328869,0
174712,4605,0,0.408441,0
204759,5025,0,0.276807,0
43216,4462,0,0.281908,0
144268,38383,0,0.420048,0
31743,13924,0,0.235644,0
70675,19003,0,0.395717,0
103981,21447,0,0.325211,0
103211,47865,0,0.248187,0
190676,44632,0,0.241563,0
14263,34940,0,0.23423,0
65898,38182,0,0.415447,0
66699,8277,0,0.342383,0
25459,41665,0,0.364772,0
108231,4605,1,0.449339,0
101239,44422,0,0.396409,0
37993,35132,0,0.405735,0
121051,18572,0,0.385143,0
67026,31717,0,0.379654,0
202695,29328,0,0.334392,0
181491,14168,0,0.268542,0
30064,29487,0,0.272256,0
130514,9825,0,0.372909,0
45042,8838,1,0.403974,0
29621,38159,0,0.238645,0
106994,17334,0,0.390879,0
39832,6721,0,0.328747,0
146840,26604,0,0.276671,0
169280,44359,0,0.34388,0
102034,6274,0,0.419421,0
147292,37658,0,0.353699,0
894,23734,0,0.242329,0
83544,21798,0,0.393083,0
64131,6829,0,0.369117,0
170600,46256,0,0.317442,0
16473,22492,0,0.402822,0
60425,13870,0,0.348696,0
47137,4957,0,0.432428,0
60084,28720,0,0.216184,0
126857,31528,0,0.263088,0
73375,36695,0,0.32965,0
59948,3104,0,0.400153,0
68651,44156,0,0.328618,0
188295,6328,0,0.39337,0
61395,30633,0,0.372905,0
56880,26604,0,0.312959,0
87398,31564,0,0.354433,0
128328,27845,0,0.414638,0
81261,42110,0,0.368527,0
181262,10108,0,0.442975,0
6427,30756,0,0.264825,0
4534,38760,0,0.361369,0
175890,26714,0,0.32242,0
36328,42736,0,0.368226,0
148252,24018,0,0.259476,0
99601,28985,0,0.412323,0
140359,11777,0,0.292005,0
30696,22298,1,0.499687,1
206201,25422,0,0.249318,0
92574,23805,0,0.395932,0
117435,30784,0,0.196992,0
115580,459,0,0.408437,0
161493,5460,0,0.311191,0
72281,13517,0,0.231057,0
146885,18889,0,0.198122,0
9982,7419,0,0.397007,0
98847,49683,0,0.466164,1
169444,31557,0,0.248959,0
182391,12427,0,0.278961,0
52707,38176,0,0.213448,0
32887,22228,1,0.535655,1
17514,24372,0,0.259497,0
30348,1160,1,0.5204,1
7006,9038,0,0.522671,1
8839,22995,0,0.385829,0
18247,27104,0,0.402024,0
160245,10644,0,0.325464,0
44842,5646,0,0.419126,0
34797,48726,0,0.220133,0
183129,24506,0,0.277491,0
91452,2086,0,0.463897,1
190919,31683,0,0.418072,0
168809,35561,0,0.274553,0
173972,23716,0,0.31683,0
49453,22046,1,0.501285,1
97526,13627,0,0.196992,0
178638,13176,0,0.38938,0
100926,28666,1,0.523604,1
52167,34605,0,0.354132,0
136861,10151,0,0.421788,0
111864,14678,0,0.235042,0
39068,11926,0,0.328157,0
57264,38291,0,0.404902,0
33204,29694,0,0.293751,0
30568,35887,0,0.426473,0
201609,13176,1,0.455254,1
18344,37524,0,0.391225,0
183101,27676,0,0.212618,0
159210,43713,0,0.390638,0
96955,44628,0,0.353639,0
67081,2450,0,0.327761,0
69324,432,0,0.329927,0
73235,13702,0,0.403395,0
38268,44560,0,0.324158,0
15503,49082,0,0.330406,0
205784,23064,0,0.255505,0
103791,12260,0,0.310843,0
105845,33000,0,0.424935,0
142559,47672,0,0.420913,0
43848,28985,0,0.400802,0
36245,27521,0,0.450733,1
129489,36058,0,0.225344,0
70561,16052,0,0.334021,0
62790,31808,0,0.329823,0
198020,9766,0,0.401466,0
144058,37836,0,0.386473,0
86896,41950,0,0.315699,0
95657,13512,0,0.398632,0
179310,18337,0,0.410822,0
86121,25659,0,0.372665,0
111443,13920,0,0.273765,0
25724,21405,1,0.496496,1
192693,8671,0,0.429458,0
57570,21938,0,0.410245,0
95129,11866,0,0.340263,0
78050,38293,0,0.311066,0
95953,49247,0,0.333839,0
87524,32691,0,0.390324,0
107972,6980,0,0.326896,0
74767,47209,0,0.345384,0
82265,41220,0,0.458548,1
154895,23243,0,0.386067,0
54707,28888,0,0.308609,0
196131,38159,0,0.374923,0
96936,46802,0,0.270742,0
26485,10602,1,0.408794,0
170222,24852,0,0.448025,0
115233,8518,0,0.418912,0
183250,49615,0,0.416519,0
132919,27796,0,0.329533,0
156096,39884,1,0.457052,1
135658,23537,0,0.223956,0
60406,1752,0,0.30021,0
63665,46853,0,0.399426,0
137624,29594,0,0.269398,0
121669,44142,0,0.271482,0
58841,42240,1,0.461558,1
199743,46138,0,0.255133,0
158552,39066,0,0.313758,0
59413,44479,0,0.328762,0
155910,48205,0,0.283566,0
112005,2295,0,0.423096,0
40202,44731,0,0.347052,0
175615,32842,0,0.493912,1
47436,26209,0,0.415565,0
112497,34262,0,0.343001,0
202334,45511,0,0.287263,0
192412,16145,0,0.268167,0
19102,41005,0,0.327185,0
57469,32480,0,0.363799,0
184197,47209,0,0.347657,0
25667,16859,0,0.314273,0
65294,34668,0,0.332335,0
45400,12338,0,0.343049,0
181620,24534,0,0.242555,0
102610,35951,0,0.305726,0
16559,46667,0,0.271614,0
88675,38693,0,0.387477,0
107208,23383,0,0.357008,0
54597,5621,0,0.201983,0
138085,22428,0,0.4073,0
25766,45123,0,0.364337,0
104167,47966,0,0.351258,0
188876,9755,0,0.411973,0
59108,22472,0,0.289317,0
94624,3045,0,0.311461,0
123815,38777,0,0.41867,0
166784,13176,0,0.468447,1
205091,40338,0,0.396716,0
161485,4461,0,0.243252,0
78292,46979,0,0.416058,0
160695,4675,0,0.256052,0
181167,21137,0,0.357081,0
179677,45106,0,0.272125,0
124240,278,0,0.345489,0
61298,48527,0,0.245409,0
51820,44570,0,0.504846,1
31189,45316,0,0.231643,0
95751,23898,0,0.422751,0
6036,22035,0,0.303674,0
41534,30146,0,0.240848,0
203692,11776,0,0.366394,0
33388,16479,0,0.305371,0
22749,17525,0,0.359925,0
187966,13225,0,0.293271,0
102831,30692,0,0.228314,0
127064,41437,0,0.287757,0
22410,38067,0,0.286607,0
81261,19706,0,0.364411,0
116031,38293,0,0.2436,0
154725,2309,0,0.243375,0
146271,46692,0,0.367038,0
5479,19527,0,0.386773,0
52852,3318,0,0.425759,0
57430,20940,0,0.401395,0
27830,7175,0,0.377287,0
142761,7969,0,0.374544,0
71961,47284,0,0.29026,0
179774,30442,0,0.435637,0
76527,15290,0,0.36018,0
164304,3486,0,0.304961,0
149066,15424,0,0.292712,0
200355,2322,0,0.457899,1
134985,40208,0,0.399494,0
63915,36765,0,0.275206,0
66057,4793,0,0.417584,0
130137,49605,0,0.385779,0
43612,44787,0,0.292586,0
32194,44570,0,0.287,0
37723,34358,1,0.489217,1
51542,32312,0,0.43811,0
192544,28204,0,0.283639,0
13749,24583,0,0.339904,0
7440,39303,0,0.305624,0
136979,39224,0,0.454665,1
39757,46669,0,0.242591,0
186544,19283,0,0.394178,0
132653,23029,0,0.236993,0
42124,16525,0,0.336289,0
171216,8808,0,0.355371,0
5453,4920,0,0.382234,0
35531,23734,0,0.310369,0
87305,24852,0,0.449001,0
200416,39527,0,0.320873,0
16395,14332,0,0.210397,0
47566,28199,0,0.326236,0
73099,41463,0,0.391355,0
1297,14218,0,0.434817,0
191379,49191,0,0.341862,0
151822,45063,0,0.254024,0
179805,20119,1,0.43117,0
74361,45002,0,0.220888,0
48143,24489,0,0.303486,0
9879,23341,0,0.423452,0
187467,39792,0,0.425904,0
101383,31506,0,0.356308,0
107844,14077,0,0.402226,0
15192,40604,0,0.292358,0
93535,13995,0,0.286651,0
111073,3243,0,0.215608,0
87530,1999,0,0.446202,0
28628,33497,0,0.320429,0
14828,4056,0,0.458807,1
164383,39252,0,0.270881,0
195727,48364,0,0.424092,0
166196,28330,0,0.351768,0
200616,33651,0,0.415489,0
160334,39275,0,0.404875,0
157523,28985,0,0.45899,1
151304,11513,0,0.215234,0
26344,626,0,0.228553,0
127351,48395,0,0.257976,0
21889,11068,0,0.300179,0
474,41220,0,0.244277,0
32124,43768,0,0.497635,1
51329,47766,0,0.263019,0
108854,29675,0,0.26812,0
97660,36268,0,0.37493,0
199102,16995,0,0.242613,0
167573,15000,0,0.267947,0
36691,4605,1,0.455897,1
68500,34866,0,0.260192,0
49905,23634,0,0.35876,0
31751,45002,0,0.258825,0
149313,14726,0,0.378902,0
42481,47912,0,0.500488,1
131848,34530,0,0.372091,0
19185,9637,0,0.292712,0
47971,48225,0,0.374339,0
163156,39265,0,0.234302,0
135571,34259,0,0.374427,0
57352,2708,1,0.466607,1
84288,13249,0,0.360984,0
99555,31433,0,0.394361,0
120840,2314,0,0.352644,0
175437,37220,0,0.314765,0
195781,8699,0,0.386582,0
137545,31506,0,0.282015,0
97401,37646,0,0.221819,0
106655,21405,0,0.359398,0
149994,8193,0,0.38579,0
91937,40254,0,0.384734,0
102733,45492,0,0.385417,0
97764,248,0,0.348685,0
3794,2855,0,0.335396,0
152174,41844,0,0.352168,0
163023,27845,0,0.526973,1
69731,41220,0,0.296831,0
44202,32433,0,0.355857,0
163916,46540,0,0.386274,0
93126,28851,0,0.321659,0
4622,23236,0,0.233574,0
156233,37710,0,0.300886,0
150125,18828,0,0.424196,0
1579,31288,0,0.354595,0
61126,41273,0,0.41479,0
34091,22395,0,0.351086,0
6968,495,0,0.333382,0
27790,39475,0,0.480225,1
124721,29328,0,0.224269,0
34757,15902,1,0.505336,1
163484,16334,0,0.372344,0
113715,7559,0,0.305938,0
135690,15392,0,0.387924,0
83074,8021,1,0.469398,1
70867,39984,0,0.349335,0
77534,581,1,0.449159,0
90020,7021,0,0.326844,0
80883,14157,0,0.20017,0
164484,19161,0,0.373541,0
90334,17592,0,0.378069,0
97595,43568,0,0.228157,0
163189,47500,0,0.371132,0
183974,28204,0,0.410245,0
116287,27156,1,0.453905,1
33227,11058,0,0.356276,0
34025,23233,0,0.284083,0
32420,48364,0,0.416975,0
68160,5550,0,0.301614,0
33517,14734,0,0.260284,0
80100,49609,0,0.403613,0
113990,22825,0,0.411934,0
205712,28682,0,0.230647,0
85903,19057,0,0.248481,0
145281,23400,0,0.338522,0
67987,1158,0,0.385364,0
24201,2966,0,0.287872,0
127487,14870,0,0.240142,0
14910,38918,0,0.301349,0
201447,21614,0,0.306789,0
48590,33947,0,0.394374,0
157817,26209,0,0.324971,0
186225,32478,0,0.347514,0
140184,11090,0,0.362392,0
27671,14715,0,0.2765,0
58919,20947,0,0.452319,1
88254,20549,0,0.249627,0
113704,39475,0,0.381192,0
167509,21616,0,0.431698,0
47677,14862,0,0.34613,0
68081,43094,0,0.365653,0
126122,15575,0,0.200998,0
104710,41229,0,0.351139,0
171720,141,0,0.28903,0
85188,2024,0,0.384324,0
56301,5876,0,0.24737,0
195066,45581,0,0.377147,0
184722,29893,0,0.404634,0
95490,26029,0,0.242038,0
182060,22290,0,0.406786,0
181360,7952,0,0.224093,0
134621,260,0,0.380389,0
30429,14704,0,0.224093,0
101069,47766,0,0.479779,1
13546,26599,0,0.25443,0
29476,20782,0,0.260956,0
82516,39682,0,0.287799,0
179511,42625,0,0.414748,0
42072,7963,0,0.273416,0
115124,36315,0,0.344574,0
76323,44632,0,0.244239,0
126111,37096,0,0.358462,0
111887,11777,0,0.405341,0
121910,7898,0,0.339201,0
113726,9051,0,0.225319,0
150831,27344,0,0.429941,0
35441,37374,0,0.238092,0
17189,18418,0,0.216668,0
14407,17948,0,0.36588,0
94374,1902,0,0.294353,0
18957,42445,0,0.234909,0
186428,5605,0,0.20478,0
6672,148,0,0.239019,0
152139,31717,0,0.239926,0
162991,40706,0,0.253023,0
108341,40706,0,0.221325,0
49056,42633,0,0.430148,0
2100,13870,0,0.230422,0
106061,27356,0,0.384248,0
112022,21162,0,0.3198,0
187050,12206,0,0.388921,0
13533,46979,0,0.357489,0
205652,27544,0,0.383005,0
190011,22767,0,0.393775,0
136573,28204,0,0.206702,0
199780,35734,0,0.304605,0
117440,21501,0,0.193682,0
87024,23537,0,0.382389,0
162620,45954,0,0.277759,0
55979,26148,0,0.238374,0
30042,45063,0,0.282357,0
145705,6975,0,0.222653,0
149963,22948,0,0.353892,0
138164,46900,1,0.430627,0
106127,6031,0,0.382974,0
88273,12276,0,0.204936,0
76916,19173,0,0.334091,0
43326,39059,0,0.300108,0
73101,19565,0,0.434784,0
30599,43352,0,0.226938,0
71436,19801,0,0.219888,0
106556,10467,0,0.43362,0
77257,4605,0,0.399798,0
145262,21616,0,0.302528,0
71595,31343,0,0.298365,0
79216,33747,0,0.349116,0
199584,24852,0,0.506149,1
32887,44632,1,0.55575,1
139743,18656,0,0.253444,0
57119,34063,0,0.433055,0
59783,4855,0,0.44879,0
7965,47857,0,0.359735,0
35593,8536,0,0.403206,0
27418,20843,0,0.353815,0
204316,46257,0,0.273807,0
188161,41149,0,0.371684,0
138160,3172,0,0.253204,0
165835,48205,0,0.401036,0
74516,16830,0,0.221664,0
156825,35221,0,0.24451,0
61607,35004,0,0.378516,0
86555,44628,0,0.332443,0
34907,19878,0,0.214781,0
184212,8479,0,0.409998,0
155921,4605,0,0.446161,0
193280,41787,0,0.272383,0
195652,24010,0,0.413781,0
37511,40992,0,0.353724,0
104399,16607,0,0.27743,0
120296,44097,0,0.35159,0
158110,12714,0,0.428191,0
48936,11520,0,0.457006,1
32610,9755,0,0.322175,0
202100,18359,0,0.334923,0
115617,5097,0,0.280393,0
119781,25169,0,0.396298,0
104330,10369,0,0.362297,0
169064,39108,0,0.338737,0
179810,36086,0,0.33309,0
1358,39657,0,0.37624,0
161710,38772,0,0.308621,0
146612,39275,0,0.432137,0
139107,15143,0,0.213958,0
132846,32931,0,0.397303,0
188177,25763,1,0.350775,0
193980,19981,0,0.303443,0
71731,39425,0,0.244388,0
75551,40199,0,0.278791,0
30429,44142,0,0.274088,0
459,27966,0,0.3883,0
17472,23650,0,0.327757,0
72558,11580,0,0.391392,0
12160,25890,0,0.351869,0
145953,10662,0,0.350244,0
134723,49352,0,0.253444,0
130071,2846,0,0.279682,0
202500,4749,0,0.225344,0
94997,2846,0,0.310727,0
100584,41212,0,0.358605,0
8683,32578,0,0.372503,0
128648,6972,0,0.403624,0
201330,22518,0,0.3249,0
154757,20114,0,0.429529,0
41703,20163,0,0.418185,0
91193,29487,0,0.232497,0
109244,8203,0,0.241059,0
117090,30950,0,0.326015,0
35421,30489,0,0.288622,0
104721,18963,0,0.299244,0
188284,10246,1,0.431329,0
76735,44133,0,0.385286,0
42131,21582,0,0.388181,0
34598,47900,1,0.386582,0
81823,42315,0,0.281522,0
38219,13176,0,0.416451,0
119157,10749,0,0.228182,0
195254,45721,0,0.324823,0
51911,33731,0,0.39581,0
189949,23909,0,0.405213,0
59732,1633,0,0.376579,0
88424,14627,0,0.334187,0
136097,39475,0,0.242208,0
147130,47977,0,0.342689,0
104626,35951,1,0.489882,1
48661,42495,0,0.282861,0
130552,40706,0,0.47457,1
144523,21100,0,0.356231,0
197110,42557,0,0.422147,0
112935,30635,0,0.2848,0
108335,11121,0,0.303496,0
33128,14678,0,0.278416,0
4649,11782,0,0.297543,0
191004,13866,0,0.318059,0
162960,42736,0,0.405553,0
82369,9387,0,0.417668,0
201975,25569,0,0.25767,0
167132,32079,0,0.245409,0
149256,18565,0,0.392222,0
187627,10500,0,0.215682,0
193589,31845,0,0.32517,0
62329,14459,0,0.246774,0
47625,8075,0,0.353823,0
65243,13070,0,0.308995,0
124089,13194,0,0.374726,0
128068,20118,0,0.284776,0
30944,41242,0,0.390709,0
170624,3896,0,0.310447,0
66996,18534,0,0.421858,0
195398,33791,0,0.462104,1
140460,13176,0,0.244653,0
199304,20980,0,0.267123,0
130741,17691,0,0.395429,0
143118,47626,0,0.339594,0
62399,17487,0,0.468379,1
101858,42535,0,0.407506,0
147503,37947,0,0.39134,0
5960,11777,0,0.223628,0
81495,47059,0,0.487134,1
105845,15392,0,0.358333,0
93504,12290,0,0.387082,0
67975,13143,0,0.256059,0
23461,26861,0,0.257643,0
203844,25305,0,0.456844,1
179973,24489,0,0.36087,0
111976,34039,0,0.251318,0
190344,47209,0,0.406415,0
90006,17461,0,0.409,0
70048,43760,0,0.225415,0
199334,3807,0,0.337262,0
111000,39427,0,0.346441,0
58040,21616,1,0.419078,0
7202,47658,0,0.278087,0
191355,44422,0,0.234843,0
64470,3207,0,0.337869,0
156105,20580,0,0.365615,0
141227,8615,0,0.375365,0
15243,36956,0,0.388838,0
15454,37552,0,0.372718,0
93287,5067,0,0.413774,0
150437,38944,0,0.287,0
166456,11535,0,0.2613,0
77749,47144,0,0.4284,0
16103,47804,0,0.2968,0
189077,7419,0,0.43901,0
179415,22963,0,0.397896,0
7592,17435,0,0.259884,0
45762,21938,0,0.282169,0
198807,48377,0,0.406068,0
96233,10429,0,0.402666,0
13194,26165,0,0.237836,0
117435,48679,0,0.237282,0
49432,47144,1,0.427532,0
114944,23197,0,0.240972,0
74530,8955,0,0.309838,0
25067,283,0,0.216281,0
191789,5077,0,0.489195,1
129680,41808,0,0.408434,0
15843,28493,0,0.326624,0
51213,12796,0,0.265604,0
34054,21709,0,0.471856,1
132687,7563,0,0.387574,0
120713,10780,0,0.182969,0
203244,1357,0,0.235284,0
64808,17872,0,0.330249,0
67858,28842,0,0.364578,0
125368,27377,0,0.272683,0
68528,36865,0,0.280584,0
82347,28710,0,0.460699,1
8179,812,0,0.425334,0
184815,43352,0,0.476673,1
98317,15016,0,0.455821,1
14228,13176,0,0.415085,0
106708,30007,0,0.24479,0
56240,32099,0,0.426547,0
146023,17454,0,0.223635,0
20083,6218,0,0.229509,0
198372,44142,0,0.403819,0
51498,19766,0,0.470752,1
194026,37065,0,0.33488,0
89149,40516,0,0.203951,0
120862,23140,0,0.378418,0
157302,18599,0,0.341926,0
136131,2024,0,0.220994,0
169300,38400,0,0.440416,0
77751,45535,1,0.479205,1
7719,2124,0,0.402364,0
193746,3358,0,0.264202,0
200607,31717,1,0.426193,0
116693,9387,0,0.467435,1
18166,36956,0,0.360475,0
102555,9759,0,0.230367,0
48320,40256,0,0.205952,0
52008,11733,0,0.330464,0
155035,1263,0,0.397583,0
85460,46359,0,0.376649,0
195023,12961,0,0.259018,0
69942,20919,0,0.407813,0
139107,27311,0,0.203587,0
136266,18599,0,0.373284,0
83157,34969,0,0.356303,0
171771,19046,0,0.335302,0
194674,9839,0,0.401824,0
86865,38656,0,0.36225,0
195146,21137,0,0.252523,0
123237,18923,0,0.272884,0
129856,4081,0,0.416676,0
137076,22035,0,0.516564,1
99201,40388,0,0.380353,0
166508,7500,0,0.329866,0
161564,38837,0,0.420931,0
22451,39275,0,0.24261,0
35221,500,0,0.372573,0
72517,30450,0,0.448925,0
131663,22569,0,0.361764,0
195527,24964,0,0.463662,1
190497,3599,0,0.308647,0
203421,760,0,0.397096,0
180045,9411,0,0.396987,0
47331,8872,0,0.345387,0
14279,4524,0,0.421007,0
136998,36011,0,0.258307,0
45145,27179,0,0.216499,0
69521,35417,0,0.488339,1
77503,46075,0,0.422582,0
142252,36956,0,0.429078,0
130374,18918,0,0.220571,0
81221,35503,0,0.430422,0
120356,19359,0,0.382155,0
21163,32717,0,0.207587,0
79471,25043,0,0.325806,0
125774,40982,0,0.228686,0
5856,15102,0,0.386996,0
197351,44014,0,0.249185,0
17553,46673,1,0.38039,0
203416,3098,0,0.326294,0
51861,24838,0,0.415743,0
64317,44632,0,0.313455,0
41632,26374,0,0.264334,0
36740,24737,0,0.336587,0
155396,1468,1,0.383933,0
206012,15386,0,0.2725,0
85444,8518,0,0.406768,0
1021,49,0,0.355,0
152763,36601,0,0.329845,0
15418,27336,0,0.355603,0
8843,39491,0,0.334799,0
84148,5212,0,0.383928,0
200607,32666,0,0.403738,0
87350,25305,0,0.347842,0
105198,4210,0,0.478739,1
139765,31960,0,0.3318,0
165577,44457,0,0.205862,0
127584,40342,0,0.281545,0
140653,32744,0,0.476392,1
46715,17794,0,0.283251,0
53944,23414,0,0.252912,0
111611,15134,0,0.354586,0
177476,22586,0,0.190194,0
34479,34969,0,0.514011,1
20239,4920,0,0.341999,0
166066,8048,0,0.299368,0
65849,8976,0,0.245565,0
95863,7705,0,0.263026,0
27959,8301,0,0.277166,0
31785,5373,0,0.253876,0
19274,19821,0,0.430351,0
61626,46817,0,0.402671,0
160595,24313,0,0.383311,0
63612,26553,0,0.322658,0
97992,47734,0,0.397443,0
77330,44245,0,0.429004,0
82121,33342,1,0.394149,0
26785,31506,0,0.34185,0
198258,7901,0,0.300145,0
28605,21616,0,0.285225,0
86669,32828,0,0.233705,0
162798,43772,0,0.436556,0
176690,30233,0,0.420215,0
197107,15200,0,0.182581,0
153826,3856,0,0.29146,0
63195,26369,0,0.420689,0
115561,22275,1,0.363275,0
96996,36498,0,0.393652,0
57633,46941,0,0.459204,1
178412,17704,0,0.366854,0
29799,20748,0,0.340757,0
12402,31618,0,0.275578,0
46631,27966,0,0.431089,0
91610,16853,0,0.286855,0
174074,48551,0,0.263831,0
61045,24838,0,0.332865,0
199834,20253,0,0.296753,0
149199,46676,1,0.348807,0
86558,1025,0,0.196221,0
8581,26209,0,0.351678,0
104843,30960,0,0.256927,0
7279,31948,0,0.201532,0
11253,42710,0,0.323112,0
137789,28311,0,0.326652,0
75632,20549,0,0.318681,0
165699,23405,0,0.258459,0
98317,18926,0,0.41061,0
98622,24852,0,0.46098,1
97013,20631,0,0.356097,0
78867,5612,0,0.303365,0
199665,2966,0,0.405751,0
49120,43490,0,0.274107,0
104121,18465,0,0.421987,0
161474,33129,0,0.461068,1
79235,19073,0,0.331239,0
168802,24373,0,0.40653,0
191172,17835,0,0.359575,0
78240,26209,0,0.234384,0
163506,24852,0,0.388251,0
173543,7500,0,0.267065,0
195632,13176,1,0.461882,1
172088,18072,0,0.306489,0
52404,41844,0,0.321429,0
78888,41787,0,0.432007,0
24326,20099,0,0.300455,0
19794,24852,0,0.292636,0
114229,5098,0,0.323173,0
89126,31147,0,0.332436,0
149717,8986,0,0.268938,0
171358,31997,0,0.260349,0
110739,24254,0,0.340631,0
143118,31066,0,0.303557,0
74157,41950,0,0.297076,0
142644,39024,0,0.339442,0
140433,26728,0,0.301541,0
64781,3631,0,0.23811,0
66925,35951,0,0.439469,0
88254,21903,0,0.294789,0
124329,3599,0,0.354593,0
35493,713,0,0.230304,0
187832,35171,0,0.398316,0
135479,9472,0,0.335868,0
13620,42736,0,0.218652,0
101886,41842,1,0.431561,0
678,9152,0,0.245909,0
171390,48583,0,0.230214,0
75109,6664,0,0.24921,0
45235,26665,0,0.394296,0
181135,21616,0,0.383757,0
68639,28986,0,0.382332,0
59784,46667,0,0.279417,0
133605,21903,0,0.25722,0
75182,17027,0,0.330869,0
43148,44486,0,0.400503,0
113855,40706,0,0.355395,0
196413,20211,0,0.29253,0
77362,36924,0,0.223543,0
98518,20460,0,0.325454,0
99653,43463,0,0.230028,0
84896,28432,0,0.249745,0
112783,16535,0,0.296717,0
63812,29944,0,0.303136,0
12177,38400,0,0.367914,0
11747,45002,0,0.254225,0
54843,37220,0,0.38671,0
150865,432,0,0.37022,0
115176,8475,0,0.374567,0
164766,39620,0,0.415551,0
58936,890,0,0.390012,0
168889,5516,0,0.328636,0
189669,13755,0,0.344188,0
42883,48555,0,0.431328,0
41094,30696,0,0.322175,0
188334,9601,0,0.22596,0
174373,16521,0,0.322871,0
192064,23236,0,0.223342,0
58522,1460,0,0.338969,0
13979,8174,0,0.452428,1
138826,47788,0,0.420175,0
140749,44987,0,0.397273,0
75707,4086,0,0.378901,0
47866,45007,0,0.405553,0
15537,47297,0,0.201156,0
129843,3970,0,0.382051,0
9342,23363,0,0.378108,0
191817,16953,0,0.276216,0
181483,17924,0,0.423057,0
38763,24698,0,0.283227,0
110636,21249,0,0.24909,0
86099,49026,1,0.40223,0
184716,33095,0,0.312691,0
15656,20876,1,0.487758,1
11752,25623,0,0.334342,0
167313,15902,0,0.383644,0
66501,40706,0,0.42434,0
189129,48364,0,0.35601,0
50043,46676,0,0.501175,1
116129,16617,0,0.340426,0
125780,24622,0,0.317862,0
163732,45946,0,0.291357,0
128635,20995,0,0.386073,0
194877,48628,0,0.306636,0
204814,27845,0,0.344589,0
128210,33129,0,0.23134,0
203731,22227,0,0.39055,0
145228,41665,0,0.283778,0
83652,21938,1,0.359157,0
118629,7948,0,0.366471,0
26041,40706,0,0.456241,1
134233,26131,0,0.420989,0
18922,35004,0,0.390388,0
60577,43352,0,0.314615,0
40437,29176,0,0.401114,0
92343,24852,0,0.382691,0
36269,14498,0,0.228157,0
169471,18471,0,0.226341,0
92856,37710,0,0.2789,0
147475,34458,0,0.271626,0
111968,26209,0,0.297543,0
3561,6046,0,0.459392,1
157708,12845,0,0.387579,0
50008,16083,0,0.349988,0
130115,19660,0,0.298555,0
75664,38298,0,0.3991,0
164448,2954,0,0.2303,0
193708,46616,0,0.220601,0
111495,17872,0,0.484319,1
110018,30169,0,0.243141,0
44862,18288,0,0.324971,0
199336,11594,0,0.22936,0
42031,47042,0,0.325302,0
182179,8239,0,0.396874,0
140008,22035,0,0.295014,0
33111,44817,0,0.252096,0
67684,3098,0,0.263212,0
33564,5085,0,0.26927,0
176160,38067,0,0.332223,0
112176,2611,0,0.274951,0
82621,22888,0,0.344477,0
34861,48057,0,0.221208,0
202188,12997,0,0.317886,0
150458,14966,0,0.284368,0
196413,10212,0,0.302591,0
72097,43654,0,0.31084,0
198629,49300,0,0.245516,0
21528,9532,0,0.263831,0
53525,31886,0,0.390379,0
12435,15290,0,0.453569,1
89000,22935,0,0.360948,0
146337,47803,0,0.405926,0
191729,7303,0,0.394415,0
55894,34849,0,0.254127,0
32632,47766,0,0.315485,0
167188,49401,0,0.400098,0
195117,4799,0,0.412165,0
193650,46515,0,0.239087,0
91957,127,0,0.320502,0
188914,41220,0,0.292888,0
163117,25704,1,0.460339,1
199299,7948,0,0.375034,0
172153,42356,0,0.338355,0
36190,39832,0,0.255505,0
36599,40405,0,0.425554,0
27529,10673,0,0.242277,0
14705,42828,0,0.277264,0
166467,11576,0,0.418165,0
149093,45282,0,0.239434,0
64258,5566,0,0.215464,0
46874,34004,0,0.34452,0
46810,17747,0,0.390452,0
149784,5876,0,0.274541,0
113230,18023,0,0.249038,0
150090,7901,0,0.387695,0
136337,46906,0,0.482377,1
56308,36962,0,0.288614,0
14077,10132,0,0.277323,0
175033,3962,0,0.37188,0
191483,45,0,0.275461,0
162657,12797,0,0.245516,0
78071,44142,0,0.478738,1
70209,21137,1,0.519492,1
184893,46667,0,0.378325,0
62382,43772,0,0.319653,0
148755,18362,0,0.506784,1
7310,33316,0,0.38474,0
185681,6915,0,0.395968,0
18524,21137,0,0.487996,1
23787,39450,0,0.359767,0
174177,26209,0,0.241442,0
129909,9076,0,0.528221,1
44582,19677,1,0.527106,1
144058,27871,0,0.4436,0
117554,12254,0,0.295868,0
107992,5621,0,0.279947,0
194121,28079,0,0.282999,0
172671,4605,0,0.473764,1
141606,18331,0,0.206576,0
173850,32958,0,0.342747,0
136568,14864,0,0.341572,0
103327,20352,0,0.262758,0
185008,16953,0,0.281138,0
47968,34358,0,0.355512,0
139869,27521,0,0.293787,0
171956,46688,0,0.22138,0
118548,3957,1,0.510246,1
54112,23233,0,0.457693,1
132793,7349,1,0.396464,0
32895,29487,0,0.393556,0
158933,41055,0,0.242162,0
84586,48551,0,0.378566,0
10666,40545,0,0.417368,0
28513,17663,1,0.38485,0
90548,16953,0,0.293564,0
197683,14814,0,0.237118,0
93608,37606,0,0.278218,0
50843,49533,0,0.344586,0
13960,36111,0,0.400246,0
185920,26283,0,0.314516,0
201694,24852,0,0.300666,0
174050,2452,0,0.424567,0
41335,11827,0,0.36301,0
153234,46906,0,0.294844,0
16882,37108,0,0.377954,0
56115,12284,0,0.343355,0
84569,5621,0,0.234302,0
27109,20583,0,0.502455,1
131702,22890,1,0.392894,0
150313,26648,0,0.280616,0
60778,31040,0,0.377273,0
163096,13866,1,0.466754,1
38185,37487,0,0.20738,0
189958,10358,1,0.510666,1
203072,38984,0,0.337888,0
140880,6184,1,0.455532,1
90030,24838,0,0.418737,0
41498,10673,0,0.309055,0
145953,49236,0,0.396827,0
186270,31066,0,0.244683,0
92721,31717,0,0.273975,0
154001,15995,0,0.29436,0
174342,32299,0,0.263969,0
166508,29622,0,0.357219,0
35473,24852,0,0.315654,0
198629,8075,0,0.253876,0
110569,19057,0,0.446396,0
80445,27521,0,0.379654,0
164808,46906,0,0.38872,0
178265,21137,0,0.327502,0
4531,18272,0,0.349396,0
94764,24764,0,0.255312,0
56187,28601,0,0.32492,0
160006,25985,0,0.251032,0
59848,329,1,0.403656,0
141547,32689,1,0.456909,1
48342,44987,0,0.274005,0
151994,17634,0,0.223981,0
72213,45535,0,0.348348,0
188559,8056,0,0.231238,0
89402,8076,0,0.347264,0
101069,49169,0,0.32896,0
20744,28849,0,0.328601,0
51934,29252,0,0.344586,0
50385,4054,0,0.344047,0
34616,39094,0,0.268174,0
155015,457,0,0.410844,0
47624,13143,1,0.493305,1
90911,35713,0,0.279014,0
203399,7622,0,0.301132,0
139370,22935,0,0.354935,0
145890,33294,0,0.238736,0
6307,40723,0,0.291426,0
119851,15475,0,0.23213,0
67661,6543,0,0.35536,0
151378,28985,0,0.319567,0
81651,23219,0,0.331776,0
11813,49644,1,0.252627,0
177097,37642,0,0.259169,0
4646,37538,0,0.406848,0
147575,9337,0,0.262795,0
106964,33731,0,0.401853,0
48370,3947,0,0.406782,0
109563,25286,0,0.309172,0
146239,6462,0,0.37781,0
136573,8203,0,0.175917,0
111191,42625,0,0.289364,0
89126,10794,1,0.457285,1
184629,45063,0,0.258064,0
154895,10518,0,0.452412,1
71601,7021,0,0.346994,0
140395,8021,0,0.405272,0
11813,26209,0,0.288253,0
5936,40377,0,0.221153,0
124230,39719,0,0.381846,0
80923,18681,0,0.378027,0
206113,3599,0,0.427995,0
31776,11798,0,0.25767,0
106804,8670,0,0.228438,0
40093,17794,0,0.371858,0
198633,39040,0,0.305624,0
68157,33136,0,0.449629,0
95422,46789,1,0.461618,1
2192,12419,0,0.316993,0
27774,18341,0,0.243582,0
57829,27887,0,0.205319,0
155632,49306,0,0.402347,0
128132,47759,1,0.421769,0
45736,26350,0,0.360703,0
142375,41674,0,0.263067,0
7313,5938,0,0.479735,1
124158,36426,0,0.337728,0
188674,20246,0,0.322382,0
120704,24970,0,0.255289,0
133597,28970,0,0.30111,0
69368,40332,0,0.39384,0
82605,7419,0,0.364802,0
128068,17530,0,0.299607,0
172102,13176,0,0.380175,0
175083,920,0,0.303195,0
9079,46361,0,0.40504,0
180804,26604,0,0.376915,0
25471,2482,0,0.294154,0
45861,35176,0,0.406938,0
149568,10132,0,0.271299,0
51034,22610,0,0.480393,1
20872,43772,0,0.323781,0
98586,49621,0,0.40009,0
111789,20919,0,0.272556,0
110549,39719,0,0.272425,0
196458,19678,1,0.437447,0
97661,1062,0,0.248134,0
182194,40598,0,0.318995,0
155421,46069,0,0.378629,0
107666,9076,0,0.412523,0
8627,33862,0,0.385382,0
34240,13176,1,0.527388,1
124104,7158,0,0.420093,0
166968,17679,0,0.254215,0
121910,24838,0,0.354201,0
185841,27486,1,0.359086,0
50604,28931,0,0.240033,0
72817,5436,0,0.212864,0
78502,36082,0,0.340742,0
21819,14287,0,0.180384,0
45582,33515,0,0.363886,0
51872,47977,0,0.249634,0
40270,5597,0,0.420103,0
25303,19643,0,0.427429,0
110102,6274,0,0.267123,0
97095,11837,0,0.212087,0
164637,31716,0,0.3223,0
181920,19019,0,0.241325,0
101465,13852,0,0.420243,0
26913,37141,0,0.402645,0
197082,6343,0,0.400135,0
205976,24852,0,0.33204,0
182302,31945,1,0.492767,1
145025,16726,0,0.291309,0
29642,33825,0,0.255828,0
47746,17149,0,0.282568,0
15389,35898,0,0.406075,0
188805,10685,0,0.429373,0
135241,28381,0,0.38962,0
204039,37646,0,0.317644,0
46448,13083,0,0.43285,0
147475,31717,0,0.367134,0
98881,5450,0,0.412578,0
138165,31727,0,0.282568,0
46761,33080,0,0.383147,0
176886,45788,1,0.408083,0
200300,16797,0,0.282696,0
88303,37288,0,0.277779,0
172677,42263,0,0.317436,0
129758,36606,0,0.374998,0
60875,11941,0,0.356786,0
72583,13176,0,0.447443,0
121148,45664,0,0.382473,0
179440,9829,0,0.361456,0
144475,28204,0,0.405887,0
51253,13829,0,0.414333,0
114111,49131,0,0.347359,0
96770,22699,0,0.374641,0
93921,24184,0,0.319653,0
170970,42903,0,0.35715,0
61519,5973,0,0.263353,0
202530,15094,0,0.247354,0
138588,33352,0,0.456494,1
164907,11440,0,0.262803,0
147836,48697,0,0.321119,0
44331,4966,0,0.208184,0
62242,49615,0,0.419467,0
89832,8732,0,0.262018,0
182620,46552,0,0.227409,0
184962,32714,0,0.307186,0
114311,39850,0,0.218455,0
163916,39844,0,0.417869,0
123256,16083,0,0.504422,1
184197,42736,1,0.368906,0
110159,32981,0,0.352594,0
51921,43271,0,0.251907,0
49475,46979,0,0.453839,1
43427,30489,1,0.486191,1
92825,49260,0,0.321686,0
7843,20512,0,0.229622,0
81502,38797,0,0.388303,0
21088,24903,0,0.267123,0
110739,34220,0,0.333586,0
161425,31737,0,0.314822,0
100780,6531,0,0.498937,1
90066,24427,0,0.401722,0
34994,49191,0,0.365344,0
82525,30471,0,0.224057,0
179871,33950,0,0.346873,0
178391,30057,0,0.282488,0
188790,23909,0,0.324367,0
18524,27750,0,0.348972,0
31057,3142,0,0.309153,0
155289,40009,1,0.428968,0
134489,31915,0,0.360984,0
143581,40332,0,0.512612,1
51831,45064,0,0.43386,0
110894,43798,0,0.36301,0
172717,47280,0,0.349182,0
57992,44394,0,0.350872,0
127954,22922,0,0.339585,0
198769,28476,0,0.4137,0
36785,8053,0,0.366443,0
44320,47766,0,0.378436,0
180905,34310,0,0.327819,0
149548,28553,0,0.418702,0
78240,29610,0,0.220541,0
135386,2024,0,0.354733,0
132872,7746,0,0.210841,0
74202,30391,0,0.237836,0
8418,7021,0,0.339772,0
123943,24010,0,0.390688,0
111073,40293,0,0.204429,0
7852,34551,0,0.424026,0
2474,15591,0,0.221712,0
92486,23291,0,0.348698,0
155492,1217,0,0.277522,0
194219,25588,0,0.273098,0
81221,32304,0,0.354668,0
21171,5322,0,0.356971,0
203706,16802,0,0.234123,0
69410,24852,0,0.411165,0
55255,26317,0,0.414253,0
89411,21386,0,0.36334,0
1986,21100,1,0.443951,0
193576,25217,0,0.379235,0
193743,21903,1,0.504902,1
66242,9804,0,0.259807,0
91789,25172,0,0.386302,0
154202,32734,0,0.381134,0
152199,46979,0,0.454959,1
69656,18740,0,0.250053,0
161563,41645,0,0.197856,0
102232,28936,0,0.31024,0
147628,30849,0,0.405193,0
37809,28771,0,0.277776,0
11121,30639,0,0.371007,0
82166,34824,0,0.429674,0
184039,12597,0,0.363318,0
89520,10509,0,0.242038,0
76025,17461,0,0.489672,1
68923,5422,0,0.318348,0
20606,27544,0,0.2595,0
134725,39002,0,0.204866,0
38164,26717,0,0.222653,0
119710,5785,0,0.408366,0
33169,42193,0,0.237858,0
80924,2752,0,0.354909,0
161717,48726,0,0.242555,0
156077,8506,0,0.422346,0
199705,32655,0,0.449657,0
126233,32647,0,0.375762,0
25185,43713,0,0.363234,0
23430,28968,0,0.373736,0
182859,8192,0,0.296029,0
201112,33493,0,0.265069,0
161457,23719,0,0.229124,0
15047,16521,0,0.445032,0
108052,14553,0,0.422751,0
23949,21137,0,0.244944,0
172083,26298,0,0.261492,0
164622,20995,0,0.35915,0
174081,35510,0,0.267835,0
167075,23734,0,0.418677,0
58337,24830,0,0.32812,0
151770,13198,0,0.428303,0
22767,43765,0,0.278522,0
167848,36487,0,0.406875,0
23822,36086,0,0.394831,0
16118,5785,0,0.358517,0
105521,39275,1,0.512111,1
91339,432,1,0.525396,1
107867,35708,0,0.32687,0
108939,36389,0,0.310313,0
139086,11777,0,0.420488,0
46485,48229,1,0.380291,0
36497,28204,0,0.37636,0
112943,8193,0,0.377806,0
140408,17550,0,0.388676,0
131610,19484,0,0.270908,0
88945,32839,1,0.483806,1
103541,21405,0,0.267585,0
133661,31683,0,0.40569,0
23797,1935,1,0.422814,0
151334,19468,0,0.216232,0
4027,22935,0,0.290133,0
4192,30391,0,0.305998,0
190923,32605,0,0.299619,0
54889,44368,0,0.390557,0
204181,7129,0,0.376538,0
72971,35209,0,0.184402,0
4663,47156,0,0.432929,0
26356,15570,0,0.39843,0
47805,47626,0,0.451599,1
61925,24852,0,0.257714,0
54283,17838,0,0.330104,0
195416,49236,0,0.207698,0
9377,31041,0,0.412171,0
92138,11462,0,0.311465,0
162860,5103,0,0.272738,0
29046,11199,0,0.350892,0
101261,39561,0,0.404552,0
93992,25886,0,0.394493,0
192761,37067,0,0.437491,0
93902,27963,0,0.394563,0
205240,42680,0,0.327941,0
91035,32177,0,0.360153,0
67568,21544,0,0.330529,0
162654,13851,0,0.407044,0
88896,32467,0,0.257976,0
29888,9995,0,0.384013,0
43815,31878,0,0.367642,0
4754,46346,0,0.403046,0
165027,22474,0,0.259622,0
194395,32281,0,0.215843,0
134048,47570,0,0.405284,0
65798,39716,0,0.323914,0
186140,27845,0,0.544907,1
92991,16083,0,0.479011,1
57328,27086,0,0.277692,0
138190,21405,0,0.386983,0
19353,11448,1,0.345185,0
30827,37317,0,0.278378,0
152938,28785,0,0.211423,0
3233,24838,0,0.495667,1
154306,47766,0,0.415476,0
57380,16696,0,0.232336,0
155596,11827,0,0.223342,0
186225,12164,0,0.337874,0
124611,47986,0,0.351547,0
179070,18127,0,0.249995,0
30527,21038,0,0.436675,0
33343,42633,0,0.287744,0
9282,19906,0,0.314215,0
176545,49683,0,0.407648,0
30857,3646,0,0.385757,0
104235,1939,0,0.390471,0
95126,4595,0,0.33722,0
67388,45007,0,0.397399,0
44331,12914,0,0.213761,0
17560,44912,0,0.342021,0
194153,8195,0,0.375663,0
153246,37460,0,0.373579,0
55768,10246,0,0.233007,0
60754,44368,0,0.380916,0
39006,26683,0,0.267989,0
170697,6473,0,0.256383,0
84716,4806,0,0.230838,0
120888,32446,0,0.327204,0
77410,26924,0,0.354886,0
1297,42768,0,0.386869,0
183575,26152,0,0.270375,0
85450,48057,0,0.374387,0
10925,48205,0,0.376637,0
188169,47463,0,0.315578,0
169183,26315,1,0.392847,0
107840,11737,0,0.435412,0
53868,5097,0,0.318321,0
176427,31343,0,0.403315,0
13841,44337,0,0.395909,0
37358,7131,0,0.357578,0
17048,8153,0,0.402898,0
178958,5456,0,0.345559,0
177016,15937,0,0.23426,0
180067,31040,0,0.311177,0
137212,44500,0,0.475281,1
99614,40706,1,0.468627,1
80603,38365,0,0.463235,1
32229,5586,0,0.370134,0
55856,33754,0,0.241033,0
131903,26800,0,0.289968,0
136195,18792,0,0.321536,0
97031,21903,0,0.342139,0
114778,1359,0,0.276869,0
33240,35068,0,0.222653,0
123981,26347,0,0.272929,0
113176,4855,0,0.262852,0
9576,39380,0,0.275427,0
77435,34450,0,0.293204,0
81912,6199,0,0.172273,0
4788,13064,0,0.244092,0
110089,41950,0,0.329198,0
192020,11949,0,0.399231,0
167313,42265,1,0.435298,0
154081,35510,0,0.467975,1
133597,29095,0,0.282337,0
33217,28264,0,0.38792,0
176208,18281,0,0.327732,0
34703,23192,0,0.330855,0
115958,42252,0,0.445656,0
159240,36691,0,0.465076,1
197581,4920,0,0.418964,0
140329,13176,0,0.428811,0
7479,27243,1,0.397311,0
114359,33741,0,0.259497,0
49938,5449,0,0.231622,0
150785,27658,0,0.344164,0
139633,20527,0,0.193972,0
105599,26604,0,0.372828,0
135543,42677,0,0.347904,0
188600,21903,0,0.320314,0
67542,27966,0,0.427771,0
2477,48368,0,0.393877,0
142523,1244,0,0.358538,0
67568,9092,0,0.254334,0
151304,35951,0,0.240992,0
33265,28204,0,0.286691,0
48138,3550,0,0.340063,0
157542,23025,0,0.401352,0
181920,13640,0,0.223881,0
91370,21267,0,0.345634,0
173050,18383,0,0.423109,0
140040,38944,0,0.262513,0
5960,42888,0,0.211733,0
75300,21019,0,0.293415,0
201436,25890,0,0.328374,0
192731,31506,0,0.350816,0
61899,6228,0,0.203665,0
198258,43772,0,0.240031,0
36573,48210,1,0.400844,0
98968,45650,0,0.295855,0
31118,45103,0,0.197659,0
189898,19048,0,0.400047,0
115235,37053,0,0.328495,0
32597,21292,0,0.27182,0
27520,5258,0,0.38399,0
2783,20114,0,0.409981,0
108643,27292,0,0.272683,0
117393,30776,1,0.542087,1
1563,29326,0,0.215464,0
141567,4591,0,0.284082,0
33302,12341,0,0.337769,0
28139,24561,0,0.303486,0
4383,33343,0,0.223342,0
193106,21996,0,0.38056,0
189034,29582,0,0.338945,0
38622,39861,0,0.28498,0
135172,47280,1,0.327037,0
170349,49478,0,0.262384,0
38910,37524,0,0.346273,0
138623,45210,0,0.40054,0
87638,34850,0,0.39489,0
174085,12409,0,0.216612,0
67890,12018,0,0.22205,0
110363,44375,1,0.278651,0
46145,40199,0,0.293669,0
64761,116,0,0.316456,0
46450,9710,0,0.202867,0
32718,21137,0,0.512349,1
57640,22935,0,0.296378,0
167190,2611,0,0.227985,0
39802,4853,0,0.381058,0
79887,5505,0,0.31683,0
37526,39922,0,0.386675,0
191930,35182,0,0.350915,0
64319,17461,1,0.440751,0
199817,18079,0,0.316255,0
16487,5223,0,0.347531,0
153321,27845,0,0.433027,0
23797,34448,0,0.358104,0
88697,8424,0,0.430072,0
183334,19348,0,0.419341,0
62558,21709,0,0.382492,0
46367,5514,0,0.336606,0
34755,47144,0,0.522653,1
32980,21478,0,0.366129,0
134776,34134,0,0.23753,0
71128,22935,0,0.372835,0
400,14924,0,0.34999,0
181383,44475,0,0.41073,0
17356,26648,0,0.309221,0
156640,28199,0,0.281375,0
24984,10246,0,0.276681,0
202124,22260,0,0.354886,0
116416,9932,0,0.291029,0
144802,29987,0,0.273315,0
186444,16445,0,0.216981,0
86558,32689,0,0.2326,0
52819,7065,0,0.343048,0
134078,42701,0,0.32965,0
43125,23035,0,0.383877,0
32781,21938,0,0.414449,0
17956,29615,1,0.457013,1
30910,42557,0,0.296277,0
171735,44830,0,0.394129,0
14401,36180,0,0.364262,0
63687,24130,0,0.266549,0
202529,3512,0,0.397351,0
200101,25087,0,0.233828,0
54517,39275,0,0.28496,0
116209,27086,1,0.435342,0
107159,21793,0,0.217881,0
15994,48720,0,0.301023,0
165716,10132,0,0.306437,0
155120,12932,0,0.463119,1
155421,18479,0,0.337624,0
178915,49111,0,0.2677,0
106812,5618,0,0.223148,0
124446,39858,0,0.245782,0
158603,10385,0,0.362881,0
135492,15689,0,0.327355,0
150528,18471,0,0.254112,0
151204,25133,0,0.367564,0
63559,42783,0,0.189533,0
124286,29327,0,0.369905,0
171542,41544,0,0.338042,0
38485,16290,0,0.382576,0
179696,44661,0,0.282131,0
34211,3405,0,0.29986,0
152938,9043,0,0.232336,0
122352,30291,0,0.242538,0
93375,21019,0,0.412755,0
83469,21903,0,0.291825,0
142590,23001,0,0.377237,0
138214,13838,0,0.309865,0
95460,37948,0,0.260717,0
139730,11461,0,0.286378,0
76171,26728,0,0.380824,0
107983,1529,0,0.402894,0
117335,12409,0,0.348329,0
101711,42680,0,0.318614,0
24777,35750,0,0.277853,0
109494,3835,1,0.423966,0
185919,13085,0,0.216232,0
180930,13176,0,0.263565,0
404,13176,0,0.388008,0
153372,26369,0,0.405204,0
16014,19516,0,0.347942,0
157775,3480,0,0.432545,0
128979,18286,0,0.379857,0
150746,1111,0,0.295969,0
37244,31717,0,0.505328,1
165919,31573,0,0.263786,0
50778,33819,0,0.3734,0
43836,33757,0,0.367882,0
162712,19711,0,0.246659,0
191270,13409,0,0.356662,0
196729,25035,0,0.286061,0
173753,42495,1,0.527245,1
2628,42971,0,0.306466,0
136640,27104,0,0.396465,0
108888,23537,0,0.223956,0
85389,31683,0,0.415522,0
152464,20533,0,0.270606,0
77772,38185,0,0.273515,0
72571,3696,0,0.298011,0
19760,18441,0,0.395734,0
172188,8362,0,0.390613,0
102846,13870,0,0.421036,0
155687,27845,1,0.442049,0
142137,1649,0,0.258515,0
190211,9426,0,0.46955,1
83505,25824,0,0.258515,0
80647,33198,0,0.448133,0
193455,26209,0,0.453905,1
528,27689,0,0.36789,0
39571,28842,0,0.352193,0
173580,41674,0,0.30308,0
111611,34433,0,0.329559,0
50227,27177,0,0.183569,0
196639,8424,1,0.461627,1
107946,42719,0,0.355352,0
167649,42828,0,0.351576,0
119710,42736,0,0.358144,0
118686,44811,0,0.264158,0
165703,5646,0,0.362531,0
55353,21095,0,0.275578,0
82433,20607,0,0.325984,0
25030,18027,0,0.41739,0
76527,43789,0,0.441138,0
69991,42221,0,0.380237,0
148980,44570,0,0.268274,0
15062,39275,0,0.252491,0
10765,2611,0,0.473094,1
50174,47025,0,0.238092,0
103042,26456,0,0.263757,0
127202,20119,0,0.438035,0
68203,24852,1,0.412138,0
23280,33451,0,0.275808,0
53267,20082,0,0.482227,1
51723,30391,0,0.277128,0
153703,9389,0,0.337663,0
113129,39812,0,0.223441,0
49606,46962,0,0.314138,0
85426,19200,0,0.409319,0
34793,24852,0,0.388323,0
68852,35887,0,0.320315,0
28078,30391,0,0.277831,0
63149,39928,0,0.233599,0
181528,32655,0,0.540846,1
202940,12074,0,0.22135,0
25276,8854,0,0.290057,0
145618,41406,0,0.34068,0
34946,1819,0,0.224269,0
124872,781,0,0.427609,0
21554,40469,0,0.225838,0
15586,2180,0,0.288569,0
170970,27156,0,0.364838,0
141174,10872,0,0.195163,0
100822,15937,0,0.476912,1
172493,13176,0,0.265894,0
4131,2800,0,0.213615,0
124643,12481,0,0.300634,0
50817,3787,0,0.27753,0
137850,35594,0,0.486041,1
85665,12907,0,0.246288,0
52672,46175,0,0.373353,0
165117,32655,0,0.455423,1
32073,33000,0,0.251302,0
88348,15447,0,0.193826,0
95332,22472,0,0.383748,0
166205,29311,0,0.371347,0
170509,8903,0,0.383815,0
112176,11513,0,0.281815,0
77416,21949,0,0.429565,0
205861,40516,0,0.386808,0
153463,21793,0,0.225431,0
161844,23955,1,0.453077,1
116480,32734,0,0.390561,0
194451,20947,0,0.277649,0
85622,31486,0,0.302103,0
177468,27243,0,0.210946,0
20067,49144,0,0.300962,0
101527,15765,1,0.406122,0
132640,27086,0,0.338293,0
204654,46257,0,0.330121,0
30143,19272,0,0.376362,0
152107,21137,0,0.314636,0
56280,18988,0,0.256927,0
159047,47000,0,0.407914,0
37521,3896,0,0.351006,0
199829,25931,1,0.48844,1
7279,2002,0,0.268581,0
139890,8277,0,0.469748,1
94141,47626,0,0.420501,0
110394,5067,0,0.390413,0
10404,8091,0,0.301023,0
25480,40214,0,0.326367,0
170822,26173,0,0.338786,0
185546,35476,0,0.34936,0
170282,17303,0,0.438701,0
137689,18963,0,0.21803,0
67817,30286,0,0.364988,0
171236,33294,0,0.288431,0
100389,5491,1,0.376374,0
26523,14678,0,0.409177,0
90081,24901,0,0.241965,0
135429,38033,0,0.450488,1
37010,7632,0,0.334379,0
114362,24852,0,0.306414,0
128570,33845,0,0.27576,0
184990,5450,1,0.502964,1
175495,25146,0,0.408841,0
121115,27307,0,0.406461,0
621,40709,0,0.355639,0
131974,8596,0,0.433596,0
72699,25890,0,0.296155,0
11888,16797,0,0.325798,0
153777,4544,0,0.241026,0
16969,47626,0,0.235362,0
168386,37066,0,0.329283,0
109953,34584,0,0.295443,0
63812,11520,0,0.416916,0
29227,26209,0,0.388878,0
184128,27216,0,0.426329,0
95068,36036,0,0.400886,0
155723,49555,0,0.229509,0
119471,3098,0,0.391483,0
4850,22620,0,0.278565,0
69476,31955,0,0.322066,0
3753,27413,0,0.332748,0
191446,38288,0,0.23449,0
142746,26679,0,0.224834,0
24362,210,0,0.212275,0
117090,6758,0,0.503926,1
19319,40063,0,0.387993,0
189895,15937,0,0.310507,0
176390,4221,0,0.359545,0
24529,46906,0,0.272835,0
188942,43920,0,0.210281,0
145265,46650,0,0.356811,0
189226,13431,0,0.312063,0
103370,19478,0,0.317659,0
202844,14218,1,0.350186,0
63955,18963,0,0.212058,0
74920,49520,0,0.341138,0
101340,17795,0,0.243856,0
1240,40411,0,0.199015,0
32487,22802,0,0.481835,1
83145,9065,0,0.308613,0
160468,30489,0,0.47335,1
190156,6313,0,0.304652,0
134153,44811,0,0.252463,0
11576,39275,0,0.455443,1
23189,6667,0,0.212034,0
127868,40923,0,0.379491,0
4916,7969,1,0.474255,1
11161,24852,0,0.376003,0
95984,35167,1,0.398285,0
102860,26800,0,0.397303,0
80475,46654,0,0.430005,0
81641,32303,0,0.387856,0
50352,35494,0,0.326845,0
154631,46175,0,0.381877,0
127291,32650,0,0.478584,1
164075,28441,0,0.246659,0
158166,28670,0,0.300378,0
199325,13575,0,0.368236,0
203267,12986,0,0.375317,0
191587,1468,0,0.394768,0
132103,44008,0,0.428185,0
107314,12419,0,0.253389,0
68751,9225,0,0.282398,0
191191,20549,0,0.370665,0
26843,27801,0,0.263284,0
64573,33225,0,0.407143,0
85534,37876,0,0.224389,0
198104,29874,0,0.248511,0
20091,48946,0,0.313979,0
9530,38456,0,0.339183,0
91043,28465,0,0.298365,0
127589,14571,0,0.367394,0
6977,7963,0,0.247454,0
188687,17905,0,0.250646,0
39682,5618,0,0.393436,0
205091,2498,0,0.382544,0
188441,49239,0,0.258927,0
42971,28202,0,0.293488,0
188188,5025,0,0.297373,0
44513,15632,0,0.374932,0
50377,49139,0,0.382046,0
6774,34137,0,0.229171,0
165754,47766,0,0.388036,0
13824,48364,1,0.477768,1
66599,26384,0,0.404597,0
136266,21295,0,0.392621,0
181277,4799,1,0.467387,1
59604,43122,0,0.313722,0
113989,24852,1,0.545545,1
5384,2832,0,0.329395,0
168812,9038,0,0.372028,0
110736,10673,0,0.277064,0
83336,16560,0,0.400388,0
33098,18908,0,0.401685,0
112552,27247,0,0.423233,0
127743,33626,0,0.230601,0
198261,25393,0,0.183205,0
14692,11520,0,0.430974,0
79570,26201,0,0.249745,0
78750,45763,0,0.271598,0
73352,4210,0,0.437808,0
17031,28862,0,0.226478,0
180188,13823,0,0.344115,0
202332,42356,0,0.389107,0
160328,44683,0,0.51578,1
138255,32851,0,0.27795,0
168597,45603,0,0.486661,1
196604,21906,0,0.212986,0
17566,39348,0,0.403897,0
152847,17159,0,0.347255,0
169489,6104,0,0.403076,0
61794,24964,0,0.424871,0
206101,42796,0,0.404119,0
163794,17747,0,0.246101,0
400,19508,0,0.267737,0
158808,29388,0,0.401892,0
196047,9339,0,0.314553,0
117422,45447,0,0.282269,0
145890,7940,0,0.241535,0
84842,43789,0,0.404989,0
89205,1940,0,0.325114,0
65974,19868,0,0.235666,0
163822,32553,0,0.221967,0
180437,40706,0,0.295843,0
125441,8643,0,0.272244,0
75664,44776,0,0.296944,0
154146,46906,0,0.286932,0
99221,22395,0,0.258403,0
113532,18761,0,0.361692,0
20064,33471,0,0.392184,0
95565,16975,0,0.337476,0
5479,23612,0,0.33079,0
86537,39662,0,0.379536,0
135569,24852,0,0.418387,0
67689,40790,0,0.230367,0
26086,47990,0,0.221538,0
85750,46720,0,0.268542,0
41875,8153,0,0.281111,0
35723,42460,1,0.448339,0
177415,16797,0,0.407966,0
187969,47209,1,0.490936,1
96355,24852,0,0.443303,0
17448,45822,0,0.310576,0
78856,30442,0,0.452891,1
191058,16137,0,0.410649,0
18047,12576,0,0.390312,0
90850,15003,0,0.273644,0
90450,21050,0,0.281204,0
145342,39351,0,0.289198,0
51116,12212,0,0.387624,0
152357,40545,0,0.374718,0
99958,5077,0,0.464601,1
204848,6288,0,0.246261,0
36010,1035,1,0.468504,1
45178,13176,0,0.370965,0
196704,41757,0,0.327757,0
5784,6615,0,0.380883,0
154581,29112,0,0.345792,0
63748,39408,0,0.371402,0
107936,9647,0,0.300001,0
145355,45007,0,0.410245,0
27429,18471,0,0.320911,0
156893,5479,0,0.277893,0
79008,31562,1,0.404773,0
188564,2536,0,0.29213,0
172880,9159,0,0.249038,0
54020,2390,0,0.260164,0
2077,3233,0,0.370869,0
53130,24956,0,0.32336,0
67178,46667,0,0.268712,0
77549,48745,0,0.40222,0
125102,13926,0,0.249703,0
119225,7249,0,0.242038,0
143831,13914,0,0.350644,0
21331,46638,0,0.376057,0
167091,27730,0,0.415775,0
154556,49478,0,0.327336,0
35,42625,0,0.279333,0
8792,33847,0,0.361196,0
54191,29127,0,0.270648,0
180344,44142,0,0.336527,0
148396,46886,0,0.41013,0
101032,30406,0,0.419826,0
88487,48825,0,0.395615,0
185191,47229,1,0.328367,0
98295,1203,1,0.418817,0
166772,24489,0,0.273416,0
149595,26915,0,0.301614,0
64761,19415,0,0.331362,0
90009,4799,0,0.423581,0
30172,33433,0,0.392593,0
185529,8277,0,0.41897,0
148834,4146,0,0.434042,0
193134,43961,0,0.454117,1
148730,25351,0,0.317829,0
69970,26767,0,0.341572,0
19794,37940,0,0.27085,0
18159,20152,0,0.327524,0
178701,38508,0,0.405034,0
12514,12409,0,0.283268,0
138115,45356,0,0.367531,0
88278,42585,0,0.297076,0
35169,28038,0,0.222553,0
42345,26283,0,0.370779,0
178612,44229,0,0.448646,0
182010,8638,0,0.186516,0
172153,28156,0,0.405382,0
137699,24852,0,0.389401,0
134699,5303,0,0.2725,0
47737,45681,0,0.317558,0
123309,45965,0,0.298193,0
4543,18880,0,0.337158,0
50076,24852,0,0.342139,0
17555,27402,0,0.39287,0
115659,48093,0,0.294745,0
49868,44932,0,0.22161,0
43868,26790,0,0.378263,0
203599,48697,0,0.377241,0
8774,49198,0,0.452933,1
158411,41844,0,0.267585,0
111322,45544,0,0.270857,0
59709,3539,0,0.312582,0
31118,5250,0,0.19171,0
180360,20691,0,0.399113,0
151050,41674,0,0.394184,0
183259,31577,0,0.385147,0
24539,47668,0,0.229124,0
56402,24363,0,0.431056,0
52327,33198,0,0.380095,0
7974,15872,0,0.39218,0
38820,427,0,0.273972,0
40391,49683,0,0.388019,0
204799,37472,0,0.300112,0
161079,18498,0,0.313537,0
93106,1783,0,0.267835,0
168525,30183,1,0.47956,1
53897,7358,0,0.388353,0
97401,6774,0,0.313331,0
180884,45965,0,0.374324,0
51312,5876,0,0.415629,0
78785,38949,1,0.33006,0
125707,4591,0,0.371272,0
60994,32689,0,0.372861,0
89753,42265,0,0.322337,0
197470,40516,0,0.302081,0
204548,19508,0,0.400943,0
16032,48679,0,0.454716,1
196314,39692,0,0.29832,0
83544,35535,0,0.433963,0
187814,28836,0,0.330372,0
182216,8535,0,0.327349,0
82574,38928,0,0.384927,0
167873,33394,0,0.2503,0
54912,6987,0,0.210281,0
37041,28985,0,0.424188,0
17922,48205,0,0.3028,0
181080,18918,0,0.254051,0
175398,21938,1,0.449301,0
112872,15386,0,0.343398,0
117037,29270,0,0.272683,0
133316,24028,0,0.343362,0
65790,1940,1,0.523323,1
158244,20595,0,0.454181,1
24719,27845,1,0.54889,1
29563,33135,0,0.268274,0
149412,9871,0,0.340614,0
33059,39247,0,0.197145,0
51118,23025,0,0.356649,0
40627,46979,0,0.311177,0
38032,13646,0,0.27473,0
183640,9799,0,0.369334,0
177544,26497,0,0.257643,0
102622,38996,0,0.374946,0
59340,43654,0,0.277491,0
115567,9175,0,0.428963,0
164679,30489,0,0.282169,0
50747,20583,0,0.226478,0
1791,40571,0,0.381311,0
64203,24964,1,0.440837,0
34131,43961,0,0.365515,0
152561,2039,0,0.240498,0
56406,117,0,0.250944,0
119037,28825,0,0.328715,0
113459,8277,0,0.48135,1
118428,37371,0,0.386483,0
622,2120,0,0.332335,0
174836,8087,0,0.242555,0
33947,28709,0,0.210723,0
25730,9210,0,0.282337,0
72143,36051,0,0.367333,0
52227,24190,1,0.450365,1
44631,13077,0,0.275772,0
186556,16185,0,0.237836,0
76435,21938,0,0.422578,0
195573,15630,0,0.196992,0
102104,49683,0,0.405072,0
55557,37552,1,0.418783,0
88481,49075,0,0.403315,0
88804,47229,1,0.407982,0
183286,22640,0,0.393507,0
32627,49520,0,0.318816,0
10443,11146,0,0.244303,0
148396,31642,0,0.392916,0
23207,17948,0,0.358306,0
64873,8518,0,0.373037,0
15454,44195,0,0.354838,0
173751,4920,0,0.360586,0
200156,17284,0,0.317484,0
62194,13176,0,0.462038,1
83616,46720,0,0.417106,0
73328,18987,0,0.393758,0
23070,40706,0,0.415342,0
131860,28226,0,0.467805,1
60430,23715,0,0.231524,0
127547,2519,0,0.209485,0
18505,47626,0,0.447071,0
6069,34126,0,0.407203,0
100687,16423,0,0.319121,0
170825,48933,1,0.480879,1
199743,13170,0,0.192625,0
49657,34126,0,0.441041,0
80032,37849,0,0.391491,0
148237,41844,0,0.277692,0
61820,15404,0,0.375204,0
184406,38159,0,0.247111,0
20083,38734,0,0.231918,0
187817,32864,0,0.485493,1
127896,44142,0,0.282169,0
157036,21903,1,0.402762,0
76666,23763,1,0.468845,1
18986,44368,0,0.386555,0
67731,21288,0,0.465672,1
19220,36685,0,0.354358,0
66096,42009,0,0.18061,0
199337,16797,0,0.328368,0
51496,21626,1,0.403086,0
25830,22920,0,0.253876,0
188225,15987,0,0.469831,1
46023,48697,0,0.279019,0
99845,36192,0,0.206215,0
12739,30561,0,0.521854,1
178125,5460,0,0.409432,0
135847,20840,0,0.381757,0
123960,44051,0,0.371369,0
95573,19322,0,0.474119,1
149981,39275,0,0.356499,0
32922,39465,0,0.221664,0
91276,27000,0,0.312153,0
197767,27953,0,0.250053,0
103189,18594,0,0.342556,0
183504,28985,0,0.339747,0
112111,48745,0,0.330191,0
35017,7645,0,0.304387,0
31118,16911,0,0.200529,0
80842,31040,0,0.406639,0
150983,34126,0,0.433995,0
59721,42441,0,0.384979,0
106281,42110,0,0.409077,0
162111,32108,0,0.296949,0
188318,45066,1,0.518965,1
99520,11087,0,0.227738,0
73122,47610,0,0.352446,0
64168,21903,0,0.369798,0
47252,29127,0,0.376838,0
91180,5769,0,0.39055,0
69252,7952,0,0.22062,0
158210,45194,0,0.386472,0
18170,41950,0,0.394615,0
58321,43768,0,0.287642,0
23023,4658,0,0.241865,0
154350,3481,0,0.282053,0
16032,43647,0,0.340127,0
9710,14650,0,0.366136,0
28496,21333,0,0.267254,0
51489,8479,0,0.384701,0
151994,44142,0,0.326293,0
138921,26604,0,0.362531,0
132793,522,0,0.317488,0
127178,2567,0,0.251271,0
51841,32403,0,0.340682,0
152477,45774,0,0.20001,0
173125,44632,0,0.537046,1
106267,39977,0,0.351658,0
31319,37208,0,0.253444,0
14315,14444,0,0.400332,0
198385,22935,0,0.29106,0
127202,29763,0,0.448268,0
181090,28985,0,0.266513,0
123920,16521,0,0.365101,0
31880,14553,0,0.261492,0
11171,40706,0,0.29662,0
171343,10106,0,0.366854,0
142782,5785,0,0.424776,0
87818,43961,0,0.308218,0
167310,47900,0,0.335477,0
181729,22025,0,0.210087,0
121596,311,0,0.203202,0
183782,21403,0,0.25326,0
66044,45747,0,0.318269,0
186631,29640,0,0.387486,0
13225,23405,0,0.320812,0
142100,1440,0,0.250935,0
105241,38544,0,0.332748,0
34370,47196,0,0.350954,0
25730,7628,0,0.264516,0
98917,12157,0,0.215682,0
156640,22825,0,0.276023,0
175151,16479,0,0.25241,0
145536,24518,0,0.403789,0
127412,18354,0,0.295234,0
66249,34969,0,0.328316,0
42113,10874,0,0.340948,0
108776,32665,0,0.229171,0
119883,23178,0,0.364994,0
174899,49628,0,0.415802,0
63073,46511,0,0.188096,0
22914,25588,0,0.216662,0
115006,30353,0,0.386834,0
88422,26756,0,0.200998,0
65981,19048,0,0.269427,0
25855,26800,0,0.356168,0
203170,20943,0,0.271493,0
833,44628,0,0.375014,0
150049,25890,0,0.235899,0
1563,14678,0,0.249553,0
182240,13380,0,0.34303,0
140183,33401,0,0.370206,0
98917,15304,0,0.22553,0
152792,43768,0,0.242848,0
140113,45249,0,0.306608,0
31216,38856,0,0.266944,0
174342,35939,0,0.282331,0
77466,41355,0,0.222553,0
41782,10473,0,0.274455,0
25634,30382,0,0.361218,0
168367,27848,0,0.252912,0
198238,46496,0,0.365347,0
136340,27663,0,0.358025,0
152587,14651,0,0.33296,0
172087,40199,0,0.316191,0
41467,26283,0,0.308431,0
203009,40706,1,0.429708,0
89694,5240,0,0.323886,0
42264,13988,0,0.278933,0
76180,20011,0,0.402569,0
190075,14386,0,0.396905,0
5848,27690,0,0.229586,0
148358,37552,0,0.342751,0
11726,18337,0,0.390893,0
177053,32839,0,0.248294,0
97965,14633,0,0.347645,0
66599,24186,0,0.368527,0
164403,34034,0,0.251933,0
192186,37276,0,0.276365,0
192521,30827,0,0.456647,1
168449,13733,0,0.383508,0
77636,4097,0,0.303365,0
22781,397,0,0.344037,0
55857,17794,0,0.235899,0
159002,29034,0,0.272125,0
34990,41375,0,0.369315,0
183352,47541,0,0.309886,0
40273,25938,0,0.408306,0
22928,35333,0,0.325668,0
100730,47526,0,0.451132,1
144121,14897,0,0.337415,0
163857,38508,0,0.301759,0
103344,21326,0,0.308621,0
41095,5818,0,0.302656,0
69975,5031,1,0.488412,1
83624,8193,0,0.359707,0
15691,10761,0,0.440564,0
204067,13885,0,0.229622,0
50714,816,0,0.241645,0
116693,4421,0,0.312585,0
145094,7140,0,0.377879,0
67959,49158,0,0.221664,0
43125,38374,0,0.375331,0
102846,9076,0,0.434571,0
78785,5077,0,0.434641,0
99469,9385,0,0.35318,0
27678,26369,0,0.375522,0
47354,24852,1,0.520864,1
168137,11277,0,0.379892,0
69029,29650,0,0.285948,0
138211,12320,0,0.359943,0
180693,9839,0,0.340646,0
141704,41375,0,0.409823,0
155102,5785,0,0.291825,0
12660,22952,0,0.274043,0
91827,30480,0,0.302449,0
34406,24852,0,0.432852,0
152288,1712,0,0.293206,0
62825,49401,0,0.381661,0
84805,49520,0,0.282356,0
195434,45916,0,0.351342,0
130987,19906,0,0.384475,0
131763,31562,0,0.302238,0
175879,1158,0,0.277323,0
106708,8277,0,0.281788,0
19844,37065,0,0.399494,0
141844,5746,0,0.217922,0
190676,7179,0,0.184406,0
198544,15664,0,0.368242,0
87719,7325,0,0.360094,0
57980,23484,0,0.286921,0
59721,22124,1,0.4999,1
141606,34308,0,0.201317,0
65862,32104,0,0.242564,0
24268,35166,0,0.212811,0
194038,7736,0,0.371674,0
80311,12614,0,0.226249,0
171040,32519,0,0.357084,0
68901,48894,0,0.376854,0
43072,30557,0,0.224734,0
23619,24184,0,0.243856,0
19185,41387,0,0.258515,0
154163,47990,0,0.422431,0
143905,14633,0,0.282475,0
113532,21616,0,0.413586,0
24777,4656,0,0.226284,0
204763,10568,0,0.360363,0
112968,456,0,0.332116,0
160556,37055,0,0.372359,0
60396,4562,0,0.23631,0
137808,21009,0,0.413479,0
44184,45965,0,0.415243,0
97699,43129,0,0.291796,0
139597,12756,0,0.261454,0
139633,43351,0,0.228655,0
72122,41549,0,0.352468,0
167728,33842,1,0.381344,0
26652,44580,0,0.341606,0
68206,2120,0,0.3502,0
165357,7693,0,0.489849,1
147112,32412,0,0.229622,0
182347,8153,0,0.401217,0
204496,29389,0,0.379296,0
44941,11943,0,0.430114,0
70512,29926,0,0.432275,0
190345,39275,0,0.41103,0
46993,40584,0,0.363823,0
106841,36591,0,0.229622,0
71545,1541,0,0.401488,0
61216,12063,0,0.255921,0
14279,79,0,0.41558,0
110077,7175,0,0.407411,0
144785,8424,0,0.293997,0
194438,41480,0,0.263668,0
147910,18339,0,0.39992,0
108361,4154,0,0.334629,0
106161,5876,0,0.276984,0
74805,3990,0,0.326481,0
65300,13113,0,0.320505,0
151805,812,0,0.282794,0
167190,19508,0,0.214602,0
27470,10867,0,0.224785,0
165980,30450,0,0.428925,0
120253,24062,0,0.369731,0
24296,4759,0,0.35195,0
147885,32812,0,0.288069,0
50143,18370,0,0.285524,0
184373,36551,0,0.394429,0
160646,13575,0,0.24284,0
205047,8670,0,0.220044,0
163761,35121,0,0.343377,0
47968,31066,0,0.332245,0
87835,24622,0,0.409864,0
54154,25767,0,0.268174,0
139077,38490,0,0.298801,0
192731,24964,0,0.410425,0
101279,28967,0,0.270142,0
205905,10421,0,0.353894,0
77788,16578,0,0.203903,0
70076,35951,0,0.428204,0
52438,25223,0,0.312166,0
85464,38185,0,0.2787,0
72160,4422,0,0.424098,0
28284,30290,0,0.300774,0
60049,5114,0,0.281453,0
96276,30827,0,0.457132,1
11981,28123,0,0.431233,0
68,29987,0,0.28655,0
176560,39832,0,0.366521,0
14573,37357,0,0.34748,0
162745,32433,0,0.222942,0
204613,4942,0,0.403193,0
126636,2121,0,0.389816,0
95242,38995,0,0.377213,0
194400,2078,0,0.474334,1
148402,44359,1,0.480161,1
54831,24009,0,0.296064,0
20779,9403,0,0.399794,0
13562,49383,0,0.435926,0
84056,40490,0,0.314147,0
86637,38425,0,0.380459,0
96999,31002,0,0.209884,0
170743,33439,0,0.254112,0
34635,40867,0,0.407557,0
154202,2002,0,0.38614,0
142614,22071,0,0.324985,0
61012,13431,0,0.219289,0
173298,22849,0,0.40814,0
52878,37687,0,0.39895,0
45930,31404,0,0.242437,0
146130,11921,0,0.373217,0
133555,11777,0,0.352974,0
155309,39984,0,0.438975,0
40045,24852,0,0.46572,1
172783,10193,0,0.446601,0
177645,41950,0,0.246378,0
160556,38334,0,0.375951,0
163861,33768,0,0.413154,0
67263,4210,0,0.330398,0
167097,38344,0,0.268856,0
174624,27388,0,0.395858,0
179296,28123,0,0.384175,0
77614,45224,0,0.295882,0
68121,38563,0,0.23328,0
50477,28826,0,0.293521,0
74264,47766,0,0.288286,0
29951,23541,0,0.256052,0
93226,34969,0,0.323634,0
87941,48142,0,0.378539,0
178990,31785,0,0.417207,0
11725,46145,0,0.36827,0
145962,38274,0,0.293772,0
165364,45208,0,0.418299,0
176119,22124,1,0.472876,1
98303,41844,0,0.234416,0
105318,18987,0,0.219875,0
164826,9076,0,0.237836,0
121022,48720,0,0.405238,0
170459,9076,0,0.415741,0
108927,35914,0,0.41827,0
9786,26604,0,0.282228,0
163532,160,0,0.387999,0
80864,7673,0,0.287391,0
40019,35946,0,0.354839,0
177927,32096,0,0.297978,0
150049,34358,0,0.293564,0
78768,8277,0,0.424626,0
93119,19508,0,0.342204,0
28628,48287,0,0.21061,0
122326,35752,0,0.429055,0
46388,17377,0,0.281899,0
168186,4656,0,0.264461,0
118611,33055,0,0.238381,0
190678,41787,0,0.302891,0
41389,41950,0,0.271482,0
134063,41319,0,0.309838,0
22970,31801,0,0.393884,0
8817,27344,0,0.404776,0
29621,31915,0,0.226061,0
139106,277,1,0.465081,1
26817,49113,0,0.397369,0
81175,11030,0,0.336836,0
204387,24906,0,0.407688,0
199785,29079,0,0.32546,0
133397,34249,0,0.350845,0
97345,29127,0,0.220541,0
182406,23554,0,0.343418,0
183173,2228,0,0.268894,0
198629,8239,0,0.217492,0
37053,45870,0,0.221178,0
65243,43961,0,0.42075,0
173982,4793,0,0.339416,0
38622,33731,0,0.317755,0
47563,4715,0,0.361947,0
151511,22935,0,0.250572,0
97188,45066,0,0.493899,1
70265,29487,0,0.279341,0
94953,39097,0,0.303952,0
74671,27086,0,0.404527,0
146847,16797,0,0.272383,0
74878,3177,1,0.386738,0
193627,18150,0,0.381056,0
68445,37203,0,0.253505,0
117674,1244,0,0.406595,0
200792,47209,0,0.469553,1
37282,21174,0,0.25709,0
131505,15739,0,0.258515,0
82573,28593,0,0.359283,0
5057,29662,0,0.357753,0
52068,17807,0,0.340841,0
15664,39534,0,0.291379,0
205601,27845,0,0.494923,1
103523,22952,0,0.246937,0
158402,47209,0,0.22558,0
70562,49496,0,0.474349,1
126065,11526,0,0.401652,0
99687,23565,0,0.28243,0
119687,35769,0,0.201872,0
93308,35989,0,0.371026,0
809,329,0,0.340004,0
86020,12872,0,0.247865,0
185215,26209,1,0.483522,1
6168,24184,0,0.388484,0
113870,42701,0,0.42008,0
71257,38167,0,0.386486,0
119508,47681,0,0.380459,0
58701,5355,0,0.382286,0
105058,13423,0,0.244082,0
64246,26683,0,0.220571,0
66776,27966,0,0.320937,0
42430,29812,0,0.35431,0
3514,3703,0,0.253369,0
40170,29987,0,0.390575,0
50650,2120,0,0.308609,0
84805,16797,0,0.369093,0
91287,35217,0,0.364942,0
12822,6789,0,0.416789,0
163247,30391,1,0.458568,1
36611,24964,0,0.509133,1
129050,260,0,0.326293,0
72310,30442,0,0.478943,1
68495,46475,0,0.381489,0
106342,15902,0,0.413566,0
177487,3464,0,0.44358,0
113246,10623,0,0.33065,0
193576,9781,0,0.34026,0
104249,30406,0,0.266628,0
2646,160,0,0.327093,0
27090,14197,0,0.240891,0
29291,47766,0,0.477519,1
175208,18849,0,0.260565,0
156941,43961,0,0.405838,0
165337,30442,0,0.432257,0
177936,37892,0,0.341572,0
62988,13877,0,0.217878,0
93591,44949,0,0.428517,0
16158,34829,0,0.472042,1
153694,3765,0,0.341445,0
24449,35951,0,0.364939,0
52797,40516,0,0.266847,0
13927,30117,0,0.293624,0
48538,7026,0,0.3934,0
43182,47325,0,0.353945,0
184334,17638,0,0.467849,1
109477,48726,0,0.40132,0
39920,703,0,0.249933,0
102110,3869,0,0.216184,0
86537,27690,0,0.45928,1
74893,2295,0,0.418126,0
187339,5475,0,0.429915,0
40425,5605,0,0.228471,0
36369,46688,0,0.304216,0
189034,23537,0,0.326438,0
6427,10749,0,0.270286,0
11980,45646,0,0.201308,0
153730,40893,0,0.286176,0
126818,12206,0,0.358958,0
153149,43129,0,0.25383,0
199382,20406,1,0.494107,1
112258,11440,0,0.385322,0
1722,365,0,0.426989,0
178080,18926,0,0.408485,0
59341,44661,0,0.36417,0
128904,13176,1,0.50244,1
194566,20734,0,0.342553,0
191648,20674,0,0.259379,0
106639,34862,0,0.234996,0
44205,25368,0,0.372954,0
68315,25577,0,0.216184,0
191019,22453,0,0.41575,0
97852,42265,0,0.307595,0
95975,33590,0,0.42164,0
97436,27196,0,0.305025,0
105935,13877,0,0.362398,0
2278,31040,0,0.41143,0
136491,44292,0,0.274183,0
152454,2091,0,0.27743,0
27605,27801,0,0.330845,0
112176,12576,0,0.277577,0
190899,28264,1,0.495052,1
66808,46206,0,0.271626,0
78879,2748,0,0.475286,1
167830,34543,0,0.392319,0
139415,436,0,0.329464,0
187186,21815,0,0.383407,0
162677,5886,0,0.322651,0
159702,48119,0,0.367941,0
62734,40910,0,0.414654,0
173850,23601,0,0.298522,0
179783,42265,0,0.371575,0
138520,44449,0,0.395183,0
1465,3177,0,0.420239,0
12103,20828,0,0.253876,0
95978,24097,0,0.37902,0
81280,8467,0,0.236993,0
191648,17931,0,0.216747,0
90367,10602,0,0.388761,0
159524,10749,0,0.226709,0
203033,31506,0,0.351313,0
23542,30353,0,0.392475,0
81762,44632,0,0.384654,0
22970,35688,0,0.383329,0
178638,24964,1,0.501628,1
22169,4933,0,0.238506,0
164718,43101,0,0.358517,0
77891,22298,0,0.374066,0
69582,1463,0,0.323264,0
122554,17329,0,0.375991,0
195499,2855,1,0.437675,0
165010,9839,0,0.413035,0
68716,23367,0,0.314708,0
24293,6104,0,0.277128,0
66736,48785,0,0.268542,0
2589,19734,0,0.409057,0
174051,32842,0,0.324175,0
13378,42265,0,0.273975,0
161678,45066,1,0.498456,1
117502,21841,0,0.262795,0
189223,49005,0,0.332668,0
85037,28985,0,0.433302,0
205939,38288,0,0.263026,0
25920,45613,0,0.255537,0
92044,40709,0,0.296155,0
199334,42526,0,0.460995,1
5017,22825,0,0.236003,0
11588,38985,0,0.318064,0
94499,14992,0,0.403897,0
66522,34449,0,0.387815,0
161421,1202,0,0.50078,1
154063,26373,0,0.299273,0
95003,47586,0,0.38768,0
137331,13176,1,0.489365,1
191018,23291,0,0.378949,0
190663,9597,0,0.398813,0
92916,46680,0,0.328234,0
26813,31640,0,0.488523,1
38015,49284,0,0.233198,0
119334,12206,0,0.405542,0
201504,19370,0,0.413095,0
90292,10243,0,0.367907,0
168701,19678,0,0.46937,1
155621,23253,0,0.290087,0
170078,7131,0,0.2725,0
49376,274,0,0.38141,0
146431,31683,0,0.383163,0
206053,4125,0,0.345024,0
145055,32139,0,0.274674,0
86640,7781,0,0.412935,0
18791,36554,0,0.270295,0
148441,45535,0,0.342448,0
186448,24852,1,0.49415,1
66973,32433,0,0.42427,0
169659,35336,0,0.473795,1
111267,39303,0,0.342142,0
96162,34126,0,0.412656,0
179438,26587,0,0.426774,0
39035,27845,0,0.43461,0
193650,31660,0,0.228415,0
60649,46654,1,0.449441,0
3387,40261,0,0.245338,0
82573,2314,0,0.385539,0
129098,12409,0,0.403013,0
32067,23001,0,0.305068,0
131385,23679,0,0.363114,0
173675,23726,0,0.375177,0
111000,24852,1,0.519598,1
165534,42188,0,0.376466,0
151595,38159,0,0.298191,0
7385,22316,0,0.313548,0
37676,12572,0,0.276788,0
141637,46931,0,0.287028,0
88303,29672,0,0.326388,0
145868,40706,0,0.271961,0
120865,47196,0,0.351417,0
1427,6346,0,0.305639,0
67722,28204,1,0.374792,0
92421,21616,0,0.253023,0
62718,39663,0,0.319128,0
77012,48775,0,0.396112,0
113901,28634,0,0.411325,0
42896,40878,0,0.272683,0
25624,47652,0,0.364101,0
57659,45249,0,0.219513,0
4529,49175,0,0.394296,0
61808,29629,0,0.388167,0
12642,8193,0,0.293646,0
67752,31215,0,0.478818,1
87842,28214,0,0.357244,0
174388,2876,0,0.353285,0
51277,17315,0,0.363883,0
42345,13517,0,0.352793,0
97886,20114,0,0.271299,0
15374,32177,0,0.427177,0
86615,45066,0,0.314634,0
11584,8380,0,0.402343,0
195869,25861,0,0.263496,0
118047,14127,0,0.396636,0
25871,15536,0,0.23659,0
122240,45646,0,0.38189,0
28340,6518,0,0.38311,0
134891,15650,0,0.361311,0
115193,33129,0,0.432053,0
2870,34717,0,0.422809,0
46231,32655,1,0.485155,1
28673,2433,0,0.333412,0
54324,15937,0,0.331765,0
203635,38159,0,0.293997,0
190449,29778,0,0.304428,0
7161,8025,1,0.448224,0
167996,8518,0,0.277692,0
79213,21616,0,0.281148,0
77208,18609,0,0.213545,0
64666,34092,0,0.250118,0
173177,17819,0,0.404564,0
148917,25715,0,0.19241,0
52478,14819,0,0.358743,0
21882,39877,1,0.486253,1
192321,8518,0,0.422792,0
33351,8518,0,0.287738,0
158241,42479,0,0.350289,0
67975,26968,0,0.258569,0
31620,32955,0,0.372279,0
108832,19240,0,0.308471,0
161647,26604,0,0.44732,0
186243,44961,0,0.278087,0
94786,15902,0,0.194653,0
131340,7474,0,0.381522,0
135829,24390,0,0.379953,0
94847,39928,0,0.283776,0
140145,30247,0,0.252887,0
94764,46962,0,0.181217,0
34874,28849,0,0.241548,0
76461,31506,0,0.225901,0
53136,33953,0,0.381365,0
76025,47008,1,0.46081,1
103242,22935,0,0.508762,1
43815,28204,0,0.429348,0
16103,33640,0,0.398521,0
94750,31557,0,0.370202,0
158657,33120,0,0.442001,0
174720,33764,0,0.369042,0
110795,47209,0,0.482182,1
32707,32768,0,0.249325,0
186469,4739,0,0.42687,0
173517,37354,0,0.234605,0
83562,45948,0,0.210087,0
138727,39275,1,0.464081,1
487,24390,0,0.433947,0
32854,4455,0,0.38573,0
62080,27344,0,0.49296,1
53776,4920,0,0.363937,0
31308,4314,0,0.411849,0
56343,35530,0,0.334392,0
11904,11759,0,0.355727,0
106900,43987,0,0.245404,0
34999,20842,0,0.398938,0
93596,10571,0,0.205683,0
76435,47790,0,0.335714,0
97855,8900,0,0.415528,0
97405,45066,0,0.35915,0
57246,33636,0,0.261454,0
88553,3721,0,0.400228,0
28496,4363,0,0.250053,0
95769,20691,0,0.248213,0
203126,18288,0,0.239312,0
170773,34530,0,0.253444,0
110121,12144,0,0.458323,1
55911,37630,0,0.398422,0
134164,39947,0,0.2725,0
78752,6336,1,0.484181,1
133811,2091,0,0.413135,0
49277,25341,0,0.313751,0
56089,28999,0,0.339674,0
59107,23060,0,0.207698,0
48409,1347,1,0.438104,0
47647,22227,0,0.20001,0
186919,10793,0,0.225344,0
94746,49113,0,0.394074,0
198261,13740,0,0.207437,0
150628,9208,0,0.320605,0
96214,44628,0,0.398601,0
23455,42508,0,0.294672,0
87270,43662,0,0.27711,0
173058,17140,0,0.460428,1
65597,7559,0,0.351952,0
199862,31717,0,0.293997,0
47959,35594,0,0.266703,0
111281,24413,0,0.424017,0
122102,10070,0,0.400702,0
37409,28993,0,0.281714,0
177926,28993,0,0.320367,0
44718,49478,0,0.406323,0
44226,31618,0,0.308114,0
125955,22031,0,0.224834,0
188327,47766,0,0.49577,1
14059,44129,0,0.445253,0
150237,28805,0,0.270326,0
4999,5077,0,0.419284,0
159800,20520,0,0.325038,0
83860,11136,0,0.306269,0
86441,25187,0,0.226209,0
169176,32655,0,0.305213,0
32540,41220,0,0.317983,0
75664,43772,0,0.440267,0
24304,2379,0,0.382298,0
46033,24852,1,0.507344,1
75968,11941,0,0.225681,0
143111,7185,0,0.362491,0
28630,21195,0,0.263284,0
123335,31725,0,0.383477,0
88441,22963,0,0.412578,0
171083,41787,0,0.460006,1
88932,19816,0,0.233149,0
55236,28985,0,0.401933,0
151418,41196,0,0.245508,0
146426,33560,0,0.360818,0
63226,45445,0,0.345569,0
9710,30720,0,0.396373,0
40422,45946,0,0.378135,0
165878,34940,1,0.387856,0
149770,47734,0,0.229758,0
100682,18432,1,0.409217,0
22312,15622,0,0.359477,0
123330,6244,0,0.253444,0
103121,28199,0,0.36843,0
117767,41570,0,0.368734,0
122897,31717,0,0.508703,1
26373,28373,0,0.399468,0
175732,6046,1,0.481217,1
69839,23815,0,0.383562,0
10237,20607,0,0.454713,1
174446,21095,0,0.432632,0
201314,5550,0,0.283511,0
101664,7628,0,0.313934,0
9765,47962,0,0.347904,0
4144,43129,0,0.268151,0
104920,22893,0,0.255079,0
137448,28785,0,0.334659,0
53868,24765,0,0.346179,0
126302,5158,0,0.395588,0
34211,38650,0,0.290575,0
26533,21621,0,0.359726,0
11230,33911,0,0.403783,0
72548,23296,0,0.398617,0
102038,31553,0,0.257003,0
85970,27737,0,0.253876,0
182739,7189,0,0.338365,0
85908,2368,0,0.217855,0
84477,18849,0,0.403441,0
115364,43049,0,0.267947,0
45222,38200,0,0.455215,1
102939,24954,0,0.227985,0
89395,14239,0,0.356168,0
10738,3142,0,0.318934,0
114410,34969,0,0.364533,0
162039,7751,0,0.327559,0
154100,19048,0,0.354983,0
101244,13198,0,0.431375,0
162729,10358,0,0.369561,0
82506,27086,0,0.529664,1
19094,39549,0,0.363356,0
191458,40992,0,0.368328,0
27578,40571,0,0.413458,0
180572,49098,0,0.244435,0
157744,48142,0,0.322658,0
194614,2010,0,0.268542,0
112281,35264,0,0.295322,0
116217,41609,0,0.254587,0
5453,13212,0,0.336315,0
15919,29487,1,0.4986,1
188688,15453,0,0.259869,0
123158,28348,0,0.419212,0
121506,6348,0,0.470185,1
141774,28199,0,0.38831,0
138440,38557,0,0.284368,0
46233,9409,0,0.227978,0
137022,5785,0,0.432071,0
10506,9387,0,0.361128,0
163431,33911,0,0.365,0
136888,40001,0,0.281453,0
53925,35425,0,0.290321,0
86224,37694,0,0.212087,0
49266,29783,0,0.275637,0
85791,11182,0,0.28288,0
191983,24852,0,0.480268,1
134598,17616,0,0.23681,0
154022,2151,0,0.341508,0
71762,20062,0,0.252512,0
41546,47000,0,0.377244,0
164723,16042,0,0.286157,0
50095,36793,0,0.27631,0
168658,6242,0,0.310974,0
140098,39160,0,0.267826,0
28179,8424,0,0.282169,0
199549,7484,0,0.314696,0
9699,34614,0,0.281529,0
51710,890,0,0.37213,0
173301,25085,0,0.30394,0
152550,6192,0,0.399347,0
55128,30340,0,0.295926,0
150695,8362,0,0.274544,0
82753,4305,0,0.35611,0
131232,6348,0,0.315646,0
146101,24852,0,0.355823,0
70009,5024,0,0.302473,0
118942,38028,0,0.241033,0
29479,42356,0,0.345043,0
26787,14901,0,0.396837,0
90027,34584,0,0.310819,0
184187,38777,0,0.23672,0
135928,8193,1,0.536671,1
79285,45633,0,0.291546,0
197991,4698,0,0.293751,0
114535,18523,0,0.322337,0
166330,22935,0,0.485016,1
104749,39275,0,0.408133,0
124,42625,0,0.415098,0
51260,13176,1,0.436221,0
63659,3807,0,0.318086,0
41564,28842,1,0.483503,1
115019,5450,0,0.469295,1
8675,48742,0,0.342433,0
148698,20395,0,0.298245,0
43749,28204,0,0.391065,0
46145,21576,0,0.263969,0
168546,30639,0,0.401488,0
175732,10193,0,0.43315,0
105165,11068,0,0.264178,0
98808,21366,0,0.375277,0
76451,8433,0,0.361214,0
142756,43726,0,0.343896,0
169471,17706,0,0.219898,0
162534,14466,0,0.263115,0
67975,41618,0,0.237581,0
148539,4605,0,0.364348,0
124187,20114,1,0.412571,0
159412,26842,0,0.426626,0
94993,116,0,0.402479,0
133113,12797,0,0.419401,0
126823,27544,0,0.392704,0
63195,12499,0,0.397066,0
86878,35898,0,0.418491,0
5157,18362,0,0.296831,0
30967,13966,0,0.304721,0
96331,24527,0,0.27653,0
131763,28058,0,0.403076,0
18943,44422,0,0.378725,0
61899,22041,0,0.214253,0
137602,32557,0,0.230246,0
144974,20144,0,0.246532,0
185011,28985,0,0.463246,1
72573,38838,0,0.274122,0
29444,26977,0,0.274012,0
32307,42768,0,0.258296,0
155921,13076,0,0.3223,0
100584,21616,0,0.327776,0
52698,30709,0,0.303952,0
120890,2875,0,0.324264,0
67443,7987,0,0.370764,0
30755,12069,0,0.41483,0
131010,22220,1,0.479877,1
136944,11782,0,0.217158,0
203235,21810,0,0.343662,0
54375,22882,0,0.410896,0
194026,21936,0,0.324133,0
20487,45767,0,0.405135,0
186767,9434,0,0.358113,0
66465,21468,0,0.456913,1
57021,36010,0,0.231151,0
132872,9058,0,0.2932,0
68001,43743,0,0.220888,0
49830,4879,0,0.394094,0
29041,26427,0,0.330995,0
81912,43891,0,0.193819,0
44916,32689,0,0.437178,0
205747,49644,0,0.396531,0
154442,29801,0,0.318147,0
186868,42736,0,0.3674,0
155370,43183,0,0.318126,0
110404,46515,0,0.370219,0
24054,40706,0,0.278719,0
92024,41220,1,0.40602,0
94507,10132,0,0.423092,0
103217,19678,0,0.395247,0
51561,19048,0,0.472763,1
102835,29553,0,0.253876,0
40231,18434,0,0.34041,0
123207,27966,0,0.459694,1
205442,13314,1,0.453133,1
183955,46979,1,0.454924,1
146484,18471,0,0.212122,0
4442,33825,0,0.190379,0
130284,12432,0,0.250646,0
187799,38511,1,0.429265,0
48969,3683,0,0.302107,0
106778,43768,0,0.277128,0
17416,3990,0,0.412521,0
100427,37193,0,0.340542,0
68293,4855,0,0.308995,0
58936,4086,0,0.399183,0
27828,13303,0,0.281204,0
104598,33055,1,0.457158,1
202457,10866,0,0.392186,0
94432,43295,0,0.268159,0
65379,5258,0,0.367274,0
149863,13834,0,0.382621,0
112725,41870,0,0.380043,0
130925,32515,1,0.408055,0
162714,28031,0,0.300931,0
23430,27360,0,0.406111,0
160409,45896,0,0.35995,0
74518,24657,0,0.385053,0
34552,37538,0,0.390789,0
199249,33000,0,0.416733,0
187734,12980,0,0.413473,0
31691,40849,0,0.506461,1
152660,26679,0,0.372817,0
8790,27555,0,0.283227,0
194249,9594,0,0.356026,0
147292,39858,0,0.361947,0
170247,42051,0,0.358357,0
49785,34350,0,0.344113,0
43072,36287,0,0.240742,0
193686,2408,1,0.328157,0
25427,47329,0,0.29487,0
166972,19019,0,0.410919,0
44646,20414,0,0.408341,0
109999,14966,0,0.292523,0
190860,28985,0,0.428177,0
65718,43112,0,0.372465,0
141606,4006,0,0.186516,0
16056,28842,0,0.466043,1
27425,46005,0,0.203228,0
189519,8518,0,0.283639,0
63739,38777,0,0.348702,0
9276,2210,0,0.317113,0
91182,13176,0,0.291825,0
157489,25832,0,0.23681,0
158627,10749,0,0.346049,0
22640,44628,0,0.369924,0
53555,22007,0,0.328695,0
44423,46377,0,0.323695,0
11037,5618,0,0.242086,0
12659,43632,0,0.256346,0
169728,43629,0,0.247715,0
176510,23932,0,0.372252,0
33030,41456,0,0.419746,0
2997,27992,0,0.29956,0
16219,2901,1,0.384108,0
19958,46802,0,0.344415,0
2460,1215,0,0.379169,0
14399,38120,0,0.30633,0
126192,11408,0,0.346467,0
141225,33399,0,0.407578,0
72110,30950,0,0.197233,0
21761,11526,0,0.327455,0
161379,10492,0,0.279329,0
47095,18479,0,0.371836,0
1264,42828,0,0.219898,0
72507,33990,0,0.382555,0
149548,31338,1,0.37232,0
180443,38241,0,0.287391,0
50367,9076,0,0.246847,0
111846,7948,0,0.275121,0
203364,28985,0,0.40266,0
121463,41480,0,0.221178,0
190329,26209,0,0.275121,0
164351,38289,1,0.408236,0
180531,27958,0,0.349978,0
189545,20370,0,0.25346,0
37773,45761,1,0.387855,0
64035,31433,0,0.312528,0
88830,45007,0,0.373948,0
168541,24852,0,0.299192,0
128377,35383,0,0.366438,0
177680,36361,0,0.490072,1
40437,47144,0,0.497026,1
197181,31596,0,0.361976,0
159591,2460,0,0.242437,0
27924,18134,0,0.388017,0
179650,8047,0,0.229245,0
125587,34244,0,0.436193,0
18011,42598,0,0.344328,0
5847,45066,0,0.237282,0
51900,6975,0,0.331814,0
40425,1529,0,0.218734,0
7856,31066,0,0.347107,0
162758,42265,0,0.35891,0
117606,39275,0,0.294879,0
16989,21195,0,0.230875,0
40422,37825,0,0.312153,0
77208,27363,0,0.283268,0
200073,40396,0,0.466461,1
198202,32463,0,0.399328,0
8656,21938,0,0.238689,0
140607,30489,1,0.419627,0
109374,8732,0,0.434357,0
96996,39149,0,0.381771,0
102059,43876,0,0.357965,0
82516,31066,0,0.257493,0
203651,35629,0,0.320228,0
163207,46041,0,0.314345,0
74201,33401,0,0.281599,0
94691,3339,1,0.48367,1
94009,7862,0,0.471073,1
174663,12290,0,0.257915,0
64470,7628,0,0.308741,0
141195,18531,0,0.364622,0
30127,1935,0,0.457263,1
142300,39108,0,0.404742,0
183244,46804,0,0.392257,0
59604,260,0,0.29731,0
101636,6528,0,0.32758,0
79351,45007,0,0.444714,0
138839,5876,0,0.49597,1
55173,48527,0,0.298011,0
159571,48775,1,0.388846,0
47232,16965,0,0.315913,0
168993,36070,0,0.288174,0
77171,34745,0,0.328578,0
132112,17008,0,0.419633,0
151305,24964,0,0.415094,0
170143,28521,0,0.246958,0
85539,14851,0,0.255578,0
203721,11140,0,0.35386,0
157755,40310,0,0.415965,0
143078,48075,0,0.391991,0
111128,20327,0,0.356959,0
161860,3957,0,0.350736,0
128637,7693,0,0.320892,0
182576,37474,1,0.464539,1
75589,40910,0,0.36149,0
198465,42699,0,0.41174,0
187153,24184,0,0.293564,0
107418,20854,0,0.328218,0
30723,34243,0,0.457642,1
155266,9387,0,0.326933,0
142195,48450,0,0.2464,0
38264,44471,0,0.307388,0
158188,2519,0,0.39677,0
182194,14875,0,0.429597,0
138716,45535,0,0.333735,0
78965,18963,0,0.332225,0
190947,29675,0,0.280651,0
133192,49478,0,0.417297,0
165749,28934,1,0.411014,0
58617,17794,0,0.362836,0
38469,31066,0,0.360106,0
71879,26620,0,0.32812,0
189545,18381,0,0.25346,0
47897,12276,0,0.348024,0
64698,27336,0,0.314205,0
143228,46676,0,0.291114,0
136888,35629,0,0.217462,0
142195,8277,0,0.35861,0
71622,26032,0,0.242038,0
93803,23177,0,0.359109,0
111596,8927,0,0.242564,0
135497,44988,0,0.397106,0
35493,21260,0,0.249413,0
82686,13870,0,0.301973,0
17031,21436,0,0.233416,0
157345,23622,0,0.221972,0
160260,33852,0,0.377589,0
14913,10613,0,0.43386,0
70102,31477,1,0.514202,1
67911,2480,0,0.422767,0
168133,24386,0,0.407496,0
153077,9314,0,0.351999,0
1992,4138,0,0.220541,0
201712,39275,0,0.332163,0
117571,18278,0,0.353296,0
173118,4692,1,0.495199,1
59552,6844,0,0.255654,0
169590,16837,0,0.432352,0
109332,31553,0,0.422778,0
129926,20524,0,0.25156,0
191789,17706,0,0.479491,1
181706,21903,0,0.315243,0
105286,7401,0,0.220521,0
67975,25223,0,0.212058,0
144737,19677,0,0.44636,0
185527,31371,0,0.404183,0
108311,38456,0,0.281739,0
87333,14211,0,0.415561,0
26400,10453,0,0.38522,0
173520,38200,0,0.324601,0
43742,46226,0,0.282431,0
50571,42612,0,0.402686,0
36478,3459,0,0.330101,0
32676,33352,0,0.23811,0
83934,21982,0,0.326095,0
158072,40760,0,0.368296,0
79837,8251,0,0.403046,0
148776,35750,0,0.38803,0
101121,39408,1,0.408664,0
83934,15290,0,0.425735,0
152355,7948,0,0.277877,0
90669,8518,0,0.355426,0
101895,48174,0,0.239162,0
163506,34876,0,0.330348,0
143824,41844,0,0.286691,0
15647,6593,0,0.338171,0
79838,4957,0,0.444272,0
30086,43789,0,0.274633,0
157716,23554,0,0.385038,0
91975,31553,0,0.433252,0
148298,8277,0,0.412628,0
135932,35973,0,0.242162,0
21267,36393,0,0.311871,0
37954,22935,0,0.426284,0
4794,22281,1,0.46557,1
55988,24267,0,0.2997,0
145844,40604,0,0.280806,0
61049,34234,0,0.340768,0
34089,39180,1,0.504135,1
183523,45194,0,0.335109,0
82475,27416,0,0.351632,0
131,890,0,0.410591,0
155310,13176,0,0.483889,1
93303,49478,0,0.389377,0
85406,13212,0,0.391443,0
62387,10749,1,0.520738,1
142871,13250,0,0.300679,0
145786,45622,0,0.464505,1
145495,1260,0,0.354548,0
10665,46352,0,0.393077,0
168843,16278,0,0.300725,0
9109,32538,0,0.384307,0
78670,1723,0,0.350864,0
56115,27344,0,0.332269,0
119687,32839,0,0.230912,0
14039,16617,0,0.261454,0
68343,8859,0,0.368882,0
16527,5077,0,0.401478,0
137435,19678,0,0.286749,0
155788,27978,0,0.208371,0
98755,17872,0,0.366503,0
176476,26360,0,0.32346,0
181080,43999,0,0.311202,0
69821,39468,0,0.349778,0
188528,23995,0,0.369331,0
150785,11821,1,0.438635,0
84516,29272,0,0.321835,0
98856,13802,0,0.25271,0
184597,30064,0,0.35999,0
350,31683,0,0.376449,0
147979,38775,0,0.33269,0
203235,13212,1,0.326708,0
200527,25544,1,0.413002,0
115665,39275,1,0.436151,0
74767,38777,0,0.284624,0
66790,35042,0,0.375505,0
190887,16185,0,0.399363,0
121370,20720,0,0.188128,0
100564,29669,0,0.329723,0
49791,5876,0,0.409377,0
155723,26940,0,0.209408,0
176063,4691,0,0.257755,0
25425,22935,0,0.422026,0
92042,27104,0,0.373299,0
202789,26283,0,0.341315,0
134015,20032,0,0.363406,0
99177,1335,1,0.501766,1
77827,5438,0,0.364898,0
28137,28993,0,0.392098,0
7474,47448,0,0.263196,0
45154,47890,1,0.515579,1
34628,8006,0,0.370127,0
203538,16083,0,0.42899,0
59557,27179,0,0.414136,0
27937,48144,0,0.377646,0
129563,43961,0,0.347992,0
151334,24797,0,0.216596,0
125586,24964,0,0.368333,0
206101,28123,0,0.446504,0
33313,40545,0,0.366804,0
22510,26209,0,0.235899,0
81574,29127,0,0.320952,0
1659,8103,0,0.236993,0
66460,45221,0,0.268806,0
147695,43915,0,0.326442,0
47073,15618,0,0.390493,0
19177,44949,0,0.447155,0
23138,8866,0,0.382979,0
62549,42117,0,0.332776,0
158385,4846,0,0.433788,0
15421,24583,0,0.278933,0
157716,21616,0,0.488659,1
150459,31131,1,0.34794,0
154674,49075,0,0.420096,0
134493,3298,0,0.301258,0
198189,25236,0,0.275438,0
11848,8204,0,0.262795,0
14321,17310,0,0.327926,0
183329,2270,0,0.339471,0
28439,130,0,0.370641,0
186319,33184,0,0.375071,0
777,31759,0,0.441658,0
34684,28601,0,0.391557,0
9084,31043,0,0.352318,0
32464,43662,0,0.36447,0
157520,31995,0,0.35827,0
121825,3856,0,0.398551,0
76695,27966,0,0.36857,0
123308,33554,0,0.333562,0
70971,378,0,0.212482,0
77901,36361,0,0.506098,1
162610,11361,0,0.4348,0
150050,17216,0,0.389745,0
200372,23333,0,0.365624,0
78879,33728,0,0.2918,0
140908,33122,0,0.357181,0
47785,33731,0,0.292311,0
162610,26904,0,0.398254,0
187049,311,0,0.276332,0
24290,48679,1,0.474673,1
189669,5374,0,0.320561,0
59033,20632,1,0.40802,0
166467,22400,0,0.387815,0
174737,18362,0,0.391689,0
111443,12128,0,0.277359,0
76168,5886,0,0.414294,0
71086,12941,0,0.212764,0
49133,46667,0,0.323041,0
174084,21295,0,0.287457,0
20242,24852,0,0.349733,0
49342,48595,0,0.263284,0
196823,11075,0,0.297587,0
72526,31577,0,0.41061,0
79135,10385,0,0.38764,0
91917,36695,0,0.217158,0
92611,30668,1,0.445352,0
36804,43445,0,0.278087,0
94957,14766,0,0.267123,0
22400,41950,0,0.319253,0
26846,33041,0,0.311837,0
20814,4920,0,0.242277,0
29276,16174,0,0.427263,0
90084,23215,0,0.350852,0
120163,35221,0,0.251619,0
123234,2435,0,0.376595,0
24670,45007,0,0.425841,0
37526,27531,0,0.338156,0
40619,42913,0,0.256346,0
77964,2966,1,0.44393,0
189176,2328,0,0.252119,0
109526,3698,0,0.26288,0
204641,45190,0,0.402976,0
26693,44995,0,0.364752,0
95473,46346,0,0.405345,0
3794,20119,0,0.412594,0
74097,5315,0,0.365788,0
72517,20392,0,0.49603,1
185023,29127,0,0.435212,0
151569,35467,1,0.439897,0
124732,25659,0,0.304284,0
53821,26754,0,0.258515,0
103262,39527,0,0.361594,0
126896,43352,0,0.361939,0
21203,37011,0,0.365907,0
37178,21405,0,0.41616,0
178250,29529,0,0.256052,0
206053,29370,0,0.342387,0
81765,24852,0,0.417013,0
142620,32691,1,0.390044,0
58075,13176,0,0.295285,0
63550,16570,0,0.2725,0
104079,39982,0,0.329653,0
47104,33926,1,0.357511,0
22646,33827,0,0.305624,0
48411,10305,0,0.258685,0
113211,45679,0,0.363886,0
146511,18601,0,0.298305,0
40029,39408,0,0.277313,0
107381,19125,0,0.233909,0
106287,17630,0,0.346118,0
187574,48679,0,0.420694,0
136258,35951,0,0.33552,0
34013,27156,0,0.337762,0
105583,13042,0,0.21951,0
159792,45037,0,0.342291,0
56864,36146,0,0.388005,0
141500,13740,0,0.324861,0
27210,6128,0,0.442661,0
168864,16396,0,0.436253,0
120253,3192,0,0.402274,0
75177,47766,0,0.53229,1
107596,34590,0,0.393562,0
179361,24345,0,0.375263,0
75191,19488,0,0.204368,0
167763,22154,0,0.279792,0
61899,21903,0,0.253769,0
140762,47058,0,0.357802,0
48026,13643,0,0.375346,0
198475,9669,0,0.352432,0
154581,19061,0,0.29029,0
91453,25544,0,0.399909,0
25432,16616,0,0.469836,1
20545,37733,0,0.4488,0
70799,24968,0,0.326009,0
5446,26559,0,0.374395,0
53976,40518,0,0.345081,0
145401,38078,0,0.387808,0
30064,35140,0,0.23603,0
25871,16797,0,0.236484,0
202166,12,0,0.318367,0
97965,32691,0,0.324612,0
46118,40604,0,0.438199,0
197762,30396,0,0.321332,0
154826,43961,0,0.471301,1
190947,28464,0,0.268778,0
80094,25304,0,0.384382,0
46691,5212,0,0.344045,0
64203,27104,0,0.472253,1
142559,14727,0,0.385819,0
21267,20021,0,0.328467,0
62470,14142,0,0.34221,0
174420,49517,0,0.389687,0
92747,27695,0,0.366471,0
105507,3967,0,0.233574,0
113905,46313,0,0.407797,0
9158,44628,0,0.180743,0
52746,10084,0,0.246588,0
90259,7704,0,0.316805,0
126028,28785,0,0.251351,0
156018,47740,0,0.284507,0
196174,2350,0,0.270809,0
19627,16349,0,0.242329,0
135010,42988,0,0.246087,0
151446,34255,0,0.377579,0
26092,30831,0,0.290417,0
183129,35336,0,0.272135,0
27474,21903,0,0.449213,0
41501,28476,0,0.241033,0
57330,8174,0,0.531998,1
166419,46361,0,0.249994,0
47231,34126,0,0.398229,0
27637,27663,0,0.264202,0
179206,12230,0,0.230804,0
114492,19450,0,0.263969,0
176282,44142,0,0.417492,0
172769,38456,0,0.421176,0
113462,43908,0,0.411585,0
110880,37131,0,0.415843,0
101706,39055,0,0.402465,0
192954,16797,0,0.287435,0
16173,22151,0,0.399828,0
146754,29987,0,0.335382,0
39788,40467,0,0.264314,0
134380,23368,0,0.21515,0
20146,17794,0,0.426777,0
182358,20119,1,0.48819,1
74009,48553,0,0.346697,0
146393,22556,0,0.401933,0
73191,6522,0,0.354341,0
106247,31477,1,0.493765,1
30579,15772,0,0.419872,0
137984,37993,0,0.362593,0
143768,16325,0,0.289381,0
25193,18660,0,0.304242,0
166061,13948,0,0.262284,0
69334,39448,0,0.216499,0
5891,274,0,0.31093,0
121860,38777,0,0.355014,0
145699,39993,0,0.321526,0
150767,10749,0,0.287642,0
204823,2775,0,0.331269,0
138795,18537,0,0.215852,0
23039,14074,0,0.233118,0
162055,22312,0,0.409013,0
60642,48645,0,0.254142,0
30411,39459,0,0.260349,0
61800,42768,0,0.277749,0
76393,25199,0,0.311191,0
114592,28985,0,0.395532,0
9434,29801,0,0.295443,0
120628,26648,0,0.326294,0
162856,32463,0,0.367217,0
203762,33000,0,0.334074,0
137854,9808,0,0.392082,0
38268,2537,0,0.289029,0
52399,11576,0,0.360606,0
176846,13976,0,0.37507,0
18838,4605,0,0.448424,0
103831,27171,0,0.216727,0
129856,44787,0,0.455897,1
23992,29307,0,0.401858,0
183244,17794,0,0.410699,0
37001,27676,0,0.309835,0
74053,15453,0,0.24748,0
165491,20670,1,0.447913,0
92451,44359,0,0.440566,0
168357,2335,0,0.348146,0
107211,32227,0,0.397065,0
127234,33206,0,0.349229,0
75853,36866,1,0.459733,1
114935,1468,0,0.297255,0
33466,5785,0,0.331959,0
128218,25034,0,0.196143,0
178538,43891,0,0.298653,0
1671,22935,0,0.328751,0
82296,41665,0,0.459405,1
138712,18441,0,0.314685,0
40374,34448,0,0.28883,0
121860,23554,0,0.278859,0
67750,37113,0,0.39632,0
43256,7021,0,0.260058,0
138214,14355,0,0.303165,0
164341,47766,0,0.31748,0
64684,46667,0,0.371915,0
198886,45646,0,0.254428,0
95934,32689,0,0.422335,0
8290,16759,0,0.33738,0
5907,39475,0,0.277264,0
114562,21709,0,0.308453,0
135172,6292,0,0.46222,1
51118,27665,0,0.332,0
145925,39619,0,0.308896,0
25507,17872,0,0.268712,0
154227,19003,1,0.396837,0
64855,6552,0,0.27711,0
117635,17948,1,0.470705,1
153843,28985,0,0.41119,0
139107,25753,0,0.269959,0
185026,46022,0,0.294983,0
22504,5339,0,0.268827,0
46100,38426,0,0.353795,0
140090,30391,1,0.517488,1
63377,47369,0,0.280923,0
191535,39327,0,0.383359,0
13201,8292,0,0.340861,0
18307,8021,0,0.279417,0
204768,42115,0,0.415133,0
176688,4605,0,0.336929,0
199776,23385,0,0.335868,0
205691,8571,0,0.479833,1
114612,13176,0,0.237549,0
95136,15592,0,0.367592,0
120009,8631,0,0.314833,0
28958,28836,0,0.361192,0
185909,8057,0,0.394862,0
161518,41065,0,0.357816,0
14737,34525,0,0.437853,0
176232,46676,0,0.334481,0
186111,38974,0,0.402898,0
14448,22886,0,0.396905,0
38,40706,0,0.441352,0
163373,13373,0,0.377525,0
156784,38233,0,0.224834,0
61332,37158,0,0.283776,0
171658,9558,0,0.292876,0
47484,22935,0,0.314242,0
15007,26216,0,0.253214,0
79382,38273,0,0.409686,0
165291,33731,0,0.328208,0
135439,12481,0,0.308621,0
24029,10246,1,0.470923,1
62784,21616,0,0.241548,0
164637,4317,0,0.360546,0
122268,25199,0,0.484331,1
71863,26497,0,0.380459,0
115659,19005,0,0.267332,0
71482,47654,0,0.410168,0
144307,12797,0,0.344637,0
43868,15576,0,0.386539,0
168206,29180,0,0.356536,0
7139,40723,0,0.217217,0
132967,15063,0,0.457608,1
138537,15040,0,0.298463,0
76734,5876,0,0.426193,0
190235,35951,0,0.35808,0
168724,11913,0,0.31266,0
190304,42821,0,0.2147,0
133381,1234,0,0.419565,0
187727,4966,0,0.247364,0
131763,24184,0,0.316262,0
143311,3265,0,0.395781,0
173779,20114,0,0.331614,0
191342,21668,0,0.370779,0
168460,18370,0,0.28391,0
203811,47912,0,0.352413,0
182778,13595,0,0.321596,0
158310,43122,0,0.367521,0
72281,10761,0,0.223128,0
122781,44000,0,0.203587,0
111295,34969,0,0.307749,0
15181,30958,0,0.238597,0
62156,30953,0,0.303903,0
84774,5716,0,0.378001,0
61145,8048,0,0.433047,0
146586,34126,0,0.281599,0
84758,14063,0,0.307388,0
111846,45445,0,0.296277,0
117945,49674,0,0.466252,1
83722,42699,0,0.264649,0
72177,34134,0,0.338029,0
86537,2314,0,0.387112,0
193330,13380,0,0.270797,0
99149,29987,0,0.378632,0
103677,40171,0,0.258927,0
26097,43227,0,0.386263,0
109709,25623,0,0.352493,0
157730,49284,0,0.341553,0
85114,36724,0,0.414733,0
81962,6324,0,0.353836,0
55146,47766,0,0.342445,0
131849,7963,0,0.327366,0
190159,27999,0,0.394305,0
45061,39040,0,0.282067,0
150669,46969,0,0.435764,0
127144,8277,0,0.495892,1
56403,43389,0,0.413774,0
135758,29901,0,0.319089,0
31597,11777,0,0.411988,0
58306,39275,0,0.438534,0
168724,33198,0,0.324366,0
655,31343,0,0.324887,0
109095,45150,0,0.344113,0
143768,14332,0,0.37188,0
98343,2537,0,0.196143,0
147745,17482,0,0.309483,0
93977,25199,0,0.332111,0
197242,11714,0,0.263362,0
132851,41960,1,0.435329,0
93883,25930,0,0.323439,0
8715,43768,0,0.287872,0
186032,22888,0,0.274903,0
122652,3957,0,0.44618,0
37313,5646,0,0.320527,0
97013,23822,0,0.366813,0
120633,44912,0,0.197163,0
97703,48364,0,0.395497,0
128068,4957,0,0.426565,0
32675,24362,0,0.392468,0
186681,27363,0,0.25344,0
38002,21115,0,0.264069,0
115711,48624,0,0.263831,0
187564,13457,0,0.392318,0
23057,30839,0,0.314635,0
183263,33294,0,0.191131,0
155421,5612,0,0.461751,1
107494,14462,0,0.207698,0
186078,21927,0,0.228686,0
2273,37220,0,0.392576,0
68294,23029,0,0.24748,0
59830,47418,0,0.399848,0
94995,42557,0,0.405695,0
99767,44570,0,0.271626,0
12581,40198,0,0.415474,0
168990,4396,0,0.370394,0
27265,34584,0,0.331582,0
191871,30908,0,0.262619,0
202676,28985,0,0.359973,0
188674,46802,0,0.38231,0
125774,5231,0,0.211146,0
160226,21727,0,0.328567,0
15835,11461,0,0.226684,0
182297,10883,0,0.258077,0
124329,23165,0,0.304142,0
122059,38504,0,0.273706,0
119039,10504,0,0.348663,0
130925,17419,0,0.325315,0
61498,29439,0,0.316577,0
129005,14567,0,0.410559,0
65572,10621,0,0.366394,0
177305,33352,0,0.435403,0
130235,22765,1,0.468997,1
142779,32433,0,0.252912,0
201473,4942,0,0.429758,0
92574,5456,0,0.395932,0
76734,16349,0,0.411646,0
153965,21614,1,0.486602,1
189600,44375,0,0.352771,0
94058,16797,1,0.53523,1
100070,37754,0,0.2341,0
154204,47717,0,0.223729,0
196623,38557,0,0.195127,0
92508,35321,0,0.434365,0
23202,1181,0,0.220275,0
54181,25017,0,0.28449,0
76461,46069,0,0.202465,0
78218,34166,0,0.353089,0
167122,35939,0,0.447243,0
17521,39990,0,0.38716,0
112680,15290,0,0.338621,0
144846,39275,0,0.320527,0
204928,4347,0,0.269386,0
158409,13870,0,0.311177,0
192652,33351,0,0.396892,0
8513,36606,0,0.306789,0
162053,2962,0,0.249801,0
101465,39928,0,0.4266,0
169800,12916,0,0.290981,0
43155,26914,0,0.452042,1
197100,13885,0,0.337624,0
20980,47209,1,0.519631,1
115659,13536,0,0.290365,0
143552,20995,1,0.385067,0
125745,22825,0,0.267878,0
8352,48697,0,0.25103,0
144121,13984,0,0.356167,0
109043,44683,0,0.306996,0
122382,16864,0,0.40676,0
165291,5646,0,0.395547,0
80623,15414,0,0.386319,0
158077,11071,0,0.311619,0
135429,35547,0,0.505355,1
83362,38694,0,0.316772,0
44091,37229,0,0.282874,0
101250,42117,0,0.214014,0
43982,43525,0,0.329232,0
194026,35207,0,0.304553,0
25504,26209,0,0.290076,0
76712,2444,0,0.247467,0
51496,46720,0,0.426784,0
23283,15290,0,0.285524,0
113482,39275,1,0.492356,1
74437,42342,0,0.285455,0
201845,44142,0,0.230264,0
92397,23322,0,0.342947,0
72917,25223,0,0.249712,0
93673,48041,0,0.318069,0
181999,45066,0,0.417114,0
152970,13629,1,0.442088,0
8458,45208,0,0.221664,0
160005,8174,0,0.363708,0
19574,27845,0,0.347572,0
145332,5912,0,0.254438,0
41210,5646,0,0.35214,0
83634,5564,0,0.402903,0
205161,26500,1,0.439474,0
8027,17794,0,0.244501,0
127837,34126,0,0.335412,0
152052,6647,0,0.382774,0
59852,35321,0,0.382365,0
101603,46667,0,0.241734,0
182469,42650,0,0.243973,0
74570,27966,0,0.327997,0
164881,34459,0,0.366143,0
59535,3296,0,0.301465,0
154407,43122,0,0.380649,0
197543,45007,0,0.288042,0
42358,44717,0,0.300679,0
179294,30962,0,0.438959,0
173050,26369,0,0.448133,0
201585,19660,0,0.262415,0
77713,24964,0,0.342015,0
181055,38456,0,0.268059,0
159567,4658,0,0.276701,0
148560,29487,0,0.393523,0
117577,36591,0,0.26225,0
114761,8912,0,0.452311,1
95676,42258,0,0.195592,0
128561,6332,0,0.312054,0
192923,29506,0,0.248959,0
203757,19003,0,0.250935,0
69794,43689,0,0.384355,0
114285,26940,0,0.408877,0
159812,41950,0,0.371783,0
151158,14159,0,0.381185,0
186533,30057,0,0.260349,0
106474,16797,0,0.454651,1
16032,21773,0,0.37508,0
119270,25745,0,0.227978,0
48680,4274,0,0.418603,0
60501,9862,0,0.352976,0
122239,5322,0,0.335536,0
180158,25854,0,0.220571,0
77664,37284,0,0.318485,0
150313,36333,0,0.26452,0
94406,24852,0,0.509189,1
201787,43749,0,0.228679,0
79816,39097,0,0.237581,0
50683,38465,0,0.229171,0
153819,37977,0,0.385009,0
85141,2113,0,0.265456,0
103471,26604,0,0.3168,0
20656,17759,0,0.339371,0
26447,40055,0,0.402945,0
10901,16797,0,0.279417,0
7821,46347,0,0.358507,0
77365,43394,0,0.329195,0
104193,7179,0,0.437385,0
157562,33568,0,0.21647,0
66173,24852,0,0.255245,0
68788,35403,0,0.252262,0
167540,13176,0,0.301628,0
180397,49235,0,0.253212,0
110898,27695,1,0.387883,0
151394,38777,0,0.381433,0
173466,3007,0,0.387752,0
109213,27294,1,0.528968,1
22005,13287,0,0.242555,0
187684,22842,0,0.25473,0
108979,33352,0,0.360473,0
105169,10390,0,0.449617,0
34370,16797,0,0.342389,0
70212,17341,0,0.351417,0
64127,47141,0,0.428249,0
40381,22180,0,0.253444,0
30411,46651,0,0.341873,0
166479,13541,0,0.34281,0
180456,41290,0,0.287782,0
135492,33198,0,0.342416,0
58244,11030,0,0.462955,1
72573,27845,0,0.389924,0
103217,27454,0,0.331999,0
139495,11520,0,0.357146,0
122439,1514,0,0.451682,1
174134,6104,0,0.390638,0
202283,28281,0,0.289741,0
103937,45965,0,0.231775,0
88963,37528,0,0.25873,0
89684,4516,0,0.329223,0
92751,44201,0,0.418507,0
22267,48183,0,0.399248,0
58788,41433,0,0.224621,0
119985,17706,0,0.333537,0
12097,46688,0,0.3267,0
190304,21162,0,0.237994,0
5301,29995,1,0.460514,1
57630,4321,0,0.405123,0
182508,21938,1,0.473366,1
71427,17794,0,0.262249,0
160352,24097,0,0.386816,0
47968,38996,0,0.329263,0
72137,34407,0,0.28243,0
64356,44912,0,0.321057,0
107949,35842,0,0.411274,0
9566,16818,0,0.297581,0
146504,5746,0,0.355283,0
138214,13535,0,0.308693,0
128332,22245,0,0.400744,0
203692,44912,0,0.318777,0
68160,5337,0,0.222653,0
133126,37687,1,0.523682,1
43982,42959,0,0.381052,0
204923,8277,0,0.424603,0
170518,20840,0,0.383718,0
15662,23400,0,0.396628,0
183224,26165,0,0.396892,0
68888,32833,0,0.459412,1
196619,6292,0,0.39276,0
95,27142,0,0.378763,0
42904,6197,0,0.261492,0
39682,8467,0,0.41504,0
191504,40593,0,0.258515,0
63306,29447,0,0.371922,0
172755,40999,0,0.301555,0
45465,42913,0,0.474905,1
39054,35951,0,0.390848,0
187945,39984,0,0.4123,0
152717,40415,0,0.395174,0
15072,45447,0,0.220133,0
84392,24852,0,0.285286,0
44473,45862,0,0.345139,0
169798,48205,1,0.534816,1
168436,47912,0,0.254999,0
186979,34608,0,0.382757,0
184589,28601,0,0.42185,0
104936,4844,0,0.318798,0
176793,37642,0,0.241026,0
148352,33280,0,0.311854,0
68344,18926,0,0.398932,0
119226,24852,0,0.440264,0
128446,27554,0,0.323051,0
112550,15091,0,0.398586,0
63752,20723,0,0.404742,0
79056,21524,0,0.272838,0
119214,33214,0,0.340841,0
89832,37504,0,0.272718,0
100536,42284,0,0.340772,0
41746,35085,0,0.411507,0
38469,36956,0,0.426271,0
155135,5922,0,0.341753,0
165611,6167,0,0.34983,0
176229,48726,0,0.331776,0
25495,43662,0,0.431841,0
66765,7987,0,0.385072,0
149412,13110,0,0.358333,0
99175,33462,0,0.349839,0
182821,33862,0,0.195885,0
198629,10173,0,0.245516,0
5002,2311,0,0.233118,0
200004,34619,0,0.434073,0
138512,6046,0,0.38707,0
36484,39363,0,0.215199,0
69685,17395,0,0.3662,0
168983,9759,0,0.375626,0
166058,1006,0,0.338251,0
6774,46802,0,0.2326,0
65464,20518,0,0.374759,0
117191,45296,0,0.48489,1
33051,23339,0,0.373052,0
74925,5597,0,0.263026,0
175905,38490,0,0.409319,0
201630,48383,0,0.268151,0
131586,18465,0,0.412306,0
36712,7175,0,0.390312,0
65862,20244,0,0.296373,0
56833,27156,0,0.363042,0
159847,13176,0,0.33601,0
3286,36695,0,0.297543,0
192931,29153,0,0.334259,0
66060,17284,0,0.399865,0
64120,26497,0,0.37668,0
106637,23322,0,0.337343,0
196492,47766,0,0.343178,0
52472,2651,0,0.339399,0
102520,46672,0,0.234153,0
196184,30406,0,0.37365,0
85886,9387,0,0.344548,0
135439,34752,0,0.26103,0
41560,14168,0,0.242914,0
20239,22957,0,0.247734,0
41556,27783,0,0.219545,0
72395,10145,0,0.448754,0
161264,9159,0,0.314165,0
140433,28123,0,0.385343,0
170888,6128,0,0.296452,0
15459,27197,0,0.377477,0
185060,28204,0,0.282169,0
14923,3204,0,0.212131,0
8179,8424,0,0.498894,1
108794,10310,0,0.334387,0
147836,46206,0,0.282337,0
129694,33875,0,0.409976,0
189034,10234,0,0.318374,0
82810,9839,0,0.429323,0
190814,48116,0,0.402908,0
199851,34203,0,0.392156,0
148441,48682,0,0.313282,0
129767,24184,0,0.373398,0
97764,44717,0,0.352784,0
46089,30021,0,0.212087,0
138115,38777,0,0.356171,0
11236,34969,0,0.319595,0
57980,20734,0,0.23521,0
119107,26940,0,0.348911,0
203009,42356,0,0.353546,0
102059,38797,0,0.336535,0
78958,29307,0,0.268389,0
122428,28849,0,0.275461,0
76025,7948,1,0.40941,0
143845,11782,0,0.277128,0
201545,14715,0,0.242485,0
72507,49533,0,0.382555,0
164900,44632,0,0.454444,1
52404,34584,0,0.262852,0
15624,16797,0,0.278416,0
47777,35419,0,0.386776,0
49145,9689,0,0.355038,0
44149,30672,0,0.215843,0
55155,16570,0,0.472254,1
154247,35171,0,0.389343,0
139966,26315,0,0.354631,0
30579,32455,0,0.446595,0
50675,30776,0,0.352015,0
48427,12276,0,0.310686,0
125916,18090,0,0.35157,0
180043,46691,0,0.253692,0
95953,33919,0,0.343642,0
142439,28204,0,0.413432,0
100115,3044,0,0.33659,0
157113,29307,1,0.456174,1
109474,38395,0,0.451555,1
74861,28993,0,0.302073,0
116422,38159,0,0.452589,1
77941,11759,0,0.335536,0
109823,38558,0,0.337437,0
125975,27086,0,0.327968,0
19753,17835,0,0.477216,1
132737,30489,0,0.311177,0
192218,27156,0,0.272999,0
200254,38266,0,0.227797,0
26027,26384,0,0.401104,0
55100,5750,0,0.396221,0
155816,22782,0,0.42529,0
193677,26172,0,0.379857,0
25304,28443,0,0.341008,0
21978,24184,0,0.287435,0
137083,31252,0,0.358186,0
190866,20583,0,0.266703,0
82525,13292,0,0.215464,0
118649,30855,0,0.372175,0
147628,8174,0,0.428956,0
146000,44683,0,0.498599,1
61111,13727,0,0.379387,0
70738,32691,0,0.296459,0
69929,18234,0,0.319484,0
36383,25817,0,0.477366,1
154766,11712,0,0.407354,0
197683,34128,0,0.30223,0
201420,11323,0,0.43767,0
95129,26976,0,0.313444,0
17121,13083,0,0.446081,0
65322,22882,0,0.359272,0
153657,44479,0,0.432457,0
19353,14267,0,0.384585,0
95565,8536,0,0.3575,0
92249,5794,0,0.311991,0
123386,34005,0,0.488825,1
25245,22218,0,0.19332,0
94786,39945,0,0.239459,0
45930,8490,0,0.210087,0
172983,26881,0,0.357197,0
172875,6873,0,0.385362,0
94764,15233,0,0.208459,0
31963,43545,0,0.307782,0
90652,939,0,0.308995,0
88247,4792,1,0.393534,0
80981,10291,0,0.417029,0
85316,1529,0,0.244619,0
61832,36179,0,0.414869,0
3858,19048,0,0.385307,0
190688,41523,0,0.272397,0
191500,35163,0,0.310561,0
68150,48900,0,0.386539,0
58245,3957,0,0.250643,0
40753,27548,0,0.456136,1
104993,41621,0,0.412534,0
55897,45608,0,0.267537,0
36268,45646,0,0.376286,0
170144,26456,0,0.372765,0
85124,28289,0,0.420267,0
67501,33783,1,0.401325,0
102020,21683,0,0.312765,0
113885,44371,0,0.333573,0
178491,25464,0,0.426708,0
92048,30233,0,0.437534,0
171673,23165,0,0.257967,0
177088,26209,0,0.453864,1
61448,44864,0,0.391662,0
187378,45646,1,0.384522,0
54285,39024,0,0.492549,1
41877,16283,0,0.356188,0
35649,12075,0,0.229744,0
26092,27104,0,0.299778,0
50095,46979,0,0.331654,0
188184,651,0,0.314255,0
157416,40604,0,0.291356,0
32487,12075,0,0.478741,1
121669,21616,0,0.253023,0
79216,5782,0,0.393577,0
98816,32939,0,0.288045,0
78154,35752,0,0.233118,0
181336,47209,0,0.431101,0
98163,46886,1,0.488045,1
162248,9075,0,0.451942,1
191676,41711,0,0.369678,0
106407,35855,0,0.290602,0
169632,28842,0,0.217158,0
80122,21137,0,0.297487,0
7665,13424,0,0.353732,0
113241,13370,0,0.287979,0
10287,27521,0,0.315646,0
43277,45177,0,0.364417,0
152781,44051,0,0.408944,0
3387,48907,0,0.233149,0
171386,35939,0,0.286749,0
23946,19732,0,0.301509,0
193880,31585,0,0.419621,0
150655,28976,0,0.4109,0
75791,30696,0,0.355997,0
101038,37103,0,0.401697,0
109904,25295,0,0.237118,0
42123,23516,0,0.342935,0
20561,40516,0,0.309349,0
36986,37912,0,0.220888,0
53589,9076,0,0.337525,0
151102,14161,0,0.310257,0
115912,41149,0,0.38912,0
31711,47521,0,0.335889,0
193051,38703,0,0.262513,0
194290,15902,0,0.352824,0
74081,18811,0,0.325135,0
74840,37518,0,0.237193,0
176190,44910,0,0.37159,0
109634,35633,0,0.398683,0
174607,42958,0,0.509511,1
43326,39844,0,0.229622,0
59866,35221,0,0.426272,0
23542,26882,0,0.38646,0
150834,36640,0,0.395445,0
53925,47845,0,0.249038,0
140458,13763,0,0.333032,0
56890,26790,0,0.466009,1
117356,31888,0,0.383085,0
195019,44533,0,0.362903,0
166479,39558,0,0.278647,0
62746,47209,0,0.333323,0
8100,9339,0,0.364858,0
42209,44525,0,0.249542,0
63742,14032,0,0.385555,0
178045,15290,0,0.273098,0
30222,9648,0,0.217796,0
5936,48679,0,0.266986,0
97264,19614,0,0.307807,0
65974,40992,0,0.292333,0
44234,5077,0,0.431351,0
147874,44628,0,0.339054,0
118040,18599,0,0.37437,0
58010,24954,1,0.48235,1
77033,19057,0,0.314941,0
90006,36695,1,0.521368,1
157278,11837,0,0.314507,0
118430,44449,0,0.395082,0
140192,44359,0,0.229189,0
61402,5782,0,0.271942,0
23207,3583,0,0.352843,0
31963,47546,0,0.33519,0
179939,24852,0,0.474301,1
157314,853,1,0.392127,0
39610,43867,0,0.373304,0
17957,29274,0,0.362573,0
80381,14332,0,0.24909,0
193659,18140,0,0.225344,0
122613,20119,0,0.436124,0
124194,42404,0,0.308565,0
183334,38241,0,0.351219,0
33906,16254,0,0.246659,0
110708,7314,0,0.212857,0
153850,42522,0,0.307796,0
182761,18880,0,0.376362,0
136976,500,0,0.260481,0
17939,24097,0,0.425352,0
20082,47225,0,0.215199,0
73075,737,0,0.26895,0
126475,23892,0,0.254127,0
69052,45007,0,0.401188,0
180188,1465,0,0.445227,0
43848,11520,1,0.499418,1
104079,41351,0,0.298901,0
197181,22890,0,0.37781,0
138463,30233,0,0.344132,0
20377,7722,0,0.261492,0
80505,27243,0,0.280662,0
5315,22825,0,0.409312,0
199421,2519,0,0.343436,0
31367,7500,0,0.380725,0
52435,5618,0,0.256052,0
165154,16407,0,0.239488,0
18307,30707,0,0.229622,0
54729,22782,0,0.327452,0
89636,42265,0,0.405332,0
108702,35042,0,0.393675,0
122968,8518,0,0.442217,0
153372,41690,0,0.328448,0
53719,1181,0,0.385605,0
1095,8834,0,0.352879,0
133707,46665,0,0.33361,0
94792,45656,0,0.219888,0
40732,41169,0,0.358333,0
174798,46802,0,0.421572,0
184755,24852,0,0.392981,0
28835,31015,1,0.362444,0
94260,17758,0,0.28903,0
66621,37046,0,0.33713,0
27090,30584,0,0.291762,0
127786,2536,0,0.344347,0
188318,45007,0,0.369244,0
146431,8940,0,0.320913,0
156258,21903,1,0.477037,1
69365,35004,0,0.297806,0
195986,7628,0,0.336994,0
90073,19019,0,0.318957,0
155687,14647,0,0.400436,0
191,31853,0,0.395629,0
162960,8004,0,0.377977,0
131526,8174,0,0.241548,0
125980,30928,0,0.237142,0
52255,18799,0,0.233211,0
74279,432,0,0.346896,0
192827,5792,0,0.353125,0
86479,11520,0,0.369161,0
103950,41480,0,0.339399,0
110103,24903,0,0.31129,0
200095,13423,0,0.400781,0
171027,39190,0,0.29228,0
42385,47766,0,0.289585,0
91772,1057,0,0.279586,0
95594,32478,0,0.454357,1
49537,37552,1,0.487663,1
48412,42620,0,0.341953,0
130004,10644,0,0.360193,0
152121,4209,0,0.199218,0
109625,6177,0,0.410713,0
177234,42265,0,0.235899,0
135968,23410,0,0.471969,1
64433,18281,0,0.25873,0
69124,28132,0,0.304689,0
59007,3265,0,0.410787,0
35169,14394,0,0.266668,0
162620,3526,0,0.276925,0
6806,9601,0,0.288045,0
198699,31343,0,0.459605,1
49684,5618,0,0.250481,0
51814,8888,0,0.296037,0
187378,162,1,0.399561,0
82573,2237,0,0.464566,1
63002,7241,0,0.419565,0
64589,2101,0,0.207114,0
51841,35518,0,0.322295,0
128839,5642,0,0.431108,0
92432,39475,0,0.528021,1
16580,39057,0,0.430197,0
13057,10424,0,0.257439,0
25818,17224,0,0.41131,0
79394,43087,0,0.456657,1
60755,24964,0,0.402561,0
123134,47672,0,0.282169,0
160780,18432,0,0.414423,0
20452,38236,0,0.381493,0
73514,11926,0,0.3571,0
180622,260,0,0.395177,0
17034,10957,0,0.480239,1
3294,13085,0,0.391337,0
201585,40501,0,0.210091,0
147226,20824,0,0.339585,0
194628,5932,0,0.208935,0
188184,49215,0,0.217299,0
76886,31506,0,0.34813,0
59545,47734,0,0.366842,0
8162,40377,0,0.356238,0
74804,17299,0,0.317413,0
71257,21050,0,0.332401,0
104692,33768,0,0.308202,0
142476,21709,0,0.447377,0
163569,39558,0,0.398282,0
70561,5077,0,0.423407,0
108286,27288,0,0.398183,0
144702,8494,0,0.251907,0
52870,36070,1,0.35488,0
204613,30489,0,0.351541,0
204390,28204,0,0.364227,0
137318,32467,0,0.395721,0
138845,20448,0,0.323869,0
41959,38164,0,0.315825,0
6268,48642,0,0.332458,0
175728,30489,0,0.238107,0
187763,196,0,0.520643,1
143555,39469,0,0.256069,0
82007,23848,0,0.432099,0
160342,47962,0,0.358758,0
197404,35951,0,0.366528,0
111495,44325,0,0.404183,0
2895,4920,0,0.426572,0
4442,16185,0,0.212016,0
5296,17284,0,0.207516,0
781,33065,0,0.38663,0
148809,24759,0,0.295605,0
13449,41748,0,0.318732,0
28924,32134,0,0.442548,0
178430,19048,0,0.405647,0
59545,13431,0,0.38207,0
126397,37119,0,0.263476,0
173707,46692,0,0.400681,0
138164,18127,1,0.422787,0
57097,33198,0,0.305304,0
144965,9739,0,0.336406,0
162046,46510,0,0.271942,0
16191,4799,0,0.406437,0
142904,45116,0,0.452028,1
37174,17866,0,0.298133,0
171861,12290,0,0.435125,0
137669,9531,0,0.422473,0
111281,39561,0,0.416676,0
97975,20114,0,0.397074,0
127006,30461,0,0.325227,0
65188,4605,0,0.500419,1
155725,38456,0,0.379934,0
104692,42071,0,0.253215,0
92124,35108,0,0.407384,0
105724,4565,0,0.271428,0
34994,34816,0,0.316862,0
55281,16823,0,0.404401,0
144846,26994,0,0.200684,0
114215,4966,0,0.24921,0
37531,35547,0,0.36474,0
104638,39787,0,0.375057,0
77598,260,0,0.333907,0
92401,16616,0,0.386257,0
153850,37766,0,0.346558,0
198099,34134,0,0.344358,0
30692,6859,0,0.348978,0
121311,16759,0,0.424779,0
124534,27104,0,0.32279,0
66925,5251,0,0.410173,0
112416,31090,0,0.349411,0
4527,23165,0,0.225502,0
33042,21769,0,0.410554,0
103831,27243,0,0.28365,0
197196,46167,0,0.368297,0
140656,29307,0,0.459909,1
50779,9871,0,0.407283,0
177691,6573,0,0.351691,0
124464,5097,0,0.405385,0
13960,10492,0,0.352804,0
51797,22760,0,0.294983,0
188933,20883,0,0.283227,0
67755,18370,0,0.468845,1
127124,40470,0,0.331887,0
108482,19982,0,0.307186,0
147301,8277,0,0.45446,1
135394,24852,0,0.291825,0
203851,36082,0,0.403207,0
147482,23892,0,0.355897,0
150225,3840,0,0.192625,0
46345,24964,0,0.447155,0
92960,33915,0,0.444033,0
50000,32463,1,0.396096,0
135167,33493,0,0.346503,0
105788,33731,0,0.437548,0
52814,6046,0,0.450733,1
127202,37687,0,0.370984,0
66072,34126,0,0.341365,0
24157,23888,0,0.23449,0
200529,1313,0,0.253876,0
176752,28515,0,0.263362,0
107338,41771,0,0.361105,0
41525,11513,0,0.259899,0
159269,8277,0,0.465411,1
165330,11532,0,0.317956,0
30172,40709,0,0.391617,0
66808,19268,0,0.25767,0
85791,13988,0,0.254241,0
180437,40852,0,0.318162,0
132310,15280,0,0.219289,0
196952,46979,0,0.359892,0
29450,39462,0,0.325689,0
151429,6615,0,0.339585,0
5263,27695,0,0.482153,1
196163,26292,0,0.30633,0
83934,28278,0,0.306489,0
165173,24082,0,0.331552,0
78927,44910,1,0.393109,0
31590,42888,0,0.227619,0
197880,42617,1,0.344396,0
91467,21405,0,0.415319,0
93885,34590,0,0.399694,0
191706,19570,0,0.436186,0
117575,38313,0,0.44845,0
95013,29487,0,0.278416,0
139923,3399,0,0.225842,0
19528,38374,0,0.196992,0
92749,6046,1,0.509948,1
64624,42585,0,0.327218,0
2659,48395,0,0.217389,0
51984,45906,0,0.42743,0
142084,47734,1,0.388944,0
127540,22935,0,0.457112,1
3990,16823,0,0.346017,0
150340,23313,0,0.391424,0
275,2452,0,0.306253,0
163156,35887,0,0.30223,0
84995,39174,0,0.253444,0
150983,1787,0,0.398101,0
40131,47977,1,0.45609,1
30348,27801,0,0.401182,0
52203,5884,0,0.370814,0
129716,18441,0,0.386174,0
46508,36736,0,0.258554,0
41231,30489,0,0.325719,0
114098,40063,0,0.410606,0
51121,36766,1,0.500893,1
131478,35269,0,0.33915,0
89607,45633,0,0.409177,0
41501,42585,0,0.324671,0
52975,31553,0,0.37927,0
49120,9871,0,0.264334,0
125123,17630,0,0.356979,0
95477,42974,0,0.353321,0
189951,2078,0,0.420015,0
130304,33527,0,0.394968,0
178738,40310,0,0.28288,0
1206,45066,0,0.476666,1
116855,46131,0,0.359529,0
122239,7622,0,0.260482,0
198885,22000,0,0.305333,0
169064,8017,0,0.347589,0
67689,17002,0,0.233574,0
105879,16830,0,0.28605,0
191972,49683,0,0.41102,0
72973,39928,0,0.38387,0
142756,2326,0,0.36545,0
64047,9608,0,0.322686,0
119273,12341,0,0.41278,0
65617,38383,0,0.44291,0
95714,38051,0,0.368457,0
32052,14678,0,0.30045,0
124341,3919,0,0.362317,0
36030,46667,0,0.257244,0
70213,3868,0,0.198122,0
119697,25903,0,0.406371,0
193406,21137,1,0.49958,1
65253,633,0,0.271493,0
5870,5876,0,0.414951,0
41142,27093,1,0.353898,0
100830,31717,0,0.251529,0
192731,45633,0,0.410425,0
24290,34126,1,0.485381,1
157916,29327,0,0.389483,0
100854,24852,0,0.337157,0
174583,10460,0,0.415701,0
184028,28185,0,0.307103,0
165212,10673,0,0.346213,0
91691,13176,0,0.394856,0
131273,39636,0,0.384257,0
136782,21459,0,0.384604,0
79850,10246,0,0.240368,0
64223,7781,0,0.384207,0
120440,32099,0,0.399869,0
119322,48628,0,0.411094,0
22316,45198,0,0.364008,0
102632,25330,0,0.342628,0
25151,39275,0,0.381029,0
106229,26800,0,0.441688,0
69324,22959,0,0.465812,1
97345,43662,0,0.23521,0
42124,14780,0,0.39039,0
102622,14580,0,0.371026,0
143989,9366,0,0.28243,0
11137,42625,0,0.339558,0
84515,14161,0,0.301363,0
165684,4137,0,0.430075,0
41728,27959,0,0.395563,0
129806,26604,0,0.453759,1
27952,46616,0,0.211733,0
138774,19003,0,0.267947,0
101674,47792,1,0.441317,0
200437,36332,0,0.344419,0
204152,25197,0,0.234687,0
103552,26604,0,0.315197,0
59321,31585,0,0.393989,0
21016,13885,0,0.449381,0
3593,26629,0,0.328652,0
189034,47042,0,0.295472,0
5848,8193,0,0.252902,0
3990,41950,0,0.454595,1
121824,40706,0,0.423972,0
153778,35217,0,0.345699,0
40425,38903,0,0.197906,0
18511,13170,0,0.271698,0
14332,21137,0,0.443759,0
45061,48057,0,0.271828,0
199167,11798,0,0.225344,0
140340,49325,0,0.409319,0
59364,32338,0,0.316584,0
156301,3376,0,0.267178,0
149560,11182,0,0.293669,0
198259,21903,1,0.524911,1
190075,4541,0,0.325418,0
44463,41400,0,0.462132,1
17112,18594,0,0.382146,0
59354,8053,0,0.409567,0
34393,43967,0,0.226478,0
54607,7088,0,0.379371,0
94123,21903,1,0.515797,1
47862,24181,0,0.346784,0
147181,45083,0,0.370208,0
145147,31066,0,0.389,0
29046,25659,0,0.430203,0
54523,15660,0,0.282458,0
9726,17429,0,0.332111,0
79235,10749,0,0.337156,0
106797,24810,0,0.394875,0
112057,49247,0,0.388233,0
58146,41290,1,0.505513,1
79417,48679,0,0.282169,0
20583,19453,0,0.249038,0
189771,27440,0,0.298401,0
190513,21137,0,0.375343,0
191717,47144,0,0.434562,0
73318,41970,0,0.455257,1
145536,27845,1,0.407801,0
86054,41950,0,0.403078,0
200427,47418,0,0.187974,0
150720,40706,1,0.399121,0
26830,47209,0,0.293307,0
89388,30352,0,0.233028,0
180074,32390,0,0.212873,0
139464,26604,0,0.318659,0
46752,35221,0,0.378955,0
168396,13198,0,0.4407,0
22053,23765,0,0.267749,0
102018,34448,0,0.283251,0
5471,3339,0,0.423846,0
195169,30994,0,0.362396,0
204920,1076,0,0.281453,0
37690,5876,0,0.407664,0
59107,17902,0,0.223729,0
95888,33043,0,0.354749,0
155613,6348,1,0.442942,0
16175,14992,0,0.366972,0
24197,275,0,0.33516,0
95630,16641,0,0.350359,0
63448,46572,0,0.355431,0
48539,30720,0,0.388647,0
55708,24561,0,0.328374,0
197169,31066,0,0.245574,0
168374,41844,0,0.435995,0
53628,38596,0,0.371777,0
15626,22058,0,0.320345,0
21247,30489,1,0.493762,1
66173,26017,0,0.206628,0
159573,204,0,0.341591,0
54627,25642,0,0.320562,0
107418,30463,0,0.330718,0
106819,43768,0,0.307501,0
13310,33956,0,0.422102,0
127584,44193,0,0.257493,0
26225,10343,0,0.347033,0
151994,22015,0,0.203587,0
81126,43867,0,0.344368,0
112426,47626,1,0.520055,1
155582,823,0,0.397885,0
170086,32864,0,0.434188,0
160579,34448,0,0.421381,0
52212,48745,0,0.320465,0
32479,4824,0,0.264607,0
200792,21783,0,0.353637,0
131525,48697,1,0.38443,0
108985,14992,0,0.438378,0
15229,38596,0,0.197145,0
158142,5449,0,0.453169,1
148159,40604,0,0.228863,0
65300,42536,0,0.415004,0
68439,42134,0,0.314069,0
116961,25931,1,0.465484,1
142394,20277,0,0.369598,0
118811,37250,1,0.52169,1
37610,24125,0,0.365653,0
165330,31717,0,0.341503,0
105883,42677,0,0.244376,0
139495,15200,0,0.298166,0
32540,16911,0,0.399283,0
7923,34466,0,0.347926,0
153270,41950,1,0.464236,1
79556,45011,0,0.365379,0
91159,41273,0,0.235313,0
71549,47626,0,0.273703,0
82446,11182,0,0.418672,0
98917,31388,0,0.224269,0
96441,28058,0,0.261921,0
164266,22268,0,0.367207,0
74774,1160,0,0.451276,1
151584,40691,0,0.379368,0
73425,43122,0,0.409788,0
178803,46676,0,0.283657,0
107581,43961,0,0.278396,0
12011,18232,0,0.26295,0
29775,26209,0,0.34183,0
60011,24852,0,0.285199,0
75001,20995,0,0.311455,0
82392,44303,0,0.346469,0
136957,31528,0,0.377266,0
55825,14147,0,0.261914,0
46303,5019,0,0.203937,0
76758,24759,0,0.320264,0
44461,44122,0,0.468718,1
60661,41787,0,0.523662,1
127365,43279,0,0.439431,0
194566,47781,0,0.364022,0
136708,16759,0,0.287289,0
2659,29363,0,0.246825,0
94348,16978,0,0.433644,0
46257,12499,0,0.273706,0
48913,39370,0,0.277688,0
131426,8518,0,0.326494,0
34907,44426,0,0.313034,0
51719,28785,0,0.368751,0
153224,36386,0,0.267947,0
43448,27365,0,0.212873,0
122736,46347,0,0.282862,0
189813,19691,0,0.407914,0
119771,21333,1,0.396698,0
15012,35976,0,0.29627,0
50143,32788,0,0.218017,0
115369,47626,0,0.463006,1
157437,45646,0,0.24202,0
93287,40338,0,0.404918,0
52075,28849,0,0.40065,0
36990,10333,0,0.394259,0
86377,21150,0,0.413587,0
57707,16139,0,0.418562,0
175565,14142,0,0.290336,0
102484,11755,0,0.386503,0
128601,46041,0,0.272148,0
21553,19111,0,0.430491,0
137857,38657,0,0.385763,0
46055,196,0,0.290667,0
143278,10826,0,0.190023,0
23949,9444,0,0.230262,0
91840,5863,0,0.396893,0
30527,16986,0,0.42807,0
89980,24009,0,0.275637,0
169889,25513,0,0.34372,0
78217,38164,0,0.374761,0
198343,45608,0,0.363275,0
80163,29622,0,0.395278,0
194379,43768,0,0.426359,0
41508,30165,0,0.224785,0
103490,39812,0,0.390275,0
136661,42719,0,0.271879,0
197992,10749,1,0.43887,0
74097,18987,0,0.418253,0
179420,12772,0,0.361218,0
90995,37065,0,0.26779,0
131501,10017,0,0.404089,0
139110,27392,0,0.448816,0
127202,41437,0,0.398592,0
173491,14669,0,0.276672,0
43393,20114,0,0.307749,0
170327,10504,0,0.325652,0
47802,23909,0,0.486541,1
95975,28199,1,0.410702,0
195678,29694,0,0.365464,0
159563,12899,0,0.36101,0
113356,10453,0,0.296358,0
120303,4932,0,0.333738,0
177764,25890,0,0.462549,1
68996,15285,0,0.440241,0
133368,19734,0,0.372882,0
15316,48775,0,0.343703,0
46623,8169,0,0.250201,0
135292,10504,0,0.348724,0
200893,13176,1,0.461,1
132594,20887,0,0.420244,0
44676,32864,0,0.347905,0
139877,6873,0,0.326468,0
67975,6638,0,0.220541,0
109757,15937,0,0.310507,0
36369,7358,0,0.300418,0
168795,5696,0,0.247004,0
143753,14992,0,0.414641,0
135658,8113,0,0.25052,0
182406,23499,0,0.396827,0
127111,22159,0,0.38149,0
113885,39275,0,0.315649,0
70613,26165,1,0.49642,1
85303,10616,0,0.283225,0
201524,10621,0,0.377063,0
43305,6142,0,0.214282,0
119173,7014,0,0.255505,0
149525,10248,0,0.429214,0
165918,39877,0,0.426173,0
62244,27544,0,0.342505,0
194466,39877,1,0.471145,1
8334,6385,0,0.252096,0
98895,162,0,0.234687,0
192130,40397,0,0.366379,0
166530,24852,0,0.495698,1
6672,1947,0,0.21551,0
176919,7146,0,0.278333,0
194417,18534,1,0.465745,1
56422,47732,0,0.397902,0
163962,12381,0,0.217299,0
147379,35042,0,0.303295,0
153446,23622,0,0.318329,0
38826,32139,0,0.277995,0
21175,37033,0,0.346617,0
155541,3020,0,0.2523,0
55911,42110,0,0.400171,0
80108,48440,1,0.448297,0
49778,43428,0,0.378533,0
172932,48453,0,0.409091,0
28140,22180,0,0.358002,0
119867,22035,0,0.445639,0
193148,24484,0,0.328619,0
69942,43129,0,0.378766,0
183683,40706,0,0.433072,0
48408,48395,0,0.259242,0
71,37973,1,0.349619,0
110774,30489,0,0.384005,0
181210,36082,0,0.38408,0
54272,48290,0,0.398278,0
15357,25146,0,0.409055,0
142163,8695,0,0.302927,0
121990,27355,0,0.33471,0
92645,30668,0,0.312739,0
185537,19488,1,0.410721,0
3601,48205,0,0.347467,0
51295,31553,0,0.289364,0
136518,21903,0,0.312309,0
102643,13802,0,0.419234,0
26813,5652,0,0.390161,0
76374,13176,0,0.491556,1
189212,7559,0,0.33249,0
184906,311,0,0.31413,0
28470,16198,0,0.317434,0
120691,46758,0,0.242367,0
58218,46812,0,0.260315,0
119521,44359,0,0.284389,0
58271,49683,0,0.278416,0
87333,2097,0,0.379204,0
196463,27521,0,0.38707,0
61592,40571,0,0.276664,0
1834,12333,0,0.410779,0
116584,1629,0,0.368995,0
150406,9007,0,0.286859,0
114560,8174,0,0.432668,0
145844,2635,0,0.275578,0
119315,43352,0,0.359979,0
62530,24489,0,0.246245,0
114423,48679,0,0.360075,0
67632,22504,0,0.326203,0
51496,35939,0,0.415009,0
203757,36170,0,0.262981,0
94187,22825,0,0.412821,0
51172,17083,0,0.234619,0
5285,2326,0,0.427183,0
15229,27104,0,0.212916,0
203910,36316,0,0.454142,1
106443,29487,0,0.212016,0
199805,18382,0,0.22596,0
104668,5912,0,0.217641,0
24840,33704,1,0.380766,0
182005,29285,0,0.404635,0
178953,34745,0,0.404824,0
6895,4462,0,0.396046,0
60041,16894,0,0.293093,0
12835,28465,0,0.280806,0
160860,15398,0,0.384726,0
92258,49683,0,0.463962,1
27575,40593,0,0.329965,0
34226,5031,0,0.2997,0
190665,46620,0,0.269398,0
87438,2361,0,0.287322,0
6451,28985,0,0.339858,0
123000,41103,0,0.242482,0
66137,32734,0,0.457592,1
129795,432,0,0.325421,0
79699,6244,0,0.399909,0
195169,26488,0,0.336594,0
59635,36082,0,0.371027,0
87489,4210,0,0.324971,0
114166,30233,0,0.430588,0
47079,32951,0,0.360792,0
171982,4086,0,0.263153,0
30599,4347,0,0.227884,0
188536,12409,0,0.262195,0
40424,21386,0,0.381279,0
182406,28715,0,0.419667,0
142211,43263,0,0.458921,1
83797,44500,1,0.465069,1
200977,26620,0,0.286051,0
151763,1979,0,0.403439,0
201515,18117,0,0.411688,0
126613,44683,0,0.357528,0
149334,40925,0,0.333162,0
169284,10246,0,0.272835,0
80710,4920,0,0.35113,0
76142,32360,0,0.292393,0
14923,10314,0,0.213928,0
136679,23252,0,0.355765,0
154119,23165,0,0.39827,0
102494,44632,0,0.334286,0
104424,22788,0,0.27255,0
148352,19653,0,0.351008,0
170224,44825,0,0.358549,0
88201,23958,0,0.216612,0
2970,21903,0,0.283426,0
182778,32605,0,0.401794,0
42385,16185,0,0.294179,0
109017,27456,0,0.4109,0
40741,18956,0,0.330412,0
14094,19706,0,0.421866,0
96577,18670,0,0.287013,0
156517,42327,0,0.35373,0
68910,343,0,0.294492,0
47954,20520,0,0.288622,0
74300,16524,0,0.379989,0
115083,13176,1,0.459201,1
48669,23288,0,0.355903,0
109812,7228,0,0.324297,0
114225,25096,0,0.353695,0
128671,6274,0,0.260839,0
76360,47884,0,0.246588,0
183173,40706,0,0.308991,0
29344,9839,0,0.369709,0
53775,22790,0,0.411676,0
109634,32650,0,0.415996,0
34393,29660,0,0.268682,0
22893,11182,0,0.444873,0
115750,45066,0,0.224635,0
10703,21376,0,0.461251,1
60113,41351,0,0.432018,0
114841,22247,0,0.260349,0
42718,42701,0,0.22947,0
16669,9390,0,0.196219,0
54307,32478,1,0.471552,1
51982,28985,0,0.278279,0
16850,17706,0,0.3937,0
97975,22736,0,0.332087,0
178016,5013,0,0.406595,0
93325,2240,0,0.335536,0
2862,27966,1,0.447595,0
49130,4799,0,0.271826,0
136998,48135,0,0.263668,0
89842,49192,0,0.412353,0
179199,12845,0,0.255133,0
158870,41909,0,0.342244,0
157279,21288,0,0.407075,0
47271,33439,0,0.229175,0
184781,10473,0,0.306545,0
87331,27514,0,0.463981,1
177369,47626,0,0.444737,0
85838,43713,0,0.478241,1
29014,46820,0,0.218981,0
188627,14917,0,0.414891,0
193100,5322,0,0.408353,0
4512,13712,0,0.409354,0
171827,22025,0,0.473252,1
20723,19731,0,0.286699,0
108231,44014,0,0.375775,0
160321,5025,0,0.421973,0
85534,47209,0,0.277332,0
105564,10036,0,0.402003,0
80353,1185,0,0.267254,0
205747,7453,0,0.480691,1
15763,5991,0,0.250481,0
97013,5479,0,0.495769,1
43634,9623,0,0.32581,0
146347,26209,0,0.422169,0
69312,14332,0,0.372296,0
187714,8277,0,0.385701,0
102655,47734,0,0.309357,0
19889,3376,0,0.327526,0
151133,20114,0,0.414882,0
205383,28999,0,0.40041,0
25855,5114,0,0.443565,0
60764,23288,1,0.462057,1
148439,823,0,0.260847,0
95676,20358,0,0.197659,0
171320,2966,0,0.415341,0
52698,1559,0,0.265604,0
58731,34465,0,0.33826,0
105939,23744,0,0.278963,0
108702,7175,0,0.4354,0
142363,18792,0,0.337912,0
37207,2794,0,0.246283,0
186853,47189,0,0.216981,0
42520,2320,0,0.319933,0
123817,30406,0,0.278086,0
96649,28204,0,0.426839,0
96424,38108,0,0.242437,0
142943,47626,0,0.42525,0
150049,32843,0,0.224269,0
78666,264,0,0.370455,0
109709,138,0,0.311907,0
171519,34370,0,0.245286,0
112680,19272,0,0.321332,0
91355,17794,0,0.476648,1
80565,19453,0,0.24921,0
118629,21903,1,0.527985,1
144497,22920,0,0.272504,0
105566,15746,0,0.298023,0
24670,17795,0,0.476857,1
22393,10685,0,0.499269,1
194379,41348,0,0.352304,0
103806,26209,0,0.40873,0
132207,4799,0,0.417326,0
138212,13984,0,0.379471,0
837,22959,0,0.382087,0
121575,40199,0,0.370071,0
6729,16797,0,0.32395,0
148582,3459,0,0.379158,0
63236,41787,0,0.324887,0
126687,25340,0,0.217158,0
140742,26002,0,0.38122,0
105950,40358,0,0.3866,0
118430,42579,0,0.342058,0
184365,43271,0,0.352183,0
150992,18382,0,0.376821,0
24399,19513,0,0.391947,0
168785,24852,0,0.299593,0
60431,34551,0,0.260349,0
70871,18020,0,0.271626,0
111846,41570,0,0.24909,0
38364,45290,0,0.366883,0
41398,21174,0,0.267848,0
77973,34789,0,0.428605,0
29065,3952,0,0.3168,0
18462,12206,0,0.384003,0
107936,40002,0,0.331152,0
75259,32864,0,0.413015,0
72059,23375,0,0.422062,0
41022,49401,0,0.250935,0
141557,38770,0,0.314008,0
75140,7669,0,0.263284,0
58576,17316,0,0.288251,0
102247,30391,0,0.383305,0
41185,44987,0,0.394729,0
175151,27695,0,0.242277,0
79426,25551,0,0.29146,0
113299,43871,0,0.404796,0
112300,23537,0,0.324314,0
200821,7751,0,0.254968,0
115130,5782,0,0.410332,0
179870,25010,0,0.412973,0
97551,48094,0,0.395758,0
196138,32747,0,0.354631,0
30808,4472,0,0.420975,0
130543,45664,0,0.185619,0
87323,9839,0,0.278719,0
108202,28745,0,0.386334,0
124806,30406,0,0.295855,0
129634,27104,0,0.283937,0
84211,48205,0,0.237116,0
63073,24086,0,0.217914,0
153616,42736,0,0.267585,0
75175,34262,0,0.358507,0
131570,22372,1,0.38174,0
147841,4421,0,0.349058,0
16668,27966,0,0.370453,0
185005,26604,0,0.429917,0
4525,516,0,0.277949,0
186310,45066,0,0.287435,0
150420,10998,0,0.229502,0
87992,5042,0,0.376821,0
77964,15902,0,0.420975,0
155135,21417,0,0.39927,0
201586,14491,1,0.467582,1
177691,33787,0,0.436341,0
138520,47209,0,0.419349,0
18836,6016,0,0.504806,1
155589,40268,0,0.3156,0
147918,27336,0,0.278348,0
51430,21304,0,0.332709,0
172119,30549,0,0.368527,0
6334,4605,0,0.282169,0
87438,1090,0,0.225344,0
15072,36372,0,0.235489,0
36650,21951,0,0.246616,0
108346,20449,0,0.399622,0
182761,47209,0,0.356639,0
66193,25691,0,0.352869,0
30760,4618,0,0.219463,0
59877,21782,0,0.384604,0
34945,38291,1,0.397169,0
132976,5933,0,0.290403,0
190713,21338,0,0.350495,0
12855,10749,0,0.287782,0
111561,17123,0,0.322725,0
197496,43986,0,0.360074,0
135916,9808,0,0.242038,0
116603,14147,1,0.505071,1
26812,23322,0,0.425212,0
84805,10460,0,0.2595,0
23898,35973,0,0.360996,0
198330,44359,0,0.28529,0
26688,10337,0,0.276925,0
75770,38383,0,0.370977,0
167366,34134,0,0.319399,0
42454,39247,0,0.424593,0
43334,5646,0,0.345916,0
132163,21292,0,0.371478,0
63767,8670,0,0.371963,0
204326,37766,0,0.24845,0
134880,12397,0,0.316071,0
149966,36664,0,0.379335,0
44990,47848,0,0.336055,0
1814,21349,0,0.408534,0
14865,18465,0,0.396342,0
177942,7806,0,0.328416,0
152276,44142,0,0.407488,0
175555,38739,1,0.489921,1
36614,39275,0,0.32222,0
72712,34092,0,0.317786,0
93046,3798,0,0.498565,1
165708,13263,0,0.347208,0
165694,15622,0,0.375014,0
179181,27705,0,0.4185,0
88230,36070,0,0.409215,0
57097,8479,0,0.215842,0
170489,21769,0,0.367274,0
2316,13629,1,0.482684,1
186065,31506,0,0.387398,0
133592,23165,0,0.417037,0
8337,25493,0,0.412159,0
25495,27858,0,0.307708,0
94729,35866,0,0.38332,0
125847,43565,0,0.294357,0
200101,21137,0,0.31748,0
54724,40229,0,0.353377,0
10765,42719,0,0.418599,0
44955,23516,0,0.336781,0
134927,9092,0,0.253876,0
118885,30850,0,0.473232,1
64223,27323,0,0.371092,0
95455,5031,0,0.321502,0
34531,36746,0,0.341186,0
96555,5161,0,0.396606,0
199776,21137,1,0.493838,1
132971,22656,0,0.38942,0
111040,31553,0,0.277743,0
156455,23545,0,0.274122,0
58990,40706,0,0.277128,0
55509,47672,0,0.303928,0
186720,12980,0,0.403283,0
144863,13280,0,0.271761,0
71126,23849,0,0.40353,0
30634,14853,0,0.483407,1
169455,7781,0,0.225977,0
141829,28373,0,0.392036,0
55658,36005,0,0.409013,0
194451,23288,0,0.282901,0
154830,9339,0,0.303486,0
41026,13541,0,0.288484,0
105599,9550,0,0.458179,1
128530,28531,0,0.359102,0
43982,260,0,0.421704,0
206045,38456,0,0.233803,0
56866,20957,0,0.214744,0
97699,12079,0,0.373705,0
139355,651,0,0.48972,1
18,36861,0,0.380321,0
155794,3007,0,0.319011,0
8953,11845,0,0.274367,0
179224,14161,1,0.447723,0
205024,49191,0,0.435356,0
82545,11261,0,0.313494,0
3320,30700,0,0.383187,0
203779,44142,0,0.458137,1
194819,43705,0,0.229622,0
59588,21903,0,0.380937,0
101356,17758,0,0.368469,0
184659,2535,0,0.273706,0
143687,43122,0,0.303486,0
23198,44570,0,0.381856,0
8670,329,1,0.510004,1
109106,13113,0,0.312137,0
142332,36135,0,0.35498,0
148882,4138,0,0.331771,0
96316,26476,0,0.254674,0
200607,43086,0,0.454924,1
81529,12797,0,0.404627,0
26877,18288,0,0.450465,1
172631,42221,0,0.346029,0
29012,22035,0,0.330532,0
138480,7969,0,0.33504,0
80114,5258,0,0.299972,0
19829,48848,0,0.315805,0
42971,41127,0,0.176328,0
102038,8174,0,0.301287,0
168282,35951,0,0.327988,0
106903,48123,0,0.225344,0
139049,29447,0,0.297487,0
103648,32958,0,0.276873,0
72738,18531,0,0.452654,1
77365,23931,0,0.28475,0
37859,4605,0,0.291404,0
13192,12481,0,0.401118,0
48945,44170,0,0.387035,0
200254,27966,0,0.249616,0
46691,47193,0,0.304594,0
55794,41999,0,0.303822,0
34505,27845,1,0.477268,1
51533,13528,0,0.387171,0
76115,26768,0,0.430197,0
175035,47854,0,0.435305,0
148198,24852,0,0.421115,0
64941,34503,0,0.237943,0
67890,21174,0,0.250996,0
193393,29662,0,0.297219,0
27017,19382,0,0.233507,0
133919,29363,0,0.232371,0
20048,11233,0,0.41831,0
204613,26604,0,0.44807,0
72971,33401,0,0.211125,0
141756,41950,0,0.360366,0
16341,1215,0,0.242555,0
92580,13176,0,0.486619,1
143022,47792,0,0.361745,0
113299,2447,0,0.321314,0
132310,19048,0,0.266979,0
172102,17461,0,0.272999,0
40425,12898,0,0.253494,0
1021,26307,0,0.313427,0
113336,21137,1,0.414038,0
18413,13535,0,0.405709,0
160595,39428,0,0.451228,1
69821,35461,0,0.349778,0
159219,13176,0,0.459428,1
186829,15407,0,0.315655,0
11193,44632,0,0.349372,0
78785,13740,0,0.364606,0
58827,30391,0,0.414052,0
152005,24720,0,0.22856,0
155989,37158,0,0.409013,0
145333,29307,0,0.276788,0
114532,28782,0,0.269386,0
18275,2081,0,0.302656,0
138603,46676,0,0.282031,0
102568,3114,0,0.388572,0
39544,37687,0,0.356491,0
105865,44843,0,0.27499,0
57971,38527,0,0.401857,0
174434,7736,0,0.272561,0
13950,11454,0,0.380313,0
56599,47119,0,0.472097,1
113300,17485,0,0.327887,0
99767,6403,0,0.265152,0
156082,39954,0,0.254545,0
68308,19625,0,0.21003,0
99575,9464,0,0.297587,0
186761,47117,0,0.368795,0
119167,39984,0,0.282319,0
111618,45169,0,0.354952,0
74430,27796,0,0.247004,0
136015,4606,0,0.252815,0
155884,11265,0,0.217492,0
203811,12845,0,0.394382,0
130369,31805,0,0.425147,0
73227,246,0,0.323663,0
146696,24203,0,0.471553,1
141592,39491,0,0.240779,0
52410,17600,0,0.385242,0
123330,41171,0,0.307443,0
189760,15223,0,0.32691,0
153512,7631,0,0.372655,0
146540,48186,0,0.232602,0
60431,32035,0,0.226453,0
71106,27243,0,0.318681,0
55367,13780,0,0.267814,0
60661,41463,0,0.406095,0
7407,9387,0,0.267453,0
164237,17149,0,0.342431,0
124489,34300,0,0.355492,0
36149,16768,0,0.308525,0
192008,27966,1,0.492376,1
101777,43483,0,0.41468,0
135149,14011,0,0.277459,0
91452,15261,0,0.406842,0
94150,4366,1,0.403327,0
141007,20930,0,0.51131,1
15064,30695,0,0.365385,0
87811,890,0,0.258403,0
1887,21137,0,0.365688,0
37732,30391,0,0.440593,0
161795,43352,0,0.387402,0
1912,27475,0,0.212087,0
194135,22935,0,0.240482,0
178547,5621,0,0.350009,0
53628,18531,0,0.362043,0
4057,19982,0,0.253444,0
170062,31573,0,0.464216,1
174264,48259,0,0.232438,0
3127,5693,0,0.420243,0
87638,28204,0,0.320684,0
52008,19348,0,0.376423,0
60049,43076,0,0.200684,0
90256,45061,0,0.356874,0
17757,11390,0,0.456736,1
173207,16797,0,0.406705,0
157244,21903,1,0.511449,1
26204,36854,0,0.353983,0
80537,40332,0,0.413913,0
12574,27286,0,0.260717,0
139106,32237,0,0.386777,0
127154,18027,0,0.408777,0
50867,6025,0,0.276037,0
143992,7781,0,0.344653,0
2518,23291,0,0.423131,0
61597,48726,0,0.28946,0
113230,21573,0,0.32445,0
186768,10246,0,0.340646,0
74730,16864,1,0.437835,0
125138,7781,0,0.367134,0
183912,9177,1,0.392879,0
166734,29987,0,0.276807,0
169314,35163,0,0.27104,0
157894,24005,0,0.382304,0
114799,48103,0,0.274129,0
52814,33401,0,0.408087,0
159137,6115,1,0.405886,0
95908,34638,0,0.259,0
97773,432,0,0.333552,0
136130,16415,0,0.278144,0
8567,13176,0,0.316255,0
88872,27522,0,0.267695,0
5036,13076,0,0.441483,0
199392,10912,0,0.24362,0
107000,24002,0,0.220288,0
102930,46692,0,0.328697,0
180850,36130,0,0.259188,0
79895,2295,0,0.27254,0
187026,29503,0,0.408627,0
165120,33957,0,0.361196,0
198885,4605,1,0.347846,0
201929,33245,1,0.426064,0
10009,37646,0,0.426871,0
51069,43087,0,0.217904,0
107494,581,0,0.22161,0
22704,12312,0,0.259073,0
87589,43961,0,0.303052,0
136679,46050,0,0.435417,0
92574,46962,0,0.346264,0
151259,38985,0,0.318988,0
78298,27966,0,0.307199,0
181094,206,0,0.196219,0
188318,22474,0,0.336934,0
89427,24235,0,0.40841,0
81126,26172,0,0.439322,0
118626,42556,0,0.361415,0
58919,22474,0,0.315675,0
66250,43464,0,0.308629,0
50784,26604,0,0.376612,0
144504,35750,0,0.247844,0
52220,28553,0,0.258153,0
28284,48442,0,0.330754,0
42868,21616,0,0.304944,0
14493,16973,0,0.28644,0
194188,2198,0,0.40802,0
185155,47223,0,0.316249,0
191484,40709,0,0.415364,0
3006,24221,0,0.27085,0
168866,3957,0,0.307643,0
199815,22825,1,0.449085,0
7549,38889,0,0.350638,0
81519,48119,0,0.394115,0
168874,31717,0,0.424946,0
155500,46906,0,0.279892,0
124074,49683,0,0.279417,0
34757,13176,1,0.532686,1
162856,49401,0,0.341405,0
139463,20549,0,0.3987,0
26755,46676,0,0.393396,0
140846,24852,0,0.288942,0
158066,38548,0,0.400197,0
81324,31506,0,0.419125,0
111025,41290,0,0.363181,0
78941,12620,0,0.437601,0
21537,46616,0,0.272125,0
137037,18382,0,0.297241,0
105574,47042,0,0.212633,0
11888,14540,0,0.3009,0
191210,26756,0,0.247844,0
66137,45002,0,0.336264,0
40424,26088,0,0.409929,0
32825,37158,0,0.303242,0
93153,37460,0,0.398167,0
113612,7090,0,0.386391,0
126965,21131,0,0.357172,0
28340,35600,0,0.400197,0
109946,48437,0,0.201455,0
9042,13708,0,0.373429,0
53762,13718,0,0.425867,0
120997,26805,0,0.453262,1
154915,15377,0,0.357517,0
173440,47209,0,0.353141,0
173868,8322,0,0.398612,0
122957,13249,0,0.408436,0
21666,11526,0,0.218526,0
115233,24964,0,0.421916,0
43334,9387,0,0.354835,0
162348,3305,0,0.244619,0
186509,15704,0,0.25873,0
84005,11777,0,0.429522,0
25801,12637,0,0.371945,0
28336,10749,0,0.355714,0
12232,37065,0,0.426947,0
119770,21572,0,0.365704,0
192218,48953,0,0.366865,0
58186,18963,0,0.248452,0
81527,8518,0,0.350157,0
205442,32041,0,0.312285,0
12587,7835,0,0.306671,0
131125,19904,0,0.210537,0
172744,4422,0,0.216972,0
77453,33401,0,0.279417,0
59685,27177,0,0.253214,0
57097,24629,0,0.212811,0
102807,24489,0,0.426637,0
89175,14467,0,0.233118,0
5386,46979,0,0.432615,0
55281,36646,0,0.378762,0
86789,47042,0,0.414957,0
200087,24390,0,0.257356,0
120342,26701,0,0.32955,0
4442,37067,0,0.238689,0
61101,30489,0,0.398981,0
59309,39162,0,0.346992,0
179053,4595,0,0.384798,0
60875,581,0,0.356786,0
43697,24093,0,0.394035,0
175654,11804,0,0.250286,0
94710,7021,0,0.439808,0
113238,9076,0,0.292458,0
157980,19508,0,0.302269,0
198372,24184,0,0.436817,0
186878,28085,0,0.214282,0
85070,29307,0,0.407749,0
12319,38293,0,0.208865,0
59783,34276,0,0.391751,0
188221,13380,0,0.455267,1
90668,20114,0,0.282474,0
4352,21707,0,0.219463,0
6761,83,0,0.273064,0
33919,10246,0,0.416926,0
81344,28156,0,0.498253,1
62355,18881,0,0.398985,0
104208,42710,0,0.460966,1
50531,31717,0,0.271826,0
102038,36618,0,0.188371,0
65526,30620,0,0.362448,0
155788,37549,0,0.230857,0
99788,27690,0,0.413059,0
52167,41751,0,0.295998,0
123392,34243,1,0.409187,0
162817,43772,0,0.29863,0
21679,6061,0,0.280883,0
126438,18567,0,0.334693,0
92991,9422,0,0.41998,0
40352,32246,0,0.324025,0
79285,17795,0,0.310233,0
77365,10017,0,0.456696,1
76154,23375,0,0.428933,0
85571,26124,0,0.375968,0
91942,30040,0,0.236909,0
34989,36550,1,0.405052,0
129824,39469,0,0.215682,0
7481,10106,0,0.280827,0
117161,31371,0,0.276925,0
31239,41787,0,0.277749,0
100206,32717,0,0.407739,0
179818,18761,0,0.297802,0
64658,34551,0,0.396858,0
81588,22912,0,0.263111,0
145942,28918,0,0.343955,0
124578,40593,0,0.353755,0
108287,723,0,0.38511,0
134985,18449,0,0.363369,0
73947,2228,0,0.229622,0
97661,23894,0,0.257134,0
74840,18601,0,0.182769,0
74818,34565,0,0.310907,0
82749,46047,0,0.34605,0
147009,17284,0,0.424817,0
24712,46984,0,0.259093,0
63430,22935,0,0.249462,0
171690,33255,0,0.364778,0
32186,6871,0,0.336337,0
188576,27275,0,0.273644,0
64480,44987,0,0.407347,0
87274,36856,0,0.397003,0
37268,9154,0,0.406586,0
132919,12011,0,0.411132,0
28338,11090,0,0.39875,0
11716,23985,1,0.476331,1
109861,17948,0,0.407624,0
154100,40604,0,0.426887,0
166255,22849,0,0.253323,0
166060,11440,0,0.2725,0
115434,34126,0,0.282543,0
44646,6046,1,0.431471,0
80565,19660,0,0.315695,0
143954,30450,0,0.283251,0
7843,26604,0,0.253023,0
74532,44008,0,0.324328,0
19080,23576,0,0.262602,0
123620,12020,0,0.35782,0
194379,49610,1,0.464562,1
38741,31422,0,0.273644,0
34772,5825,0,0.188363,0
187156,29403,0,0.344299,0
152051,13646,0,0.246014,0
54294,16953,0,0.281138,0
756,20632,0,0.385187,0
61094,10110,1,0.439659,0
104902,39993,0,0.277917,0
21331,19311,0,0.410647,0
180850,20457,0,0.250053,0
119708,22959,1,0.51778,1
82545,10737,0,0.393396,0
188755,42719,0,0.36447,0
17782,18908,0,0.356837,0
158650,24372,0,0.326124,0
10786,37807,0,0.49168,1
93612,32167,0,0.263786,0
51784,43789,0,0.390653,0
106154,48119,0,0.432076,0
63318,35168,0,0.438367,0
150438,47216,0,0.289322,0
152198,32079,1,0.374221,0
160810,49605,1,0.386754,0
140766,34969,0,0.450934,1
57841,48183,0,0.28577,0
30086,27156,0,0.237836,0
73080,10492,0,0.196011,0
30003,39812,0,0.223441,0
71113,26800,0,0.408752,0
164507,38777,0,0.282031,0
127461,41445,0,0.302396,0
194996,26668,0,0.261025,0
161469,25584,0,0.386816,0
203492,40396,0,0.469921,1
719,21051,0,0.320315,0
48018,26882,0,0.236467,0
101604,37835,0,0.378626,0
82605,28466,1,0.390425,0
153819,15097,0,0.380755,0
13459,17122,1,0.431538,0
137387,9839,0,0.446363,0
185316,7896,0,0.387642,0
101784,25588,0,0.369115,0
135479,9477,0,0.348972,0
167359,19660,0,0.429145,0
169113,10145,0,0.349182,0
88281,14678,1,0.458905,1
803,44628,0,0.381183,0
131641,21267,0,0.375146,0
5325,21903,0,0.246672,0
4534,32691,0,0.344986,0
163493,13176,0,0.320075,0
91339,23537,0,0.343926,0
55236,31506,0,0.341427,0
15899,48057,0,0.219974,0
82164,12572,0,0.408968,0
155289,2735,0,0.289824,0
95332,2295,0,0.321626,0
56599,5973,0,0.370576,0
168456,48720,0,0.324507,0
58129,18370,0,0.303881,0
163221,5373,0,0.303903,0
112139,14514,0,0.220729,0
73769,49583,1,0.499389,1
83524,40199,0,0.233375,0
52819,8744,0,0.39854,0
110102,48118,0,0.257439,0
52327,40261,0,0.315462,0
56718,26698,0,0.484725,1
65617,27156,0,0.44291,0
153789,36724,0,0.356991,0
17448,30450,0,0.242329,0
76685,35124,0,0.282922,0
73427,3952,0,0.299931,0
200536,47226,0,0.376168,0
87983,33894,0,0.425707,0
78079,39619,0,0.358792,0
132856,7500,0,0.315885,0
54991,16361,0,0.313279,0
196445,13444,0,0.264048,0
73680,13517,0,0.390446,0
153935,19677,0,0.451581,1
74589,18479,0,0.253876,0
60040,47890,0,0.305624,0
63119,3607,0,0.3986,0
27348,20520,0,0.346798,0
87479,44422,0,0.376557,0
130296,46724,0,0.376529,0
70212,27413,0,0.337982,0
32953,48357,0,0.244959,0
7209,13176,1,0.508143,1
148162,49520,0,0.32185,0
157524,41198,0,0.345402,0
74908,46294,0,0.392713,0
35492,44142,0,0.273416,0
174868,46796,0,0.336119,0
80236,21616,1,0.450927,1
66497,46294,0,0.315873,0
63656,40706,0,0.282331,0
169608,35213,0,0.224982,0
201213,2481,0,0.422508,0
30261,26047,0,0.33884,0
126319,19482,0,0.38902,0
959,8012,0,0.281396,0
175407,14364,0,0.448274,0
155286,43904,0,0.229622,0
121867,17704,0,0.236993,0
86148,8803,0,0.434283,0
123870,31698,0,0.255249,0
161557,26790,0,0.308647,0
151893,40587,0,0.35619,0
2100,29363,0,0.215608,0
38588,40545,0,0.328162,0
169534,47766,0,0.354473,0
168938,12276,0,0.221707,0
25604,35951,0,0.279728,0
43983,11520,1,0.509549,1
199298,25466,1,0.464311,1
156882,4656,0,0.219388,0
78670,17931,0,0.394115,0
84147,8903,1,0.392713,0
31880,34706,0,0.218817,0
135653,12395,0,0.304208,0
54597,5212,0,0.2384,0
93808,36180,0,0.249467,0
83473,49417,0,0.233289,0
94653,18609,0,0.356995,0
134726,44413,1,0.392387,0
144434,18090,0,0.373819,0
88860,7076,0,0.397065,0
37871,20021,0,0.367134,0
51452,44912,0,0.233894,0
67259,29627,0,0.417331,0
2850,49131,0,0.406443,0
65456,45763,0,0.302678,0
73182,43760,0,0.430022,0
171175,18531,0,0.400372,0
158758,44566,0,0.404482,0
169131,44142,0,0.277831,0
203181,5699,0,0.408846,0
88810,22959,0,0.423233,0
146710,13176,1,0.532854,1
47305,11869,1,0.481206,1
111439,14947,0,0.360802,0
146575,24852,0,0.418401,0
177934,31640,0,0.411304,0
44392,30664,0,0.392884,0
61838,26701,0,0.39014,0
111815,21847,0,0.258153,0
188575,5450,0,0.492889,1
13081,37029,0,0.2725,0
201975,23540,0,0.282144,0
59107,45681,0,0.196143,0
132872,7371,0,0.237581,0
131911,22963,0,0.277128,0
30655,26394,0,0.274734,0
22666,13914,0,0.464851,1
58125,2596,0,0.388749,0
139456,43662,0,0.448643,0
47801,23734,0,0.276671,0
198488,17957,0,0.241033,0
79945,32455,0,0.26308,0
186111,29327,0,0.381513,0
151334,2275,0,0.237581,0
47727,29176,0,0.430012,0
194011,5460,0,0.267254,0
66973,46022,0,0.35827,0
18097,25689,0,0.310944,0
190267,18072,0,0.200529,0
96441,49383,0,0.214602,0
89699,21225,0,0.25443,0
23199,33364,0,0.30901,0
188390,48702,0,0.288193,0
167404,39636,0,0.331953,0
204215,760,0,0.412263,0
176216,10504,0,0.262795,0
68405,6201,0,0.403897,0
41653,13976,0,0.390604,0
174084,41950,0,0.425028,0
146881,25154,0,0.386687,0
113698,30962,0,0.463131,1
62244,34969,0,0.352795,0
159573,8021,0,0.400072,0
185464,44142,0,0.411117,0
190692,877,0,0.288323,0
90719,12341,0,0.292405,0
75590,47672,0,0.432048,0
167613,581,0,0.347091,0
163202,9387,0,0.277313,0
197184,36307,0,0.364922,0
10525,39922,0,0.340501,0
89409,11414,0,0.292326,0
183569,14084,0,0.366286,0
35,43789,0,0.268052,0
195401,4799,0,0.517084,1
22169,24852,0,0.346841,0
63428,40261,0,0.349522,0
204757,29095,0,0.305624,0
37402,6975,0,0.258515,0
4850,17835,0,0.319285,0
194558,24382,0,0.366843,0
172968,13536,0,0.276672,0
92991,41220,0,0.360418,0
80988,39928,0,0.315008,0
127786,28466,0,0.223342,0
131634,19310,0,0.189275,0
29429,31683,1,0.514646,1
181094,19765,0,0.20646,0
6726,23291,0,0.442703,0
179437,8467,0,0.243151,0
160010,21621,0,0.376225,0
38501,30021,0,0.355377,0
67722,19006,0,0.456733,1
92873,4186,0,0.362384,0
157339,27966,0,0.406819,0
45930,47136,0,0.212275,0
190887,40427,0,0.285962,0
167366,49026,0,0.440427,0
60778,25588,0,0.365809,0
12184,33957,0,0.288216,0
138298,3740,0,0.262619,0
113453,18272,0,0.388672,0
143491,42736,0,0.40036,0
179711,26348,0,0.285572,0
125694,14126,0,0.379707,0
143707,38772,0,0.222948,0
37252,6402,0,0.343441,0
107217,41623,1,0.380228,0
162665,4600,0,0.46626,1
132872,26635,0,0.210785,0
176131,17454,0,0.473682,1
168064,25439,0,0.342471,0
30380,17248,0,0.257134,0
148505,19653,0,0.380445,0
41126,18159,0,0.264048,0
52721,29344,0,0.449702,0
165372,11182,0,0.33684,0
97105,38400,0,0.36382,0
56269,30489,0,0.357914,0
106865,4163,0,0.299382,0
94374,9290,0,0.266182,0
87878,12209,0,0.360082,0
62517,11282,0,0.326646,0
187945,10112,0,0.373349,0
195596,29441,0,0.418603,0
168943,46906,0,0.439813,0
82768,30918,0,0.250053,0
45008,49383,0,0.308912,0
55160,39911,0,0.321686,0
102494,27683,0,0.23521,0
144763,12078,0,0.389234,0
125143,32453,0,0.321433,0
86865,47962,0,0.406656,0
91543,38919,0,0.258459,0
161737,29826,0,0.262795,0
126671,36923,1,0.388292,0
89586,40216,0,0.404381,0
81762,15937,0,0.288971,0
185142,7952,0,0.422963,0
3534,46062,0,0.340412,0
90520,45106,0,0.350593,0
96623,34969,0,0.298365,0
68081,9544,0,0.256713,0
32860,47766,0,0.449252,0
31394,37999,0,0.41569,0
174205,38293,0,0.298365,0
122377,39558,0,0.237461,0
128659,6522,0,0.282862,0
72124,16797,0,0.406326,0
49317,19677,1,0.368086,0
154771,2228,0,0.421325,0
39896,13641,0,0.247844,0
88358,898,0,0.214111,0
7489,16096,0,0.401488,0
135653,5991,0,0.30269,0
89387,43221,0,0.294983,0
25183,3473,0,0.379548,0
157847,8277,0,0.477255,1
114883,7628,0,0.27256,0
181333,196,0,0.463985,1
64470,13838,0,0.223342,0
110413,30391,0,0.280172,0
162988,43789,0,0.348054,0
95063,12060,0,0.268174,0
204813,18531,0,0.423705,0
38756,33198,0,0.316575,0
193627,21903,0,0.498203,1
130070,6291,0,0.401412,0
19528,30720,0,0.201144,0
32066,49683,0,0.247111,0
159563,48667,0,0.437838,0
85773,20549,0,0.308021,0
147435,26209,0,0.444463,0
143911,14143,0,0.397241,0
23808,43165,1,0.47165,1
121860,8900,0,0.300595,0
128614,21198,0,0.393895,0
147374,22935,0,0.371704,0
169950,16797,0,0.221325,0
204799,21137,0,0.463124,1
26994,23296,0,0.311191,0
69058,45645,0,0.230262,0
170335,31264,1,0.44589,0
137857,24852,0,0.434325,0
135188,22825,0,0.376572,0
154442,38223,0,0.340341,0
7039,33198,0,0.233007,0
99598,31371,0,0.242038,0
177166,18200,0,0.450587,1
202166,15846,0,0.370173,0
79349,34358,0,0.443785,0
162744,18409,0,0.317619,0
115374,83,0,0.317,0
64055,24382,0,0.251943,0
114582,19991,0,0.296188,0
13939,27845,0,0.38127,0
89383,21195,0,0.267693,0
94648,33220,0,0.373947,0
158400,9480,0,0.337203,0
113571,1958,0,0.246101,0
85908,45535,0,0.2258,0
22294,16145,0,0.333523,0
168300,8380,0,0.277995,0
202919,18202,0,0.35642,0
51295,6532,0,0.329213,0
129198,276,0,0.306885,0
72683,49576,0,0.222605,0
171352,44632,1,0.460815,1
93821,44667,0,0.258134,0
80639,17872,0,0.514238,1
31939,34969,0,0.273315,0
80494,46642,0,0.262852,0
113241,25608,0,0.298007,0
86761,6287,0,0.455286,1
21889,17985,0,0.333261,0
119155,21903,0,0.450198,1
155042,39947,0,0.198498,0
144023,33000,0,0.319118,0
845,31040,1,0.432005,0
178033,18625,0,0.225365,0
7665,10831,0,0.351794,0
31716,47145,0,0.283307,0
13378,48790,0,0.24994,0
47949,24221,0,0.406564,0
127124,23405,0,0.382882,0
74818,46906,0,0.282981,0
82013,26165,0,0.345229,0
4820,43986,0,0.259131,0
178775,12614,0,0.417883,0
111997,14875,1,0.376436,0
117975,48140,0,0.272683,0
67263,14536,1,0.291816,0
177063,1117,1,0.359355,0
155596,14432,0,0.255156,0
113067,24093,0,0.359437,0
113871,41351,0,0.389562,0
22767,329,0,0.458103,1
28460,29439,0,0.325845,0
175809,9007,0,0.453929,1
9615,30062,0,0.341986,0
57027,16797,0,0.324887,0
78934,9634,0,0.377355,0
171877,24382,0,0.38325,0
184881,40604,0,0.364847,0
204206,38248,0,0.314147,0
143789,26604,0,0.387397,0
53775,9387,0,0.415565,0
102494,4957,0,0.277749,0
41094,29095,0,0.268274,0
57177,13431,0,0.3532,0
119705,41844,1,0.411419,0
79606,4163,0,0.417405,0
145086,27613,0,0.35527,0
56795,44518,0,0.396398,0
70797,41637,0,0.274544,0
148055,44628,0,0.318438,0
182587,36287,0,0.385261,0
151016,14385,0,0.275578,0
27414,1104,0,0.358926,0
117380,12144,0,0.220541,0
52721,46979,1,0.473995,1
169906,21083,1,0.461187,1
109858,46222,0,0.274991,0
139770,23165,0,0.317535,0
178765,19261,0,0.31077,0
140079,42625,0,0.384758,0
102655,35939,0,0.435677,0
116314,35042,0,0.201144,0
203318,15455,0,0.205269,0
179581,49355,0,0.410896,0
63038,16518,0,0.41844,0
153721,46514,1,0.406228,0
49348,41072,0,0.26927,0
6427,37385,0,0.278595,0
190713,37358,0,0.339188,0
9699,44969,0,0.272004,0
197007,35147,0,0.320841,0
72814,21900,0,0.201671,0
8954,19691,0,0.280907,0
53259,4421,0,0.393577,0
38057,17461,0,0.352637,0
89152,19167,0,0.319293,0
108702,21137,0,0.424302,0
571,42342,0,0.479013,1
53925,40396,0,0.335827,0
151994,10193,0,0.218451,0
182406,30788,0,0.423332,0
58410,35894,0,0.278795,0
148213,35247,0,0.258569,0
35385,19389,0,0.253505,0
29261,9076,0,0.288589,0
61772,43014,0,0.407849,0
125039,44142,0,0.304332,0
176769,19051,0,0.343421,0
109979,24933,0,0.268799,0
33741,35973,0,0.237795,0
95986,7606,0,0.258692,0
8596,34197,0,0.354109,0
18838,4853,0,0.455583,1
153973,1559,0,0.396892,0
117945,45356,0,0.388736,0
99400,14852,0,0.202465,0
76678,2314,0,0.301621,0
112176,5876,0,0.247199,0
24465,22627,0,0.351715,0
188575,22332,0,0.365905,0
67632,41118,0,0.450951,1
162937,40880,0,0.373287,0
167653,28420,0,0.439928,0
202217,8193,0,0.440037,0
188510,16752,0,0.337551,0
74157,32691,0,0.218734,0
147575,34448,0,0.282169,0
156145,27355,0,0.229622,0
176791,3072,0,0.266433,0
158072,10235,0,0.390269,0
135188,397,0,0.30489,0
26727,26638,0,0.336881,0
164491,41276,0,0.445711,0
71677,27966,0,0.3769,0
79995,40706,0,0.293131,0
1982,4605,1,0.436151,0
103748,20827,0,0.353991,0
10863,32566,0,0.280949,0
134421,9076,0,0.221325,0
79555,45646,0,0.372633,0
71028,16561,0,0.407605,0
40781,36315,0,0.259497,0
164186,35530,0,0.389741,0
122059,4086,0,0.290141,0
161488,1540,0,0.226453,0
162657,2452,0,0.262513,0
95387,21724,0,0.378766,0
195416,49110,0,0.209485,0
30804,46516,0,0.417383,0
112281,42585,0,0.327183,0
138584,19424,0,0.316767,0
151986,38456,0,0.347638,0
127111,42735,0,0.345043,0
162039,44219,0,0.360613,0
146904,28842,0,0.459721,1
77968,23165,0,0.204736,0
75202,4957,0,0.291775,0
91905,27344,0,0.348263,0
18307,17791,0,0.248134,0
151925,39877,0,0.292894,0
47733,38293,0,0.395097,0
197924,37449,1,0.476681,1
52498,17122,1,0.465503,1
34087,26104,0,0.437587,0
115020,21174,0,0.430444,0
77503,9409,0,0.318672,0
26250,26384,0,0.407134,0
95982,42585,0,0.436928,0
9469,18531,0,0.531913,1
36422,7559,0,0.399497,0
196157,38777,0,0.250748,0
21705,29346,0,0.335596,0
181210,23165,0,0.416449,0
75578,22312,0,0.233504,0
201545,46260,0,0.271913,0
59471,5322,0,0.425667,0
97973,24964,0,0.409178,0
49574,19057,0,0.317374,0
168843,36793,0,0.280788,0
102015,26859,0,0.311537,0
112402,46022,0,0.246588,0
62523,3798,1,0.460791,1
64131,42265,0,0.362209,0
174256,25157,0,0.32255,0
7398,48246,0,0.315518,0
85038,43662,0,0.446132,0
124400,36437,0,0.327147,0
53694,21150,0,0.456613,1
149008,47766,0,0.423784,0
82573,4920,0,0.465753,1
99346,18309,0,0.245875,0
132294,39581,0,0.43612,0
171002,32251,0,0.408831,0
84146,21405,0,0.317042,0
146654,8153,0,0.421636,0
94437,4546,0,0.277759,0
178284,34635,0,0.359085,0
8367,20495,0,0.255986,0
62074,1398,0,0.282158,0
129470,43607,0,0.198886,0
143768,1025,0,0.306783,0
83568,24964,0,0.329963,0
80468,2228,0,0.224834,0
183842,1747,0,0.336293,0
77943,2002,1,0.429658,0
37266,5086,0,0.340157,0
89541,12554,0,0.263067,0
36374,17584,0,0.236435,0
69173,49383,0,0.26479,0
76179,25005,0,0.379754,0
123256,17579,1,0.526684,1
145503,14036,0,0.46349,1
83284,33000,0,0.425834,0
148671,47209,1,0.491652,1
31970,38275,0,0.405016,0
4129,581,1,0.49491,1
74682,49565,0,0.255879,0
141321,21019,0,0.330035,0
168108,40229,0,0.443919,0
175982,45007,0,0.279888,0
203392,14144,0,0.364428,0
141952,11265,0,0.385399,0
2734,48706,0,0.231667,0
134177,44359,0,0.273315,0
99845,5120,0,0.257242,0
185475,30135,0,0.266363,0
23023,27966,0,0.212321,0
34757,2855,1,0.44694,0
77403,46229,0,0.229744,0
145618,27985,0,0.455795,1
35228,22142,0,0.326541,0
193987,26606,0,0.225495,0
63912,27959,0,0.431841,0
118177,34446,0,0.371567,0
41900,41751,0,0.224725,0
170034,38135,0,0.325503,0
156257,33352,0,0.405352,0
101032,44683,0,0.429139,0
153702,33028,0,0.236177,0
12230,21903,0,0.477798,1
173512,40723,0,0.278134,0
61499,33722,0,0.348471,0
136473,8424,0,0.442147,0
161563,47209,0,0.358179,0
127255,40063,0,0.2725,0
56659,32139,0,0.291426,0
28767,39430,0,0.46808,1
6668,43086,0,0.366689,0
93293,6948,0,0.271328,0
90652,26128,0,0.34336,0
125319,16521,0,0.266649,0
106016,8079,0,0.449461,0
50264,20468,0,0.321169,0
33345,812,0,0.375825,0
24179,46906,0,0.3214,0
143962,30901,0,0.226453,0
146218,43713,0,0.38142,0
163745,20255,0,0.217492,0
827,4792,0,0.271942,0
22386,23029,0,0.269386,0
171175,15965,0,0.356929,0
164408,23405,0,0.249247,0
127746,16616,0,0.280827,0
194326,21775,0,0.213194,0
97852,3899,0,0.275989,0
188930,5258,0,0.350289,0
188810,10246,0,0.296251,0
64342,48492,0,0.46029,1
177305,8736,1,0.448534,0
185896,45066,0,0.410168,0
7474,23375,0,0.292844,0
68651,44683,0,0.299794,0
150293,29265,0,0.400681,0
13314,10308,0,0.3497,0
54599,2966,1,0.435051,0
91924,37576,0,0.260717,0
85125,13166,0,0.358009,0
59031,11456,0,0.378392,0
167994,10819,0,0.405127,0
90414,30406,0,0.377977,0
71056,37825,0,0.277724,0
154973,9065,0,0.288046,0
182333,16797,0,0.483678,1
68339,32163,0,0.482677,1
128777,39041,1,0.380541,0
193616,14867,0,0.388525,0
80995,41534,0,0.404022,0
163624,7173,0,0.362398,0
118134,26790,0,0.298191,0
59447,31506,0,0.344497,0
102366,38693,0,0.416149,0
175535,25670,0,0.325325,0
174422,35973,0,0.213669,0
174063,25659,0,0.409962,0
35269,24497,0,0.38975,0
175168,44987,0,0.229922,0
155827,46166,0,0.327336,0
79438,30064,0,0.244753,0
46372,34448,0,0.277831,0
60824,40268,0,0.381489,0
68293,16987,0,0.358896,0
152177,37453,0,0.280242,0
137930,6519,0,0.199015,0
38482,12686,0,0.412226,0
177706,5275,0,0.387409,0
119638,27801,0,0.409779,0
120713,8409,0,0.218292,0
50867,5077,0,0.294903,0
156718,33796,0,0.374301,0
75897,41055,0,0.197906,0
200463,46479,0,0.293772,0
62108,49120,0,0.262505,0
50183,42565,0,0.312381,0
105789,14148,0,0.33523,0
181528,15392,0,0.377327,0
171043,33682,0,0.324175,0
133021,44371,0,0.422035,0
55139,27715,0,0.37082,0
95991,5621,0,0.317116,0
28603,38490,0,0.242385,0
3473,17207,0,0.482103,1
26218,41665,0,0.426777,0
97074,19863,0,0.437131,0
174459,48812,1,0.381507,0
96267,5818,0,0.371557,0
149383,14553,0,0.358044,0
100330,7179,0,0.319172,0
86481,41400,0,0.237463,0
200281,32475,0,0.429913,0
116558,46842,0,0.384567,0
178607,13249,0,0.432672,0
22983,27451,0,0.28703,0
79002,9203,0,0.413648,0
42971,35286,0,0.198863,0
2934,12916,0,0.297518,0
21311,46359,0,0.353191,0
151334,1969,0,0.200684,0
68450,48204,0,0.468905,1
205877,38444,0,0.231918,0
187771,40723,0,0.355362,0
104433,18747,0,0.298245,0
30722,46049,0,0.297647,0
50604,38871,0,0.213492,0
90166,43352,0,0.520792,1
64246,28985,0,0.272835,0
124802,27429,1,0.493211,1
8717,19766,0,0.405016,0
4776,27960,0,0.362841,0
133426,46782,0,0.193682,0
143122,14129,0,0.352574,0
87419,31717,0,0.297543,0
43742,24852,0,0.289916,0
189528,30220,0,0.467277,1
111405,8091,0,0.233581,0
148237,44987,0,0.229355,0
91957,4605,1,0.331966,0
80364,9687,0,0.398247,0
186727,26283,0,0.28241,0
29908,46666,0,0.307405,0
65460,38996,0,0.340501,0
118942,38248,0,0.272556,0
202252,19048,0,0.355015,0
128529,24964,0,0.351207,0
193700,48364,1,0.299115,0
28307,48808,0,0.240911,0
75175,22935,0,0.413823,0
63208,25513,0,0.227738,0
132803,11757,0,0.282204,0
77587,11865,0,0.382696,0
167060,23569,0,0.317702,0
87178,13610,0,0.339268,0
136158,36070,0,0.408208,0
22662,11182,0,0.372218,0
47436,27104,0,0.426395,0
162734,28993,0,0.308448,0
38820,24838,0,0.358889,0
117009,16589,0,0.231238,0
164262,30252,0,0.213558,0
127124,23180,0,0.331887,0
134074,46522,0,0.416754,0
156650,47940,0,0.466269,1
171557,44739,0,0.181363,0
737,18855,0,0.3662,0
136192,11494,0,0.33273,0
126993,29898,0,0.293605,0
55902,4853,0,0.436246,0
148632,11511,0,0.40964,0
34873,22227,0,0.310507,0
53057,26124,0,0.203052,0
85773,25802,0,0.314504,0
112,6656,0,0.352845,0
126337,19678,0,0.400372,0
191210,40199,0,0.234416,0
55445,45161,0,0.198015,0
166738,36550,0,0.489293,1
127487,10305,0,0.215825,0
138721,16759,0,0.435298,0
89954,37460,0,0.283606,0
95437,4162,0,0.418647,0
61738,43210,0,0.290965,0
162657,38293,0,0.237836,0
171600,21903,0,0.351639,0
171699,7388,0,0.397566,0
111064,35629,0,0.311436,0
134597,27845,0,0.336607,0
50276,39578,0,0.208677,0
163031,15498,0,0.352742,0
94596,27544,0,0.371253,0
23054,43014,0,0.389044,0
191148,25588,0,0.430399,0
93229,9178,0,0.249933,0
100619,5068,0,0.291151,0
143457,46175,0,0.361424,0
73584,48023,0,0.439944,0
120273,30620,0,0.255133,0
70703,42768,1,0.47742,1
201314,48004,0,0.294822,0
168436,2846,0,0.290511,0
80259,7008,0,0.370423,0
23701,26620,0,0.391508,0
135724,44359,0,0.277692,0
60649,33731,0,0.333524,0
100149,31717,0,0.480544,1
118629,41220,1,0.425885,0
15662,39877,1,0.454119,1
193424,16290,0,0.319455,0
67661,47766,0,0.520655,1
182574,2966,0,0.283639,0
91331,7485,0,0.386397,0
99191,12916,0,0.318724,0
181827,26250,0,0.305624,0
160342,21829,0,0.374309,0
1090,21195,0,0.419113,0
135836,4269,0,0.431588,0
62824,13548,0,0.30532,0
155289,14159,0,0.317587,0
182761,37029,0,0.335799,0
119544,27156,0,0.3937,0
127584,48205,0,0.245828,0
159573,25890,1,0.416379,0
46131,49605,0,0.266847,0
59348,48015,0,0.279909,0
126541,4137,0,0.421293,0
24655,27104,0,0.241442,0
153965,35939,0,0.377103,0
109017,37825,0,0.341512,0
159214,44413,0,0.352065,0
3230,2164,0,0.282431,0
27592,34881,0,0.311191,0
64134,23054,0,0.33858,0
39693,20842,0,0.276807,0
190449,17616,0,0.23811,0
28168,20904,0,0.315972,0
202044,33086,0,0.215707,0
25116,13851,0,0.21979,0
34995,47865,0,0.367193,0
48466,39275,0,0.324887,0
113931,37803,0,0.390358,0
205451,5398,0,0.363739,0
111377,39113,0,0.260306,0
1992,14161,0,0.217147,0
26934,22281,0,0.344961,0
125081,43122,0,0.464775,1
147291,41540,0,0.201532,0
23053,21137,0,0.335092,0
79092,29616,0,0.483984,1
138214,7936,0,0.39055,0
186509,29898,0,0.220571,0
171405,27845,1,0.463924,1
36190,35072,0,0.263115,0
139408,44039,0,0.2097,0
73208,4037,0,0.252758,0
34225,1377,0,0.314215,0
191531,17794,0,0.24044,0
58015,22825,0,0.366231,0
91904,8539,0,0.341048,0
2186,8104,0,0.375626,0
152403,33007,0,0.335996,0
87656,26604,0,0.407375,0
120633,13852,0,0.207587,0
84189,3529,1,0.458154,1
72571,13536,0,0.226453,0
99346,45066,0,0.278343,0
47894,46900,0,0.375071,0
38635,21938,0,0.37648,0
3580,9825,0,0.302678,0
190267,2078,0,0.211263,0
22599,24838,0,0.334008,0
2066,26604,0,0.290018,0
23283,2519,0,0.260164,0
59225,25765,0,0.353058,0
157608,2063,0,0.308719,0
19220,13976,0,0.354358,0
189895,47912,1,0.504436,1
159932,5819,0,0.397396,0
7074,2047,0,0.2093,0
144161,40332,0,0.435619,0
46150,10768,0,0.373541,0
74975,35336,1,0.446274,0
194938,46593,0,0.347824,0
101246,17044,0,0.365994,0
144015,20607,0,0.387852,0
76360,27690,0,0.246588,0
181492,24852,1,0.530202,1
68293,38777,0,0.374962,0
111731,17079,0,0.403288,0
69803,26348,0,0.337788,0
81066,19005,0,0.229907,0
142866,41844,0,0.246847,0
99154,44628,0,0.2711,0
105914,13709,0,0.217492,0
47931,25152,0,0.220378,0
180122,45343,0,0.236435,0
107232,39108,0,0.257242,0
13783,26648,0,0.44593,0
72619,2716,0,0.433079,0
46621,37645,0,0.330834,0
126965,37849,0,0.373803,0
21171,25072,0,0.438069,0
183948,34953,0,0.331437,0
193406,34497,0,0.44861,0
202529,14992,0,0.413653,0
2490,38739,0,0.438588,0
137022,8518,0,0.411306,0
159015,5491,0,0.271598,0
115396,8104,0,0.366622,0
75376,20791,0,0.260717,0
85038,25965,0,0.337154,0
94460,33120,0,0.356148,0
206113,42659,0,0.421633,0
6334,4487,0,0.282568,0
149022,40198,0,0.316676,0
112511,9387,0,0.246378,0
190521,31231,0,0.48346,1
195169,41117,0,0.329804,0
91678,7503,0,0.392327,0
103714,28204,0,0.409676,0
142427,39877,0,0.212916,0
136379,4293,0,0.299557,0
166056,23959,0,0.437594,0
127247,32700,0,0.449783,0
53548,22825,0,0.287782,0
196222,7500,0,0.333895,0
152958,8204,0,0.25767,0
107459,26586,0,0.244513,0
51213,47438,0,0.227985,0
64353,5077,0,0.379614,0
206178,26283,0,0.2777,0
140395,6182,0,0.313548,0
167517,28175,0,0.400358,0
183229,14429,0,0.253298,0
153097,29398,0,0.292339,0
164404,34126,0,0.267363,0
151081,31288,0,0.419038,0
170533,40706,0,0.373479,0
90334,32734,0,0.382173,0
44623,38124,0,0.379629,0
145067,19519,0,0.288234,0
172993,26940,0,0.237012,0
147280,34214,0,0.397655,0
111864,32369,0,0.261819,0
12580,30850,0,0.404829,0
167039,37642,0,0.244513,0
153727,39837,0,0.369355,0
173011,47626,0,0.451866,1
146624,16953,0,0.448415,0
132976,34590,0,0.32706,0
82810,31372,0,0.335222,0
110263,4175,0,0.430727,0
99227,48104,0,0.325939,0
160200,28547,0,0.396462,0
179437,47042,0,0.318497,0
10344,36746,0,0.263424,0
136646,45007,0,0.417378,0
7341,42190,0,0.429823,0
110737,46697,0,0.277625,0
23735,33731,0,0.237012,0
88441,3382,0,0.398005,0
136978,3957,0,0.393838,0
114664,1025,0,0.223985,0
168938,49621,0,0.229586,0
42712,30795,1,0.365999,0
147575,45646,0,0.300443,0
173525,39180,0,0.296991,0
33108,48523,0,0.388931,0
180868,27104,0,0.415629,0
168535,49027,0,0.300711,0
115415,33756,0,0.38751,0
35490,8479,0,0.329382,0
143586,45368,0,0.427535,0
3810,25877,0,0.362446,0
110141,2091,0,0.297455,0
68883,11755,0,0.359204,0
97855,39739,0,0.394582,0
36189,35042,0,0.310922,0
40658,10246,0,0.444787,0
158762,40001,1,0.347001,0
82223,47766,0,0.247923,0
108202,41950,0,0.362767,0
14321,30928,0,0.291934,0
93608,27196,1,0.273018,0
3549,8021,1,0.440377,0
15521,42869,0,0.260184,0
205007,12409,0,0.316706,0
142661,19048,0,0.380241,0
29630,34557,0,0.403443,0
71482,45064,1,0.473232,1
138875,24964,0,0.393683,0
102539,12341,0,0.32024,0
150919,2240,0,0.343283,0
41185,49683,0,0.405553,0
122426,28682,0,0.422885,0
73206,48925,0,0.277164,0
155291,11136,1,0.406217,0
158372,23579,0,0.417121,0
121968,14161,0,0.432459,0
49508,29623,0,0.320386,0
200214,38689,0,0.383988,0
181305,6184,1,0.46466,1
140292,20964,0,0.26657,0
105002,21508,0,0.250481,0
83752,46842,0,0.282475,0
84340,34126,0,0.3719,0
20887,43488,0,0.250847,0
85351,39182,0,0.389155,0
144865,11968,0,0.374712,0
8925,44910,0,0.36018,0
14208,3020,0,0.439285,0
137946,32446,0,0.40174,0
23219,36777,0,0.250636,0
78223,17872,0,0.241761,0
30137,18027,1,0.48409,1
161649,5646,1,0.420586,0
154235,10749,0,0.303052,0
186363,43654,0,0.355213,0
61067,41540,0,0.333385,0
40235,22678,0,0.245098,0
88441,18362,1,0.425063,0
130326,22802,1,0.526133,1
185815,41621,0,0.337656,0
199884,6187,0,0.490975,1
15242,2295,0,0.418687,0
49917,1447,0,0.322948,0
83780,16859,0,0.373267,0
164723,18587,0,0.332533,0
140183,39040,0,0.281742,0
112036,37646,0,0.282218,0
140375,28628,0,0.233149,0
36781,43647,0,0.284327,0
4262,34969,0,0.391445,0
50,40709,0,0.316478,0
52478,6615,0,0.384894,0
891,40310,0,0.372861,0
14201,13629,1,0.488684,1
141305,26384,0,0.424978,0
34356,45063,0,0.406824,0
11904,26115,0,0.354146,0
57119,47877,1,0.476234,1
5016,4920,0,0.413687,0
115325,1214,0,0.350384,0
153640,29447,0,0.304593,0
41703,8169,0,0.373572,0
84411,2053,0,0.182284,0
11330,32964,0,0.390781,0
67086,13198,0,0.31413,0
128606,36923,0,0.268542,0
41485,4920,0,0.445093,0
188507,49247,0,0.276332,0
137274,35561,0,0.39963,0
175841,36872,0,0.222664,0
29543,47601,0,0.197089,0
183129,11452,0,0.197643,0
153097,5002,0,0.340876,0
91610,24867,0,0.215102,0
78110,45613,0,0.385747,0
123000,31663,0,0.274367,0
78724,44632,0,0.326621,0
145272,41352,0,0.375763,0
9451,19240,0,0.357105,0
32998,43829,0,0.374526,0
129191,6104,0,0.287435,0
127161,27356,0,0.28243,0
28481,4495,0,0.271729,0
101279,33462,0,0.304689,0
136097,37141,0,0.219513,0
74840,48179,0,0.203587,0
38377,46676,0,0.440427,0
102576,27454,0,0.390955,0
102052,15887,0,0.368795,0
185689,18339,0,0.226453,0
202853,28020,0,0.380291,0
27210,41316,0,0.412863,0
118869,12341,0,0.249634,0
161094,39922,0,0.334776,0
29688,42342,0,0.417469,0
39394,3466,0,0.34585,0
195946,24852,0,0.375031,0
36740,13874,0,0.300734,0
189432,14032,0,0.397304,0
157688,18625,0,0.278411,0
168226,13732,0,0.25443,0
58647,44422,0,0.387433,0
200372,16185,0,0.41997,0
198262,6719,0,0.374799,0
35061,43519,0,0.296962,0
47044,36736,0,0.357354,0
174134,1999,0,0.406586,0
28345,42194,0,0.36809,0
67890,12395,0,0.27202,0
33957,24214,0,0.371163,0
80163,38827,0,0.368845,0
199195,26709,0,0.314017,0
47869,14028,0,0.208585,0
3465,14161,0,0.263026,0
159903,16254,0,0.350541,0
25611,41844,0,0.3028,0
138074,29993,0,0.33296,0
61603,5077,0,0.471101,1
58245,24964,0,0.303486,0
21509,43014,0,0.332151,0
73662,31915,0,0.253023,0
132052,36443,0,0.29181,0
20028,39108,0,0.23702,0
21891,8416,0,0.228157,0
59237,8736,0,0.345292,0
153025,17283,0,0.259192,0
39919,28571,0,0.280827,0
2475,12276,0,0.357248,0
41054,29088,0,0.233828,0
94406,6473,0,0.334045,0
203752,22204,0,0.353179,0
190542,44282,0,0.182646,0
184047,31964,0,0.424623,0
25900,9510,0,0.411396,0
281,29650,0,0.214744,0
203523,6111,0,0.394867,0
116487,46049,0,0.29071,0
11588,781,0,0.309607,0
13781,6828,0,0.369967,0
199780,21527,0,0.352178,0
154513,25569,0,0.50951,1
90763,1217,0,0.405933,0
30559,35242,0,0.340323,0
96192,4210,0,0.46497,1
126217,44566,0,0.326536,0
142150,11323,0,0.32667,0
81603,48356,0,0.402976,0
19063,16127,0,0.212491,0
201831,47526,0,0.353979,0
124110,9128,0,0.256059,0
183158,49448,0,0.243135,0
110141,5161,0,0.293507,0
124178,3682,0,0.350089,0
102018,34050,0,0.277877,0
127837,38684,0,0.310129,0
139820,14922,0,0.211327,0
114111,13646,0,0.450561,1
92604,33871,0,0.375484,0
37995,25753,0,0.356649,0
85072,1919,0,0.335168,0
100737,1347,1,0.411498,0
51480,45200,0,0.278971,0
131526,9741,0,0.260164,0
91377,47042,0,0.359398,0
184847,33731,0,0.365748,0
190887,37646,0,0.465866,1
176870,28199,0,0.402572,0
41906,45544,0,0.430832,0
3580,37766,0,0.28391,0
25871,7346,0,0.301614,0
77410,1819,0,0.338642,0
12764,44632,1,0.454818,1
83508,30482,0,0.446913,0
158142,25242,0,0.359238,0
38400,18918,0,0.262795,0
58102,9327,0,0.223827,0
14800,27801,0,0.443685,0
20906,22144,0,0.250935,0
97821,11865,0,0.229744,0
181317,32237,0,0.324853,0
52449,44878,0,0.339246,0
166282,10749,0,0.387184,0
112343,21903,1,0.516039,1
125364,24810,0,0.420963,0
187748,27663,0,0.304013,0
189338,4269,0,0.387326,0
108162,39465,0,0.396553,0
143175,46434,0,0.352794,0
205219,49113,0,0.248474,0
29387,13176,0,0.358604,0
7314,16147,0,0.317241,0
145001,25659,0,0.439052,0
61597,2966,0,0.274541,0
184942,26369,0,0.294844,0
66522,20955,0,0.401581,0
34552,30450,0,0.404086,0
8162,47630,0,0.39622,0
180275,16695,0,0.300126,0
113138,9849,0,0.326785,0
72571,11614,0,0.23681,0
2311,30482,0,0.418124,0
158554,7999,0,0.425613,0
97699,39794,0,0.302246,0
95069,27344,0,0.454973,1
16579,44375,0,0.282568,0
9694,13139,0,0.324146,0
132115,21914,0,0.355431,0
13216,34214,0,0.402155,0
1264,38777,0,0.226709,0
138212,27966,0,0.341363,0
146203,21131,0,0.467584,1
15012,32700,1,0.395868,0
146819,14852,0,0.442462,0
41205,47626,0,0.237907,0
20962,30391,0,0.338296,0
164123,28842,0,0.278416,0
190354,16664,0,0.397026,0
148184,19660,0,0.375652,0
14564,5068,0,0.278396,0
101394,29079,0,0.200844,0
104400,18411,0,0.37274,0
9628,12260,0,0.197906,0
19794,14811,0,0.256921,0
128808,6740,0,0.358826,0
160961,8518,0,0.408692,0
49778,31338,0,0.350905,0
7006,25466,1,0.529162,1
205357,47672,0,0.43213,0
64246,38751,0,0.217492,0
117410,23764,0,0.365656,0
111864,4562,0,0.272256,0
203523,19938,0,0.283541,0
70648,42318,0,0.419638,0
49201,9337,0,0.210246,0
58745,3397,0,0.309604,0
78866,9755,0,0.338471,0
194234,34243,0,0.438314,0
78785,36900,0,0.31514,0
37933,190,0,0.327524,0
199619,23782,0,0.341352,0
89577,45104,0,0.365615,0
28029,45771,0,0.364317,0
62824,40660,0,0.353263,0
67689,4357,0,0.246659,0
167997,18918,0,0.378101,0
37665,45671,0,0.268151,0
188013,44142,0,0.383198,0
102632,29007,0,0.274934,0
110358,26384,0,0.314518,0
56198,5134,0,0.429324,0
53096,5746,0,0.339089,0
183470,26209,0,0.241886,0
107972,21810,0,0.294461,0
151778,44359,0,0.486062,1
95780,28842,1,0.471199,1
188514,19611,0,0.405884,0
127622,43154,0,0.379612,0
14470,8021,0,0.411263,0
1246,22210,0,0.369817,0
130082,46720,0,0.219388,0
2886,17981,0,0.423989,0
170318,13176,0,0.488168,1
70409,44688,0,0.406128,0
168164,17264,0,0.338851,0
48897,15261,0,0.293633,0
132559,33129,0,0.371338,0
147047,36865,0,0.340062,0
7069,3550,0,0.216816,0
132958,16696,0,0.313328,0
163914,31717,0,0.402375,0
162921,13870,0,0.297551,0
186653,38849,0,0.390129,0
197897,27966,0,0.39347,0
5296,48204,0,0.191964,0
25253,47626,0,0.323576,0
36781,16154,0,0.311947,0
12435,12169,0,0.337726,0
61807,5467,0,0.269666,0
135843,9092,0,0.364081,0
121990,14429,0,0.39164,0
14293,37029,1,0.47325,1
185909,20280,0,0.396606,0
41603,16748,1,0.411401,0
135386,47766,0,0.485649,1
66304,25146,0,0.432939,0
71762,43758,0,0.230025,0
183303,24759,0,0.40265,0
152146,1940,0,0.479083,1
131203,3762,0,0.285288,0
126551,31506,0,0.425388,0
131690,36591,0,0.279383,0
86962,39812,0,0.269413,0
136649,44142,0,0.434234,0
100205,27959,0,0.297802,0
151986,4605,0,0.4297,0
125780,39097,0,0.327713,0
39583,22825,0,0.434522,0
131093,31790,0,0.225565,0
180273,34295,0,0.386538,0
8683,7632,0,0.262607,0
10425,12232,0,0.379825,0
169640,16174,0,0.349305,0
151158,13032,0,0.402563,0
185537,9284,0,0.360479,0
183101,18751,0,0.259184,0
196138,24184,0,0.322337,0
26447,18286,0,0.407283,0
71198,21137,0,0.473555,1
4405,19218,0,0.396554,0
24081,23322,0,0.369315,0
188221,40758,0,0.358516,0
160961,4062,0,0.343527,0
175365,23622,0,0.215896,0
20779,21137,1,0.474312,1
65149,46785,0,0.317809,0
65294,9018,0,0.297859,0
108003,47875,0,0.212175,0
203404,38248,0,0.401446,0
63144,12395,0,0.272556,0
94059,43154,0,0.312199,0
80603,34594,0,0.350186,0
46753,26800,0,0.363796,0
67941,14881,0,0.219875,0
150050,21953,0,0.434357,0
10538,14837,0,0.376295,0
195032,1380,1,0.465884,1
192085,30975,0,0.367078,0
201456,31506,0,0.405214,0
88017,22935,0,0.437679,0
78110,744,0,0.385747,0
61169,49621,0,0.419565,0
135247,39475,0,0.358504,0
185360,24852,0,0.387773,0
191563,9142,0,0.340344,0
143769,9092,0,0.250368,0
39508,21573,1,0.372905,0
51813,17264,0,0.323272,0
91789,17518,0,0.394576,0
61605,13400,0,0.381715,0
193074,38647,0,0.393869,0
175040,35140,0,0.410901,0
139205,29734,0,0.378234,0
181210,46575,0,0.386089,0
101954,26369,0,0.277692,0
160951,19348,0,0.361684,0
118974,47601,0,0.399101,0
59817,46059,0,0.418399,0
28345,28785,1,0.299435,0
167689,397,0,0.320275,0
2396,10909,0,0.312761,0
3298,45007,0,0.357564,0
96824,10807,0,0.393575,0
31119,23181,0,0.229948,0
69252,7515,0,0.22062,0
40440,48071,0,0.399034,0
177650,21347,0,0.368552,0
42124,45007,0,0.469138,1
77937,7911,0,0.394706,0
6417,47990,0,0.316193,0
78733,17224,0,0.480308,1
131979,2512,0,0.212482,0
56262,33276,0,0.33205,0
37973,19678,0,0.465961,1
165281,31888,0,0.263831,0
109743,11507,0,0.274544,0
124806,26209,0,0.301735,0
132472,27683,0,0.484802,1
193858,48736,0,0.318863,0
185638,4086,0,0.337914,0
6672,24830,0,0.238275,0
131108,40944,0,0.34837,0
202408,30604,0,0.28699,0
22133,2947,0,0.370139,0
128372,9290,0,0.373261,0
50583,27845,0,0.312998,0
56343,27328,0,0.334392,0
146349,46740,0,0.383695,0
107012,11495,0,0.341729,0
42345,28993,0,0.389412,0
10246,33548,0,0.411836,0
180122,8518,0,0.235445,0
83326,47209,0,0.329904,0
93064,1463,0,0.349833,0
16152,7413,0,0.354202,0
201449,48079,0,0.376946,0
185441,45767,0,0.232602,0
31396,18234,0,0.32613,0
125881,31506,0,0.232255,0
152985,22646,0,0.407244,0
123608,31717,0,0.351321,0
101557,9839,0,0.489049,1
98491,43471,0,0.336016,0
85026,16348,0,0.399937,0
166425,17704,0,0.404463,0
77987,32935,0,0.418324,0
203825,30756,0,0.386191,0
127946,9913,0,0.325811,0
65770,22888,0,0.267254,0
137671,21902,0,0.440732,0
156869,25146,0,0.476028,1
190978,32689,1,0.48654,1
57800,45633,0,0.297076,0
199213,28301,0,0.370453,0
30042,21616,0,0.301256,0
125741,11361,0,0.472976,1
98953,34556,0,0.256052,0
65994,24239,0,0.406717,0
179545,16797,0,0.35205,0
1912,22719,0,0.220571,0
68809,16283,0,0.395611,0
130018,4957,1,0.519793,1
49791,22935,0,0.418223,0
76631,32655,0,0.412634,0
120645,43744,0,0.292712,0
112445,35132,0,0.382774,0
181452,28842,0,0.40812,0
193391,19051,0,0.424159,0
164237,27177,0,0.368838,0
37283,1398,0,0.403817,0
21305,2965,0,0.342229,0
66286,38382,0,0.367723,0
107159,5233,0,0.288622,0
1545,7461,0,0.342648,0
205905,38944,1,0.367636,0
192834,11658,0,0.357351,0
148179,30406,0,0.257819,0
115052,44632,0,0.310868,0
1424,38159,0,0.22511,0
101409,5415,0,0.381748,0
81603,4037,0,0.325418,0
108979,24231,0,0.30399,0
60467,432,0,0.471714,1
845,421,0,0.390613,0
58571,29223,0,0.422948,0
96770,5716,1,0.39551,0
164558,21616,0,0.523326,1
59405,18987,1,0.428744,0
186681,34126,0,0.303052,0
184028,29698,0,0.353254,0
94068,46979,0,0.277313,0
102608,1463,0,0.438516,0
111513,21543,0,0.416723,0
1629,35200,0,0.357881,0
71767,19519,0,0.32452,0
22377,31076,0,0.406871,0
14523,28745,0,0.291029,0
125968,37982,1,0.446085,0
153599,13176,0,0.26073,0
165041,42265,0,0.397759,0
123322,8518,0,0.361869,0
159840,32839,0,0.364323,0
180250,21137,0,0.44123,0
43836,29989,0,0.378273,0
66285,33198,0,0.362836,0
84905,24964,0,0.283479,0
95768,43662,0,0.442368,0
23386,7751,0,0.381922,0
40305,28238,0,0.389933,0
124341,1940,0,0.487465,1
105204,21553,0,0.381122,0
129262,13733,0,0.441004,0
157113,23594,0,0.428564,0
201692,33819,0,0.359796,0
75226,25659,0,0.281985,0
112968,28380,0,0.340237,0
58274,11782,0,0.410952,0
62355,17794,0,0.353363,0
160245,6933,1,0.489813,1
194802,11837,0,0.318296,0
37225,44091,0,0.339029,0
163102,15673,0,0.2501,0
58936,46979,0,0.455575,1
154631,47439,0,0.367252,0
61197,46802,0,0.378601,0
196156,8570,0,0.387315,0
181652,30340,0,0.229744,0
66231,31717,0,0.284817,0
157739,41355,0,0.336293,0
65188,33709,0,0.37006,0
168985,23067,0,0.323185,0
12132,11182,0,0.375413,0
128004,25023,0,0.329913,0
93893,22035,0,0.336755,0
171236,37464,0,0.300603,0
59685,16797,0,0.282169,0
158052,21903,0,0.46932,1
21762,20127,0,0.263831,0
37122,28204,0,0.317755,0
89513,47345,0,0.306874,0
175833,18418,0,0.400003,0
9982,14508,0,0.382084,0
87680,40581,0,0.363935,0
116823,23106,1,0.468036,1
60078,27610,0,0.322759,0
84467,43269,0,0.404899,0
34414,16518,0,0.199668,0
77468,30720,0,0.25884,0
18573,8563,0,0.254477,0
178547,22935,0,0.436974,0
163828,20889,0,0.351974,0
96710,34949,0,0.24362,0
102971,24852,1,0.48214,1
66379,1581,0,0.275578,0
17684,6740,0,0.36447,0
132952,13176,0,0.42486,0
117788,38763,0,0.252813,0
63373,5876,0,0.405553,0
11808,25659,0,0.317271,0
137921,28842,0,0.494038,1
8150,790,0,0.273063,0
68257,46627,0,0.211733,0
165534,41950,0,0.427489,0
77935,16494,0,0.248511,0
37941,31343,0,0.432245,0
42563,16797,0,0.459342,1
13979,28465,0,0.452428,1
93676,13640,0,0.384819,0
82434,14634,0,0.383409,0
57893,30036,0,0.411815,0
171358,38293,0,0.271482,0
80553,14084,0,0.429391,0
171861,29274,0,0.337143,0
114261,33720,0,0.263965,0
172783,28572,1,0.464388,1
14856,12481,0,0.387113,0
94406,36316,0,0.367693,0
41039,40186,0,0.342494,0
57005,42733,0,0.372463,0
16804,24535,0,0.277995,0
7264,30406,0,0.257383,0
193896,41055,0,0.208588,0
72827,28842,1,0.509671,1
97074,34892,0,0.43249,0
15048,16759,0,0.277128,0
36647,33647,0,0.336085,0
29473,29176,1,0.413527,0
62158,10749,0,0.213951,0
128585,9871,0,0.323729,0
155617,39275,0,0.402101,0
42087,1321,0,0.394605,0
179353,39216,0,0.428908,0
87473,45200,0,0.186516,0
74948,36695,0,0.352948,0
113322,36107,0,0.377402,0
136782,17334,0,0.432659,0
183141,11925,0,0.370286,0
42652,878,0,0.249627,0
193721,42193,0,0.417738,0
170924,6184,0,0.277692,0
120240,15950,0,0.385165,0
82909,47766,1,0.502806,1
191012,1804,0,0.29908,0
82227,31477,0,0.420232,0
147546,397,0,0.226453,0
49881,3235,0,0.402671,0
125609,18159,0,0.395928,0
48306,44008,0,0.418217,0
23174,21777,0,0.362631,0
177274,9092,0,0.380525,0
101691,12427,0,0.400117,0
130948,44479,0,0.41905,0
116017,24184,0,0.245129,0
151120,5025,0,0.360315,0
184111,7376,0,0.417426,0
199327,29617,0,0.311507,0
123330,7103,0,0.267254,0
151157,45037,1,0.387375,0
15626,44142,0,0.424485,0
17162,1556,0,0.28523,0
131505,47672,0,0.242277,0
7718,24852,0,0.479251,1
178046,44142,0,0.404233,0
19449,47626,0,0.380825,0
202304,46108,0,0.335851,0
140548,1057,0,0.35651,0
159927,34565,0,0.337462,0
50352,22935,0,0.434397,0
100519,34134,0,0.473472,1
10501,21757,0,0.242555,0
120768,22922,0,0.39051,0
24539,40008,0,0.25472,0
444,21938,1,0.51861,1
164089,17858,0,0.363693,0
132846,49505,0,0.397303,0
169468,46294,0,0.312492,0
105566,47042,0,0.314022,0
202280,42724,0,0.258515,0
28328,48179,0,0.345935,0
105019,45840,0,0.270402,0
182898,47626,0,0.298779,0
43734,3318,1,0.368717,0
19882,46656,0,0.251879,0
6248,47698,0,0.209996,0
33711,15923,0,0.264202,0
157267,9337,0,0.366351,0
193650,16696,0,0.242299,0
89679,43961,0,0.290164,0
12325,39242,0,0.208516,0
98456,30406,0,0.411688,0
76155,19173,0,0.294616,0
205406,40568,0,0.334407,0
98868,21506,0,0.258958,0
16840,40278,0,0.423338,0
93703,21709,0,0.288174,0
138150,28431,0,0.444479,0
100330,47866,0,0.363749,0
36694,24214,0,0.223985,0
151924,34448,0,0.324099,0
32837,8382,0,0.326402,0
15295,45161,0,0.254545,0
133546,17468,0,0.357219,0
94838,11068,0,0.364425,0
127482,16866,1,0.419547,0
142113,37409,0,0.212976,0
147197,25272,1,0.513776,1
118866,45608,0,0.254225,0
88831,32227,0,0.435556,0
126101,41787,0,0.277128,0
102494,49520,0,0.362054,0
2965,44142,0,0.237012,0
167255,32553,0,0.372028,0
147244,41096,0,0.319039,0
179968,19653,0,0.242564,0
62838,46346,0,0.196143,0
169728,43295,0,0.266379,0
50796,859,0,0.363925,0
34819,43205,0,0.399534,0
131403,48205,0,0.234938,0
108519,37047,0,0.3841,0
52493,30635,0,0.277206,0
106142,40706,1,0.44841,0
300,42737,0,0.302237,0
148352,36075,0,0.332692,0
114480,47766,0,0.353113,0
114818,26278,0,0.291667,0
21936,25086,0,0.227083,0
172210,44560,0,0.476784,1
197103,48317,0,0.292758,0
166508,21709,1,0.370644,0
198929,3944,0,0.242485,0
104292,5449,0,0.261921,0
203114,37825,0,0.390385,0
96180,14867,0,0.223993,0
170086,14204,1,0.411594,0
192384,16797,0,0.42185,0
75853,36326,0,0.376001,0
72302,42828,0,0.421146,0
60421,18498,0,0.203587,0
51069,44449,0,0.225502,0
11857,48697,0,0.273765,0
91406,35939,0,0.423207,0
68050,25087,0,0.38571,0
82633,37557,0,0.305233,0
99229,45642,0,0.384294,0
28992,42265,0,0.4536,1
93252,47156,0,0.382378,0
92149,3616,0,0.245516,0
85952,26911,0,0.339259,0
188561,3464,0,0.287757,0
195058,29311,0,0.342433,0
5328,40516,0,0.290379,0
28906,24859,0,0.346213,0
105404,691,0,0.408973,0
32916,9076,0,0.330981,0
195030,15100,0,0.296277,0
104919,36978,0,0.337103,0
53685,41220,0,0.405553,0
5090,34551,0,0.395216,0
160117,25146,0,0.417213,0
31191,39136,0,0.336755,0
178851,44142,0,0.233703,0
44202,41273,0,0.354438,0
121860,3339,0,0.28536,0
143118,204,0,0.418803,0
161094,15162,0,0.312405,0
87106,29553,0,0.344728,0
59209,10054,0,0.381882,0
172469,3865,0,0.264813,0
38763,33076,0,0.276223,0
1890,5450,0,0.498222,1
92521,7500,0,0.286872,0
188224,22922,0,0.357631,0
30982,13176,0,0.359197,0
200092,7715,0,0.41123,0
140767,8955,0,0.217492,0
85060,9431,0,0.393598,0
74419,22129,0,0.431555,0
81872,32734,0,0.262991,0
190891,13176,0,0.29576,0
139877,3376,0,0.31374,0
128102,34688,0,0.360094,0
148258,29487,0,0.303486,0
169036,20920,0,0.376966,0
34990,21810,0,0.324335,0
62690,21288,0,0.316088,0
167118,9913,0,0.330738,0
157730,40723,0,0.384629,0
104417,29849,0,0.332422,0
47834,43129,0,0.370122,0
193606,42625,0,0.26105,0
157038,10752,0,0.363978,0
54668,7099,0,0.220778,0
5471,3376,0,0.360761,0
47076,11599,0,0.184608,0
101279,13765,0,0.254334,0
156171,47626,0,0.395124,0
104369,11688,0,0.343546,0
81872,15527,0,0.252912,0
193353,15271,0,0.370149,0
66000,37358,0,0.240161,0
183512,12456,0,0.391778,0
104746,45094,0,0.359148,0
154003,20217,0,0.38003,0
156304,7054,0,0.468192,1
117806,11087,0,0.373367,0
146565,26471,0,0.340633,0
77807,37634,0,0.384743,0
86224,26631,0,0.256528,0
45689,7308,0,0.420506,0
142687,40604,0,0.404893,0
158741,43908,0,0.313523,0
158768,33522,0,0.354404,0
12661,40758,0,0.368185,0
149063,45123,1,0.457922,1
126533,34449,0,0.41174,0
90652,16131,0,0.437721,0
137705,27344,0,0.237836,0
200214,44961,0,0.229124,0
36404,5451,0,0.409827,0
152296,22070,1,0.491534,1
174717,34530,0,0.229622,0
69,45364,0,0.266572,0
32440,19767,0,0.262798,0
66781,47011,0,0.372867,0
108993,23288,0,0.298365,0
185011,39075,0,0.377201,0
30094,46049,0,0.369645,0
74578,13423,0,0.366136,0
40196,36418,0,0.271358,0
84515,17794,0,0.242848,0
104894,24100,0,0.248732,0
1656,46041,0,0.387355,0
140612,29077,0,0.409154,0
1538,7186,0,0.413174,0
163925,7381,0,0.389212,0
91178,21511,0,0.471468,1
81762,45965,0,0.292291,0
99402,48364,0,0.436714,0
60862,24841,0,0.329457,0
144696,32360,0,0.303523,0
113246,47000,0,0.272556,0
91519,3023,1,0.421442,0
108245,21385,1,0.395785,0
126800,23765,0,0.288622,0
104920,9547,0,0.305317,0
205140,24852,0,0.539434,1
84755,21288,0,0.417827,0
124885,7019,0,0.334505,0
8418,27683,0,0.394255,0
146047,18986,0,0.304605,0
26785,46729,0,0.411965,0
162612,34993,0,0.33492,0
161240,20658,0,0.299619,0
200960,37646,0,0.324971,0
40128,260,0,0.257244,0
120226,21863,0,0.216727,0
60716,22849,0,0.294305,0
78334,3957,0,0.279104,0
138722,40706,0,0.318314,0
24940,23607,0,0.238252,0
204759,19691,0,0.277628,0
177544,18471,0,0.26273,0
201640,3732,0,0.271598,0
190623,35108,0,0.413569,0
181892,47672,0,0.401076,0
191368,39877,0,0.344282,0
137494,7821,0,0.264319,0
52196,6567,0,0.197196,0
55027,12479,0,0.368109,0
128068,35986,0,0.314371,0
174624,46595,0,0.378839,0
80639,42110,0,0.412229,0
90112,31766,1,0.412982,0
165879,4897,0,0.38434,0
160527,22034,0,0.260736,0
92574,20520,0,0.398327,0
168320,20192,0,0.274204,0
200475,39475,0,0.277128,0
193764,36735,1,0.394565,0
203546,32413,1,0.515979,1
184215,16797,0,0.312966,0
133866,21288,0,0.372048,0
148836,46022,0,0.398813,0
69652,27104,0,0.242742,0
91345,44987,0,0.329991,0
78240,5884,0,0.233118,0
53976,38291,0,0.350678,0
21528,2151,0,0.263831,0
162077,7485,0,0.268827,0
204499,37276,0,0.283048,0
17983,18465,0,0.384984,0
27944,10749,0,0.506307,1
2357,28934,0,0.327831,0
50174,49533,0,0.228415,0
105939,44728,0,0.300104,0
183865,25072,0,0.385048,0
25982,46979,0,0.242797,0
167599,40991,0,0.378491,0
6865,17157,0,0.26308,0
70598,45123,0,0.305997,0
136696,37468,0,0.255533,0
32860,42768,0,0.320862,0
106704,36523,0,0.351317,0
178556,1382,0,0.277522,0
179438,5710,0,0.335778,0
183860,19459,1,0.404427,0
64529,27683,1,0.35617,0
47549,14364,0,0.365029,0
91766,31506,0,0.267871,0
107778,3826,0,0.451488,1
56117,10312,0,0.281204,0
99167,40571,0,0.363914,0
116387,22035,0,0.466646,1
100919,28204,0,0.340646,0
130102,40516,0,0.404225,0
23168,32047,0,0.277034,0
35061,49324,0,0.389564,0
198273,35124,0,0.271069,0
180353,7559,0,0.366231,0
133262,33043,0,0.249873,0
63204,39947,0,0.528341,1
159797,24561,1,0.501194,1
119024,4261,0,0.332999,0
45638,22469,0,0.358461,0
136874,45633,0,0.430617,0
37596,5854,0,0.368971,0
85352,1025,0,0.277627,0
30854,28733,0,0.320767,0
31945,35510,0,0.399202,0
110159,48278,0,0.318252,0
122343,13911,0,0.232438,0
157975,8193,0,0.246847,0
100789,45860,0,0.388102,0
31484,16994,0,0.345881,0
2077,34129,0,0.394423,0
188684,48017,0,0.334443,0
20566,24830,0,0.287642,0
101713,42356,0,0.380819,0
89168,21249,0,0.363762,0
118868,10108,0,0.417525,0
92873,4920,0,0.400151,0
66193,25804,0,0.287345,0
106865,5785,0,0.261779,0
157523,13380,0,0.334419,0
151253,24852,0,0.432684,0
15792,36606,0,0.353976,0
203801,49683,0,0.429924,0
141791,14897,0,0.37069,0
152103,33642,0,0.370275,0
38382,37192,0,0.275582,0
69766,31394,1,0.457818,1
102254,47209,0,0.281942,0
165246,2175,0,0.349249,0
56629,24382,0,0.344049,0
119636,45258,0,0.31396,0
106093,20323,0,0.241033,0
199619,22882,0,0.329053,0
88460,47990,0,0.366307,0
29396,44408,0,0.316531,0
57343,26668,0,0.215911,0
34531,39812,0,0.336722,0
17036,28204,0,0.410377,0
5641,66,0,0.258569,0
44842,47766,0,0.362779,0
42358,24734,0,0.256292,0
82692,27978,0,0.319376,0
98410,19862,0,0.438968,0
124464,46522,0,0.34748,0
111486,40919,0,0.255133,0
78947,19173,0,0.309415,0
172768,594,1,0.427159,0
171386,29397,0,0.267178,0
45565,20119,0,0.455969,1
97101,47993,0,0.410636,0
13774,6343,0,0.395968,0
95572,35650,0,0.383114,0
26475,38228,0,0.372882,0
3894,27325,0,0.26308,0
112988,39984,0,0.282773,0
65061,13629,0,0.282279,0
18449,39561,0,0.351024,0
65157,41351,0,0.335398,0
156304,40174,0,0.364279,0
8090,48310,0,0.256383,0
199619,5456,0,0.314795,0
129674,46903,0,0.454785,1
179424,33754,0,0.357137,0
56736,5782,1,0.41646,0
169636,11007,1,0.480041,1
42430,33812,0,0.34399,0
206037,20734,0,0.382554,0
175465,40706,1,0.468789,1
63477,10305,0,0.244435,0
96418,37053,0,0.268542,0
32922,49139,0,0.221664,0
41764,6184,1,0.456334,1
192130,28785,0,0.304741,0
108465,17741,0,0.378497,0
200536,3384,0,0.333222,0
98755,5373,0,0.344115,0
70048,28842,0,0.232169,0
35880,21019,0,0.265206,0
136940,7948,0,0.242277,0
204524,14742,0,0.255133,0
173551,24518,0,0.276788,0
33189,40706,0,0.428233,0
57026,9358,0,0.538309,1
190012,18880,0,0.381589,0
106708,1891,0,0.206232,0
96770,7419,0,0.310252,0
166291,44855,0,0.267254,0
89795,36064,0,0.301363,0
154762,37738,0,0.365083,0
40422,31066,0,0.334659,0
35404,3896,1,0.495444,1
74156,33493,0,0.339394,0
134984,30233,0,0.495087,1
171557,37490,0,0.174677,0
173850,32691,0,0.316065,0
119424,34497,0,0.212183,0
55284,36351,0,0.199185,0
129843,46676,0,0.361841,0
198183,23484,0,0.329804,0
140381,4920,0,0.371402,0
58982,32563,1,0.376408,0
14641,18828,0,0.372518,0
57343,7948,0,0.241886,0
12146,22935,0,0.306055,0
131791,40877,0,0.344172,0
134754,36956,0,0.388185,0
36226,33462,0,0.405891,0
26613,32538,0,0.366226,0
132579,28829,0,0.232206,0
60119,27865,0,0.424082,0
129390,11136,0,0.24994,0
43156,28579,0,0.372333,0
177403,42944,0,0.296744,0
144160,41290,0,0.355876,0
139231,43961,0,0.418845,0
48136,47626,0,0.275376,0
203013,13176,0,0.449403,0
70671,13629,0,0.42198,0
168282,21903,0,0.332093,0
124110,31683,0,0.214441,0
58308,24852,1,0.534334,1
61311,45246,0,0.215464,0
157028,44422,0,0.433853,0
86099,37067,1,0.484368,1
139086,4329,0,0.367202,0
114558,17122,0,0.390694,0
10427,23594,0,0.383671,0
195061,6549,0,0.249712,0
203924,15485,0,0.355956,0
57695,17734,0,0.360959,0
135571,26679,0,0.374427,0
120157,35430,0,0.339896,0
185883,5477,0,0.245937,0
13922,4787,0,0.361713,0
199669,24184,0,0.246378,0
60430,20995,0,0.26948,0
78073,41238,0,0.365846,0
12612,3836,0,0.415701,0
138246,37524,1,0.513023,1
110809,19348,0,0.428213,0
124737,10193,0,0.250474,0
134691,5913,0,0.346273,0
66256,34,0,0.317571,0
129806,21783,0,0.429656,0
28481,45177,0,0.268181,0
89681,28289,0,0.340646,0
150285,8277,0,0.472161,1
83157,35939,0,0.356303,0
118879,13304,0,0.394074,0
76295,22247,0,0.197145,0
154341,41149,0,0.354952,0
10440,28985,1,0.438255,0
50644,3172,0,0.418893,0
74094,8204,0,0.34317,0
193409,40587,0,0.438437,0
59225,11078,0,0.283006,0
73662,32177,0,0.296029,0
22779,43295,1,0.425402,0
137930,47492,0,0.194923,0
32421,26138,0,0.393901,0
32597,9434,0,0.234687,0
22591,40120,0,0.456543,1
88250,29672,0,0.381043,0
182839,22227,0,0.201729,0
91565,5077,0,0.499405,1
86434,12204,0,0.397241,0
107914,3991,1,0.495129,1
27017,27471,0,0.2558,0
156614,48109,0,0.424436,0
69580,9808,0,0.398353,0
110404,48241,0,0.370219,0
182308,31338,0,0.314393,0
29088,1217,0,0.415689,0
115537,4920,1,0.439235,0
170970,5876,0,0.364838,0
148228,11512,0,0.357414,0
136097,34673,0,0.248327,0
73755,23405,0,0.257493,0
70463,43295,0,0.357581,0
36690,6948,0,0.352636,0
37462,10032,0,0.374534,0
199421,148,0,0.352241,0
169064,274,0,0.318938,0
15235,605,0,0.364441,0
49131,32864,0,0.237116,0
181460,30117,0,0.387326,0
62430,26606,0,0.273927,0
86297,9604,0,0.239618,0
51853,15438,0,0.341024,0
205363,24852,1,0.536607,1
146951,27796,0,0.3673,0
131482,35217,0,0.249818,0
82173,2497,1,0.404478,0
125128,20955,1,0.429004,0
20289,26369,0,0.310265,0
98614,12212,0,0.22205,0
12740,21010,0,0.215682,0
170099,40696,0,0.261634,0
53303,20126,0,0.374716,0
203507,1678,0,0.356391,0
79767,47379,0,0.220621,0
195948,27104,0,0.454182,1
11146,21614,1,0.525456,1
27741,5908,0,0.373062,0
2156,26209,0,0.434979,0
118529,19505,0,0.405129,0
50418,29650,0,0.376965,0
29915,48745,0,0.432603,0
83655,23360,0,0.371154,0
2970,16349,0,0.242277,0
25290,9561,0,0.19416,0
131246,581,0,0.372015,0
145386,28199,0,0.439869,0
59784,38456,0,0.288449,0
18937,39275,0,0.424007,0
50863,38154,0,0.281552,0
197081,47766,0,0.221356,0
59274,13176,1,0.527269,1
40231,45834,0,0.420402,0
103742,43768,0,0.286749,0
73769,24964,0,0.457323,1
81783,21938,0,0.282469,0
196374,44359,0,0.213951,0
184780,4142,0,0.403241,0
65369,42216,0,0.219463,0
1360,24184,0,0.269662,0
25245,26094,0,0.298826,0
25276,9322,0,0.325232,0
197103,48720,0,0.343692,0
131723,21929,0,0.407211,0
132123,27022,0,0.411747,0
117426,33543,0,0.33174,0
7911,21195,0,0.334661,0
16945,18908,0,0.219513,0
99173,39475,0,0.490699,1
62792,22025,0,0.23521,0
168456,12703,0,0.303717,0
98386,24850,0,0.227978,0
181081,46662,0,0.252996,0
146796,11629,0,0.341572,0
169284,1406,0,0.233149,0
191789,12016,0,0.402671,0
141982,26172,0,0.332748,0
2449,6878,0,0.429139,0
205947,890,0,0.272251,0
95399,4966,0,0.380234,0
201371,29848,0,0.33485,0
118626,18625,0,0.309214,0
89607,15200,0,0.402737,0
24989,47766,0,0.349372,0
64131,45747,0,0.350578,0
160171,6046,0,0.409133,0
188235,49683,0,0.273975,0
122352,24946,0,0.224269,0
101496,31102,0,0.359074,0
58040,38456,0,0.292371,0
232,70,0,0.236319,0
121333,27521,1,0.38624,0
170366,35752,0,0.396042,0
76115,260,0,0.365486,0
197865,12545,0,0.268274,0
201572,38456,1,0.452527,1
60476,38928,0,0.261898,0
56162,27796,0,0.434948,0
51116,40663,0,0.383359,0
178236,4421,0,0.338892,0
127247,10241,1,0.399426,0
79844,13984,0,0.216214,0
8258,24622,0,0.371211,0
191004,5460,0,0.313487,0
100133,35584,0,0.39219,0
143627,47766,0,0.360495,0
64698,42183,0,0.235121,0
126986,22890,0,0.373661,0
141564,31196,0,0.432092,0
124014,30558,0,0.408335,0
18482,46041,0,0.314973,0
95377,25659,0,0.272383,0
162798,14197,0,0.40832,0
48245,207,0,0.38991,0
115481,24184,0,0.329357,0
54014,3464,0,0.248016,0
12254,17313,1,0.47591,1
5453,13176,1,0.462433,1
161649,29007,0,0.417089,0
200388,3481,0,0.396892,0
29715,9339,0,0.286979,0
120590,32407,0,0.260164,0
159983,27782,0,0.327034,0
4802,12872,0,0.384052,0
205721,26493,1,0.405805,0
63073,20995,0,0.223531,0
97708,27355,0,0.26779,0
47076,5134,0,0.299955,0
7543,1582,0,0.412346,0
22169,43768,0,0.266379,0
69583,9299,0,0.343513,0
23591,39432,0,0.229005,0
198933,6201,0,0.322064,0
127757,45835,0,0.308114,0
156953,22950,0,0.225344,0
15192,18471,0,0.255255,0
127773,3648,0,0.238748,0
32319,36813,0,0.330456,0
54915,18180,0,0.217389,0
80090,7898,0,0.401078,0
84758,10795,0,0.218017,0
74081,10885,0,0.377177,0
17521,13733,0,0.347604,0
52123,22035,0,0.491837,1
85682,41220,0,0.405072,0
113877,47668,0,0.274517,0
66183,26495,0,0.259807,0
110774,28985,0,0.370159,0
51063,21846,0,0.353674,0
164262,32656,0,0.197832,0
115200,30696,0,0.461342,1
75791,15134,0,0.258515,0
193785,21663,0,0.436474,0
39006,9177,0,0.267989,0
142345,20842,0,0.413269,0
196540,38444,0,0.396877,0
172755,24852,0,0.415713,0
145444,44449,0,0.263592,0
151994,30524,0,0.223419,0
134947,25903,0,0.434554,0
10105,15290,1,0.487775,1
180198,16797,0,0.364634,0
52721,15861,0,0.344047,0
170970,9906,0,0.331316,0
167076,47144,0,0.413818,0
190070,44229,0,0.312582,0
156674,28413,0,0.358879,0
122502,41588,0,0.399832,0
163507,35195,0,0.363648,0
144800,11130,0,0.321331,0
76860,29926,0,0.24748,0
139869,27845,0,0.333524,0
108464,21709,0,0.322776,0
155838,27055,0,0.259322,0
13227,43957,0,0.256052,0
21463,26620,0,0.241325,0
198789,31992,0,0.388347,0
77777,7177,0,0.402722,0
37059,34217,1,0.517185,1
159407,15495,0,0.356299,0
144023,20127,0,0.308757,0
84337,46104,0,0.403011,0
11224,22150,0,0.273649,0
190513,45007,1,0.485987,1
53200,33015,0,0.40201,0
35763,16257,0,0.421359,0
19336,41073,0,0.369086,0
132713,33206,0,0.380979,0
6448,26419,0,0.305853,0
144211,38456,0,0.404368,0
53343,34262,0,0.217855,0
97409,22247,0,0.376069,0
145674,32251,0,0.478262,1
14097,5876,0,0.2384,0
22510,30305,0,0.20001,0
32014,1485,0,0.411508,0
159975,43654,0,0.273196,0
124132,36070,0,0.347077,0
77459,7054,0,0.434145,0
134598,12406,0,0.209961,0
181108,36425,0,0.403026,0
173580,27196,1,0.403793,0
189455,25762,0,0.268827,0
128973,33731,0,0.521325,1
39023,3382,0,0.224725,0
93045,46654,0,0.237116,0
176000,10151,0,0.404317,0
132958,27730,0,0.2725,0
25192,27104,0,0.421036,0
58384,22656,0,0.343658,0
159563,9387,0,0.44593,0
110400,12033,0,0.286651,0
127525,2022,0,0.256059,0
112176,18444,0,0.314822,0
25440,32537,0,0.326672,0
64470,12044,0,0.253505,0
145114,26497,0,0.244264,0
197007,34216,0,0.275574,0
102064,21292,0,0.421046,0
4144,4388,0,0.242184,0
64138,43504,0,0.356536,0
26533,14651,0,0.338246,0
98867,5566,0,0.372015,0
194011,39491,0,0.23753,0
15229,27171,0,0.189195,0
101250,25824,0,0.222653,0
70809,1261,1,0.34799,0
37995,6992,0,0.381589,0
120290,20842,0,0.386736,0
137684,6576,0,0.396698,0
104244,10388,0,0.298518,0
19141,34243,0,0.361818,0
122210,43829,0,0.26334,0
116085,24759,0,0.384371,0
81,11365,0,0.398438,0
60119,17949,0,0.437049,0
34542,6348,0,0.431441,0
100869,46802,0,0.440037,0
102199,48144,0,0.249933,0
161831,39561,0,0.319632,0
142746,45007,0,0.332217,0
165505,12312,0,0.225519,0
152668,44625,0,0.264145,0
7103,31471,0,0.337513,0
121370,43961,0,0.274541,0
5971,15937,0,0.200281,0
159004,48679,0,0.433032,0
99495,5240,0,0.314174,0
113429,23909,0,0.405837,0
71051,44948,0,0.364941,0
182069,30489,0,0.291566,0
154562,16759,0,0.405608,0
2228,9774,0,0.370498,0
105204,22782,0,0.368252,0
139691,7559,0,0.393086,0
63285,43192,0,0.246534,0
44715,47759,0,0.266703,0
31716,37051,0,0.313146,0
110312,15008,0,0.274122,0
187984,32959,0,0.295519,0
138528,17619,0,0.231237,0
177537,44172,0,0.445978,0
106819,30727,0,0.255505,0
198271,27086,0,0.337413,0
120253,20607,0,0.339697,0
203507,39132,0,0.371859,0
91808,19660,0,0.380452,0
191786,7408,0,0.258129,0
205982,45161,0,0.396921,0
97595,43488,0,0.228157,0
97011,23165,0,0.411576,0
150670,14429,1,0.420769,0
10606,18382,0,0.396023,0
17806,42736,0,0.321735,0
193295,34827,0,0.431945,0
53693,43768,1,0.37432,0
104981,19730,0,0.344164,0
43305,29095,0,0.261454,0
203009,7503,0,0.340816,0
184212,24852,0,0.494198,1
178633,9472,0,0.383764,0
46089,34407,0,0.294477,0
119884,36107,0,0.277085,0
149287,24631,0,0.24155,0
17474,2927,0,0.318567,0
117053,28836,0,0.23521,0
198288,12392,0,0.366854,0
129430,22031,0,0.225795,0
19318,21938,0,0.234224,0
143768,2593,0,0.333159,0
18505,19068,1,0.471246,1
154231,17634,0,0.388792,0
105626,21616,0,0.226068,0
95428,5438,0,0.315324,0
50326,42265,0,0.384968,0
166973,29392,0,0.268756,0
203343,38456,0,0.282356,0
29108,990,0,0.269504,0
38582,1176,1,0.409691,0
120029,37317,0,0.403143,0
185278,35206,0,0.249038,0
95558,1313,0,0.252852,0
26145,38567,0,0.343955,0
61581,26346,0,0.312419,0
194709,40354,0,0.379407,0
106231,37940,0,0.41645,0
98830,19895,0,0.274934,0
204200,44786,0,0.379247,0
107608,47766,0,0.267832,0
4512,5353,0,0.409354,0
146047,22414,0,0.329407,0
13190,21213,0,0.366047,0
147841,14332,0,0.363394,0
202516,45593,0,0.251377,0
134216,45125,0,0.225795,0
88996,19559,0,0.34895,0
143687,31528,0,0.292333,0
106450,39180,0,0.384654,0
104373,5251,0,0.387524,0
157488,9839,0,0.285761,0
115665,11945,0,0.454688,1
104904,13733,0,0.382219,0
92196,20973,0,0.425057,0
126425,8277,0,0.252652,0
51322,29926,0,0.407739,0
78879,40604,0,0.357574,0
137356,31343,0,0.426264,0
96422,13838,0,0.261492,0
25978,1883,0,0.366022,0
33101,25498,0,0.230021,0
2984,19678,0,0.409144,0
63375,23375,0,0.422271,0
139495,47547,0,0.192625,0
65369,27548,0,0.240033,0
70278,36766,0,0.293433,0
88281,3464,0,0.335183,0
22069,10246,0,0.414259,0
132916,25533,0,0.409431,0
195765,29565,0,0.264333,0
167730,4562,0,0.279443,0
190457,22236,0,0.261492,0
196413,30391,0,0.31705,0
25208,41540,1,0.516464,1
54245,6047,0,0.206232,0
70048,36695,0,0.234416,0
157847,24279,1,0.419818,0
84403,18963,0,0.333196,0
48125,12118,1,0.450743,1
12249,20583,0,0.452623,1
13595,6691,0,0.417237,0
182757,22827,0,0.302633,0
133617,2657,0,0.288297,0
100123,8174,0,0.385103,0
103003,18362,0,0.366231,0
108939,24099,0,0.346895,0
146886,23775,0,0.335033,0
178214,8571,0,0.497028,1
14051,7559,0,0.394255,0
104570,1446,0,0.264649,0
95374,43960,0,0.398713,0
85970,43789,0,0.259513,0
81300,27548,0,0.292712,0
27648,8424,0,0.374607,0
134756,47144,0,0.418141,0
172153,34049,0,0.38831,0
106502,29926,0,0.279909,0
120865,41665,0,0.360191,0
195338,9430,0,0.408597,0
97473,4071,0,0.352794,0
134045,46979,0,0.437519,0
124347,17794,0,0.370443,0
103553,30561,0,0.280242,0
73579,49416,0,0.400681,0
179375,14862,0,0.266363,0
54158,45104,0,0.408126,0
62242,28560,0,0.364343,0
66823,33198,0,0.365789,0
197668,30776,0,0.335905,0
90924,49026,0,0.357931,0
12663,28613,0,0.465707,1
140340,44570,0,0.41549,0
4722,20463,0,0.283161,0
36486,3798,0,0.407691,0
50294,24964,0,0.410181,0
37773,32020,0,0.408132,0
132872,25352,0,0.185619,0
86130,23645,0,0.387184,0
75961,20842,0,0.373253,0
26107,48481,0,0.263067,0
57573,29311,0,0.311978,0
203523,25623,0,0.287213,0
21184,6047,0,0.458979,1
11799,12741,0,0.395611,0
149542,37825,0,0.249318,0
198103,17224,0,0.413285,0
80428,49235,0,0.306055,0
81703,19449,0,0.271491,0
169903,27791,0,0.44931,0
182327,45007,1,0.428365,0
77072,5771,0,0.365653,0
152763,36789,0,0.31743,0
49200,27105,0,0.290825,0
113016,26620,0,0.241168,0
59156,17789,0,0.258927,0
21267,35440,0,0.405873,0
108341,13870,0,0.32812,0
73214,21850,0,0.427287,0
53925,39332,0,0.326871,0
193254,23734,0,0.280806,0
199669,12206,0,0.262682,0
18332,47042,0,0.341883,0
184174,12341,1,0.443684,0
65927,945,0,0.315095,0
14231,39275,0,0.239926,0
103189,23233,0,0.417667,0
171173,27509,1,0.456943,1
39083,5876,0,0.272835,0
32282,42701,0,0.275121,0
150741,6457,0,0.281453,0
102906,45003,0,0.414401,0
134602,27104,0,0.444992,0
147816,16290,1,0.421582,0
78721,2838,0,0.327104,0
158572,27845,0,0.319969,0
146836,44292,0,0.275894,0
98026,27307,0,0.241033,0
168154,49201,0,0.295546,0
19626,44557,1,0.420247,0
17817,47990,0,0.278515,0
197558,17946,0,0.33628,0
125420,34448,0,0.371827,0
52643,29223,1,0.363438,0
133697,14719,0,0.283514,0
117238,34048,0,0.444052,0
135569,12207,0,0.374649,0
91826,26604,0,0.370612,0
75126,890,1,0.380182,0
175809,44570,0,0.328407,0
125782,13595,0,0.259497,0
163966,39715,0,0.269088,0
172673,5684,1,0.385374,0
183504,3061,0,0.267881,0
189034,31066,0,0.299037,0
145390,35167,0,0.277074,0
98867,23405,0,0.329645,0
165308,42241,0,0.222217,0
756,10761,0,0.364314,0
122361,13535,0,0.346687,0
188561,3738,0,0.230367,0
145010,4210,0,0.504302,1
124681,3023,0,0.44014,0
117871,123,0,0.246616,0
130262,39415,0,0.212087,0
185702,7916,0,0.391325,0
17474,121,0,0.329529,0
61084,37521,0,0.257493,0
81490,34203,1,0.408039,0
41137,15617,0,0.371471,0
46078,15392,0,0.374749,0
81808,27695,0,0.429295,0
74361,38118,0,0.303903,0
11377,27069,0,0.395597,0
163308,13176,0,0.320314,0
758,16965,0,0.269139,0
168450,24427,0,0.332018,0
99344,79,0,0.229251,0
198929,7559,0,0.236993,0
92848,32605,0,0.255505,0
105063,12207,0,0.230912,0
150264,12299,0,0.298463,0
151734,2295,0,0.270743,0
100830,13176,0,0.287026,0
77849,47766,1,0.498109,1
14153,18881,0,0.439971,0
64035,34199,0,0.271626,0
174063,29598,0,0.318995,0
143627,23165,0,0.254853,0
132075,19324,0,0.389329,0
57765,42637,0,0.321716,0
181970,39984,0,0.327771,0
44878,22935,0,0.424334,0
113697,21543,0,0.296956,0
179438,343,0,0.3346,0
109531,15455,0,0.33372,0
111429,26283,0,0.340382,0
84828,6871,0,0.269091,0
157431,28842,0,0.406023,0
196064,30707,0,0.368476,0
63426,34584,0,0.282204,0
64981,48309,0,0.210171,0
67438,12638,0,0.402456,0
51353,33957,0,0.342811,0
154582,36315,0,0.257915,0
192186,24009,0,0.24892,0
870,46906,0,0.235899,0
49522,27811,0,0.364515,0
192064,47672,0,0.240757,0
125287,14335,0,0.37668,0
155273,11673,0,0.255079,0
22089,47209,0,0.264506,0
103344,44359,0,0.331396,0
105127,27778,0,0.243672,0
92914,14573,0,0.336371,0
197581,5020,0,0.367863,0
125586,22993,0,0.323592,0
151447,2562,0,0.391768,0
89402,22935,0,0.370247,0
201408,43961,0,0.276807,0
133638,15510,0,0.229251,0
153345,4605,0,0.418025,0
9823,46802,0,0.411988,0
143487,10613,0,0.470157,1
201135,46916,0,0.412607,0
82516,26629,0,0.26094,0
121990,46169,0,0.339443,0
168855,3583,0,0.392551,0
195254,26351,0,0.350328,0
56485,31338,0,0.225344,0
36663,32864,1,0.465396,1
69584,46979,0,0.240335,0
164346,11777,0,0.395964,0
60619,45613,0,0.391055,0
129016,7021,0,0.255861,0
88100,45582,0,0.343381,0
16295,49683,0,0.279417,0
159549,36273,0,0.341107,0
163195,20955,0,0.321537,0
168839,39619,1,0.537461,1
155102,3957,0,0.281864,0
196704,19057,0,0.392941,0
7718,31717,0,0.362852,0
169352,23794,0,0.32009,0
20188,35989,0,0.302975,0
69704,27104,0,0.363581,0
4939,24235,0,0.341138,0
29227,25623,0,0.373392,0
140287,46363,0,0.478959,1
169530,25705,0,0.428098,0
137423,46616,0,0.514358,1
184614,5621,0,0.308371,0
26250,10292,0,0.386577,0
48370,16797,0,0.426042,0
204605,18641,0,0.23399,0
150533,19706,0,0.328374,0
191180,2350,0,0.226684,0
186448,6177,0,0.285237,0
128933,13176,0,0.349833,0
199575,20211,0,0.327076,0
10780,4781,0,0.27743,0
136998,34126,0,0.277749,0
138244,11281,0,0.430092,0
95265,21070,0,0.280446,0
191484,29698,0,0.362322,0
70236,11005,0,0.318786,0
16437,14678,0,0.391278,0
25507,28713,0,0.245574,0
160713,39236,0,0.383022,0
121635,12324,0,0.426521,0
8100,48775,0,0.305334,0
38720,26364,0,0.311944,0
119617,13212,0,0.333882,0
176804,21709,0,0.414324,0
84995,47177,0,0.258515,0
99698,46149,0,0.413687,0
101694,1203,0,0.400157,0
92353,39185,0,0.512065,1
69949,24964,0,0.436124,0
83780,2151,0,0.342433,0
191563,1408,1,0.387326,0
44610,38694,0,0.445072,0
82778,17634,0,0.253876,0
133759,23288,0,0.419096,0
179460,38996,0,0.194923,0
71345,29027,0,0.227459,0
110469,34584,0,0.34773,0
7913,25613,0,0.370063,0
79789,39921,0,0.499588,1
33169,47766,0,0.252865,0
54744,29848,0,0.415652,0
143672,42557,0,0.437538,0
138826,39479,0,0.313742,0
86697,5876,1,0.533727,1
164144,24425,1,0.360321,0
89162,32773,0,0.455025,1
120328,18372,0,0.228215,0
161079,49492,0,0.310908,0
15229,27664,0,0.213545,0
71709,45638,0,0.403489,0
42316,26915,0,0.243082,0
187748,14917,0,0.346349,0
84048,19732,0,0.38618,0
20494,34690,0,0.251877,0
34945,15810,0,0.355448,0
160649,41970,1,0.484149,1
151328,36750,0,0.298036,0
148686,2359,0,0.365591,0
98760,45586,0,0.303291,0
196391,14161,0,0.267123,0
50188,23165,1,0.439597,0
117575,24852,0,0.523125,1
150237,14280,0,0.233581,0
131959,18709,0,0.397127,0
141490,5646,0,0.410909,0
131677,8277,0,0.3562,0
117762,41544,0,0.27042,0
170506,27796,1,0.41985,0
193134,49217,0,0.42367,0
116537,12817,0,0.416624,0
52237,13979,0,0.2911,0
94764,28473,0,0.287522,0
75584,32689,0,0.209717,0
196174,14381,0,0.298517,0
103599,31351,0,0.205114,0
193291,39408,0,0.434934,0
93424,37374,0,0.37058,0
137900,20995,1,0.384802,0
112968,40182,0,0.304605,0
94374,22892,0,0.202706,0
125128,30731,0,0.325651,0
92419,5045,0,0.37475,0
38501,19779,0,0.335338,0
165273,42550,0,0.315078,0
74969,48679,0,0.237012,0
30060,5670,0,0.267947,0
44814,47365,0,0.454242,1
11772,21576,0,0.208371,0
15213,21910,0,0.362038,0
179526,12218,0,0.229744,0
131846,43129,0,0.382813,0
153695,43488,0,0.268542,0
102991,21938,0,0.459025,1
72715,46107,0,0.227493,0
38910,33942,0,0.369678,0
72610,44987,1,0.458872,1
188059,20448,0,0.262619,0
27474,3060,0,0.411772,0
179268,43692,0,0.411175,0
85088,160,0,0.299704,0
113697,16986,0,0.206365,0
97319,9421,0,0.231622,0
126416,25646,0,0.377973,0
131899,6340,0,0.430433,0
14509,24706,0,0.354438,0
89768,44926,0,0.215608,0
129589,27966,0,0.411327,0
135298,43961,0,0.456083,1
14792,34355,0,0.298801,0
101356,45007,0,0.434916,0
90884,38274,0,0.399121,0
17980,18880,0,0.366663,0
100183,39408,0,0.25742,0
120270,35786,0,0.277893,0
141456,28918,0,0.216342,0
158355,40376,0,0.220571,0
124376,16570,0,0.377894,0
66304,46572,0,0.329394,0
205805,97,0,0.264276,0
32218,48205,0,0.281759,0
177544,18889,0,0.265283,0
150034,31469,0,0.415046,0
155490,5025,0,0.424806,0
73701,47209,0,0.42558,0
118871,41319,0,0.269091,0
9158,26882,0,0.198122,0
26523,47209,0,0.391772,0
194262,21137,0,0.462751,1
130741,6568,0,0.299871,0
166112,8025,0,0.43163,0
168982,26509,0,0.340954,0
72756,23,1,0.382141,0
59387,25952,0,0.211103,0
199005,18610,0,0.212803,0
185857,13924,0,0.310903,0
117814,33198,0,0.349258,0
81228,46979,0,0.43949,0
183974,21903,0,0.44814,0
6,48679,0,0.292706,0
8337,36086,0,0.294248,0
158639,13070,0,0.216652,0
43454,39705,0,0.375366,0
157269,11773,0,0.355993,0
18047,7500,0,0.351556,0
143018,33636,0,0.351919,0
3238,39886,0,0.260164,0
114990,28985,0,0.311177,0
177995,31553,0,0.265666,0
160953,46309,0,0.201044,0
167684,46720,0,0.376111,0
137833,46667,0,0.371179,0
130509,7778,1,0.34205,0
46993,4472,0,0.392447,0
6274,27999,0,0.41382,0
50171,18740,0,0.360554,0
117415,8567,0,0.388351,0
52440,39408,0,0.478102,1
115621,1890,0,0.277792,0
83634,3988,0,0.366822,0
39786,38772,0,0.200529,0
60404,37119,0,0.333188,0
181981,29418,0,0.19332,0
62239,32197,0,0.19416,0
87746,11520,0,0.450327,1
102443,47915,0,0.358301,0
12294,21115,0,0.328141,0
180888,28252,0,0.283079,0
177988,22504,0,0.205177,0
179606,33468,0,0.326124,0
91519,45645,0,0.397333,0
36413,24799,0,0.416077,0
199518,20114,0,0.326914,0
52787,349,0,0.339521,0
109805,7401,0,0.268151,0
171439,15383,0,0.254215,0
85844,46992,1,0.455863,1
26146,33527,0,0.374542,0
125134,5115,0,0.420491,0
142332,19348,0,0.424952,0
162350,31215,0,0.352588,0
107588,31886,0,0.305624,0
188128,3855,0,0.381187,0
43927,40931,0,0.419252,0
56892,27881,0,0.323664,0
94113,25659,0,0.455689,1
94465,10305,0,0.267665,0
103890,48205,0,0.350811,0
180610,5093,0,0.39802,0
205886,30106,0,0.321934,0
66713,48679,0,0.362161,0
28440,6448,0,0.395397,0
76640,13176,1,0.534966,1
149159,46558,0,0.284301,0
109676,6550,1,0.44329,0
141363,29987,0,0.230264,0
123089,44487,0,0.312664,0
50352,27023,0,0.320026,0
199039,8501,0,0.367403,0
193045,26839,0,0.335168,0
151910,29592,0,0.224734,0
61551,35395,0,0.260154,0
51411,45633,0,0.315006,0
81069,32652,0,0.314444,0
4316,46567,0,0.365725,0
149452,28849,0,0.438596,0
69369,41596,0,0.403955,0
73844,6187,0,0.492085,1
179511,13984,0,0.428627,0
158355,19389,0,0.250481,0
35067,36011,0,0.340671,0
24179,4576,0,0.320703,0
28370,36403,0,0.375338,0
34620,32225,0,0.255505,0
53694,5438,0,0.364937,0
52410,9020,0,0.372028,0
70356,38890,0,0.302117,0
57752,8903,0,0.297622,0
183948,27196,0,0.30551,0
97286,9390,1,0.397544,0
7483,1999,0,0.258515,0
166942,5876,0,0.340118,0
137612,20175,0,0.381594,0
136022,38456,0,0.447338,0
196602,6166,0,0.409056,0
109588,43920,0,0.343129,0
191988,24759,0,0.253444,0
182612,13733,0,0.406586,0
132836,47766,0,0.431322,0
56622,20738,0,0.433631,0
117767,9327,0,0.359925,0
108776,47209,0,0.251702,0
121982,39374,0,0.253692,0
52618,39877,0,0.381921,0
21045,3098,0,0.31104,0
109625,40571,1,0.430038,0
22316,35042,0,0.392091,0
125155,13176,0,0.377458,0
142986,21506,0,0.264048,0
5055,13914,0,0.3662,0
31234,17795,0,0.381587,0
113426,43903,0,0.44005,0
188679,2780,0,0.253444,0
106824,43154,0,0.359781,0
114667,40723,0,0.268274,0
164262,14992,0,0.223466,0
67012,38662,0,0.266363,0
191944,28199,0,0.276807,0
69402,40396,0,0.42572,0
177169,46642,0,0.384929,0
76950,39190,0,0.413004,0
205886,38739,0,0.329252,0
163843,3515,0,0.340529,0
139301,29960,0,0.274544,0
61128,37374,0,0.399719,0
97586,15599,0,0.270242,0
65495,8105,0,0.358402,0
41420,18923,0,0.393533,0
11156,34658,0,0.42164,0
111094,890,0,0.391398,0
148698,33147,0,0.27822,0
185127,24184,0,0.283479,0
62754,27966,0,0.469575,1
141765,43768,0,0.414232,0
102110,48679,0,0.242277,0
46257,22935,0,0.280618,0
129201,30233,0,0.495387,1
84943,5533,0,0.243254,0
145305,47626,0,0.512967,1
3244,8006,0,0.254545,0
131738,15630,0,0.37863,0
84351,27336,0,0.26049,0
39207,21616,0,0.427765,0
184627,39117,0,0.377843,0
183717,43967,0,0.484991,1
89511,8423,0,0.285087,0
22234,17592,0,0.335066,0
23168,30391,0,0.277749,0
68788,7999,0,0.228613,0
128026,37940,0,0.496544,1
197520,15528,0,0.283371,0
15767,47904,0,0.262619,0
181190,29650,0,0.332962,0
200821,27104,0,0.278396,0
47252,424,0,0.327867,0
42454,46979,0,0.418713,0
163395,14634,0,0.326957,0
203480,12035,0,0.432128,0
188295,25591,1,0.504195,1
117435,45007,0,0.317854,0
200404,43920,0,0.248511,0
173032,18599,0,0.365566,0
153694,21903,0,0.429009,0
47429,18534,0,0.425557,0
118705,26638,0,0.282677,0
95464,40063,0,0.387865,0
57621,22753,0,0.302784,0
30497,39216,0,0.402165,0
101954,38383,0,0.266068,0
107313,46572,0,0.357525,0
46218,4799,0,0.287782,0
61101,47439,0,0.440471,0
167652,28999,0,0.249413,0
174991,44310,0,0.39558,0
144840,19057,0,0.412605,0
183523,47873,0,0.37344,0
189391,17836,0,0.399192,0
161476,22115,0,0.352241,0
114921,6297,0,0.33935,0
188561,24320,0,0.270726,0
91995,25548,0,0.247347,0
29351,38051,0,0.231151,0
129824,25340,0,0.236003,0
130732,38200,0,0.318169,0
143558,19660,0,0.375085,0
132974,21137,0,0.344316,0
21705,41062,0,0.361767,0
62988,40571,0,0.365592,0
19328,4957,0,0.24737,0
161452,24235,0,0.315606,0
175033,14222,0,0.352901,0
23615,40141,0,0.314996,0
67441,22935,0,0.493996,1
32052,32190,0,0.287897,0
87552,12916,0,0.289676,0
191520,17352,0,0.2523,0
87629,1757,0,0.202018,0
163340,9076,0,0.314548,0
142863,23666,1,0.383052,0
127202,25926,0,0.431636,0
87804,45066,0,0.443073,0
147966,13176,0,0.431007,0
24141,5785,0,0.315243,0
197880,27086,1,0.51192,1
131718,28204,0,0.367261,0
27952,47626,0,0.322124,0
24720,9554,0,0.225605,0
185750,45737,0,0.189195,0
183242,35887,0,0.43056,0
80779,49174,0,0.398683,0
206079,17794,0,0.216662,0
91929,21513,0,0.341614,0
92451,21978,0,0.346304,0
45465,2441,1,0.390397,0
163295,28842,0,0.293564,0
194126,12831,0,0.428927,0
49987,8048,0,0.411356,0
74027,4932,0,0.394178,0
143995,37070,0,0.245409,0
53267,32989,0,0.352561,0
129759,46820,0,0.353885,0
50352,43712,0,0.300824,0
130955,19046,0,0.407425,0
34823,27104,0,0.46231,1
115834,35749,0,0.388594,0
90911,2102,0,0.225002,0
58946,41357,0,0.408014,0
205095,16262,0,0.298448,0
57621,21367,0,0.428211,0
108580,39984,0,0.458311,1
21189,8277,0,0.354935,0
83420,4562,0,0.418736,0
190402,39812,0,0.393606,0
199733,33401,0,0.308286,0
31226,7781,0,0.296974,0
124341,5067,0,0.315238,0
110573,41259,0,0.378059,0
65549,17795,0,0.245129,0
173850,12466,0,0.278673,0
122723,8467,0,0.469516,1
52705,26238,0,0.308058,0
192827,40062,0,0.447112,0
102349,11512,0,0.446345,0
171274,23645,0,0.264145,0
11250,20327,0,0.408806,0
159645,34126,0,0.24737,0
12130,5785,0,0.323479,0
170682,42736,0,0.393701,0
171181,8277,0,0.28013,0
183259,26021,0,0.448148,0
62669,49655,0,0.41688,0
109942,25043,0,0.347832,0
108250,7150,0,0.375562,0
139495,19048,0,0.22176,0
190400,49615,1,0.413618,0
117440,6909,0,0.20615,0
8677,23383,0,0.378596,0
63517,15261,0,0.417669,0
42500,26620,0,0.433302,0
156600,13913,0,0.402898,0
205448,8615,0,0.393815,0
103484,47766,0,0.494701,1
48786,26940,0,0.404366,0
143013,24535,0,0.344472,0
203504,6287,0,0.276788,0
37059,15405,0,0.407896,0
102199,17259,0,0.211967,0
180909,47144,0,0.286403,0
5706,8121,0,0.376743,0
71546,24852,0,0.51021,1
41998,24489,0,0.47578,1
144517,15537,0,0.401849,0
37357,30480,1,0.394189,0
16464,28092,0,0.276788,0
153834,3990,0,0.450903,1
69583,17871,0,0.394862,0
103009,28289,0,0.234938,0
4192,30450,0,0.351743,0
120890,28597,0,0.398629,0
52888,24964,0,0.408783,0
200337,13654,0,0.340256,0
129209,34012,0,0.423754,0
197551,27247,0,0.240299,0
61652,19701,0,0.341742,0
7275,40199,0,0.302608,0
97461,10441,0,0.447168,0
14969,5606,0,0.25927,0
204106,10482,0,0.382694,0
68121,5184,0,0.227757,0
130098,28902,0,0.314815,0
40527,42736,0,0.371868,0
164322,33037,0,0.410699,0
28591,9324,0,0.329407,0
59826,39721,0,0.449733,0
199304,22963,0,0.298132,0
200439,44310,0,0.307141,0
78065,3213,0,0.345283,0
146769,29223,0,0.234605,0
73994,5077,0,0.418883,0
147022,34489,0,0.495341,1
103217,10246,0,0.323898,0
200167,49683,1,0.468476,1
204099,49615,0,0.336495,0
92880,10185,0,0.256172,0
123586,5456,0,0.307388,0
129106,44880,0,0.338075,0
56308,22037,0,0.253505,0
170086,46962,0,0.375806,0
169124,47877,1,0.441891,0
185812,27695,0,0.293669,0
145624,28986,0,0.382969,0
47737,47672,0,0.314103,0
56262,21863,0,0.345264,0
168864,16823,0,0.323681,0
132528,17830,0,0.276637,0
189283,13198,0,0.292712,0
119985,2562,0,0.405701,0
142804,45007,0,0.428132,0
50121,14715,0,0.373871,0
89980,8230,0,0.306789,0
148607,38200,0,0.411698,0
172058,26882,0,0.339399,0
83524,47193,0,0.240956,0
18120,28199,0,0.431461,0
4007,13176,0,0.283426,0
97773,47144,0,0.299931,0
78733,33290,0,0.336226,0
144034,48364,0,0.282331,0
70278,47803,0,0.372205,0
63226,46616,0,0.349871,0
53222,43789,0,0.219024,0
141748,8519,0,0.337314,0
189373,43713,0,0.281247,0
72868,44008,0,0.394374,0
183818,5841,0,0.397458,0
192358,33819,0,0.419281,0
127478,45279,0,0.276788,0
95455,49072,0,0.280662,0
139877,37011,0,0.334965,0
80428,32156,0,0.217958,0
2420,6889,0,0.352784,0
22169,28798,0,0.25271,0
72194,10831,0,0.317807,0
119095,25197,0,0.474408,1
114654,2825,0,0.291255,0
46347,28934,0,0.435573,0
116558,31573,0,0.367738,0
51811,18023,0,0.378026,0
139415,9138,0,0.347151,0
15389,12481,0,0.386525,0
146974,47029,0,0.298848,0
99767,1543,0,0.25767,0
25974,6991,0,0.355222,0
145213,44910,0,0.216111,0
47727,196,0,0.366871,0
49230,35221,0,0.333021,0
15441,29307,0,0.266703,0
37881,35217,0,0.258134,0
20887,5449,0,0.23029,0
193216,27429,0,0.291602,0
102790,7762,0,0.377223,0
53307,37739,0,0.278134,0
58368,3988,0,0.336458,0
86745,37710,0,0.41134,0
62450,13176,1,0.428868,0
127390,28465,0,0.391256,0
35155,36848,0,0.42953,0
157314,40436,0,0.420319,0
116750,25659,0,0.276807,0
180550,21405,0,0.439136,0
131702,24524,0,0.416919,0
154814,12811,0,0.442824,0
114229,41865,0,0.285719,0
171540,39993,0,0.370866,0
34630,13176,1,0.471023,1
54549,26250,0,0.40541,0
137331,26209,0,0.479726,1
157590,30192,0,0.397937,0
104659,1025,0,0.40394,0
14321,32655,0,0.39466,0
83652,26497,0,0.391125,0
36605,34969,0,0.312959,0
131946,24489,0,0.266986,0
194395,8239,0,0.269303,0
105659,29363,0,0.426341,0
158420,13870,0,0.30045,0
23808,22425,0,0.327452,0
186227,17725,0,0.218437,0
124187,42315,0,0.362496,0
106527,13083,0,0.366265,0
75584,41588,0,0.224781,0
30382,38266,0,0.399611,0
13681,2780,0,0.255505,0
2921,11773,0,0.254537,0
171216,32256,0,0.410587,0
199833,37011,0,0.414019,0
57354,1214,0,0.185619,0
25632,6489,0,0.288297,0
177927,12481,0,0.318985,0
89905,31506,0,0.346379,0
46485,25544,0,0.419156,0
100205,35132,0,0.258648,0
110617,42637,0,0.320471,0
124840,23985,1,0.371478,0
82945,39812,0,0.269747,0
152540,27292,0,0.393577,0
64433,30489,0,0.272835,0
201990,16953,0,0.375974,0
189920,48933,0,0.372362,0
35529,3546,0,0.277617,0
150789,14332,0,0.213448,0
41205,4428,0,0.230262,0
9158,49215,0,0.264048,0
149417,46820,0,0.352697,0
159488,35167,0,0.193682,0
202050,44683,0,0.410974,0
171661,47503,1,0.374386,0
108583,43961,0,0.454446,1
166115,42969,0,0.329319,0
98664,12115,0,0.393108,0
167584,21850,0,0.346314,0
43718,46802,0,0.460334,1
54283,44449,0,0.348348,0
70009,20015,1,0.440596,0
119467,19376,0,0.404631,0
141331,46802,0,0.320684,0
30599,47366,0,0.291667,0
34763,46900,0,0.348481,0
110089,19938,0,0.282488,0
108924,45453,0,0.324132,0
148256,27012,0,0.281774,0
80057,1439,0,0.246588,0
184636,49247,0,0.418398,0
159240,25825,0,0.415418,0
148161,28248,0,0.38819,0
68743,2635,0,0.231238,0
117684,2864,0,0.372333,0
56199,48812,1,0.41583,0
191314,16797,0,0.317452,0
77361,41950,0,0.398051,0
133737,24964,0,0.443526,0
34606,8594,0,0.307388,0
164904,32585,0,0.224785,0
189293,30214,0,0.419916,0
29444,41213,0,0.291961,0
22255,7325,0,0.351122,0
150269,47209,0,0.373616,0
55229,46820,0,0.355531,0
96038,47042,0,0.325728,0
35169,3020,0,0.23521,0
40907,21137,0,0.355071,0
35180,38920,0,0.223563,0
73364,46473,0,0.19308,0
108052,2770,1,0.507644,1
42786,34126,0,0.412201,0
82865,10172,0,0.381217,0
163399,33352,0,0.268274,0
149287,26620,0,0.338293,0
122781,41290,0,0.219898,0
112943,2974,0,0.347797,0
48097,24197,0,0.40548,0
31956,20976,0,0.416817,0
93308,4461,0,0.372372,0
14779,23888,0,0.25767,0
198175,38596,0,0.255765,0
112628,9076,0,0.39108,0
44106,18489,0,0.282861,0
126159,21903,0,0.386804,0
130561,13198,0,0.24155,0
38828,5876,0,0.377962,0
154884,36899,0,0.30746,0
83028,16754,0,0.22156,0
94437,46990,0,0.285909,0
128089,33206,0,0.341083,0
7371,45066,0,0.292358,0
197668,13176,0,0.355485,0
79231,37425,1,0.521089,1
199884,37766,0,0.408295,0
173042,48523,1,0.387624,0
73470,45134,0,0.221712,0
119887,32153,0,0.385879,0
141328,14723,0,0.392549,0
23949,2295,0,0.294844,0
146643,35547,0,0.34203,0
76243,10749,0,0.431306,0
111163,15269,0,0.255528,0
42718,34036,0,0.238094,0
114301,25576,0,0.272207,0
15286,10199,0,0.28243,0
113410,3798,0,0.306876,0
128275,13984,0,0.376083,0
64319,28985,0,0.507575,1
168879,13269,0,0.214686,0
39111,46802,0,0.471415,1
139561,8744,0,0.262663,0
51747,13977,0,0.382895,0
38885,20995,0,0.277692,0
82950,23763,0,0.264069,0
23997,32655,0,0.313455,0
4892,42404,0,0.249012,0
121090,19003,0,0.190379,0
202983,12872,0,0.269645,0
167507,29830,0,0.271942,0
197683,30011,0,0.233705,0
49002,26486,0,0.386816,0
70443,48808,0,0.320372,0
83885,196,0,0.436196,0
19594,47209,0,0.440078,0
192761,23181,0,0.316169,0
146796,24489,0,0.37584,0
151737,16223,0,0.295822,0
182560,7379,0,0.401972,0
128169,36183,0,0.343971,0
194432,47209,0,0.334336,0
3871,11408,0,0.401634,0
200152,6184,0,0.376969,0
83087,44501,0,0.31142,0
154621,23484,0,0.250053,0
204641,20323,0,0.330995,0
176030,1559,0,0.326517,0
116544,24799,0,0.435393,0
11161,49478,0,0.267835,0
37897,24964,0,0.346687,0
160317,40592,0,0.34129,0
40132,34584,0,0.357172,0
50131,31506,0,0.231905,0
125440,41220,0,0.489138,1
144504,41950,0,0.237836,0
199115,42500,0,0.354487,0
29113,47357,0,0.268167,0
152694,28745,0,0.327624,0
64047,13535,0,0.307765,0
160284,12276,0,0.295544,0
19984,48501,0,0.400666,0
33388,32864,0,0.299931,0
133018,3562,0,0.403695,0
200312,31506,0,0.362607,0
124220,26915,0,0.282861,0
185742,47229,0,0.378504,0
104694,5615,0,0.322503,0
130481,12144,0,0.264048,0
1025,43713,0,0.419352,0
123165,14283,0,0.309165,0
7027,17706,0,0.468166,1
106285,10603,0,0.214671,0
118380,44359,0,0.461763,1
15379,20114,1,0.528021,1
63159,6121,0,0.26796,0
71198,1158,0,0.433502,0
132594,5250,0,0.370887,0
6122,37940,0,0.266295,0
166191,37646,0,0.232066,0
162475,16363,0,0.337462,0
60169,43961,0,0.282169,0
33617,13627,0,0.414244,0
109960,26940,0,0.282169,0
113697,23822,0,0.30584,0
3485,30489,0,0.453905,1
4460,15683,0,0.368297,0
128446,7120,0,0.309124,0
41998,7485,0,0.421544,0
62825,11643,0,0.317886,0
101893,37687,0,0.326468,0
132520,13870,0,0.467047,1
4663,14477,0,0.332586,0
27942,5502,0,0.35919,0
61583,11068,1,0.451071,1
198801,7628,0,0.249467,0
191989,27243,0,0.256052,0
117393,1710,0,0.490583,1
64047,31766,0,0.374485,0
172714,15751,0,0.331306,0
146563,24697,0,0.222552,0
201533,2120,1,0.389913,0
107549,13646,0,0.250119,0
118651,46562,0,0.27467,0
119400,5708,0,0.411655,0
55017,38236,0,0.241026,0
64778,37067,0,0.302656,0
68322,31423,0,0.279172,0
193659,7358,0,0.222217,0
69784,27086,0,0.318641,0
203270,48679,0,0.240731,0
138214,48795,0,0.405236,0
127673,37158,0,0.277692,0
21936,34974,0,0.215102,0
104825,429,0,0.334622,0
152350,47209,0,0.292505,0
150232,16589,1,0.41153,0
161629,34358,1,0.45332,1
33466,42441,0,0.285007,0
38696,22935,0,0.291305,0
67959,31040,0,0.247199,0
60425,42768,1,0.457863,1
189232,5787,0,0.251159,0
65452,17313,0,0.276788,0
197317,13798,0,0.403283,0
21611,10054,0,0.424752,0
29200,2823,0,0.451909,1
89520,14159,0,0.256177,0
142396,29855,0,0.336843,0
84586,47192,0,0.380597,0
25985,26648,0,0.389537,0
107981,25196,0,0.321614,0
156460,44359,0,0.412812,0
185579,15541,0,0.216392,0
168015,16521,0,0.403562,0
35023,30326,0,0.415253,0
22653,37330,0,0.320941,0
4930,37374,0,0.369328,0
150995,44771,0,0.37785,0
8290,1463,0,0.392951,0
201630,44987,0,0.258403,0
181218,44328,1,0.466063,1
7665,41690,0,0.337513,0
52359,29077,0,0.23753,0
203126,4304,0,0.220879,0
170099,46239,0,0.26777,0
9748,49175,0,0.289711,0
194290,44514,0,0.339363,0
195115,48176,0,0.35613,0
154438,8542,0,0.352036,0
190600,24954,1,0.498478,1
80642,10957,0,0.339216,0
114537,14233,0,0.434711,0
147174,28493,0,0.406239,0
107992,13083,0,0.404563,0
16309,49235,0,0.45077,1
205034,8518,0,0.385587,0
151081,47672,0,0.40812,0
20498,21334,0,0.444362,0
68755,46676,0,0.276807,0
145163,260,0,0.373148,0
147244,38049,0,0.332709,0
153976,17572,1,0.464518,1
77275,22124,0,0.502625,1
83427,3645,0,0.410775,0
95565,19226,0,0.320123,0
40574,19048,0,0.202136,0
84555,32211,0,0.403283,0
23650,21903,1,0.443352,0
14153,39411,0,0.36924,0
186696,38273,0,0.38531,0
68737,48679,0,0.359052,0
134540,18441,0,0.301892,0
181920,7700,0,0.282319,0
105355,42834,0,0.432813,0
74908,47717,0,0.438179,0
170131,42265,0,0.274088,0
188777,26201,0,0.44692,0
128387,35669,0,0.376225,0
109504,9366,0,0.303451,0
63026,47717,0,0.275578,0
185791,47967,0,0.381012,0
6291,4045,0,0.287181,0
52870,8174,0,0.391744,0
192545,9431,0,0.259032,0
199299,5120,0,0.475987,1
73182,18140,0,0.399204,0
189770,34195,0,0.40757,0
22914,34969,0,0.271355,0
39254,37449,0,0.37191,0
138721,49235,0,0.427578,0
155098,32909,0,0.450903,1
70297,45946,1,0.363252,0
168164,35948,1,0.392013,0
129880,5535,0,0.297859,0
34020,15630,0,0.341937,0
171761,30489,1,0.426777,0
178817,3217,0,0.327542,0
30005,3951,0,0.413218,0
140742,45761,0,0.354823,0
197827,38455,0,0.314185,0
80057,34380,0,0.229266,0
40045,4350,0,0.396548,0
99934,18370,0,0.431471,0
44024,34829,0,0.361471,0
199213,30567,0,0.308719,0
182587,32177,0,0.375459,0
146173,3957,0,0.259436,0
129454,43483,0,0.463948,1
5301,29312,0,0.455137,1
171353,30561,0,0.363226,0
198183,24852,0,0.490155,1
162463,4920,0,0.35135,0
125346,43352,1,0.508476,1
191133,47209,0,0.370293,0
126993,5449,0,0.325009,0
89298,20900,0,0.365513,0
185941,40778,0,0.223543,0
147745,177,0,0.364022,0
104263,37646,0,0.347113,0
42941,15297,0,0.521788,1
132456,45200,0,0.44665,0
136084,32939,0,0.329005,0
199765,16454,0,0.368838,0
182342,9397,0,0.452757,1
73698,46106,0,0.444227,0
101465,36086,0,0.398552,0
82516,38164,0,0.296277,0
61749,196,1,0.412982,0
86131,1022,0,0.212058,0
66431,47766,0,0.403564,0
147970,45954,0,0.309806,0
89989,14333,0,0.200304,0
93077,31506,0,0.390561,0
42341,43908,0,0.434353,0
20797,26209,1,0.421922,0
199064,18168,0,0.30987,0
24720,37646,0,0.275771,0
61178,6104,0,0.422792,0
70692,35221,0,0.460077,1
59182,42768,0,0.268507,0
171854,45064,1,0.480553,1
96098,26638,0,0.225507,0
13533,24730,0,0.345486,0
98755,14678,0,0.411626,0
33926,12099,0,0.312211,0
181866,3599,0,0.3378,0
102312,44359,0,0.268712,0
127653,20549,0,0.375564,0
47429,37004,0,0.427493,0
135091,283,0,0.451743,1
105039,27845,1,0.434449,0
54549,20244,0,0.388245,0
99705,25903,0,0.259612,0
177274,34552,0,0.364867,0
109861,34551,0,0.347904,0
40210,26882,0,0.433403,0
111811,6187,0,0.315845,0
171020,1359,0,0.263789,0
116921,34040,0,0.267123,0
193514,46359,0,0.382759,0
109472,10241,0,0.363356,0
69667,15100,0,0.246659,0
43352,32691,0,0.303766,0
20064,2846,0,0.435298,0
164723,23630,0,0.419754,0
180208,48614,0,0.436399,0
99285,32622,0,0.413679,0
46374,48183,0,0.366845,0
155551,24838,0,0.346963,0
141844,26604,0,0.240757,0
109661,31553,0,0.262655,0
72013,30192,0,0.368394,0
169198,20114,0,0.406505,0
97228,21295,0,0.41402,0
135466,7021,0,0.413895,0
99229,21010,0,0.325845,0
81062,45954,0,0.395515,0
34124,39963,0,0.368245,0
103401,47877,0,0.310043,0
36369,2350,0,0.312592,0
26475,5077,0,0.386108,0
58962,39910,0,0.27046,0
161849,1449,0,0.33176,0
137410,26497,0,0.411685,0
69966,31477,0,0.4032,0
131478,43136,0,0.383356,0
68444,27665,0,0.312708,0
123340,31528,0,0.300638,0
145401,25584,0,0.379747,0
54662,11182,0,0.315543,0
26031,35886,0,0.374759,0
68788,15703,0,0.225453,0
100737,27881,0,0.367148,0
163166,39275,0,0.378155,0
134166,14947,0,0.308181,0
181052,32315,0,0.421692,0
87366,39275,0,0.288174,0
136322,2846,0,0.252584,0
109709,18370,0,0.416604,0
41906,33043,0,0.404806,0
205784,37328,0,0.231309,0
134020,16185,0,0.307834,0
13989,48364,0,0.312959,0
131903,46802,0,0.295358,0
40035,25659,0,0.406827,0
201987,2426,0,0.361704,0
110103,25525,0,0.258515,0
205617,42240,0,0.254654,0
93266,24291,0,0.280065,0
60816,19340,0,0.340856,0
174318,30583,0,0.249038,0
150393,37215,0,0.256383,0
33504,6473,0,0.263299,0
166467,38273,1,0.380135,0
36781,46257,0,0.235839,0
141628,20865,0,0.375626,0
192427,22654,0,0.250089,0
151160,45066,0,0.367241,0
157416,11046,0,0.249145,0
22429,33000,1,0.426565,0
156860,36144,0,0.353885,0
198885,42585,0,0.320741,0
150879,33198,0,0.424724,0
172197,4163,0,0.277522,0
203844,11777,0,0.364562,0
43724,12254,0,0.194982,0
182359,12986,0,0.348245,0
107217,34584,0,0.422039,0
137048,18670,0,0.3662,0
201787,21009,0,0.247139,0
155469,35430,0,0.313018,0
205273,37687,0,0.460508,1
165858,46654,0,0.267585,0
8615,49098,0,0.258355,0
112216,329,0,0.296378,0
149437,9883,0,0.3694,0
6895,34981,0,0.27482,0
87489,25146,0,0.360613,0
1094,9598,0,0.398813,0
163395,27344,0,0.437471,0
143992,5876,0,0.337072,0
6281,26940,0,0.323652,0
146511,12381,0,0.336482,0
15586,13702,0,0.307333,0
107376,31453,0,0.419674,0
55160,3873,0,0.315606,0
195877,37696,0,0.178684,0
27952,24834,0,0.204875,0
101706,22935,0,0.377198,0
135296,44116,0,0.253134,0
125586,21903,0,0.480026,1
190007,18023,0,0.428067,0
19958,17224,0,0.32576,0
180980,5649,0,0.318103,0
139381,46906,0,0.445028,0
118742,79,0,0.433567,0
115904,14161,0,0.395351,0
60397,18232,0,0.441561,0
199550,30795,1,0.517693,1
57829,35266,0,0.201229,0
92044,49101,0,0.252879,0
10344,33401,0,0.233884,0
132939,35336,0,0.356641,0
34794,23622,0,0.229509,0
118077,45007,0,0.433844,0
157894,47672,0,0.421845,0
140301,21137,0,0.292505,0
190694,6046,0,0.392994,0
40235,2799,0,0.259903,0
168288,7401,0,0.381932,0
91405,47144,0,0.417483,0
77119,5479,0,0.340059,0
190387,24852,0,0.295913,0
26610,48762,0,0.271446,0
148396,9387,0,0.414834,0
20017,27407,0,0.380001,0
184850,32465,0,0.326604,0
116212,46045,0,0.321665,0
85908,13212,0,0.208279,0
34635,49235,0,0.380231,0
154086,5456,0,0.2677,0
130543,1446,0,0.200684,0
92196,47877,0,0.37354,0
138072,28849,0,0.406262,0
195992,449,0,0.252912,0
14397,22089,0,0.232336,0
173481,27759,0,0.264333,0
21773,10758,0,0.388352,0
22130,4920,0,0.292358,0
94252,28427,0,0.277085,0
72089,2593,0,0.254225,0
194614,34940,0,0.288578,0
92747,38896,0,0.422253,0
91377,7559,0,0.366598,0
157899,17795,0,0.441823,0
182899,5022,0,0.390935,0
151994,41602,0,0.292771,0
149717,33990,0,0.226453,0
23099,40310,1,0.451768,1
1137,7195,0,0.217044,0
59721,19949,0,0.37734,0
93325,49621,0,0.344328,0
86040,39877,0,0.36772,0
61253,49383,0,0.349595,0
157357,36848,0,0.36059,0
15433,23644,0,0.395932,0
135019,17553,0,0.349686,0
105935,30776,0,0.417995,0
136029,25985,0,0.277446,0
143992,47766,0,0.386351,0
205905,22175,0,0.345084,0
198004,16185,0,0.33314,0
48563,26683,0,0.26779,0
46708,9766,0,0.342273,0
59405,15976,1,0.410773,0
76154,8174,0,0.426774,0
86865,33127,0,0.34585,0
190075,38508,0,0.42953,0
68679,9047,0,0.217681,0
3549,24841,0,0.43397,0
75089,43772,0,0.370754,0
181383,47516,0,0.409128,0
130284,24768,0,0.205027,0
130362,38399,0,0.448295,0
59182,33401,0,0.231539,0
130651,25199,1,0.503739,1
187743,33569,0,0.391567,0
113115,41301,0,0.258153,0
122096,30391,0,0.241325,0
10638,7353,0,0.40915,0
54910,4392,0,0.290571,0
104311,20280,0,0.263626,0
81790,42768,0,0.310868,0
115518,19057,0,0.433775,0
24309,27104,0,0.33501,0
82834,22035,0,0.323094,0
65807,32537,0,0.205641,0
143274,32151,0,0.213545,0
173771,49383,1,0.415691,0
164648,24662,0,0.330427,0
75532,8424,0,0.44154,0
158690,42828,0,0.277004,0
115162,43394,0,0.421323,0
142794,33314,0,0.262852,0
113482,35163,0,0.401846,0
194426,8736,1,0.432569,0
153139,28601,0,0.404385,0
50026,36618,0,0.383138,0
7665,5134,0,0.371741,0
89175,1695,0,0.359352,0
111536,7008,0,0.41635,0
140925,24852,0,0.411645,0
78271,41787,0,0.448447,0
173117,39933,0,0.32796,0
95457,13176,1,0.477816,1
26785,25466,0,0.358165,0
149863,2131,0,0.322284,0
110573,39275,0,0.468183,1
121427,16759,0,0.405415,0
186303,39993,0,0.251529,0
136404,18171,0,0.224093,0
55504,18811,0,0.368154,0
135601,1711,0,0.389556,0
81170,2309,0,0.327466,0
150048,39699,0,0.229459,0
60261,49235,0,0.495475,1
69242,34069,0,0.418084,0
2410,28054,0,0.370661,0
70786,13966,0,0.238579,0
62103,17403,0,0.255079,0
16669,5769,0,0.196219,0
100389,6317,0,0.374664,0
77275,4429,0,0.485207,1
71164,29615,0,0.40839,0
97155,48095,0,0.444706,0
161703,4920,0,0.378058,0
107457,4920,0,0.429985,0
185961,4664,0,0.339756,0
201797,21137,0,0.321371,0
41517,45104,0,0.348387,0
144455,25340,0,0.457172,1
123147,21573,1,0.427872,0
134782,25659,0,0.339516,0
135984,48538,0,0.331111,0
183352,2350,0,0.313749,0
157611,8143,0,0.254266,0
5090,13176,0,0.511492,1
93370,16797,0,0.382448,0
6532,19046,0,0.233581,0
119874,31338,0,0.389741,0
139570,11046,0,0.225344,0
183782,16254,0,0.256558,0
44060,27104,0,0.429755,0
156314,45987,0,0.318169,0
28269,23819,1,0.420364,0
204039,18288,0,0.208865,0
199991,44631,1,0.434438,0
22637,27966,0,0.233015,0
195543,45,0,0.432611,0
6379,23060,0,0.419442,0
149068,43465,0,0.228647,0
57273,40332,0,0.297581,0
87863,22935,0,0.376673,0
203757,37542,0,0.291667,0
115684,28842,0,0.401624,0
184780,31372,0,0.326765,0
112441,14962,0,0.4954,1
155015,34479,0,0.403097,0
131072,32740,0,0.248134,0
36972,38275,0,0.421037,0
105999,44245,1,0.353755,0
44070,14715,0,0.299128,0
122343,43772,0,0.317042,0
72281,41437,0,0.317898,0
112703,36591,0,0.28281,0
135355,1063,0,0.292333,0
119507,27086,0,0.48975,1
179511,37825,0,0.352771,0
151986,31096,0,0.403617,0
63812,14199,0,0.339367,0
201741,39558,0,0.280242,0
96373,35561,0,0.247713,0
132103,3500,0,0.383916,0
27251,18239,0,0.369953,0
118295,36914,0,0.196655,0
138325,4799,0,0.338819,0
187151,37067,1,0.473302,1
166281,38557,0,0.324039,0
25471,41220,0,0.236537,0
68865,10514,0,0.273986,0
112154,8022,0,0.368527,0
131503,48423,0,0.266572,0
55189,5022,0,0.191189,0
190331,41249,0,0.203937,0
157670,26497,0,0.203951,0
99312,24217,0,0.492374,1
64055,22260,0,0.284536,0
83887,30489,0,0.302656,0
37142,44980,0,0.215464,0
57404,19019,0,0.398753,0
170924,37067,0,0.35214,0
203177,9390,0,0.253444,0
140514,7751,0,0.266027,0
20688,3847,0,0.337997,0
155137,2019,0,0.47968,1
198413,31020,0,0.273972,0
137410,21678,0,0.331437,0
198643,41787,0,0.479747,1
82433,18790,0,0.380508,0
144869,5456,0,0.336093,0
78165,15683,0,0.339801,0
152559,39877,0,0.350155,0
123960,37436,0,0.354785,0
159753,25930,0,0.291963,0
124974,9825,0,0.278378,0
189238,26800,0,0.344363,0
7774,41488,0,0.247483,0
40186,38945,0,0.329201,0
98999,42695,0,0.2614,0
54892,20607,0,0.384041,0
183274,49038,0,0.224734,0
184594,48697,0,0.382744,0
204911,31506,0,0.420557,0
50264,46829,0,0.316054,0
65495,27316,0,0.44413,0
61699,24231,0,0.386846,0
98081,7503,0,0.224389,0
94832,13984,0,0.391538,0
134078,10849,0,0.229622,0
5878,18598,0,0.369946,0
181115,21293,0,0.332547,0
57211,26751,0,0.35493,0
60077,36117,0,0.391177,0
36946,18598,0,0.39042,0
170282,25318,0,0.366065,0
93450,2326,1,0.473133,1
130651,1468,0,0.408521,0
25870,32,0,0.305258,0
170045,18632,0,0.248213,0
123307,9006,0,0.402327,0
37174,33768,0,0.403513,0
150133,47197,0,0.270554,0
166426,29529,0,0.272561,0
104181,29553,0,0.270459,0
72699,22312,0,0.217462,0
46877,25630,0,0.213697,0
108222,18960,0,0.217462,0
32105,40545,0,0.4208,0
35807,5912,1,0.315776,0
19080,46820,0,0.297123,0
91917,45819,0,0.218119,0
103864,15528,0,0.244092,0
64645,47223,0,0.227877,0
42685,28199,0,0.456812,1
54909,27117,0,0.361899,0
169409,16973,0,0.369066,0
8613,29658,0,0.254963,0
10786,2966,0,0.435646,0
74919,21026,0,0.377032,0
163261,9477,0,0.386582,0
160754,8413,0,0.329839,0
35599,16236,0,0.228679,0
190211,33746,0,0.323663,0
111651,17862,0,0.293286,0
139684,36707,0,0.243083,0
99542,8277,0,0.28823,0
203170,13310,0,0.282568,0
98868,17956,0,0.272533,0
24077,15386,0,0.28946,0
138897,14493,0,0.383549,0
30906,4920,0,0.211481,0
48854,9881,0,0.361427,0
27348,3713,0,0.329088,0
25871,5438,0,0.203587,0
18573,33351,0,0.285909,0
125394,31727,0,0.33468,0
129758,39275,0,0.457413,1
10770,25686,0,0.229622,0
166940,26604,1,0.44916,0
129541,47788,0,0.281942,0
93535,2164,0,0.30747,0
156105,44750,0,0.41174,0
34890,48628,0,0.282862,0
121090,17758,0,0.202465,0
19241,20887,0,0.217269,0
50940,49549,0,0.392963,0
8492,19658,0,0.443919,0
7826,42736,1,0.413994,0
95063,2581,0,0.213937,0
110363,28762,0,0.360059,0
45651,9743,0,0.378827,0
158528,34601,0,0.391827,0
184193,28985,0,0.404759,0
168272,19469,1,0.445746,0
121376,15392,0,0.419325,0
133046,28915,1,0.414427,0
76812,10017,0,0.297543,0
80302,32163,0,0.277149,0
32796,21839,0,0.379892,0
183516,25048,0,0.416479,0
131034,35004,0,0.259153,0
53895,28849,0,0.423132,0
191334,5933,0,0.195592,0
28440,14197,0,0.396794,0
38291,44471,0,0.378065,0
171338,15290,0,0.405749,0
6448,8141,0,0.318397,0
172755,2944,0,0.282112,0
66032,38883,1,0.405344,0
31403,22794,0,0.255354,0
115302,5876,1,0.509649,1
134985,31529,0,0.313551,0
19472,18301,0,0.360768,0
95460,14951,0,0.264202,0
52676,17794,0,0.278719,0
34242,11576,0,0.322741,0
23023,39503,0,0.180278,0
14765,196,0,0.247711,0
113901,26030,0,0.444254,0
44328,42828,0,0.473915,1
174489,16254,0,0.24362,0
141227,6799,0,0.426948,0
83847,42211,0,0.301622,0
178905,13866,1,0.508198,1
73618,2432,0,0.208588,0
196729,39032,0,0.236005,0
190901,13176,0,0.43486,0
103314,18879,0,0.368765,0
203062,35921,0,0.271826,0
40840,39475,1,0.530941,1
114107,4721,0,0.252416,0
172978,8803,0,0.449247,0
3794,7600,0,0.345521,0
19758,22935,0,0.372564,0
198465,36198,0,0.416107,0
45247,24964,1,0.516036,1
154677,41809,0,0.437018,0
156332,31041,0,0.401685,0
104721,10246,0,0.426566,0
127247,49481,0,0.375759,0
135569,20327,0,0.348669,0
35201,44632,0,0.332363,0
159847,17568,0,0.227493,0
53030,43643,0,0.354552,0
37142,36316,0,0.301614,0
58613,22275,0,0.361647,0
36549,47141,0,0.389144,0
70400,34969,0,0.308286,0
168599,33731,0,0.385173,0
133283,44912,0,0.348342,0
52694,3678,0,0.324223,0
184373,34160,1,0.460504,1
55576,49670,0,0.216909,0
102117,34722,0,0.238464,0
130683,19057,0,0.449161,0
87823,42014,0,0.317053,0
200128,31778,0,0.381748,0
8925,46720,0,0.388002,0
50198,8424,0,0.528387,1
968,26209,0,0.341767,0
180476,21405,0,0.406373,0
120890,28985,0,0.469203,1
59709,22035,0,0.336959,0
142590,36976,0,0.341151,0
121323,8174,0,0.279417,0
46450,43867,0,0.244673,0
178640,33558,0,0.384949,0
67101,1511,0,0.282964,0
36465,43659,0,0.387134,0
8891,42073,1,0.448501,0
201229,11452,0,0.262117,0
135059,5449,0,0.415691,0
138190,43765,0,0.382693,0
145250,36361,0,0.288622,0
193939,44683,0,0.237012,0
165289,36397,0,0.356001,0
137628,20114,0,0.465753,1
150695,21405,0,0.245828,0
78974,33716,1,0.483072,1
148607,21137,0,0.478706,1
201943,47144,0,0.385547,0
177779,7021,0,0.40481,0
56886,33043,0,0.37982,0
54912,15662,0,0.202018,0
189624,5011,0,0.388036,0
111999,26856,0,0.426743,0
154581,26604,0,0.281733,0
205745,38383,0,0.369056,0
135407,48118,0,0.261708,0
36000,11662,0,0.37938,0
103742,18201,0,0.224049,0
180937,5991,0,0.196507,0
38696,21810,0,0.24909,0
146862,20152,0,0.363124,0
137495,14531,0,0.389486,0
165837,20379,0,0.456278,1
33983,41036,0,0.357563,0
69999,47766,1,0.398418,0
186995,47890,0,0.27711,0
15521,20632,0,0.207698,0
168535,14488,0,0.312966,0
99601,5456,0,0.374395,0
125768,25653,0,0.455055,1
69173,39436,0,0.289141,0
98863,22275,0,0.254121,0
130375,24654,0,0.324495,0
59702,44021,0,0.456478,1
120552,26723,0,0.337972,0
155816,24629,0,0.462041,1
190561,13431,0,0.406744,0
69970,26410,0,0.470157,1
132417,7963,0,0.358946,0
153053,28204,0,0.280584,0
82573,28115,0,0.363831,0
196441,28199,0,0.297373,0
180703,11182,0,0.383614,0
44463,36472,0,0.433307,0
105805,22124,0,0.461016,1
50981,11265,0,0.375756,0
164580,23915,1,0.369875,0
12835,39993,0,0.280806,0
47727,8451,0,0.332279,0
168213,8518,0,0.406876,0
125721,48109,0,0.216392,0
19129,4518,0,0.259866,0
168979,24497,0,0.406362,0
72699,36772,0,0.339763,0
60698,42253,0,0.329428,0
102034,9076,0,0.499751,1
166693,8758,0,0.222964,0
101012,8277,0,0.402001,0
138649,16304,0,0.367188,0
61770,17530,0,0.345336,0
9384,24852,1,0.52548,1
85767,8277,0,0.365647,0
59635,24964,0,0.441588,0
6895,20015,0,0.351401,0
86767,29553,0,0.25873,0
147285,49683,0,0.396729,0
149433,6218,0,0.275772,0
113591,43768,0,0.35915,0
205877,44245,0,0.224834,0
98844,16254,0,0.27743,0
172031,9681,1,0.472258,1
149863,16826,0,0.378412,0
19890,28156,0,0.407805,0
38305,42931,0,0.393699,0
79396,46667,0,0.381311,0
31773,49175,0,0.258569,0
52830,41787,0,0.407428,0
179086,37055,0,0.280393,0
5856,25138,0,0.425759,0
132584,39190,0,0.484047,1
191916,31343,0,0.307749,0
3219,12157,0,0.348478,0
95953,38180,0,0.36946,0
93612,3122,0,0.255447,0
121858,14462,0,0.365123,0
163993,17668,0,0.262439,0
124335,47626,0,0.339746,0
105726,25272,0,0.323295,0
186218,27156,0,0.308008,0
116943,27407,0,0.326409,0
100477,22935,0,0.289663,0
7310,47209,0,0.479202,1
117923,19057,0,0.458009,1
142643,16478,0,0.436713,0
36691,38400,0,0.358165,0
69312,41220,0,0.384094,0
2940,881,0,0.390862,0
60740,12872,0,0.415802,0
63725,42364,0,0.274544,0
93517,43768,0,0.288012,0
112061,32369,0,0.382219,0
161515,22890,0,0.281138,0
203544,14650,0,0.32869,0
81835,3376,0,0.266516,0
112910,39534,0,0.433523,0
68505,13176,0,0.49321,1
177936,22620,0,0.324955,0
177706,23909,0,0.393568,0
101713,42265,0,0.393088,0
194117,42265,0,0.277749,0
158226,12917,0,0.310565,0
88572,33219,1,0.414651,0
39707,47866,0,0.407766,0
147206,47492,0,0.329382,0
47859,20114,0,0.418736,0
27896,21162,0,0.24748,0
51542,27370,0,0.38491,0
48334,30873,0,0.267353,0
95695,27156,0,0.445103,0
84669,47144,0,0.433457,0
77230,28226,0,0.441702,0
51778,31805,0,0.36263,0
194026,14992,1,0.351321,0
161951,10673,0,0.402024,0
155725,6532,0,0.458753,1
40275,36431,0,0.30963,0
112674,42030,0,0.233149,0
194412,12914,1,0.35639,0
166534,42731,0,0.215464,0
185630,42912,0,0.256941,0
165220,43889,0,0.245304,0
33641,48762,0,0.315557,0
198993,9337,0,0.2503,0
174013,493,0,0.2787,0
127959,9694,0,0.362836,0
20707,15618,0,0.356296,0
160325,17550,1,0.396666,0
152536,5258,1,0.448689,0
52089,39512,0,0.208279,0
81603,37947,0,0.38076,0
13670,26634,0,0.453355,1
70904,2699,0,0.367364,0
160762,4472,0,0.272722,0
148585,8053,0,0.380567,0
160860,32828,0,0.341338,0
89427,42450,0,0.390732,0
112239,21883,0,0.281204,0
187219,31717,1,0.4004,0
152121,20169,0,0.233081,0
69712,7563,0,0.262795,0
24587,8105,0,0.324458,0
10429,6873,0,0.30361,0
7205,33540,0,0.312561,0
107629,17122,0,0.251529,0
119148,22963,0,0.343929,0
142485,8230,0,0.333682,0
143255,16617,0,0.239087,0
7401,24955,0,0.255079,0
134612,45603,1,0.518856,1
60672,22935,1,0.43374,0
150919,14861,0,0.410737,0
37795,37489,0,0.232705,0
13330,13841,0,0.290851,0
96766,42110,0,0.412347,0
184142,37646,0,0.353386,0
125901,9092,0,0.387444,0
124436,37067,0,0.399792,0
132863,28836,0,0.321976,0
1490,19421,0,0.387556,0
160936,39275,0,0.36018,0
134209,35561,0,0.344939,0
60683,44389,0,0.483094,1
59698,19713,0,0.284473,0
172353,7181,0,0.198167,0
106994,4367,0,0.349543,0
144542,47893,0,0.298261,0
60946,13176,1,0.398914,0
150225,26032,0,0.305624,0
39727,39272,0,0.222217,0
65092,8016,0,0.264258,0
55215,47626,0,0.409155,0
74654,32585,0,0.362612,0
105437,40723,1,0.423571,0
192675,23726,0,0.360628,0
53525,16797,1,0.371,0
134601,34220,0,0.374302,0
173301,46842,0,0.275007,0
194576,40593,0,0.256487,0
140014,262,0,0.249081,0
181920,32463,0,0.190887,0
130747,47626,0,0.438272,0
52332,6593,0,0.219463,0
54337,15937,0,0.353352,0
8656,41874,0,0.208532,0
83369,44107,0,0.32123,0
32508,2979,0,0.274204,0
92022,44779,0,0.440179,0
107580,1117,0,0.234605,0
134218,16994,0,0.408024,0
68888,4210,0,0.440837,0
117009,22935,0,0.32364,0
176660,14366,0,0.327563,0
24404,42265,0,0.378991,0
35023,4559,0,0.382003,0
141592,16363,0,0.278571,0
66713,31869,0,0.339896,0
10252,17794,0,0.358165,0
186585,21938,0,0.410245,0
5287,38456,0,0.30884,0
152074,36082,0,0.345314,0
17872,31343,0,0.237116,0
150021,5769,0,0.294477,0
55367,29675,0,0.317978,0
52519,28842,0,0.26916,0
136998,19508,0,0.229405,0
101321,148,0,0.401014,0
167730,4421,0,0.268274,0
122883,24507,0,0.19308,0
12115,13672,0,0.21632,0
34027,5818,0,0.364566,0
129285,32578,0,0.306636,0
46902,37357,1,0.452046,1
191428,38419,0,0.385337,0
178236,36550,0,0.326133,0
171616,11987,0,0.375701,0
124012,14792,0,0.196229,0
92252,5098,0,0.384393,0
146403,48946,0,0.320587,0
158866,31506,0,0.436658,0
14333,22825,1,0.36412,0
164453,46434,0,0.310511,0
89120,24713,0,0.40013,0
38607,22959,0,0.429724,0
108979,49131,1,0.361432,0
11729,9438,0,0.50667,1
58919,34126,0,0.35722,0
481,34584,0,0.391444,0
171673,21137,0,0.231984,0
103732,41277,0,0.269587,0
161379,15647,0,0.195928,0
102459,10006,0,0.275762,0
809,16262,0,0.287222,0
191916,3298,0,0.30223,0
126056,44116,0,0.302678,0
52008,34581,0,0.330129,0
129127,32197,0,0.221712,0
5091,43182,1,0.421806,0
31164,46812,0,0.400944,0
86100,42075,0,0.347135,0
204106,13380,0,0.382829,0
153351,5373,0,0.258515,0
192707,17429,0,0.457993,1
5557,21137,0,0.463138,1
85736,48745,0,0.41998,0
67654,46357,0,0.243005,0
129181,21476,0,0.365161,0
148666,2589,0,0.200529,0
144023,32734,0,0.401252,0
42550,16793,0,0.337241,0
7474,39046,0,0.35654,0
177427,3192,0,0.249413,0
16579,11984,0,0.25767,0
50131,9387,0,0.274541,0
157248,47962,0,0.270295,0
102349,32648,0,0.493754,1
30808,14992,0,0.36087,0
121202,17872,0,0.409013,0
188440,33731,0,0.271763,0
184080,32177,0,0.394306,0
127622,2433,0,0.386369,0
63538,35108,0,0.300055,0
154372,20119,0,0.529311,1
123807,35842,0,0.23811,0
70212,7200,0,0.346991,0
118083,26036,0,0.37739,0
163707,4294,0,0.25843,0
47727,4338,0,0.338998,0
89713,24816,0,0.352976,0
182469,27086,0,0.305304,0
64550,31553,0,0.306035,0
130852,38028,0,0.271041,0
164404,47182,0,0.308307,0
139948,43070,0,0.378622,0
36712,21616,0,0.385944,0
162762,31371,1,0.490999,1
63755,605,0,0.394948,0
181981,46807,0,0.22161,0
75815,42669,0,0.348889,0
154926,19173,0,0.397655,0
9785,36550,0,0.410245,0
25679,18656,0,0.292333,0
28460,46676,0,0.393183,0
30452,39621,0,0.398201,0
116129,48057,0,0.402282,0
80162,40555,0,0.275812,0
137001,46361,0,0.375451,0
54472,48299,0,0.42234,0
7718,7241,0,0.386161,0
143164,28204,0,0.431468,0
75238,22447,0,0.423218,0
120488,39928,0,0.283479,0
189867,29116,0,0.351999,0
136679,11182,0,0.340434,0
162742,20114,0,0.324971,0
204237,21338,0,0.38361,0
29400,260,0,0.295963,0
19137,6473,0,0.220571,0
132737,4960,0,0.23288,0
189750,41372,0,0.343337,0
138423,9421,0,0.495965,1
9684,23579,0,0.47865,1
11450,18670,0,0.369731,0
25709,44643,0,0.377977,0
34000,27695,0,0.210819,0
192633,48628,0,0.281396,0
35953,32782,0,0.32176,0
149344,32864,0,0.397121,0
116415,48903,0,0.254024,0
93325,7021,0,0.318824,0
165699,47672,0,0.33305,0
16865,37524,0,0.406778,0
58245,39303,0,0.325144,0
98816,48226,0,0.286424,0
146599,24248,0,0.410259,0
158919,7628,0,0.38511,0
107550,20524,0,0.383184,0
156916,12811,0,0.22205,0
137820,18362,0,0.292005,0
132112,44843,0,0.401031,0
3219,17183,1,0.416606,0
136893,45007,0,0.306522,0
65040,49320,0,0.383904,0
161008,30391,0,0.379332,0
190663,5162,0,0.377508,0
116283,38533,0,0.258379,0
104723,5206,0,0.415667,0
4726,22159,0,0.39876,0
10037,36600,0,0.376891,0
58470,42445,0,0.277692,0
85460,39475,0,0.505381,1
14577,3376,0,0.276006,0
159573,18523,0,0.416379,0
115383,4675,0,0.230367,0
16357,28800,0,0.291796,0
43192,26369,0,0.3168,0
173982,117,0,0.320083,0
131931,1969,0,0.258207,0
148549,8204,1,0.376579,0
168525,18643,0,0.405403,0
128599,14462,1,0.505679,1
171730,29934,0,0.254241,0
120418,19448,0,0.23702,0
176344,1621,1,0.382524,0
34794,21903,0,0.247923,0
102264,9756,0,0.201483,0
61603,46473,0,0.336645,0
60619,28204,0,0.421899,0
14075,7416,0,0.254051,0
46146,4605,0,0.436919,0
117078,8539,0,0.35601,0
183141,43961,0,0.455472,1
176553,26431,0,0.282862,0
24098,17747,0,0.357124,0
192051,45084,0,0.364013,0
110141,30881,0,0.293507,0
198993,16019,0,0.269476,0
23713,32816,0,0.372656,0
25327,1695,0,0.329052,0
200347,13861,0,0.421436,0
172054,6765,0,0.347441,0
18998,43637,0,0.199739,0
168879,39024,0,0.221153,0
70297,44479,0,0.32714,0
53753,21137,0,0.288286,0
199884,45066,0,0.407448,0
40963,29344,0,0.346229,0
96995,35629,0,0.198122,0
40029,651,0,0.28883,0
120211,6482,0,0.362483,0
95390,18362,0,0.288362,0
128637,6867,0,0.267309,0
53061,17835,1,0.360046,0
195898,16133,0,0.338129,0
93325,29204,0,0.300935,0
149159,44310,0,0.291357,0
98200,14084,1,0.461357,1
10152,40313,0,0.34339,0
35398,4302,0,0.217904,0
24362,36956,0,0.302804,0
206201,14861,0,0.213395,0
201330,3952,0,0.35812,0
128752,21903,1,0.519464,1
51118,31635,0,0.431318,0
89298,790,0,0.365513,0
140484,4086,0,0.381217,0
117767,32904,0,0.39017,0
154372,17949,0,0.467176,1
177535,32403,0,0.381617,0
78721,10603,0,0.408252,0
31517,39275,0,0.292164,0
34124,14788,0,0.363585,0
144391,46129,0,0.420247,0
109037,27344,0,0.431956,0
144870,15950,0,0.290764,0
145842,9434,0,0.377773,0
71779,26369,1,0.452267,1
135658,10749,0,0.311177,0
15503,36360,0,0.407992,0
192143,27554,0,0.443798,0
119781,17322,0,0.387411,0
163295,1158,0,0.273315,0
179437,24231,0,0.227022,0
176504,49235,0,0.380269,0
19928,15134,0,0.384766,0
137360,14462,0,0.2677,0
184962,10326,0,0.250373,0
152538,30390,0,0.28253,0
177881,26131,0,0.408302,0
18332,41319,0,0.296745,0
152877,44099,0,0.301523,0
5487,1827,0,0.362021,0
31013,35911,0,0.375991,0
148748,34358,0,0.437599,0
144785,22963,0,0.287782,0
188666,23405,0,0.302879,0
148698,4552,0,0.264048,0
45094,47042,0,0.253016,0
78492,38419,0,0.371239,0
49842,27966,0,0.476156,1
191612,14858,0,0.393815,0
146495,33819,0,0.371431,0
7666,11193,0,0.24748,0
85903,47209,0,0.251964,0
47077,34466,0,0.308564,0
157339,27695,0,0.44841,0
73182,27845,1,0.47599,1
11847,5161,0,0.285724,0
136402,30776,0,0.384376,0
172173,26790,0,0.495352,1
162947,35725,0,0.322143,0
199325,31506,0,0.349339,0
11232,45190,0,0.292271,0
119078,16840,0,0.303036,0
145505,32563,0,0.191189,0
52259,41948,0,0.292761,0
178638,34584,0,0.504022,1
150517,37687,0,0.271826,0
90511,32553,0,0.271428,0
82296,34234,0,0.402976,0
57074,32478,0,0.414641,0
136683,10504,0,0.273194,0
171542,24852,0,0.37725,0
177466,7175,0,0.393448,0
870,12980,0,0.218363,0
107936,9382,0,0.310711,0
174588,2297,0,0.377696,0
12730,4162,0,0.383338,0
150101,35321,0,0.311191,0
67722,10151,0,0.365999,0
127645,27839,0,0.432809,0
108346,36672,0,0.334732,0
8977,20345,0,0.298448,0
97132,43789,0,0.340755,0
25892,48726,0,0.298401,0
47253,10246,1,0.430123,0
58385,34126,0,0.37081,0
81753,2622,0,0.362483,0
154321,35249,0,0.282031,0
144387,15610,0,0.308648,0
15052,2091,0,0.456598,1
147717,26369,0,0.401543,0
76449,36746,0,0.23753,0
129128,16759,0,0.438943,0
103552,40604,0,0.309479,0
179507,5991,0,0.387311,0
58750,47962,0,0.268274,0
113482,21137,0,0.506114,1
5927,8809,0,0.282204,0
71103,40571,1,0.359034,0
192602,9808,0,0.318614,0
167308,33232,0,0.292771,0
98847,2983,0,0.395278,0
133655,30391,0,0.319018,0
159917,46673,0,0.409595,0
24571,36005,0,0.410954,0
63607,26949,1,0.524251,1
127111,23400,0,0.402792,0
181317,2350,0,0.328202,0
167076,45249,0,0.390321,0
110138,35473,0,0.288578,0
47064,47672,0,0.292358,0
176780,1685,0,0.42718,0
17874,39040,1,0.35834,0
133146,37646,0,0.274541,0
109154,4920,0,0.487962,1
202588,47209,0,0.445945,0
164265,5077,0,0.391959,0
67010,42139,0,0.354438,0
9786,34448,0,0.309489,0
198212,42796,0,0.23753,0
105169,26002,0,0.376106,0
153016,7378,0,0.287462,0
7952,30620,0,0.353983,0
163454,36256,0,0.44966,0
204799,43352,0,0.434017,0
26929,32734,0,0.237047,0
2390,38313,0,0.273515,0
63334,7156,0,0.389974,0
45410,31299,0,0.382084,0
106718,7156,0,0.207698,0
81765,28204,0,0.366386,0
193496,45066,0,0.347996,0
55281,4799,0,0.3423,0
184441,7500,0,0.253214,0
81303,29327,0,0.25472,0
199298,49451,0,0.429491,0
72919,6348,0,0.287642,0
201678,33945,0,0.26917,0
87097,35633,0,0.359881,0
166399,33198,0,0.385593,0
43023,24079,0,0.363429,0
119024,21630,0,0.359324,0
31093,30463,0,0.341418,0
79743,33736,0,0.388626,0
84755,31328,0,0.348216,0
130115,34217,0,0.287161,0
195846,5438,0,0.352507,0
88422,8628,0,0.222191,0
163221,10749,0,0.276779,0
189678,15689,0,0.394783,0
109320,41276,1,0.407797,0
194494,26257,0,0.472591,1
45131,979,0,0.246811,0
129355,28204,0,0.440227,0
113749,18827,0,0.333434,0
100465,27695,0,0.276807,0
128537,2116,0,0.376649,0
127366,8057,0,0.262663,0
198099,9159,0,0.36889,0
95991,17541,0,0.376362,0
204605,46616,0,0.204595,0
105529,22093,0,0.268089,0
119423,20588,0,0.416107,0
90760,18142,0,0.313697,0
33216,43371,0,0.316533,0
89622,2228,0,0.396852,0
23650,49683,0,0.52268,1
46979,21009,0,0.409289,0
149437,41165,0,0.445032,0
85141,4317,0,0.300771,0
106204,11034,0,0.373056,0
48744,14828,0,0.214235,0
64971,49585,0,0.369743,0
196297,38087,0,0.297536,0
178735,14761,0,0.219888,0
128453,2091,1,0.396627,0
161493,22521,0,0.201971,0
202455,7255,0,0.416107,0
117733,31371,0,0.2725,0
170323,17328,1,0.448233,0
27808,16617,0,0.273515,0
102646,5086,0,0.439366,0
198933,18987,0,0.221466,0
188688,2298,0,0.240551,0
183496,43735,0,0.40423,0
95991,46667,0,0.456877,1
47737,43421,0,0.391661,0
116943,10255,0,0.373625,0
142150,30720,0,0.291031,0
131848,34358,0,0.395203,0
47379,26776,0,0.348388,0
131273,33636,0,0.440355,0
92343,45007,0,0.269843,0
112293,5120,0,0.216965,0
48132,31500,0,0.332648,0
34606,32869,0,0.320794,0
134080,41488,0,0.275906,0
156151,33509,0,0.342455,0
194459,16965,0,0.424864,0
98820,17487,0,0.432092,0
34578,49683,0,0.364023,0
87498,46260,0,0.366865,0
45094,33731,0,0.233311,0
22031,31343,0,0.455797,1
103553,8518,0,0.24737,0
14075,38593,0,0.252096,0
149473,33746,0,0.330542,0
86377,14197,0,0.402646,0
14279,30391,0,0.462204,1
8090,31987,0,0.270295,0
50153,2078,0,0.287738,0
143707,5212,0,0.242748,0
71562,25146,0,0.390565,0
57210,5077,0,0.480851,1
63720,21293,0,0.233574,0
103636,13535,0,0.293415,0
9785,41544,0,0.382555,0
75126,128,0,0.369636,0
134675,42768,0,0.424266,0
87490,20479,0,0.277995,0
34505,46979,0,0.415762,0
136003,28928,0,0.389974,0
107376,27237,1,0.387726,0
2884,14650,0,0.359537,0
107832,38647,0,0.401031,0
58218,49241,0,0.268174,0
55741,47672,1,0.365315,0
175040,11198,0,0.30558,0
166049,39275,0,0.405907,0
16165,14414,0,0.398056,0
205961,6343,0,0.391642,0
63073,11136,0,0.195859,0
313,49175,0,0.428316,0
120667,3689,0,0.248213,0
122343,28682,0,0.225344,0
65010,39337,1,0.459207,1
185464,31268,0,0.375859,0
198949,16363,0,0.355526,0
75036,2309,0,0.380515,0
179437,41610,0,0.227022,0
140121,47626,0,0.236516,0
188507,25741,0,0.208588,0
13449,46139,0,0.340765,0
59937,12899,0,0.325139,0
86107,8929,0,0.48054,1
177680,35633,0,0.317847,0
75020,19821,0,0.291667,0
135404,12258,0,0.478718,1
84086,40377,0,0.38346,0
154299,2763,0,0.232832,0
74953,25472,0,0.302761,0
151105,6908,0,0.372091,0
112656,3880,0,0.423359,0
111128,45495,1,0.42256,0
26849,21526,0,0.292943,0
195552,2846,0,0.410532,0
166291,19809,0,0.314383,0
88441,32734,0,0.353778,0
125155,7021,0,0.224715,0
36328,23400,0,0.403587,0
9988,10749,0,0.485129,1
73929,14267,0,0.211272,0
139039,17505,0,0.399303,0
17153,46969,0,0.363339,0
101603,5194,0,0.282228,0
201992,24838,0,0.262822,0
49145,21038,1,0.497369,1
200273,24561,0,0.298191,0
19794,12858,0,0.227988,0
200775,32365,0,0.40312,0
719,33857,0,0.43315,0
127006,23088,0,0.318431,0
121473,2450,0,0.292712,0
173413,28008,0,0.239087,0
23998,27796,0,0.339816,0
52440,25899,0,0.29707,0
132961,21393,0,0.378016,0
107306,33985,0,0.203284,0
126896,27156,0,0.364771,0
140648,36005,0,0.255079,0
175965,10246,0,0.378131,0
23179,33572,0,0.285344,0
85092,5132,1,0.40751,0
85088,6870,0,0.299704,0
168546,9531,0,0.401488,0
65333,19613,0,0.420633,0
81603,23537,0,0.35236,0
71187,27951,0,0.278378,0
85176,48364,0,0.462219,1
185290,2966,0,0.274541,0
197815,1408,0,0.362444,0
40622,43295,0,0.349703,0
112497,7952,0,0.250775,0
179973,15438,0,0.334622,0
109836,30489,0,0.297543,0
202402,49111,0,0.248134,0
4226,8193,0,0.275461,0
200442,33195,0,0.378596,0
74412,46979,0,0.364608,0
59759,34126,0,0.468667,1
39206,35119,0,0.314148,0
160812,11109,0,0.23134,0
169551,7987,0,0.256913,0
130137,7788,0,0.401154,0
144175,21174,0,0.298882,0
165235,19612,0,0.410135,0
96643,48192,0,0.229775,0
98386,17704,0,0.243151,0
149662,22963,1,0.466847,1
80710,23917,0,0.365917,0
163401,23537,0,0.412869,0
184155,33073,0,0.425081,0
76886,20608,0,0.352771,0
179870,28373,0,0.405688,0
20712,5876,0,0.388804,0
175728,890,0,0.216491,0
166044,37257,0,0.393989,0
116041,3298,0,0.409766,0
194566,25230,0,0.443615,0
73101,16797,0,0.422179,0
190679,8193,0,0.337574,0
13562,35535,0,0.354233,0
4517,22935,0,0.346985,0
160605,34126,0,0.375913,0
205417,39275,0,0.421715,0
125090,31744,0,0.269327,0
22617,37497,0,0.305056,0
178601,13874,0,0.267835,0
66477,9881,0,0.406564,0
52089,44027,0,0.209617,0
168276,30391,0,0.268194,0
122346,49079,0,0.416736,0
64778,33080,0,0.278795,0
119503,26324,0,0.429533,0
63860,15028,0,0.262795,0
141340,47479,0,0.374795,0
62116,1511,0,0.552189,1
156105,40708,0,0.437822,0
142038,33232,0,0.29213,0
5910,5746,0,0.253748,0
132156,6740,0,0.350145,0
80094,27240,0,0.373877,0
27038,22935,0,0.42926,0
75770,15091,0,0.4176,0
77466,1181,0,0.269959,0
61038,38949,0,0.391179,0
163569,39619,0,0.40861,0
53102,13170,0,0.357215,0
14991,31915,0,0.364517,0
146667,33647,0,0.420583,0
206127,31102,0,0.300793,0
130571,15479,0,0.211423,0
10555,32655,0,0.430392,0
20061,43933,0,0.255079,0
25403,39275,1,0.453905,1
108161,4913,0,0.400455,0
76159,5097,0,0.401214,0
7817,16419,0,0.417794,0
180670,34735,0,0.422016,0
45538,32850,0,0.26334,0
72815,5258,0,0.237395,0
81297,7925,0,0.402887,0
51872,44632,0,0.315485,0
59252,9387,0,0.426822,0
190561,17830,0,0.313758,0
17526,12663,0,0.403749,0
57124,26706,0,0.258515,0
152051,35547,0,0.279417,0
99675,33636,0,0.350703,0
35828,31215,0,0.322054,0
203126,16185,0,0.288449,0
50236,5077,0,0.375583,0
86915,43376,0,0.381125,0
74840,19821,0,0.20513,0
69521,19904,0,0.392643,0
88860,48246,0,0.39532,0
102170,47626,0,0.335355,0
129487,46275,0,0.466074,1
89337,46979,0,0.45828,1
65320,4945,0,0.201532,0
55911,13780,0,0.336535,0
121178,33237,1,0.496009,1
43982,46697,0,0.37063,0
5295,18418,0,0.412465,0
178284,10831,0,0.362135,0
146059,39430,0,0.286061,0
205110,26249,0,0.319299,0
66403,27744,0,0.329613,0
157028,5876,0,0.396543,0
64305,32442,0,0.222127,0
15257,37250,0,0.393364,0
169323,27292,0,0.415944,0
154593,18441,0,0.388569,0
164037,20520,0,0.228817,0
69266,7948,0,0.435245,0
189062,24273,0,0.235614,0
204321,8424,0,0.297543,0
61385,5876,0,0.273975,0
121252,7131,0,0.406418,0
53184,37250,0,0.273064,0
33544,22124,0,0.409929,0
183059,8012,0,0.273252,0
193580,21295,0,0.421419,0
193204,23926,0,0.258113,0
181383,23032,0,0.336407,0
53222,16439,0,0.225928,0
171390,11953,0,0.221367,0
444,2979,1,0.521516,1
124341,43352,0,0.408692,0
137392,31217,0,0.217641,0
92379,36652,0,0.331338,0
188395,48118,0,0.249167,0
196428,20682,0,0.47083,1
126818,42368,0,0.383877,0
17915,4920,0,0.275288,0
105939,35647,0,0.188929,0
26406,11448,0,0.259344,0
197291,14553,0,0.392475,0
120617,37213,0,0.393652,0
90464,35418,0,0.226778,0
186303,27966,0,0.300641,0
96825,40120,0,0.406305,0
106562,17823,0,0.324603,0
109942,12756,1,0.439591,0
113405,44008,0,0.449479,0
174963,29079,0,0.326298,0
113862,44632,0,0.364126,0
20090,34358,0,0.276807,0
141711,22247,0,0.391631,0
35606,24830,0,0.459133,1
42336,37248,0,0.255219,0
5195,46393,0,0.292333,0
26314,23543,0,0.45598,1
135172,21903,1,0.515281,1
914,40691,0,0.238197,0
91772,26369,0,0.283251,0
77597,5450,0,0.388524,0
113238,32537,0,0.253323,0
189217,11250,0,0.401617,0
163202,41581,0,0.209495,0
168324,28842,0,0.268159,0
183818,33000,0,0.421088,0
62565,39298,0,0.341061,0
192811,47759,0,0.271942,0
194307,10724,0,0.263284,0
106491,8955,0,0.40009,0
145114,14514,0,0.235144,0
145048,40292,0,0.410262,0
117402,43122,0,0.356488,0
49804,42265,0,0.387651,0
66024,27104,1,0.509019,1
22040,36291,0,0.298367,0
197827,13911,0,0.358521,0
135538,38799,0,0.340718,0
142279,9492,0,0.254841,0
189711,32537,0,0.37035,0
25403,28123,0,0.343441,0
4831,44008,0,0.443741,0
158763,11152,0,0.353983,0
57800,28380,0,0.20001,0
51312,12254,0,0.401145,0
79231,48956,0,0.381806,0
12026,24516,0,0.259083,0
173308,24263,0,0.377508,0
174212,8467,0,0.261454,0
59182,43504,0,0.286664,0
124009,39163,0,0.248086,0
25364,36994,0,0.430881,0
168326,39475,0,0.283639,0
138423,37201,0,0.404183,0
22974,5612,0,0.426694,0
157395,29668,0,0.31129,0
168059,41140,0,0.229407,0
104264,3344,0,0.31567,0
147617,31921,0,0.377351,0
120296,24841,0,0.404678,0
6141,14486,0,0.320794,0
196158,16823,0,0.442179,0
32264,5438,0,0.251879,0
124421,33819,0,0.373514,0
143948,22178,0,0.372649,0
204827,17461,0,0.406705,0
58698,27913,0,0.288223,0
10877,31717,0,0.461965,1
194188,14332,0,0.368569,0
76600,32385,0,0.343112,0
204818,35989,0,0.28946,0
117541,11777,0,0.438596,0
78560,5266,0,0.351919,0
17036,2295,0,0.365816,0
182282,41960,0,0.23488,0
185640,43183,0,0.441514,0
159778,36310,0,0.354814,0
10037,35042,0,0.349654,0
36213,7751,1,0.401168,0
188390,28384,0,0.20001,0
172904,14159,0,0.339082,0
19200,5621,0,0.21703,0
184716,49319,0,0.227985,0
16760,10453,0,0.381022,0
23306,24852,1,0.463808,1
43305,16797,0,0.244755,0
124192,27530,0,0.264048,0
102962,276,0,0.204265,0
168531,4149,0,0.385437,0
48296,41679,1,0.451744,1
130573,18498,0,0.230647,0
143687,22935,0,0.281403,0
92189,2979,0,0.354868,0
23241,41238,0,0.277074,0
43437,13772,0,0.378271,0
156679,47209,0,0.478905,1
16843,45007,0,0.458378,1
54627,31215,0,0.387179,0
29074,43986,0,0.393877,0
40422,26751,0,0.378136,0
148076,19893,0,0.261321,0
155976,37825,0,0.281545,0
46589,7948,0,0.402024,0
84363,2573,0,0.37676,0
49475,7781,0,0.374834,0
121695,8075,0,0.368561,0
147704,20502,0,0.36059,0
119617,4269,0,0.36149,0
130471,39491,0,0.22756,0
172936,7641,0,0.339348,0
49187,33303,0,0.326375,0
127313,36107,0,0.472156,1
71879,13351,0,0.33193,0
179291,11849,0,0.350779,0
110667,14493,0,0.465769,1
69205,21376,0,0.346424,0
64636,32943,0,0.29956,0
159840,43758,0,0.382743,0
131570,6795,0,0.380461,0
155793,21243,0,0.477288,1
198273,18395,0,0.271975,0
64684,5912,0,0.382007,0
194857,6160,0,0.246347,0
167747,33886,1,0.457179,1
101747,40300,0,0.404644,0
150125,18117,0,0.299923,0
147650,36640,0,0.336293,0
108560,30482,0,0.430391,0
756,1621,0,0.355911,0
182997,29363,0,0.229622,0
69750,39693,0,0.376802,0
179834,18465,1,0.504848,1
140852,38269,0,0.3352,0
2484,45578,0,0.262795,0
112744,17738,0,0.37612,0
7385,8518,0,0.357314,0
73838,40969,0,0.4112,0
75068,2231,0,0.242086,0
10326,44238,0,0.418592,0
109588,28425,0,0.442544,0
190021,32478,1,0.475704,1
179973,31506,0,0.394917,0
148814,13500,0,0.393046,0
88513,24333,0,0.212275,0
70440,30639,0,0.295407,0
168525,25354,0,0.389533,0
11873,25745,0,0.400698,0
1373,3793,0,0.259138,0
113801,22238,0,0.343413,0
59952,45544,0,0.310371,0
36342,4724,0,0.353218,0
132299,130,0,0.202465,0
130284,34689,0,0.253528,0
6433,18353,0,0.302492,0
53836,43961,0,0.368394,0
142096,17231,0,0.380985,0
124328,5564,0,0.385404,0
104705,42629,0,0.34134,0
179699,27275,0,0.269386,0
202876,16432,0,0.286136,0
95513,32293,0,0.360442,0
70729,12341,1,0.488643,1
46374,10032,0,0.331049,0
14035,22736,0,0.214744,0
111654,2643,0,0.23681,0
181406,35594,0,0.336164,0
132672,49615,1,0.478109,1
107974,42736,0,0.237116,0
205805,21953,0,0.2523,0
180884,34449,0,0.288125,0
91377,29328,0,0.3575,0
128687,21174,0,0.403197,0
29529,49079,0,0.277085,0
3802,21288,0,0.397479,0
59221,19683,0,0.20017,0
51213,31589,0,0.203435,0
70016,890,0,0.224287,0
122937,39561,0,0.21687,0
18083,28311,0,0.221689,0
136064,19508,0,0.219003,0
101725,20944,0,0.368681,0
72814,32864,0,0.29731,0
135309,6089,0,0.350202,0
31278,3055,0,0.321686,0
85952,7704,0,0.290196,0
101546,39469,0,0.362894,0
48580,33401,0,0.331556,0
101577,15153,0,0.358245,0
108909,33700,0,0.244513,0
195427,18954,0,0.200682,0
33291,11143,0,0.25443,0
13788,9597,0,0.386755,0
55658,18339,0,0.400509,0
164808,45013,0,0.426918,0
84883,6046,0,0.237836,0
205018,43961,0,0.48738,1
23057,40516,0,0.3258,0
57097,260,0,0.281148,0
124758,39947,0,0.400767,0
96424,44090,0,0.281453,0
161240,48568,0,0.203587,0
151983,23102,0,0.394126,0
41142,40380,0,0.336594,0
94534,28985,0,0.491074,1
43982,31683,0,0.366553,0
194188,605,0,0.297099,0
177484,10960,0,0.254604,0
83249,1639,0,0.379594,0
6562,3858,0,0.269386,0
120672,4605,0,0.223255,0
131411,25885,0,0.214252,0
197970,37749,0,0.322046,0
14503,44116,0,0.503565,1
155258,20063,0,0.258569,0
60627,33509,0,0.219454,0
4047,49683,0,0.377687,0
97168,21547,1,0.460258,1
65730,31506,0,0.405757,0
53963,47209,0,0.497854,1
162447,25647,0,0.362422,0
177889,16769,0,0.318825,0
67772,28465,0,0.439278,0
76678,42322,0,0.306851,0
196119,24852,0,0.298371,0
77968,17568,0,0.281545,0
103217,33043,0,0.330182,0
194109,23643,0,0.283483,0
25636,31683,1,0.432613,0
70801,36835,1,0.429948,0
167547,27845,0,0.305136,0
116855,45854,0,0.362781,0
155582,4317,0,0.380521,0
153786,29662,1,0.442078,0
116810,21938,0,0.404496,0
43304,28849,0,0.327243,0
165708,21230,0,0.326095,0
168978,24009,0,0.358289,0
167649,27966,1,0.494873,1
177069,29487,0,0.420646,0
84374,22309,0,0.463196,1
21535,8390,0,0.20651,0
10538,11619,0,0.334652,0
8423,18634,0,0.240467,0
3168,43961,0,0.371179,0
112654,23554,0,0.211347,0
61845,24489,0,0.408441,0
201142,45007,1,0.386108,0
192827,17807,1,0.462649,1
49574,18465,0,0.327243,0
140203,34969,0,0.293669,0
51853,38777,0,0.369113,0
143111,31343,0,0.320458,0
25892,39218,0,0.283606,0
143831,4210,0,0.430926,0
82475,1573,0,0.3082,0
110001,12545,0,0.363634,0
30265,26210,0,0.197819,0
107946,18339,0,0.325584,0
6622,47500,0,0.386384,0
23281,44142,0,0.377434,0
130461,28088,0,0.342513,0
44280,45946,0,0.268274,0
75407,40706,0,0.478587,1
54859,25824,0,0.260091,0
66758,4421,0,0.382641,0
141456,34358,0,0.233375,0
26359,25659,0,0.446338,0
114570,46584,0,0.206425,0
120164,6184,0,0.429622,0
22319,16521,0,0.25767,0
5919,27521,0,0.332,0
28813,39877,0,0.28655,0
4431,34027,0,0.313621,0
50540,34878,0,0.400858,0
205203,9421,0,0.308609,0
151994,34321,0,0.200529,0
177266,44632,0,0.372901,0
127486,22035,0,0.239885,0
192423,29095,0,0.421691,0
21825,9076,0,0.301735,0
96953,46346,0,0.407046,0
178046,26209,0,0.467185,1
197911,19048,0,0.262991,0
67438,546,0,0.323481,0
124003,32971,0,0.273064,0
71051,40878,0,0.416932,0
53852,41950,0,0.225977,0
166254,39984,0,0.286039,0
106704,13646,1,0.496268,1
8059,39928,0,0.341131,0
112872,48205,0,0.349292,0
70729,13431,1,0.41079,0
172596,34243,0,0.426058,0
142477,20114,0,0.277128,0
7440,19019,0,0.227508,0
111596,33438,0,0.272838,0
126522,9076,0,0.438075,0
66895,4920,0,0.273098,0
88548,22395,0,0.284384,0
152712,781,0,0.36577,0
184990,6873,1,0.502964,1
17108,13858,0,0.325181,0
165235,35871,0,0.447577,0
88644,47912,1,0.363395,0
172852,44088,0,0.375909,0
28789,30489,1,0.452461,1
93728,12845,0,0.256713,0
101048,33768,0,0.422905,0
204590,22866,1,0.420028,0
97132,7156,0,0.348104,0
157055,12144,0,0.448045,0
79746,48896,0,0.383781,0
47077,27374,0,0.289756,0
101020,14505,0,0.338642,0
21165,20485,0,0.434851,0
57363,43961,1,0.477072,1
76449,12925,0,0.234507,0
164837,9906,0,0.316507,0
4509,47305,0,0.448737,0
180933,46709,0,0.279813,0
76168,4931,0,0.414528,0
178236,19478,0,0.323013,0
29291,47209,0,0.388677,0
78240,39877,0,0.242329,0
81317,16518,0,0.404757,0
94624,12230,0,0.294273,0
38272,10017,0,0.429868,0
77519,16589,0,0.413539,0
87105,31130,0,0.251954,0
158241,5120,0,0.347226,0
43741,7131,0,0.398617,0
58040,18963,0,0.272146,0
30363,38400,0,0.416216,0
20853,21872,0,0.355123,0
177104,2966,0,0.346317,0
195704,28928,0,0.485494,1
127753,8955,0,0.364104,0
137043,9387,0,0.385302,0
132076,39590,0,0.337515,0
101321,19820,1,0.479832,1
132151,34025,0,0.397834,0
108019,28785,0,0.217641,0
13173,31506,0,0.327302,0
204436,34012,0,0.401518,0
77403,30489,0,0.237805,0
109999,16759,0,0.277004,0
200804,32303,0,0.273014,0
146516,28805,0,0.348455,0
71223,5322,0,0.509517,1
22818,12341,0,0.343374,0
116825,28733,0,0.349402,0
95978,36431,0,0.396042,0
121981,31717,0,0.376755,0
87936,28427,0,0.26308,0
49472,890,0,0.476045,1
204632,6383,1,0.410323,0
55236,25642,0,0.374975,0
67847,2298,0,0.472308,1
25434,46526,0,0.198122,0
100780,29837,0,0.463479,1
61000,38456,0,0.245705,0
140210,21137,0,0.446351,0
193148,29700,0,0.318942,0
4726,9554,0,0.334146,0
79838,14633,0,0.483,1
131260,34451,0,0.411944,0
72493,32331,0,0.310049,0
40338,29987,0,0.272383,0
108402,5550,0,0.23753,0
100047,43352,0,0.345263,0
175960,26369,0,0.288312,0
42113,47026,0,0.332302,0
97049,40199,0,0.415633,0
26679,47209,0,0.308229,0
136554,39561,0,0.393907,0
109426,49139,0,0.361501,0
201515,605,0,0.418276,0
194861,27553,0,0.344075,0
5557,23630,0,0.34274,0
34772,43545,0,0.250925,0
150761,46969,0,0.435938,0
152074,48679,0,0.36012,0
109106,12404,0,0.257755,0
177369,42556,0,0.368295,0
17933,7806,0,0.328141,0
182510,41658,0,0.273644,0
84610,9177,0,0.309717,0
55713,46935,0,0.308069,0
191012,49533,0,0.306805,0
107677,32784,0,0.359131,0
4192,19446,0,0.302492,0
194464,18727,0,0.427496,0
131131,10644,0,0.369151,0
136491,16454,0,0.268801,0
55388,22312,0,0.361622,0
72008,25504,0,0.20001,0
183274,47209,0,0.26203,0
73821,21903,1,0.545531,1
41552,45007,0,0.443161,0
16837,35333,0,0.318064,0
199879,39921,0,0.262842,0
70305,20583,0,0.464628,1
141094,37646,0,0.226134,0
45244,35419,1,0.351258,0
5551,17085,0,0.254248,0
161187,24852,0,0.35943,0
29074,27714,0,0.374544,0
43762,20776,0,0.260799,0
162921,13263,0,0.296075,0
62010,37053,0,0.251879,0
150090,31818,0,0.366854,0
156784,36780,0,0.233507,0
118466,18441,0,0.260058,0
28546,38618,0,0.325091,0
30820,25705,0,0.422948,0
13955,43875,0,0.403283,0
5384,5547,0,0.34951,0
125355,44570,0,0.300459,0
89182,25144,0,0.361556,0
11698,26384,0,0.382291,0
50649,5068,0,0.245937,0
148364,1940,0,0.476209,1
111782,26209,0,0.313552,0
158091,28204,0,0.372783,0
8925,31663,0,0.388002,0
111376,4713,0,0.315022,0
168724,17622,0,0.318686,0
31484,125,0,0.304226,0
187748,10998,0,0.337306,0
4192,2537,0,0.298506,0
124868,47601,1,0.382597,0
108322,18709,0,0.354668,0
123617,21405,0,0.376755,0
151189,5578,0,0.371657,0
133016,12564,0,0.282331,0
88879,42356,0,0.49476,1
167864,1463,0,0.225302,0
21227,18594,0,0.415232,0
173281,16797,0,0.293669,0
15235,46692,0,0.381209,0
138762,37193,0,0.213783,0
141321,1757,0,0.250106,0
180622,34396,0,0.329528,0
89858,14197,0,0.39219,0
128796,48697,0,0.330867,0
158006,41588,0,0.226377,0
165430,20370,0,0.36378,0
99680,35400,0,0.319649,0
182558,95,0,0.248328,0
189079,13565,0,0.438029,0
154350,9755,0,0.276925,0
168334,40268,0,0.397272,0
167761,22556,0,0.446734,0
8677,3339,0,0.325202,0
108322,7177,0,0.360479,0
200473,5933,0,0.35815,0
186246,15897,0,0.237116,0
59602,15324,0,0.406812,0
165337,16174,0,0.363324,0
202388,49235,0,0.274211,0
93040,25952,0,0.440311,0
168334,12464,0,0.354387,0
38291,7781,0,0.413462,0
75825,39561,0,0.337561,0
92568,35838,0,0.21254,0
202189,49488,0,0.359767,0
42408,36735,0,0.350541,0
137724,39719,0,0.365237,0
34407,49235,0,0.428824,0
123582,8903,0,0.253378,0
97816,44949,0,0.355592,0
184538,37637,0,0.338266,0
10828,35042,0,0.416589,0
124903,12276,0,0.261809,0
176846,19514,0,0.354439,0
12103,5961,0,0.217703,0
172362,7835,0,0.424636,0
36149,12419,0,0.312601,0
205745,49128,0,0.328057,0
150189,20119,1,0.52882,1
92252,121,1,0.380996,0
56584,45633,0,0.364688,0
58368,8277,0,0.421389,0
18384,3376,0,0.26288,0
130102,16953,0,0.397359,0
27104,3962,0,0.312153,0
122539,14678,0,0.408506,0
106267,23576,0,0.380597,0
94463,25272,0,0.416444,0
48125,39470,0,0.418375,0
76589,13176,0,0.43416,0
98614,18716,0,0.270947,0
37678,3656,0,0.250573,0
48463,24881,0,0.422325,0
84586,28862,0,0.450263,1
154819,31275,0,0.382998,0
160911,5450,0,0.330981,0
114771,47209,0,0.440488,0
34705,33731,0,0.281599,0
68439,41570,0,0.282093,0
193514,44449,0,0.347451,0
63353,27573,0,0.264902,0
32863,40448,0,0.273705,0
47354,35946,1,0.471766,1
178374,5897,0,0.340915,0
21951,20118,0,0.4443,0
125881,11132,0,0.263259,0
149348,27796,0,0.256052,0
89857,22268,0,0.331753,0
146257,36736,0,0.329454,0
2396,33523,0,0.435804,0
124188,38622,1,0.51411,1
152011,30638,0,0.435955,0
80161,44912,0,0.206833,0
107053,14462,0,0.392447,0
80603,13885,0,0.343851,0
93251,13605,0,0.21046,0
70165,44245,0,0.375149,0
127071,27355,0,0.23048,0
181652,18198,0,0.200684,0
166983,22365,0,0.319632,0
184549,43234,1,0.420891,0
68944,46672,0,0.361579,0
24279,11198,0,0.295352,0
175809,12909,0,0.376813,0
97544,22825,1,0.422426,0
69935,7021,0,0.394142,0
168640,3545,0,0.374354,0
197184,47738,0,0.348466,0
47565,21903,0,0.309142,0
98700,46979,0,0.253023,0
159240,31958,0,0.322725,0
51256,9839,0,0.341291,0
74705,41165,0,0.386216,0
62624,36885,0,0.2503,0
151986,32259,0,0.336089,0
144905,22504,0,0.376225,0
162117,27156,0,0.250333,0
99758,22395,0,0.25217,0
187878,36736,0,0.215799,0
56096,2452,0,0.308671,0
186178,46455,0,0.389782,0
168442,46515,0,0.465066,1
133426,27336,0,0.272307,0
28607,11520,0,0.365241,0
5655,35887,0,0.361647,0
111078,17872,0,0.291067,0
68020,16185,0,0.435606,0
115600,31553,0,0.397911,0
63237,14927,0,0.348586,0
25401,13176,1,0.455761,1
52070,26648,0,0.278901,0
199280,2996,0,0.28937,0
128238,27243,0,0.370189,0
37961,36011,0,0.367017,0
198933,41351,0,0.216747,0
13253,21292,0,0.459472,1
127466,4421,0,0.242974,0
158993,32052,0,0.335773,0
157312,29848,0,0.432262,0
12241,952,0,0.213448,0
129055,29926,0,0.327156,0
58075,48118,0,0.24921,0
47584,30204,0,0.369763,0
34567,10668,1,0.427838,0
105407,30849,0,0.340217,0
69513,35986,0,0.357169,0
160991,33950,0,0.381707,0
123810,44424,0,0.263969,0
68315,35939,0,0.236433,0
190676,35948,0,0.195013,0
183782,39029,0,0.189195,0
37617,40898,0,0.341572,0
1538,19537,0,0.402459,0
68298,22788,0,0.38058,0
108790,49683,0,0.247251,0
197620,5337,0,0.450857,1
139425,18115,0,0.376481,0
71315,43612,0,0.37903,0
169183,24009,0,0.384666,0
154541,34450,1,0.495018,1
98267,13702,0,0.314518,0
62824,31338,0,0.301312,0
194839,37687,1,0.416919,0
58774,47626,0,0.38221,0
200821,25659,0,0.242277,0
105667,39040,0,0.362935,0
61175,44422,0,0.253186,0
7572,45633,0,0.311538,0
106819,14811,0,0.278311,0
137663,14536,0,0.25073,0
22025,46654,1,0.462121,1
140466,28204,1,0.421146,0
60754,9945,0,0.373613,0
180930,9076,0,0.24737,0
24728,8988,0,0.212433,0
68070,46383,0,0.371086,0
150566,42265,1,0.484123,1
127605,4957,0,0.253454,0
149525,44663,0,0.343614,0
184538,42620,0,0.331068,0
157716,42976,1,0.373257,0
100330,23535,0,0.367589,0
119885,19048,0,0.47156,1
152958,37004,0,0.254241,0
122704,29092,0,0.336734,0
138105,40682,0,0.3981,0
121548,23288,0,0.471247,1
105527,35340,0,0.213525,0
57242,39055,0,0.421656,0
98905,41148,0,0.365952,0
52360,4957,0,0.39098,0
150237,39225,0,0.225838,0
18998,43352,0,0.215825,0
130495,14881,0,0.25397,0
162126,21616,0,0.444573,0
203595,7547,0,0.353011,0
150090,26831,0,0.381394,0
97595,35077,0,0.219463,0
163761,12015,0,0.327392,0
102199,14197,0,0.212811,0
37982,21681,0,0.312865,0
171865,40348,0,0.410874,0
77665,13176,0,0.309172,0
67237,45345,0,0.309895,0
21507,5383,0,0.380521,0
87244,30292,0,0.279304,0
91204,27086,1,0.436531,0
131890,21616,0,0.400781,0
90392,38583,0,0.345742,0
154409,22228,0,0.356168,0
15411,16797,0,0.322776,0
102962,32465,0,0.197536,0
163096,39275,0,0.423792,0
177487,18876,0,0.398147,0
174084,26856,0,0.347977,0
3584,19006,0,0.406531,0
36274,49478,0,0.252912,0
38821,40199,0,0.223843,0
75664,28769,0,0.310568,0
39761,16797,1,0.53275,1
137785,23785,0,0.354481,0
175768,10872,0,0.3395,0
5393,48364,0,0.416275,0
53350,10895,0,0.465909,1
114532,10126,0,0.212377,0
23949,32839,0,0.217796,0
175565,12756,0,0.309084,0
97151,34582,0,0.392375,0
115383,34940,0,0.233574,0
98004,29311,0,0.409567,0
175303,10749,0,0.541634,1
29230,49683,0,0.338768,0
203998,41950,0,0.283776,0
116943,22142,0,0.334904,0
90884,13535,0,0.342614,0
8832,42533,0,0.341286,0
169252,39787,0,0.388141,0
168662,20650,0,0.259281,0
20737,31469,0,0.272556,0
77571,34126,0,0.356209,0
117543,432,0,0.283479,0
152938,31736,0,0.216727,0
98197,24852,0,0.387252,0
14268,40026,0,0.20718,0
190292,48482,0,0.369539,0
87003,39275,0,0.228022,0
38164,141,0,0.246588,0
128000,1158,0,0.335824,0
122439,19691,0,0.353512,0
4442,17794,0,0.215429,0
148834,40836,0,0.443423,0
179003,36759,0,0.416421,0
99979,18234,0,0.298848,0
201355,21019,1,0.441138,0
13783,10243,0,0.315976,0
15134,24964,0,0.288174,0
178412,17794,0,0.380649,0
56886,39247,0,0.299388,0
191426,25890,0,0.323652,0
96030,4163,0,0.261052,0
1150,27845,0,0.362781,0
150438,17545,0,0.273226,0
205886,22142,0,0.338572,0
176650,21573,0,0.282067,0
66868,21608,0,0.445448,0
39721,28934,0,0.43559,0
195793,24764,0,0.329223,0
74349,19389,0,0.320204,0
71709,9825,0,0.457298,1
77897,45633,0,0.331843,0
52868,19468,0,0.185489,0
50796,19057,0,0.441189,0
129300,21174,1,0.428632,0
181652,5819,0,0.314883,0
12223,13380,1,0.440596,0
12895,5566,0,0.404742,0
19981,30146,0,0.391471,0
152601,20502,0,0.257976,0
61581,39812,0,0.220767,0
122937,39928,0,0.254473,0
38015,46393,0,0.251851,0
202819,44765,1,0.499476,1
152763,4920,0,0.408364,0
202844,28104,0,0.436499,0
103033,5588,0,0.24921,0
198273,23734,0,0.302206,0
180067,18838,0,0.242437,0
177082,27471,0,0.395183,0
189954,21137,0,0.215872,0
64061,36070,0,0.285524,0
46033,43295,0,0.474561,1
181676,3376,0,0.421585,0
48649,1202,0,0.420015,0
128263,16797,0,0.416054,0
158589,27442,0,0.396301,0
190354,3298,0,0.397026,0
179310,30529,0,0.343725,0
119744,25830,0,0.271942,0
117247,27291,0,0.316518,0
43072,36082,0,0.284311,0
65281,22828,0,0.377843,0
41551,47848,0,0.238374,0
203267,27801,0,0.382408,0
141693,4962,0,0.288128,0
133597,30169,0,0.296831,0
185448,1695,0,0.280827,0
78721,43122,0,0.38709,0
53222,35824,0,0.214602,0
142241,21614,0,0.363943,0
85552,2078,0,0.438971,0
121984,18411,0,0.297844,0
122073,27845,0,0.280823,0
166255,10749,0,0.320281,0
110296,49605,0,0.373859,0
173804,10305,0,0.375146,0
30568,5876,0,0.505695,1
87398,20561,0,0.418908,0
8270,26540,0,0.284195,0
197169,14992,0,0.268712,0
136888,44168,0,0.216605,0
102186,30638,0,0.380036,0
9384,36695,0,0.403141,0
7228,39097,0,0.225681,0
11828,38159,0,0.33943,0
128164,44142,0,0.245129,0
152178,34927,0,0.294918,0
101292,15672,0,0.395921,0
118040,17948,0,0.355579,0
13229,12583,0,0.334294,0
113974,21410,0,0.282085,0
114133,43772,0,0.231517,0
56886,41844,0,0.328388,0
196458,13988,0,0.328791,0
65557,48990,0,0.502302,1
197112,47301,0,0.362357,0
71601,14159,0,0.328172,0
190097,44683,0,0.458097,1
164319,34713,0,0.368867,0
99193,47734,0,0.357204,0
8706,15406,0,0.444489,0
144780,27548,0,0.300179,0
202580,4920,0,0.323508,0
48936,26604,0,0.338993,0
150695,23898,0,0.256059,0
206045,40836,0,0.208371,0
91159,28228,0,0.281545,0
36182,18534,0,0.410556,0
140766,7628,0,0.33516,0
97345,22270,0,0.219553,0
173356,9358,0,0.31485,0
175654,19938,0,0.249028,0
79538,3283,0,0.450185,1
70742,44156,0,0.431377,0
153970,20114,0,0.29662,0
27477,8277,0,0.254222,0
80639,26604,0,0.418552,0
110136,717,0,0.266628,0
77884,8590,0,0.341381,0
181352,5750,0,0.4986,1
120933,33589,0,0.37873,0
60404,24082,0,0.355385,0
157437,25416,0,0.259738,0
34414,41695,0,0.255943,0
165243,37524,0,0.316307,0
180178,46294,0,0.329391,0
102846,1359,0,0.359986,0
109097,1463,0,0.460502,1
189528,6348,0,0.463328,1
31213,2238,0,0.377739,0
151712,17747,0,0.359805,0
176884,23339,0,0.317172,0
29364,19057,0,0.254222,0
152074,25340,0,0.372022,0
63812,20788,0,0.307158,0
182587,39877,0,0.439668,0
41546,17819,0,0.393334,0
50385,32429,0,0.350278,0
2504,18079,1,0.427011,0
53694,46945,0,0.360787,0
193764,22963,0,0.412899,0
49314,43122,0,0.429515,0
129256,35042,0,0.350245,0
38204,14992,0,0.46673,1
148607,5612,0,0.296221,0
111396,29987,0,0.217158,0
55576,22211,0,0.217904,0
118903,42356,0,0.379397,0
145250,4808,0,0.252354,0
41030,20323,0,0.276973,0
41094,17419,0,0.288297,0
138231,26509,0,0.258515,0
27265,16823,0,0.369199,0
157215,48364,0,0.251529,0
7039,31678,0,0.23399,0
182797,33198,0,0.427174,0
65754,32638,0,0.254225,0
119298,4347,0,0.4566,1
44058,16549,0,0.219888,0
136922,20327,0,0.315972,0
194379,27796,0,0.413096,0
87273,1025,0,0.250996,0
47959,17766,0,0.312722,0
132018,5884,0,0.272204,0
106713,35951,0,0.482462,1
50595,38949,0,0.368988,0
45163,48485,0,0.263496,0
188295,8590,1,0.526601,1
196602,21349,0,0.400281,0
17162,10749,0,0.413328,0
50576,29077,1,0.486187,1
69744,6508,0,0.402078,0
187620,15290,0,0.407624,0
51931,28289,0,0.238367,0
142635,29603,0,0.4192,0
91905,9366,0,0.232595,0
1517,37462,0,0.273271,0
11837,3275,0,0.367852,0
54784,13869,1,0.405192,0
59341,20608,0,0.336454,0
186178,31102,0,0.381279,0
152139,41169,0,0.225002,0
172018,5385,1,0.457835,1
127673,28326,0,0.224785,0
91691,48559,0,0.362444,0
119856,11112,0,0.384788,0
75853,13255,0,0.455264,1
64589,30353,0,0.261921,0
33390,5713,0,0.369642,0
99151,4920,0,0.373995,0
161563,19678,0,0.209408,0
181210,40706,0,0.335121,0
157847,5479,0,0.478315,1
147475,30489,0,0.276807,0
157523,33274,0,0.279944,0
191675,41596,0,0.455537,1
94786,32465,0,0.291899,0
76107,20168,0,0.267835,0
10172,48007,0,0.277811,0
205877,47024,0,0.226792,0
167104,7781,1,0.430962,0
49537,34128,0,0.426743,0
20744,25199,0,0.322882,0
141844,26128,0,0.23603,0
167308,24373,0,0.237581,0
203637,28515,0,0.440122,0
181866,6474,0,0.288629,0
74528,25340,0,0.361177,0
14268,19468,0,0.19179,0
10424,14284,0,0.404627,0
152324,20549,0,0.306474,0
106161,14579,0,0.199381,0
112445,21526,0,0.347926,0
150033,14462,0,0.350764,0
168859,7500,0,0.314787,0
176791,45154,0,0.237414,0
194125,13249,0,0.242866,0
135658,28204,0,0.245828,0
7345,21709,0,0.417618,0
10519,13802,0,0.32991,0
89786,47766,0,0.546462,1
6532,22312,0,0.205251,0
40627,43122,0,0.216662,0
5328,46616,0,0.212275,0
188282,15672,0,0.364218,0
16668,33352,0,0.326871,0
111388,10840,0,0.37388,0
195672,41220,0,0.428562,0
96206,925,0,0.317719,0
20280,21938,0,0.430275,0
74857,29392,0,0.409362,0
196602,24852,0,0.373657,0
117913,47772,0,0.360998,0
194026,24701,0,0.343762,0
150707,30353,1,0.481847,1
4646,48423,0,0.340507,0
70229,29382,0,0.31576,0
147717,47848,0,0.392962,0
33598,22124,1,0.506774,1
3546,44632,1,0.51374,1
126671,32047,0,0.381662,0
89898,43263,0,0.398501,0
70697,12456,0,0.424565,0
166239,790,0,0.377963,0
33559,39877,0,0.247795,0
60040,48026,0,0.286932,0
140622,34063,0,0.40911,0
58035,25837,0,0.397188,0
37795,16463,0,0.25668,0
189642,29346,0,0.258153,0
44298,47402,0,0.375073,0
152499,36591,0,0.379394,0
52196,16731,0,0.287084,0
81874,47209,0,0.42361,0
67741,46802,0,0.271826,0
174212,5699,0,0.290552,0
64134,47357,0,0.332039,0
80647,5755,0,0.283108,0
135839,7390,0,0.249694,0
5934,35943,0,0.203831,0
185442,13176,0,0.421518,0
130164,12409,0,0.29181,0
110152,7781,0,0.378131,0
62250,15861,0,0.350588,0
118626,13776,0,0.415106,0
91102,21616,0,0.277877,0
2609,45104,0,0.223629,0
186768,45788,0,0.271491,0
192045,15613,0,0.264744,0
124158,16137,0,0.330713,0
47915,46969,0,0.237805,0
61519,2446,0,0.215526,0
26693,18460,1,0.376426,0
17273,4605,0,0.418313,0
105169,21333,0,0.397382,0
132976,11140,0,0.277936,0
119424,49075,0,0.226674,0
59084,21405,0,0.405382,0
163464,31517,0,0.337663,0
59209,28204,0,0.395225,0
110315,26717,0,0.385313,0
78154,43409,0,0.229744,0
8232,14715,0,0.212764,0
166099,10711,0,0.202056,0
23581,42736,0,0.282169,0
181830,17794,0,0.275461,0
65798,14273,0,0.291362,0
72650,15100,0,0.275578,0
120488,22385,0,0.307849,0
146586,39059,0,0.267395,0
97401,19816,0,0.309862,0
141959,9741,0,0.318511,0
22133,11000,0,0.398071,0
186878,29370,0,0.227459,0
69985,35989,0,0.207698,0
46621,28632,0,0.321722,0
108341,29623,0,0.236706,0
165534,41842,0,0.426012,0
73300,47780,0,0.372205,0
124178,34358,1,0.420972,0
122891,27336,1,0.413577,0
177942,19057,0,0.360959,0
28760,25753,1,0.523803,1
109072,42110,0,0.211733,0
171395,43961,0,0.403756,0
108176,49187,0,0.352055,0
66996,39046,0,0.421858,0
195846,21077,0,0.390488,0
198393,2829,0,0.398646,0
162379,31683,0,0.286116,0
16879,30570,0,0.325735,0
135864,2962,1,0.529706,1
132972,42736,0,0.421381,0
66465,30776,0,0.339032,0
127009,23139,0,0.203587,0
10009,41593,0,0.398818,0
97498,8277,0,0.487428,1
10164,49235,0,0.369322,0
176301,30559,0,0.347904,0
55017,1516,0,0.220571,0
1820,6901,0,0.412173,0
120975,23375,0,0.427495,0
149854,16136,0,0.366265,0
86506,16274,0,0.428358,0
138214,17444,0,0.369704,0
188514,44479,0,0.361005,0
135377,38159,0,0.237805,0
25039,26593,0,0.375462,0
106093,16525,0,0.228157,0
71922,5613,0,0.288875,0
130560,33884,0,0.321383,0
53738,13176,0,0.399804,0
25855,47888,0,0.353161,0
141696,43768,0,0.445263,0
111082,46844,0,0.391555,0
116213,8518,0,0.352061,0
79597,1,0,0.254537,0
91377,30839,1,0.45699,1
118826,21174,0,0.355228,0
78494,38383,0,0.409594,0
148704,27307,0,0.422284,0
49133,42208,0,0.43409,0
84553,22788,0,0.25754,0
133972,31343,0,0.339566,0
48936,1783,0,0.318786,0
139980,30559,0,0.323744,0
128777,18439,0,0.450238,1
15357,49383,0,0.299447,0
110737,27442,0,0.320829,0
196580,4645,0,0.404692,0
26272,36485,0,0.236435,0
124885,5025,0,0.361586,0
24910,5240,0,0.393575,0
43555,13858,0,0.328761,0
142025,32265,0,0.282399,0
131979,30759,0,0.189195,0
28453,41480,0,0.414296,0
82778,23600,0,0.24143,0
39759,651,0,0.415996,0
25493,23516,0,0.345283,0
150516,16759,0,0.476701,1
145032,38694,0,0.305513,0
103471,27683,0,0.298011,0
167728,42667,0,0.340683,0
199465,6036,0,0.323228,0
167653,12932,0,0.331079,0
95984,4030,1,0.374059,0
2273,5373,0,0.422402,0
52814,1376,0,0.391222,0
202017,42817,0,0.439084,0
198522,23296,1,0.50158,1
105706,27429,0,0.399199,0
57897,30985,1,0.459409,1
133181,49269,0,0.390986,0
22970,30391,1,0.422321,0
200711,38508,0,0.220987,0
193708,23029,0,0.320595,0
153278,15176,0,0.414142,0
97977,28990,0,0.28281,0
86005,39928,0,0.421916,0
111609,42768,0,0.306767,0
170415,37687,0,0.362491,0
63237,21334,0,0.373424,0
183631,27790,0,0.402679,0
28351,5110,0,0.388276,0
154077,48364,0,0.357137,0
19544,40724,0,0.322663,0
36190,33846,0,0.227299,0
33010,27966,0,0.420163,0
52589,6184,0,0.349426,0
179236,8189,0,0.366163,0
154521,49026,0,0.465435,1
31210,20904,0,0.35318,0
38878,42736,0,0.282169,0
204814,8670,0,0.305512,0
175905,32689,0,0.442288,0
648,32691,0,0.417869,0
144015,8903,1,0.422477,0
49005,8390,0,0.477189,1
47343,21709,0,0.475454,1
49653,43263,0,0.302761,0
203523,6844,0,0.283151,0
160650,40587,0,0.276976,0
95471,43765,0,0.200684,0
179001,33370,0,0.45301,1
6586,10102,0,0.377735,0
165212,22795,0,0.293633,0
120185,26272,0,0.310004,0
94525,10534,0,0.217492,0
128123,10447,0,0.278947,0
68619,48239,0,0.278933,0
147229,39275,1,0.440986,0
184212,21903,1,0.46703,1
157318,13027,0,0.440126,0
27030,41745,0,0.363385,0
147970,48183,0,0.241444,0
82192,17794,0,0.374798,0
159887,16521,0,0.349604,0
30536,18234,0,0.294492,0
68492,19057,0,0.340552,0
65730,26209,1,0.529869,1
9433,27750,0,0.413955,0
155310,12320,0,0.373574,0
60049,24184,0,0.283834,0
32794,5114,0,0.278647,0
139474,8277,0,0.453403,1
142779,38596,0,0.249526,0
113238,31469,0,0.270857,0
187984,4920,0,0.444787,0
149858,46041,0,0.231395,0
105428,28985,0,0.3168,0
189951,15872,1,0.494788,1
85114,6808,0,0.346435,0
149784,24497,0,0.222217,0
152937,32652,0,0.398788,0
102616,25691,1,0.410939,0
111465,47626,0,0.434448,0
126073,49,0,0.408742,0
173997,44533,0,0.393207,0
126510,16797,0,0.299794,0
120296,27336,0,0.334017,0
494,2326,1,0.517612,1
182171,36848,0,0.405171,0
107077,20323,0,0.300373,0
191747,30827,0,0.282172,0
32813,44632,0,0.424085,0
90681,40706,1,0.42057,0
56040,38425,1,0.457378,1
97647,47501,0,0.319403,0
175218,49134,0,0.380388,0
128635,39984,0,0.391398,0
68075,33568,0,0.25397,0
109960,33884,0,0.241184,0
61699,16278,0,0.341547,0
94310,13176,0,0.353061,0
47590,17821,0,0.416601,0
201974,36322,0,0.262974,0
169503,11737,1,0.429153,0
29168,42697,0,0.310995,0
76954,24184,0,0.424704,0
84352,37072,1,0.413033,0
188430,39871,0,0.232371,0
119081,16797,0,0.415408,0
62355,47630,0,0.439663,0
171175,42768,0,0.361411,0
2432,27243,0,0.317039,0
86635,32478,0,0.373345,0
179973,26209,0,0.36087,0
73016,24231,0,0.416614,0
35590,24838,0,0.53605,1
133638,38596,0,0.265369,0
25900,39428,0,0.441334,0
181371,38515,0,0.359842,0
121467,4799,1,0.486062,1
116328,23400,0,0.385883,0
40338,890,0,0.263537,0
16406,1071,0,0.387509,0
10443,33000,0,0.282092,0
181263,17461,0,0.419102,0
151584,3513,0,0.2523,0
15503,10666,0,0.380719,0
148707,48679,0,0.45887,1
111486,24852,0,0.252576,0
157960,33731,0,0.246378,0
116063,39427,0,0.381931,0
160216,44413,0,0.248213,0
87018,4945,1,0.399364,0
86767,47144,0,0.236845,0
11539,46562,0,0.337054,0
199765,29182,0,0.355979,0
193865,21137,0,0.450012,1
55511,47740,0,0.206519,0
66854,27521,1,0.492496,1
91303,9327,0,0.201455,0
140395,9517,0,0.32851,0
179310,44142,0,0.335557,0
97101,23881,0,0.445352,0
104036,47144,0,0.41739,0
195853,6193,0,0.233574,0
200869,9030,0,0.22353,0
84586,29463,0,0.393838,0
67684,12312,0,0.263212,0
87473,4614,0,0.196143,0
5896,44280,0,0.251264,0
67263,33113,0,0.37906,0
147782,20794,0,0.455029,1
15634,196,0,0.289346,0
138362,38508,0,0.348413,0
172463,29742,0,0.410104,0
197911,21903,0,0.347572,0
137832,10912,0,0.411238,0
139318,21472,0,0.389692,0
201721,5684,0,0.442434,0
140014,21131,0,0.222553,0
44299,10574,0,0.211423,0
7228,32013,0,0.201872,0
61799,7781,0,0.239312,0
39735,7093,0,0.274487,0
44027,18389,0,0.413969,0
71922,17596,0,0.274367,0
13730,17299,0,0.274107,0
94499,28785,0,0.422724,0
69332,26723,0,0.378763,0
99749,36735,0,0.365,0
88938,34262,0,0.381707,0
143993,35547,0,0.280251,0
156163,6550,0,0.382555,0
36691,24179,0,0.35084,0
52167,30599,0,0.295798,0
152781,47626,0,0.371001,0
23591,36929,0,0.370467,0
22640,3367,0,0.352826,0
175720,4605,0,0.368746,0
42446,11182,0,0.28737,0
114661,11345,1,0.40853,0
48306,6210,1,0.484155,1
95317,9327,0,0.241042,0
128615,7644,0,0.378101,0
147797,26569,0,0.331035,0
78050,40556,0,0.229622,0
155204,34321,0,0.228679,0
105950,10957,0,0.359166,0
164116,28204,0,0.410067,0
72340,11422,0,0.368878,0
132336,21953,0,0.371699,0
122704,43713,0,0.343187,0
178443,22210,0,0.350871,0
133917,22952,0,0.355548,0
6562,44987,0,0.219003,0
10795,39275,0,0.407984,0
13503,10761,0,0.322803,0
180459,46979,0,0.410362,0
170099,15404,0,0.322805,0
151132,20814,0,0.351274,0
138673,10132,0,0.351386,0
180836,32691,0,0.395798,0
117356,42943,0,0.376813,0
156928,36189,0,0.399292,0
97018,2646,0,0.270798,0
145262,45066,0,0.274113,0
124725,516,0,0.341699,0
125441,48423,0,0.261492,0
3006,21267,0,0.281375,0
14666,41844,0,0.461172,1
21300,7130,0,0.473657,1
139378,24908,0,0.327835,0
70119,16349,0,0.309055,0
82164,31801,0,0.354117,0
185720,5785,0,0.340624,0
13562,36256,0,0.320583,0
180533,32869,0,0.367525,0
73043,27316,0,0.523372,1
103385,39013,0,0.349659,0
29029,44570,0,0.329307,0
128315,39620,0,0.274199,0
131034,31355,0,0.254334,0
88884,35333,0,0.355039,0
3450,24954,0,0.263999,0
126425,2361,0,0.262901,0
9398,24499,0,0.474732,1
59291,3376,0,0.410416,0
898,23852,0,0.302458,0
173460,25630,0,0.276409,0
23956,18370,0,0.280806,0
99780,41951,0,0.380519,0
117615,22656,0,0.341926,0
125128,9584,0,0.454065,1
168241,18234,0,0.273515,0
177895,28851,0,0.283511,0
122696,15359,0,0.212087,0
184856,46226,0,0.417749,0
203416,37820,0,0.312476,0
80883,45010,0,0.185134,0
20397,15100,0,0.341768,0
145868,37524,0,0.266705,0
197448,26660,0,0.352784,0
97013,30148,0,0.341959,0
8028,46916,0,0.226284,0
42555,23025,0,0.301614,0
99334,42506,0,0.396342,0
88273,45840,0,0.21687,0
112110,1,0,0.229622,0
128380,3111,0,0.242555,0
104659,47766,0,0.470459,1
34321,24985,0,0.215199,0
76473,33198,0,0.411624,0
113426,29695,0,0.40294,0
62382,37065,0,0.285519,0
191368,44424,0,0.320089,0
64654,14992,0,0.411871,0
14365,43421,0,0.29511,0
178415,18615,0,0.377174,0
206042,9213,0,0.36944,0
53071,47601,0,0.382726,0
96577,28836,0,0.382102,0
199327,2086,0,0.323203,0
152340,41148,0,0.303488,0
194140,27683,0,0.3701,0
156151,4656,0,0.412046,0
190562,31462,0,0.391117,0
160718,21777,1,0.511405,1
143948,2380,0,0.273392,0
108637,16617,0,0.403444,0
202113,16797,0,0.303714,0
32124,45965,0,0.384257,0
131034,27156,0,0.282228,0
79555,4647,0,0.365172,0
31403,32638,0,0.238506,0
76473,41787,0,0.462383,1
164404,47274,0,0.29346,0
116416,42341,0,0.271301,0
176272,44766,0,0.393467,0
44299,26976,0,0.242367,0
114664,486,0,0.251543,0
198291,1217,0,0.257643,0
127006,34335,0,0.325227,0
13433,10749,0,0.286739,0
26225,39669,0,0.432269,0
67237,34557,1,0.506695,1
30910,5550,0,0.364939,0
58271,12805,0,0.26796,0
63226,42139,0,0.359643,0
31191,40088,0,0.336755,0
65641,46654,0,0.365816,0
113482,47209,0,0.421478,0
79727,16622,0,0.428501,0
80988,2180,0,0.29058,0
5896,35825,0,0.249413,0
86792,34458,0,0.360172,0
157089,7021,0,0.43216,0
199881,10070,0,0.483038,1
129181,21903,0,0.417407,0
36972,22276,0,0.336208,0
167488,42625,0,0.383699,0
195202,3738,0,0.420541,0
86915,31433,0,0.344694,0
117210,39619,0,0.398189,0
86479,41960,0,0.419235,0
12232,22034,0,0.30602,0
172031,6343,0,0.443098,0
148112,35951,0,0.275412,0
27351,23621,0,0.338339,0
77321,39247,0,0.399567,0
185809,46979,1,0.397395,0
44060,1511,0,0.52651,1
82895,15261,0,0.331569,0
44463,49269,0,0.439919,0
137243,11365,0,0.415766,0
91330,49235,0,0.349627,0
112154,4957,0,0.418677,0
74375,4920,0,0.446279,0
15805,17781,0,0.211423,0
201609,29780,0,0.381771,0
155474,28897,0,0.343537,0
59364,15160,0,0.229586,0
150225,10083,0,0.213492,0
52688,7213,0,0.39932,0
87363,28695,0,0.323346,0
33795,41950,0,0.32395,0
173608,47526,0,0.330623,0
23153,28842,0,0.278759,0
180353,35121,0,0.408302,0
190561,47492,0,0.434012,0
153405,36759,0,0.291854,0
55713,45007,0,0.466756,1
4262,2124,0,0.36842,0
20275,14168,0,0.297818,0
68991,4256,0,0.300634,0
28791,24964,0,0.353789,0
118389,24852,0,0.417752,0
156905,13578,0,0.325047,0
160378,25931,1,0.469231,1
89694,46047,0,0.266987,0
96381,21903,0,0.464914,1
41552,35561,0,0.431471,0
155066,16896,0,0.276925,0
181507,23047,0,0.347095,0
27470,10957,0,0.247852,0
189357,39877,1,0.531879,1
164346,14849,0,0.346427,0
68651,45116,0,0.294357,0
155976,30949,0,0.357788,0
152350,742,0,0.264649,0
62410,24561,0,0.308286,0
119910,47672,0,0.241442,0
6557,35263,0,0.285132,0
128218,9122,0,0.304927,0
60650,29615,0,0.298826,0
67463,19734,0,0.276973,0
144685,14992,0,0.288501,0
88000,9020,0,0.334243,0
199878,18702,0,0.423495,0
95853,10246,0,0.431306,0
92864,42828,0,0.277749,0
6895,39911,0,0.302246,0
175732,47141,0,0.439863,0
115071,31717,0,0.430703,0
78550,8479,0,0.36918,0
83563,9703,0,0.291181,0
93964,12403,0,0.378763,0
125484,20282,0,0.253444,0
167684,21616,0,0.359132,0
45003,13885,0,0.338873,0
193301,24125,0,0.269386,0
128848,13870,0,0.429009,0
129247,13212,0,0.185489,0
127390,2238,0,0.424636,0
12903,30391,0,0.467414,1
199299,1076,0,0.455554,1
59188,39781,0,0.387477,0
193131,39275,0,0.272383,0
80923,16322,0,0.389208,0
144160,42625,0,0.342433,0
176152,31022,0,0.257976,0
59471,17224,0,0.372466,0
149858,42602,0,0.193426,0
14737,1440,0,0.299388,0
59471,22915,0,0.437321,0
13225,3689,0,0.348765,0
176910,3717,0,0.282999,0
119382,39980,0,0.185958,0
163921,16234,0,0.316504,0
153819,8366,1,0.436537,0
159647,11412,0,0.259536,0
134670,14715,1,0.533637,1
89184,28985,0,0.380058,0
164709,758,0,0.385112,0
85072,23765,0,0.351203,0
23054,8518,0,0.393421,0
115674,8204,0,0.352406,0
36267,18656,0,0.474732,1
120273,16083,0,0.256174,0
177016,43908,0,0.224093,0
37650,23234,0,0.375242,0
146655,32293,0,0.303062,0
107005,21195,0,0.255287,0
53195,26763,0,0.336285,0
75805,37710,1,0.381451,0
153155,13829,0,0.26105,0
46761,24009,0,0.313075,0
84308,2238,0,0.428437,0
198699,26497,1,0.420206,0
194213,22034,0,0.353169,0
188089,32460,0,0.371972,0
132456,45535,0,0.335047,0
105845,41755,0,0.349688,0
176212,28983,0,0.183799,0
137878,44408,0,0.258692,0
53360,13535,0,0.258998,0
53818,16759,0,0.308502,0
31278,46654,0,0.343379,0
152355,22144,0,0.316444,0
21554,17988,0,0.233581,0
188732,24043,0,0.359408,0
83763,3988,0,0.225605,0
119290,24933,0,0.318228,0
189898,18531,0,0.467735,1
202394,8518,0,0.449412,0
146754,38622,0,0.406918,0
17553,28204,0,0.477726,1
65452,21288,0,0.291114,0
78670,31495,0,0.34047,0
23386,28476,0,0.368752,0
172732,27966,0,0.416596,0
36694,39997,0,0.227342,0
48259,34727,0,0.374032,0
48125,39275,0,0.486704,1
7184,23645,0,0.384661,0
33021,7175,0,0.271879,0
119348,1234,0,0.296277,0
204247,43352,0,0.409434,0
26533,23181,0,0.363883,0
70267,42183,0,0.397809,0
21553,9901,0,0.331964,0
61899,47652,0,0.217228,0
181981,39190,0,0.22161,0
25696,7736,0,0.267621,0
70971,34862,0,0.211347,0
145772,24830,0,0.3168,0
54859,13906,0,0.241863,0
17851,17915,0,0.284536,0
98197,5025,0,0.40003,0
6448,46147,0,0.429595,0
184589,46667,0,0.400332,0
198217,49416,0,0.196507,0
103420,9839,0,0.407761,0
104692,42828,0,0.281942,0
7224,5884,0,0.378065,0
153548,42701,0,0.465546,1
72536,35628,0,0.411764,0
64317,39275,0,0.239926,0
21059,33279,0,0.341281,0
23822,16185,0,0.422801,0
202252,45535,0,0.355015,0
78724,26209,0,0.319653,0
70679,26894,0,0.232705,0
45845,41242,1,0.516479,1
61607,3599,1,0.471372,1
74847,41273,0,0.297581,0
96193,34668,0,0.387134,0
74043,25952,1,0.441212,0
92856,41484,0,0.269222,0
54154,21903,0,0.333851,0
166566,7718,0,0.332002,0
66500,14259,0,0.299649,0
153351,12456,0,0.267254,0
183782,35535,0,0.296956,0
21304,24197,0,0.254587,0
24553,39877,0,0.455678,1
23797,23288,0,0.373046,0
75674,2646,0,0.29181,0
43612,35523,0,0.325446,0
126445,26405,1,0.449841,0
62647,44303,0,0.299649,0
43072,34489,0,0.334243,0
9193,37096,0,0.236254,0
104659,34126,0,0.456775,1
70971,34858,0,0.201872,0
132529,18927,0,0.382942,0
1584,24850,0,0.342834,0
12787,39408,0,0.404695,0
186595,38185,1,0.51545,1
10595,36961,0,0.404246,0
152877,48795,0,0.352058,0
153777,47734,0,0.255218,0
35382,11827,0,0.218833,0
133507,29077,0,0.398932,0
19527,20842,0,0.37001,0
53925,31433,0,0.258515,0
4543,15392,0,0.318966,0
105585,27681,0,0.352179,0
202100,20479,0,0.363478,0
112110,27635,0,0.262028,0
29012,9554,0,0.310809,0
74908,49531,0,0.369199,0
184215,36759,0,0.410795,0
44106,19254,0,0.340293,0
84327,37947,0,0.432363,0
152538,13245,0,0.371303,0
53694,17021,1,0.41549,0
185523,977,0,0.390233,0
48125,1935,0,0.355848,0
125204,36085,0,0.410268,0
50742,5322,0,0.372995,0
168912,1870,0,0.220541,0
123888,20704,1,0.391818,0
113129,26369,0,0.239396,0
136468,31040,0,0.380882,0
37320,49683,0,0.301735,0
176301,24184,0,0.424887,0
203343,20995,0,0.282356,0
20688,40279,0,0.335379,0
14692,37552,0,0.417076,0
28227,41319,0,0.346264,0
106474,1468,0,0.338758,0
159827,46242,0,0.339226,0
36928,24160,0,0.322406,0
32388,1117,0,0.241978,0
193131,13736,0,0.241012,0
189680,16687,0,0.182969,0
89639,38679,0,0.341708,0
101225,27966,0,0.423782,0
92193,7021,0,0.371586,0
82945,7150,0,0.304793,0
203593,5422,0,0.416624,0
36177,26790,0,0.272383,0
2316,22963,1,0.493403,1
33599,40034,0,0.349145,0
169856,6649,0,0.233828,0
102484,5098,0,0.325883,0
68238,41570,0,0.394891,0
144687,21288,0,0.440806,0
28958,3880,0,0.404704,0
86816,17122,0,0.38469,0
177520,39545,0,0.259322,0
50469,12206,0,0.302753,0
5011,11520,0,0.477884,1
29857,5876,0,0.304332,0
147532,32545,0,0.301374,0
93902,5450,0,0.411678,0
165625,44142,0,0.38557,0
42890,38456,0,0.251529,0
146613,43961,0,0.216111,0
69951,45622,0,0.380521,0
45802,3397,0,0.403217,0
168016,11408,0,0.41555,0
137048,26620,0,0.434223,0
156784,22995,0,0.245959,0
52334,28597,0,0.45243,1
53535,33846,0,0.372617,0
162366,26177,0,0.404803,0
88448,12276,0,0.308975,0
51645,23622,0,0.254334,0
16434,11005,0,0.383623,0
31382,21184,0,0.349364,0
17915,44561,0,0.294477,0
94868,15902,0,0.242555,0
46657,8518,0,0.436426,0
50249,35183,0,0.397906,0
158022,40386,0,0.368619,0
136235,5621,0,0.20224,0
27154,26355,0,0.382809,0
148468,37711,0,0.258569,0
40437,6141,0,0.372244,0
161775,20118,0,0.417106,0
175767,30391,0,0.399445,0
80218,4799,0,0.491182,1
168275,47123,0,0.325242,0
94285,37552,0,0.199748,0
180890,42736,0,0.416327,0
138600,47209,0,0.318114,0
37409,45,0,0.243342,0
845,16617,0,0.377134,0
26929,24184,0,0.375334,0
204884,26209,0,0.24737,0
124493,2537,0,0.279813,0
16118,4605,0,0.368376,0
36688,41844,1,0.409177,0
15626,15438,0,0.373369,0
70786,17328,0,0.217492,0
23568,27845,0,0.464334,1
118177,9112,0,0.360243,0
139415,2825,0,0.353075,0
31585,10385,0,0.393901,0
168386,22218,0,0.355328,0
5382,30981,0,0.186637,0
191191,13176,0,0.35326,0
80607,6181,0,0.247511,0
127525,11218,0,0.200376,0
156304,17794,0,0.370644,0
153065,21709,0,0.340112,0
87856,3464,0,0.404844,0
186249,10132,0,0.341274,0
148304,8174,0,0.237836,0
23852,21903,0,0.496978,1
169180,25138,0,0.379997,0
189750,11011,0,0.303074,0
33535,34565,0,0.30223,0
166459,39971,0,0.327433,0
197112,29604,0,0.431335,0
94959,9092,0,0.323649,0
203504,41998,0,0.248086,0
199995,38293,0,0.266068,0
50146,46041,0,0.270648,0
51006,41273,1,0.500986,1
156203,20119,0,0.247454,0
128137,21137,0,0.383447,0
156718,31066,0,0.336466,0
2404,16978,0,0.307237,0
9530,4799,0,0.378315,0
166159,39353,0,0.309838,0
18496,22825,0,0.349547,0
11378,46510,0,0.397065,0
20688,39758,0,0.352865,0
159240,39922,0,0.333334,0
103242,10749,0,0.401822,0
97401,36034,0,0.304639,0
11729,40706,0,0.402921,0
135429,23879,0,0.44528,0
1595,24489,0,0.454374,1
169430,15860,0,0.364937,0
89699,30169,0,0.268159,0
54610,22124,0,0.406928,0
65753,27966,0,0.429731,0
73310,30853,0,0.277929,0
56040,33316,0,0.310401,0
31796,39275,0,0.413369,0
116929,36735,0,0.307163,0
85622,39475,0,0.330141,0
22662,7121,0,0.337972,0
205406,23288,0,0.399809,0
66096,11465,0,0.203114,0
133953,8021,0,0.454362,1
40864,30623,0,0.341078,0
61197,17706,0,0.371079,0
50583,19731,0,0.2169,0
183353,3798,0,0.388997,0
20951,14157,0,0.259407,0
147903,26629,0,0.299015,0
51138,33153,0,0.319778,0
187945,31717,0,0.398674,0
148213,16521,0,0.229509,0
156882,35108,0,0.311177,0
34772,46802,0,0.208865,0
125882,42615,0,0.352759,0
143033,46260,0,0.363915,0
62239,46979,0,0.361438,0
117356,16891,0,0.355182,0
46691,30420,0,0.345414,0
98430,19678,0,0.282031,0
184373,43889,0,0.37492,0
54133,14161,0,0.366633,0
152725,21351,0,0.242555,0
127455,30489,0,0.438696,0
151737,8194,0,0.295822,0
47197,47209,0,0.289585,0
38732,4605,0,0.233803,0
147112,16797,0,0.24737,0
131125,41665,0,0.210723,0
180734,47209,0,0.436854,0
124938,27323,0,0.350359,0
37897,21938,0,0.394007,0
105262,47284,0,0.374874,0
125955,18382,0,0.286921,0
137495,41325,0,0.351378,0
106556,10960,0,0.397264,0
127322,11782,0,0.207586,0
82591,6734,0,0.368412,0
91619,35328,0,0.389819,0
204613,38164,0,0.356105,0
155666,26177,0,0.310107,0
107629,42516,0,0.230367,0
178775,26280,0,0.365175,0
119424,12797,0,0.20919,0
51616,39886,0,0.310051,0
122821,4793,0,0.21114,0
78867,49273,0,0.201863,0
29195,13176,0,0.478585,1
195360,38689,0,0.435989,0
146915,3956,0,0.319725,0
200052,44359,0,0.286116,0
145844,17316,0,0.276451,0
40180,2537,0,0.227978,0
27392,8803,0,0.395147,0
10595,23339,0,0.282687,0
121860,27142,0,0.382348,0
133199,18234,0,0.276925,0
172325,45497,0,0.23811,0
104636,5449,0,0.380619,0
124351,27179,1,0.371307,0
13631,49079,0,0.286859,0
87811,9210,0,0.292712,0
10316,21616,0,0.365482,0
190389,32433,0,0.329529,0
201636,22922,0,0.397298,0
5556,45613,0,0.298969,0
200711,17858,0,0.248294,0
204210,26298,0,0.268167,0
5378,17122,0,0.358217,0
79795,40063,0,0.319632,0
8748,24964,0,0.410162,0
109338,3631,1,0.515323,1
177224,21705,0,0.346797,0
168871,16145,0,0.386053,0
51483,46692,0,0.422198,0
192533,35108,0,0.358813,0
48931,10709,0,0.335596,0
141268,5785,0,0.386121,0
4663,17123,0,0.327104,0
74158,10221,0,0.279939,0
120200,12204,0,0.338893,0
60421,6224,0,0.219454,0
68679,7205,0,0.208887,0
101465,21083,0,0.411061,0
94033,42342,0,0.292358,0
25944,32922,0,0.323915,0
18677,1752,0,0.339109,0
117654,5077,0,0.278396,0
21533,44830,0,0.416884,0
108820,47209,0,0.283426,0
118430,42768,0,0.379436,0
193980,34861,0,0.304882,0
175643,25283,0,0.397568,0
122846,24838,0,0.407944,0
103784,38768,0,0.412312,0
104184,27625,0,0.389595,0
89246,19678,0,0.2514,0
5971,12606,0,0.209634,0
141547,32538,0,0.389872,0
56412,19151,0,0.332011,0
129961,31759,0,0.347159,0
175893,21376,0,0.432611,0
194934,31981,0,0.441653,0
125746,42936,0,0.3793,0
77751,19508,0,0.403888,0
189656,21295,0,0.423782,0
66092,45007,0,0.297754,0
117023,5194,0,0.378406,0
181218,15902,0,0.515069,1
42906,34688,0,0.404894,0
49480,37594,0,0.242555,0
151703,7354,0,0.455225,1
192797,7987,0,0.28153,0
72703,481,0,0.280301,0
40753,5024,0,0.405587,0
111972,27398,0,0.334817,0
130362,3631,1,0.409141,0
148242,24852,0,0.351639,0
179215,16254,0,0.266703,0
175175,28348,0,0.372915,0
40744,48241,1,0.499965,1
49010,15290,0,0.445171,0
166983,4793,0,0.290457,0
161264,5031,0,0.383516,0
144746,17027,1,0.445471,0
173482,21349,0,0.382413,0
118718,20126,0,0.344322,0
19510,47910,0,0.257246,0
180067,37687,0,0.242329,0
6851,37107,0,0.200844,0
99758,6808,0,0.196143,0
132972,7500,0,0.368308,0
59545,45856,0,0.360816,0
143526,19602,0,0.365059,0
64704,17835,0,0.268274,0
30877,45356,0,0.308646,0
39761,37107,0,0.313407,0
18142,16393,0,0.252188,0
56791,18362,0,0.489467,1
64925,1215,0,0.412636,0
52848,43619,0,0.380521,0
189895,38777,0,0.330735,0
132224,20842,0,0.267585,0
56570,25094,0,0.212087,0
71993,7371,0,0.395575,0
49881,24852,0,0.428823,0
67042,9347,0,0.344783,0
45528,24184,1,0.433678,0
53155,40863,0,0.388503,0
53634,21464,0,0.218817,0
53212,21137,0,0.44164,0
53548,19678,0,0.287782,0
49685,45541,0,0.368021,0
74279,21280,0,0.314207,0
16945,10482,0,0.215455,0
23086,38293,0,0.337421,0
52144,13802,0,0.397436,0
120997,2024,0,0.356568,0
9197,8518,0,0.398019,0
118837,48679,0,0.465039,1
8013,40002,0,0.390612,0
147291,49424,0,0.296718,0
29710,33000,0,0.363416,0
85113,7751,0,0.284199,0
91276,26790,1,0.501873,1
157164,39491,0,0.277995,0
149346,7559,0,0.440108,0
193951,21137,0,0.438714,0
98703,13304,0,0.337255,0
162742,2581,0,0.2492,0
44742,31640,0,0.297332,0
24394,36601,0,0.252912,0
111997,23744,0,0.342291,0
174422,45066,0,0.317755,0
177444,34243,0,0.415973,0
92688,22757,0,0.340951,0
15395,46720,0,0.257643,0
9985,47626,0,0.378902,0
73571,5194,0,0.342353,0
6613,32115,0,0.391579,0
184373,23995,0,0.35999,0
141431,19690,0,0.425681,0
189801,28204,0,0.403819,0
108870,27275,0,0.405871,0
51848,28469,0,0.25478,0
98816,39275,0,0.303333,0
183274,48679,0,0.251529,0
111105,45570,0,0.498186,1
67829,4472,0,0.346033,0
61282,47626,0,0.329925,0
160656,16797,0,0.346317,0
173972,17795,0,0.342618,0
184942,48775,0,0.224387,0
122285,22935,1,0.474257,1
66794,9092,0,0.217299,0
32713,3599,0,0.413495,0
179284,7948,0,0.422349,0
127453,12864,0,0.232359,0
142461,48974,0,0.316706,0
45011,10246,0,0.312959,0
184218,5818,0,0.291255,0
120270,28745,0,0.221967,0
79366,5460,0,0.374962,0
175354,30169,0,0.405751,0
164383,47357,0,0.229622,0
25992,16756,0,0.27255,0
15423,41220,0,0.24737,0
46129,40009,0,0.409479,0
118146,16757,0,0.42367,0
192360,31727,0,0.227194,0
155797,6286,0,0.465659,1
26613,5769,0,0.328995,0
74948,46413,0,0.386601,0
75407,4945,0,0.42164,0
97526,48845,0,0.196992,0
120833,33000,0,0.333212,0
33057,24221,0,0.396851,0
193986,21573,0,0.373222,0
69999,8929,0,0.356296,0
73701,7948,0,0.38348,0
141420,18090,0,0.252172,0
105879,7559,0,0.29213,0
116209,49318,0,0.386915,0
162873,43352,0,0.373345,0
178045,21709,0,0.320037,0
34489,35108,0,0.344199,0
140132,17905,0,0.299664,0
187717,38525,0,0.376225,0
131420,34126,0,0.461696,1
198692,37825,0,0.264202,0
41827,16436,0,0.242638,0
177082,38028,0,0.377264,0
15142,7371,0,0.29228,0
113517,21083,0,0.267756,0
87741,26604,0,0.357919,0
7607,26283,0,0.41576,0
22599,3627,0,0.341833,0
167069,35420,0,0.193682,0
155011,4421,0,0.23681,0
165601,40464,0,0.261576,0
139034,22031,0,0.380228,0
85952,33198,1,0.523774,1
66286,23516,0,0.34226,0
136611,24838,0,0.411094,0
4383,15130,0,0.290566,0
165716,2314,0,0.213706,0
36972,16797,0,0.351325,0
53522,6224,0,0.259114,0
152174,12312,0,0.330412,0
68591,1511,0,0.343585,0
79213,19201,0,0.190726,0
62834,42224,0,0.25109,0
97286,47144,0,0.501784,1
39752,31066,0,0.213525,0
152717,44267,1,0.394856,0
27578,18441,0,0.39188,0
120303,44887,0,0.43091,0
44814,6137,0,0.361212,0
164843,2078,0,0.308201,0
175238,1202,0,0.334512,0
114227,21403,0,0.254545,0
55315,27966,0,0.37056,0
11698,24964,0,0.423129,0
15142,22935,0,0.249035,0
130082,45,0,0.209408,0
30052,21386,0,0.481084,1
158036,46667,0,0.368124,0
2316,47133,0,0.409184,0
90095,49500,0,0.27386,0
86099,34497,0,0.385112,0
180735,7628,0,0.226453,0
193568,11078,0,0.435596,0
25779,33636,0,0.398113,0
184248,24009,0,0.303978,0
143487,34871,0,0.325424,0
126268,39275,0,0.416996,0
51645,21938,0,0.238275,0
172053,10036,0,0.224898,0
102366,47626,0,0.527918,1
43764,40603,0,0.397926,0
181676,48781,0,0.371338,0
5002,19457,0,0.281872,0
129223,26209,0,0.265935,0
109101,23466,0,0.373339,0
64037,5646,0,0.233803,0
140292,46584,0,0.280825,0
54160,4957,0,0.374215,0
77694,8670,0,0.288476,0
151805,30233,0,0.284321,0
117057,18872,0,0.310854,0
93870,19348,0,0.464965,1
41826,34358,0,0.276779,0
146951,6128,0,0.444982,0
116619,32915,0,0.354202,0
177934,21137,0,0.383914,0
40150,47209,1,0.50958,1
158372,33120,0,0.421848,0
178491,27325,0,0.454918,1
115909,5134,1,0.523312,1
92044,45656,0,0.222553,0
741,39275,0,0.405382,0
197683,47766,0,0.322717,0
199392,34368,0,0.219888,0
140539,46979,0,0.502353,1
158382,45519,0,0.3045,0
201241,23047,0,0.443756,0
30079,23592,0,0.379623,0
99551,13221,0,0.343634,0
95337,24489,0,0.40755,0
75446,2078,0,0.297809,0
90899,15976,0,0.378333,0
117287,30949,0,0.487791,1
116592,37766,0,0.216111,0
10329,38003,0,0.343851,0
115236,30326,0,0.424666,0
146246,937,0,0.386149,0
188250,15290,0,0.396465,0
113496,25804,0,0.269895,0
190501,21667,0,0.319194,0
15293,8910,0,0.362398,0
125554,24852,0,0.484966,1
52011,26452,0,0.366793,0
85952,6656,0,0.339626,0
870,40706,0,0.216111,0
189034,1104,0,0.356695,0
181866,5911,0,0.404935,0
77403,40377,0,0.255133,0
56791,31215,0,0.439244,0
85132,35336,0,0.429258,0
38853,4796,0,0.287241,0
29694,27104,0,0.418217,0
46674,29662,0,0.258515,0
172353,30169,0,0.242866,0
120015,8671,0,0.392569,0
25466,29622,0,0.357082,0
103204,45190,0,0.413934,0
200324,28413,0,0.39945,0
97785,32285,0,0.338893,0
107314,46979,0,0.296974,0
182618,18557,0,0.322206,0
155425,31964,0,0.397765,0
136048,39958,0,0.2725,0
66229,36051,0,0.324574,0
82368,5984,0,0.352786,0
65151,47977,0,0.286109,0
109757,49484,1,0.392824,0
132299,35123,0,0.209485,0
46701,8638,0,0.197969,0
10844,33493,0,0.253214,0
169471,3477,0,0.223419,0
48026,17650,0,0.36413,0
1240,39475,0,0.223628,0
59325,39492,0,0.358556,0
48957,38647,0,0.224295,0
151197,48737,0,0.368527,0
186963,21295,0,0.266552,0
38158,3805,0,0.365173,0
173347,8710,0,0.287391,0
42956,14335,1,0.50609,1
133063,10528,0,0.401071,0
140331,28985,0,0.406842,0
39640,23909,1,0.524638,1
96832,22282,1,0.452432,1
166584,7758,0,0.313865,0
84065,18471,0,0.248474,0
131890,43768,0,0.400781,0
72340,19348,0,0.491275,1
154757,31564,1,0.416513,0
33789,44961,0,0.395148,0
68269,39928,0,0.292005,0
193576,35108,1,0.418094,0
142056,37033,0,0.386183,0
92765,42471,0,0.373859,0
115780,7021,0,0.265767,0
2241,12419,0,0.288179,0
2482,29315,0,0.312722,0
14779,2180,0,0.298988,0
92595,32139,0,0.438417,0
134756,4605,0,0.467175,1
49973,17747,0,0.278058,0
73899,12872,0,0.390133,0
23876,8379,0,0.397126,0
2118,32573,0,0.379448,0
5983,43788,0,0.342079,0
80440,37234,0,0.373933,0
53932,890,0,0.402938,0
148112,13640,0,0.249637,0
60228,40593,0,0.329223,0
77937,22035,0,0.43011,0
128262,24683,0,0.311846,0
169013,24852,0,0.418012,0
95441,37711,0,0.404006,0
158836,36929,0,0.314215,0
87530,19678,0,0.465746,1
139423,30720,0,0.285753,0
197033,29894,0,0.25327,0
132004,39275,0,0.409144,0
203987,28985,0,0.433012,0
91840,48144,0,0.379566,0
150389,22312,0,0.217492,0
147087,10106,0,0.371369,0
81424,5085,0,0.262795,0
162981,7628,0,0.273512,0
168093,22935,0,0.291107,0
32273,23029,0,0.359767,0
187768,31915,1,0.491608,1
112367,39964,0,0.262795,0
181512,42423,0,0.358226,0
155976,6489,0,0.334299,0
203561,40174,0,0.437417,0
165820,15842,0,0.38026,0
195174,48697,0,0.454038,1
198004,12916,0,0.318716,0
174515,10251,0,0.389181,0
202076,1106,0,0.348663,0
44643,3040,0,0.31701,0
168319,31553,0,0.262655,0
8162,47626,1,0.415358,0
181283,38400,0,0.287642,0
79746,7602,0,0.399908,0
200804,13914,0,0.276928,0
15165,34358,0,0.40572,0
175809,29429,0,0.368561,0
198461,19057,0,0.414968,0
148985,18000,0,0.248608,0
80668,20730,1,0.364902,0
146547,18281,0,0.271358,0
128583,46996,1,0.481373,1
138176,33543,0,0.398266,0
134297,38052,1,0.376478,0
127182,27569,0,0.244388,0
141655,12385,0,0.388881,0
176231,16848,0,0.371175,0
164813,38768,1,0.382134,0
114602,20410,0,0.226734,0
50908,24363,0,0.360208,0
37625,44051,0,0.297573,0
464,46709,0,0.214602,0
33270,15290,0,0.274541,0
41346,890,0,0.353598,0
26357,10673,0,0.420668,0
41688,14467,0,0.281396,0
52949,5922,0,0.457412,1
57326,1463,1,0.514428,1
23347,41565,0,0.267105,0
194055,42342,0,0.477556,1
86443,13517,0,0.402465,0
48906,1086,0,0.298969,0
29074,45622,0,0.389755,0
76438,6767,0,0.341287,0
154912,35951,1,0.537896,1
51016,12508,0,0.246659,0
133497,4487,0,0.342433,0
24494,23554,0,0.365901,0
29476,7802,0,0.259874,0
142830,34969,0,0.241734,0
123089,31404,0,0.227459,0
23283,36322,0,0.257643,0
121443,4724,0,0.271942,0
86673,29363,0,0.408971,0
16109,34126,0,0.39209,0
140008,30391,0,0.247111,0
66934,17341,0,0.371114,0
158552,21709,1,0.531169,1
5017,5114,0,0.236993,0
7315,48685,0,0.249637,0
129738,2374,0,0.405192,0
15344,21526,1,0.466093,1
104205,4957,0,0.291195,0
114857,44354,0,0.220541,0
68257,20632,0,0.308629,0
171136,22788,0,0.284462,0
23189,44368,0,0.253816,0
115006,28985,0,0.423032,0
68809,9076,0,0.409117,0
136419,29910,0,0.249511,0
76534,21927,0,0.401343,0
827,49241,0,0.271942,0
62512,19488,0,0.273063,0
107402,17794,0,0.369115,0
203343,32877,0,0.2595,0
27547,4920,0,0.499905,1
102081,39491,0,0.450532,1
95396,23712,0,0.394002,0
194026,9076,0,0.45545,1
34489,41716,0,0.331097,0
75255,48246,0,0.312684,0
32124,1935,0,0.388525,0
46761,13519,0,0.319017,0
42524,42240,0,0.409863,0
173512,1890,0,0.365,0
101602,32096,0,0.273215,0
110834,26767,0,0.408236,0
57103,34838,0,0.409583,0
23023,1440,0,0.214252,0
166624,44142,0,0.23448,0
113959,22507,0,0.293474,0
120296,42265,0,0.352948,0
29590,11816,0,0.364902,0
93096,5853,0,0.343545,0
42337,21384,1,0.49942,1
36422,8555,0,0.358971,0
162105,43565,0,0.403787,0
63698,37384,0,0.359629,0
98376,12341,0,0.438272,0
70212,31966,0,0.391228,0
115617,28476,0,0.298848,0
153850,48230,0,0.343642,0
148159,26604,0,0.352168,0
32351,47521,0,0.310246,0
185908,11057,0,0.370479,0
27241,45007,0,0.277064,0
61772,21376,1,0.412899,0
73618,29388,0,0.291488,0
177799,19691,0,0.288435,0
2278,23291,0,0.330933,0
126993,12845,0,0.276803,0
166205,6587,0,0.324488,0
30429,37646,0,0.279417,0
162677,7781,0,0.360211,0
43311,12099,0,0.417836,0
115574,18557,0,0.372609,0
90084,43875,0,0.329889,0
1500,44632,0,0.501657,1
164811,12409,0,0.313399,0
56294,4957,0,0.406257,0
70628,7693,0,0.237581,0
28723,30662,0,0.254362,0
97416,24489,0,0.424887,0
61216,48615,0,0.25238,0
47480,20082,1,0.513674,1
55794,49235,0,0.405083,0
57339,32526,0,0.360983,0
105937,6020,0,0.237309,0
159535,4799,0,0.374622,0
117356,25544,0,0.355182,0
103252,44500,0,0.291667,0
8365,18660,0,0.184406,0
158166,15689,0,0.203587,0
185919,605,0,0.245806,0
171542,38192,0,0.463131,1
26211,40939,1,0.469215,1
128604,7632,0,0.315652,0
34020,38188,0,0.304822,0
123335,37749,0,0.320319,0
203938,18867,0,0.264513,0
81711,204,0,0.406162,0
202723,13984,0,0.253326,0
164896,39619,0,0.376529,0
164499,33015,0,0.266987,0
113298,9076,0,0.375246,0
199817,47766,0,0.373616,0
70799,46666,0,0.429868,0
8440,40329,0,0.214111,0
199299,49235,0,0.438648,0
105003,1202,0,0.443295,0
205384,5583,0,0.410734,0
53030,5068,0,0.313389,0
63680,24799,0,0.328374,0
114935,34358,0,0.348635,0
196917,13029,1,0.479006,1
26599,25170,0,0.378865,0
136048,45603,0,0.285065,0
109686,35782,0,0.300931,0
101954,48679,0,0.277692,0
203399,44372,0,0.292105,0
101097,48697,0,0.255133,0
107910,12341,0,0.461256,1
124453,9881,0,0.428743,0
184406,33731,0,0.324505,0
84890,47639,0,0.353394,0
181706,4605,0,0.371713,0
70551,34551,0,0.411521,0
11649,42752,0,0.368366,0
162620,41192,0,0.365116,0
178996,16108,1,0.39569,0
32351,4605,0,0.321626,0
34505,18531,0,0.415762,0
22009,16154,0,0.365,0
47531,44640,0,0.304005,0
80245,32727,0,0.249413,0
16772,32412,0,0.224269,0
32863,37201,0,0.23399,0
87106,39758,0,0.282999,0
82380,2132,0,0.359767,0
198876,47783,0,0.381944,0
151024,40706,0,0.277831,0
167805,22281,0,0.257976,0
44202,8451,0,0.338419,0
132299,42394,0,0.22138,0
183521,9434,0,0.28946,0
205747,37973,0,0.346023,0
184113,17948,0,0.422384,0
77361,28204,1,0.380704,0
2396,8479,0,0.340341,0
189571,13535,0,0.337599,0
133780,22451,0,0.222973,0
70935,25623,0,0.375991,0
23998,6387,0,0.358546,0
60296,27477,0,0.412249,0
98675,25230,0,0.360315,0
21422,26911,0,0.223549,0
152786,38231,0,0.348958,0
105981,42063,0,0.379892,0
73946,21903,0,0.319595,0
57021,41821,0,0.228185,0
9678,25640,0,0.427146,0
40279,26940,0,0.337614,0
152652,651,0,0.411637,0
183842,43154,0,0.341999,0
170359,34124,0,0.353851,0
65819,17706,1,0.52801,1
188318,29328,0,0.351476,0
86537,37215,0,0.391392,0
128175,7952,0,0.376194,0
107381,27336,0,0.233176,0
82807,35108,0,0.240927,0
204884,42768,0,0.299931,0
65981,40516,0,0.274296,0
144211,39812,1,0.376684,0
101954,12419,0,0.249038,0
21535,21754,0,0.200148,0
114979,38508,0,0.212643,0
26843,20682,0,0.335536,0
23060,18594,0,0.268288,0
128714,31066,0,0.343851,0
57226,44825,0,0.299996,0
126510,32638,0,0.26971,0
197053,21903,0,0.3729,0
67443,46516,1,0.472524,1
112839,2452,1,0.383539,0
129625,28199,0,0.24737,0
14392,19647,0,0.332429,0
122957,44053,0,0.376377,0
1629,8670,0,0.39804,0
55035,1633,0,0.39827,0
8778,2272,0,0.396497,0
49480,6104,0,0.277877,0
8232,20991,0,0.215186,0
116795,11123,0,0.246956,0
78039,21513,0,0.236694,0
193391,10504,0,0.410712,0
171969,29694,0,0.356636,0
45522,47843,0,0.331599,0
102020,1556,0,0.261021,0
126766,30489,0,0.410922,0
55576,42450,0,0.30619,0
204792,6341,0,0.408806,0
146163,10036,0,0.23134,0
188184,18020,0,0.305624,0
103890,20842,0,0.303044,0
80465,43961,0,0.383378,0
120163,5134,0,0.215464,0
34703,37890,0,0.335457,0
70867,44683,0,0.406349,0
181782,32585,0,0.358636,0
94710,155,0,0.320527,0
22750,28911,0,0.386323,0
5557,21479,0,0.339688,0
15575,40516,0,0.277359,0
112340,23809,0,0.381812,0
140614,10673,0,0.279892,0
140109,39002,0,0.339371,0
71,19019,0,0.376378,0
61699,40712,0,0.320561,0
149662,40587,1,0.470921,1
164907,29926,0,0.298885,0
171557,32224,0,0.18617,0
117577,23288,0,0.323483,0
161557,5322,0,0.246659,0
12639,9155,0,0.351682,0
88610,13212,0,0.215707,0
76640,9210,0,0.370286,0
6688,42536,0,0.420633,0
97393,6742,0,0.32614,0
121430,41544,0,0.366622,0
135400,32931,0,0.324631,0
50595,14895,0,0.376481,0
25687,47626,0,0.483088,1
36190,43406,0,0.309947,0
13278,26486,0,0.398794,0
6235,47626,0,0.374549,0
65130,32156,0,0.256049,0
131203,29094,1,0.465934,1
178640,45633,0,0.420018,0
5346,45007,0,0.380583,0
9944,43129,0,0.403343,0
150389,46667,0,0.269089,0
198288,2078,0,0.465623,1
135560,26324,0,0.399723,0
132789,39275,0,0.41446,0
156968,47087,0,0.272683,0
193664,3616,0,0.399049,0
195661,33198,0,0.512759,1
162777,37931,0,0.312609,0
10666,39558,0,0.450792,1
67181,29439,0,0.377579,0
75707,37147,0,0.359703,0
198099,26981,0,0.33878,0
164251,33120,1,0.501161,1
121486,46802,0,0.315709,0
153788,20760,0,0.284896,0
173692,28790,0,0.24362,0
117708,47626,1,0.437544,0
193085,42110,0,0.267254,0
78039,47766,0,0.229484,0
73290,4562,0,0.277749,0
7713,16965,0,0.315767,0
169468,30442,0,0.40535,0
87259,22825,0,0.282031,0
168938,23821,0,0.229509,0
81175,21914,0,0.321007,0
98968,15290,0,0.28407,0
25397,17862,0,0.35264,0
79523,36011,0,0.300856,0
24562,35980,0,0.34626,0
55555,32707,0,0.356759,0
183781,30353,0,0.267881,0
89782,13838,0,0.281545,0
146624,6073,0,0.461553,1
110872,47590,0,0.303231,0
77797,40969,0,0.278565,0
72901,40233,0,0.338738,0
10592,22113,0,0.20513,0
79762,7753,0,0.404784,0
124341,33368,0,0.323592,0
184219,41131,0,0.383354,0
133778,29987,0,0.237836,0
96381,19448,0,0.324509,0
23029,24231,0,0.299388,0
201637,18370,0,0.281138,0
170970,2846,0,0.342497,0
33703,21616,0,0.484909,1
28980,31553,0,0.248611,0
130543,15654,0,0.198421,0
84553,24382,0,0.248086,0
118843,46709,0,0.387105,0
15598,14992,0,0.380653,0
24257,2086,0,0.423058,0
57980,17231,0,0.257493,0
201529,9124,0,0.242385,0
200827,7177,0,0.402723,0
23657,46969,0,0.361613,0
34124,16900,0,0.363585,0
11221,5388,0,0.359981,0
143343,26369,0,0.282356,0
5390,13966,0,0.313976,0
85389,24622,0,0.379364,0
9084,42887,0,0.356876,0
33336,30489,0,0.285524,0
132641,47788,0,0.312862,0
62976,27104,0,0.333003,0
97436,45013,0,0.324132,0
59130,44229,1,0.441575,0
18217,35176,0,0.293038,0
43402,23524,0,0.366058,0
138526,30169,0,0.277128,0
201645,43234,0,0.291319,0
32980,45570,0,0.403695,0
153033,27845,0,0.343923,0
50321,33407,0,0.229333,0
63725,43933,0,0.221712,0
164116,28934,1,0.472613,1
33695,14144,0,0.258459,0
93403,31660,0,0.28041,0
70880,31173,0,0.214342,0
127837,34530,0,0.294054,0
144314,48220,1,0.481757,1
137447,21376,0,0.356377,0
83562,35162,0,0.190032,0
100595,17858,0,0.229622,0
85124,17122,0,0.309747,0
94838,23236,0,0.417912,0
163156,21872,0,0.230262,0
132364,44683,0,0.283593,0
132336,45066,0,0.377799,0
11576,39781,1,0.425086,0
200321,45440,0,0.348644,0
20064,32553,0,0.427241,0
182347,18709,0,0.403622,0
141113,42629,0,0.390104,0
99154,18479,0,0.281103,0
196952,14462,0,0.371712,0
41900,48946,0,0.233574,0
141547,17862,0,0.338707,0
25425,24964,0,0.512267,1
116407,23032,0,0.36814,0
155922,39275,1,0.407516,0
153319,19678,0,0.281599,0
34856,37011,0,0.233149,0
173662,17758,0,0.335057,0
155788,42719,0,0.229171,0
135687,7358,0,0.413485,0
153850,5640,0,0.475041,1
98004,41540,1,0.517144,1
143422,33957,0,0.284252,0
22510,48679,0,0.318811,0
7224,30778,0,0.381226,0
173112,44329,0,0.248866,0
87001,13838,0,0.372204,0
198225,35395,0,0.284098,0
83671,35072,0,0.282085,0
16298,35221,0,0.310169,0
6198,30784,0,0.390486,0
100032,19513,0,0.322621,0
20906,13176,0,0.357584,0
106699,19706,0,0.3606,0
193261,41055,0,0.418564,0
203851,5876,0,0.444482,0
147253,1057,0,0.264649,0
80868,26346,0,0.432491,0
157739,19495,0,0.311191,0
198056,47253,0,0.41072,0
161394,21137,0,0.26203,0
49259,36107,0,0.407608,0
203170,42992,0,0.334974,0
48943,47229,0,0.29802,0
44391,31717,0,0.363339,0
109015,9736,0,0.285335,0
46559,14999,0,0.39234,0
126485,18413,0,0.359094,0
63748,12392,0,0.371539,0
193065,18434,0,0.381212,0
48776,18610,0,0.376109,0
104373,48775,0,0.491139,1
53694,16414,0,0.429936,0
54574,17794,0,0.341306,0
162418,41610,0,0.214252,0
89402,39558,0,0.348919,0
144387,16144,0,0.369889,0
56653,41400,1,0.454766,1
55470,21019,0,0.365058,0
152052,25544,0,0.382774,0
183215,47601,0,0.386324,0
61357,33791,0,0.338863,0
51775,41273,0,0.279158,0
199845,8536,0,0.424983,0
147443,12817,0,0.271626,0
97399,14506,0,0.329112,0
193254,4799,0,0.30138,0
52493,15261,0,0.277918,0
79213,32839,0,0.2473,0
105914,21019,0,0.219629,0
180185,12341,1,0.541453,1
80179,31717,0,0.29731,0
166917,36076,0,0.367014,0
42264,27571,0,0.267947,0
94016,8518,0,0.404019,0
140722,17223,0,0.311545,0
200978,44628,0,0.392277,0
205634,5971,0,0.271491,0
199328,16953,0,0.41183,0
56406,37766,0,0.24564,0
65961,15290,0,0.252361,0
191135,46605,0,0.380938,0
200437,25272,0,0.357766,0
83343,31692,0,0.384661,0
183683,17949,0,0.444332,0
194996,13563,0,0.298011,0
1856,36865,1,0.529482,1
199358,9337,0,0.402674,0
144751,27318,0,0.256268,0
181827,21144,0,0.206957,0
176076,19678,0,0.321558,0
140745,10246,0,0.282169,0
129582,2295,0,0.400825,0
44090,5910,0,0.216232,0
131394,42658,0,0.264516,0
203838,13176,0,0.391904,0
170224,1090,0,0.337103,0
189729,38273,0,0.293141,0
78927,32156,0,0.357553,0
131672,20278,0,0.3485,0
25982,25718,0,0.262367,0
144847,12013,1,0.392766,0
154676,22105,0,0.317866,0
141768,20641,0,0.301258,0
16130,13245,0,0.363244,0
194182,30021,0,0.333717,0
112061,42828,0,0.462756,1
4178,18880,0,0.368659,0
159341,41787,0,0.432167,0
101975,29204,0,0.364175,0
163550,10017,1,0.411483,0
86909,38871,0,0.228691,0
134468,34155,0,0.390259,0
188679,18362,0,0.272383,0
204184,19354,0,0.42097,0
193021,29345,0,0.2503,0
173613,46979,0,0.430898,0
33716,12845,0,0.345299,0
79887,30922,0,0.29805,0
186544,11174,0,0.3455,0
8270,41149,0,0.330146,0
59564,32965,0,0.251671,0
183074,22530,0,0.406418,0
173657,28682,0,0.387082,0
118871,20754,0,0.272647,0
31939,19678,0,0.216111,0
132958,5296,0,0.258515,0
159240,44644,0,0.305299,0
164454,26900,0,0.348379,0
147836,9839,0,0.343607,0
27145,4605,0,0.409564,0
31939,31126,0,0.20001,0
5055,196,1,0.543178,1
36257,31136,0,0.458222,1
169355,8174,0,0.242277,0
189655,14399,0,0.348941,0
202849,10193,0,0.203587,0
77434,31127,0,0.292712,0
97900,17295,0,0.310588,0
203851,40079,0,0.33273,0
203392,29553,0,0.427766,0
90348,35752,0,0.481245,1
52182,22935,0,0.376363,0
49173,13525,0,0.394891,0
107505,2974,0,0.36173,0
27090,17858,0,0.257549,0
7831,38653,0,0.342664,0
189746,44632,1,0.498805,1
143203,8184,0,0.338188,0
97061,10978,0,0.34831,0
120230,3816,0,0.267872,0
34684,36923,0,0.38694,0
24571,49226,0,0.472034,1
72148,30036,0,0.46056,1
38955,17461,0,0.274541,0
31057,22007,0,0.316112,0
196604,36,0,0.256177,0
24638,13733,0,0.266572,0
98478,22340,0,0.359554,0
63517,27521,1,0.442534,0
3659,41787,0,0.331342,0
176948,3990,0,0.432266,0
86909,11827,0,0.213958,0
24179,5380,0,0.33174,0
12249,6238,0,0.301158,0
20575,14870,0,0.23134,0
54917,5550,0,0.409749,0
97345,38610,0,0.267178,0
132544,19151,0,0.385267,0
79047,29545,0,0.380743,0
153685,32578,0,0.2725,0
40604,37983,0,0.391996,0
172875,44910,0,0.348885,0
50434,16349,0,0.402572,0
21027,42265,1,0.370175,0
89333,14778,0,0.402664,0
139023,5194,0,0.446008,0
32539,32446,0,0.265021,0
204848,28849,0,0.256574,0
96267,34991,0,0.358539,0
124341,27801,0,0.308096,0
138310,45125,0,0.258515,0
120892,4647,0,0.381493,0
66895,34459,0,0.249712,0
113257,8053,0,0.315265,0
109812,22935,0,0.335446,0
27762,45453,0,0.369328,0
91949,12080,0,0.360758,0
85750,45303,0,0.303523,0
34605,48695,1,0.398635,0
118905,42931,0,0.255255,0
16312,46226,0,0.48541,1
58218,39578,0,0.276983,0
134020,12693,0,0.259207,0
74678,11688,0,0.34385,0
41517,5757,0,0.450582,1
193746,21372,0,0.264202,0
39438,15269,0,0.262535,0
13227,10246,0,0.278719,0
103211,2759,0,0.21551,0
16152,38383,0,0.438263,0
139110,24964,1,0.376182,0
102616,5970,0,0.397272,0
1722,48086,1,0.482736,1
26054,26165,0,0.502679,1
92277,19660,0,0.35369,0
92811,7054,0,0.271598,0
131791,16398,0,0.358232,0
139096,42958,0,0.274204,0
4426,42475,0,0.268675,0
49370,6178,0,0.39039,0
114046,21903,0,0.29063,0
67129,41874,0,0.26369,0
19262,4945,1,0.464592,1
113255,47626,0,0.409827,0
122218,42701,0,0.357098,0
100869,34358,0,0.415629,0
184014,24506,0,0.358314,0
125265,38383,0,0.410516,0
135984,33493,0,0.377291,0
53738,4138,0,0.42378,0
25855,23375,0,0.359264,0
7228,22825,0,0.273315,0
88303,5973,0,0.284264,0
30658,24852,0,0.33133,0
193193,5271,1,0.461855,1
101664,45296,0,0.272413,0
135187,12013,0,0.363201,0
80829,13757,0,0.423161,0
137331,44479,0,0.433631,0
148162,41338,0,0.375411,0
171158,15662,0,0.273147,0
182778,14877,0,0.36175,0
154216,18027,0,0.373655,0
89208,47630,0,0.474191,1
103401,31156,1,0.447948,0
193204,17789,0,0.218882,0
141295,35652,0,0.342006,0
71688,13176,1,0.550325,1
53281,1158,1,0.34388,0
132713,1313,0,0.385234,0
48132,32756,0,0.344948,0
163467,28427,0,0.236435,0
73175,5450,0,0.373019,0
78076,48370,0,0.450777,1
82058,49401,0,0.217904,0
177166,43789,0,0.361495,0
82215,9462,0,0.369835,0
103262,6046,0,0.370342,0
194234,18465,0,0.404229,0
159979,790,0,0.22156,0
8677,25093,0,0.336884,0
25283,34778,0,0.374252,0
126902,6858,0,0.259497,0
141683,10912,0,0.275762,0
119159,12980,0,0.386302,0
78487,45537,0,0.40396,0
146520,2086,0,0.36087,0
80581,2408,0,0.32344,0
59519,21506,0,0.22205,0
85870,16137,0,0.339801,0
60371,40467,0,0.36252,0
199993,41055,0,0.305861,0
10446,30382,0,0.408022,0
199815,10749,0,0.406457,0
87810,2014,0,0.402452,0
148285,29798,0,0.305997,0
76323,4605,0,0.219898,0
71903,16097,0,0.406473,0
57287,890,1,0.386509,0
18482,33884,0,0.205474,0
18332,35108,0,0.355365,0
60834,25836,0,0.264219,0
41153,17008,0,0.360743,0
45955,9438,0,0.411349,0
67178,40878,0,0.268827,0
96424,38827,0,0.243082,0
55746,36658,0,0.244619,0
130953,35725,0,0.353876,0
127709,34358,0,0.247111,0
80232,5242,0,0.197145,0
48959,40486,0,0.272683,0
60406,9703,0,0.328596,0
160409,14191,0,0.339332,0
42500,34137,0,0.420419,0
65798,18415,0,0.298023,0
155370,1485,0,0.271626,0
66060,35715,0,0.447835,0
25304,41220,0,0.352844,0
175809,41178,0,0.353697,0
131979,15186,0,0.194923,0
161797,2295,0,0.260153,0
8820,22474,0,0.361775,0
124556,26668,0,0.376332,0
114311,21850,0,0.214252,0
17739,16823,0,0.376293,0
32569,9839,0,0.351062,0
169366,47029,0,0.37453,0
165123,39581,0,0.335625,0
203523,14462,0,0.302117,0
4152,1234,0,0.491473,1
177652,47209,0,0.428947,0
64014,41642,0,0.262974,0
72715,1648,0,0.362857,0
154411,343,0,0.301251,0
13062,19887,0,0.301258,0
141283,23296,0,0.436597,0
112747,47766,0,0.385005,0
89590,8277,0,0.259854,0
186619,46979,0,0.450648,1
159274,27966,0,0.441712,0
60396,2966,0,0.208865,0
124424,47058,0,0.451186,1
143101,6288,0,0.355664,0
202252,1862,0,0.348083,0
22352,15873,0,0.380809,0
115586,44614,0,0.372325,0
1648,22234,0,0.400615,0
79944,16479,0,0.434018,0
63277,17956,0,0.357263,0
34531,18200,0,0.322882,0
141383,20431,0,0.448963,0
35315,39275,0,0.274541,0
22309,37131,0,0.3212,0
82746,44514,0,0.37045,0
137392,40723,0,0.225747,0
167720,21077,0,0.400678,0
193632,44628,0,0.355897,0
16989,37220,0,0.24954,0
181460,28842,0,0.393523,0
167547,38067,0,0.248511,0
198699,35167,0,0.378458,0
91840,20983,0,0.378535,0
16692,25005,0,0.295441,0
121888,28842,0,0.373721,0
89694,22849,0,0.323886,0
75487,24852,1,0.488796,1
26838,43263,0,0.353732,0
158866,11068,0,0.407766,0
62450,49520,0,0.348547,0
134744,23565,0,0.34838,0
23007,26604,0,0.308991,0
101816,18079,0,0.348982,0
23190,44910,0,0.402572,0
202580,17600,0,0.337766,0
189460,31683,0,0.461289,1
158091,35914,0,0.506554,1
71381,5212,0,0.344612,0
67344,13780,0,0.260349,0
186263,26165,0,0.413281,0
53690,32338,0,0.318433,0
71817,46667,1,0.37434,0
45701,37029,0,0.428839,0
102255,41055,1,0.312467,0
164448,36316,0,0.35386,0
160961,16797,0,0.363901,0
71051,24852,0,0.432388,0
202457,26183,0,0.377408,0
134080,15290,0,0.281138,0
42481,13457,0,0.327733,0
187890,13263,0,0.389211,0
27441,26209,0,0.230264,0
133588,7054,0,0.29117,0
39896,7628,0,0.250481,0
35422,49683,0,0.282169,0
34266,25686,0,0.229622,0
76360,2164,0,0.27104,0
69853,38293,0,0.438761,0
70743,6765,0,0.387045,0
104269,13031,0,0.426359,0
6806,26764,0,0.20557,0
126687,22312,0,0.188421,0
202410,39339,0,0.458351,1
179148,12541,0,0.396089,0
79395,48205,1,0.454737,1
127776,38563,0,0.32665,0
196174,49598,0,0.299468,0
136579,3529,0,0.444497,0
91917,204,0,0.226684,0
105852,26848,0,0.375304,0
34797,21386,0,0.211671,0
146321,25824,0,0.263284,0
199684,42857,0,0.212058,0
172654,31766,0,0.439041,0
184663,37065,0,0.36261,0
104364,26111,0,0.401846,0
164426,19660,0,0.257044,0
70102,11182,1,0.440313,0
154915,49235,0,0.496955,1
113052,45063,0,0.300337,0
206117,46087,0,0.196143,0
678,30229,0,0.278262,0
99389,18069,0,0.407529,0
33932,481,0,0.279271,0
15363,6347,0,0.404939,0
148891,17326,0,0.26917,0
50187,34169,0,0.399033,0
155976,33731,0,0.301735,0
118967,26521,0,0.369431,0
65495,20142,0,0.309223,0
147580,28221,0,0.338342,0
99934,29898,0,0.402848,0
136271,37059,0,0.339434,0
77405,23137,0,0.211152,0
94152,36929,0,0.266703,0
46257,9871,0,0.273291,0
75020,20431,0,0.248294,0
163843,3389,0,0.371222,0
88449,10819,0,0.221664,0
22646,20985,0,0.294303,0
187104,14197,0,0.374611,0
155228,46811,0,0.311412,0
120526,17794,1,0.472873,1
204390,36854,0,0.389188,0
23280,39636,0,0.308293,0
180289,35951,1,0.466184,1
90685,38293,0,0.436287,0
133679,31558,0,0.368686,0
84835,34625,0,0.389223,0
135407,38739,0,0.333907,0
66387,7751,0,0.296197,0
168313,31486,0,0.222653,0
86769,43295,0,0.390527,0
17292,3376,0,0.421389,0
47968,42244,0,0.490639,1
15160,12986,0,0.366051,0
137856,28985,0,0.374519,0
173325,40706,0,0.36983,0
75664,35921,0,0.351786,0
169787,27744,0,0.412776,0
183401,28156,0,0.412821,0
26083,20580,0,0.273196,0
97551,12756,0,0.397503,0
69750,39928,0,0.377122,0
161079,687,0,0.305992,0
85613,18150,0,0.255072,0
54283,25043,0,0.342148,0
16298,7862,0,0.208585,0
146295,27360,0,0.471933,1
121153,29432,0,0.346916,0
174478,17794,0,0.334423,0
185011,38504,0,0.349483,0
129705,15392,0,0.400436,0
161766,12745,0,0.261014,0
83780,8668,0,0.380794,0
143278,1862,0,0.238129,0
118958,21666,0,0.399048,0
66777,31717,0,0.442153,0
51288,47766,1,0.505806,1
164319,28993,0,0.418656,0
203062,24955,0,0.249526,0
143539,15386,0,0.442055,0
65790,18394,0,0.421788,0
202778,31805,0,0.405145,0
190389,34658,0,0.300251,0
49368,9480,0,0.358406,0
137233,2088,0,0.367898,0
3514,11543,0,0.240733,0
90227,31477,0,0.353976,0
6336,28204,0,0.277877,0
62549,2405,0,0.328876,0
147356,43122,1,0.456648,1
198725,32782,0,0.379754,0
77153,14671,0,0.261936,0
48957,24964,0,0.241761,0
204793,12341,1,0.475548,1
141612,25153,0,0.400894,0
5384,19048,0,0.425109,0
174328,38558,0,0.301194,0
47385,29009,0,0.346302,0
140412,34321,1,0.440419,0
16357,28012,0,0.287892,0
50210,19057,0,0.419491,0
179846,39984,0,0.303857,0
202941,27243,0,0.212344,0
63057,47144,0,0.332625,0
66285,12276,0,0.347979,0
80556,35181,0,0.275578,0
84336,27104,0,0.303881,0
84327,21698,0,0.416107,0
64601,8571,1,0.543746,1
23713,30191,0,0.343573,0
130359,45801,0,0.333709,0
92749,46692,0,0.352436,0
193028,5456,0,0.409983,0
140766,23106,0,0.36741,0
176495,24830,0,0.341701,0
169468,31766,0,0.44665,0
104304,45066,0,0.231517,0
175725,37979,0,0.372737,0
129390,43961,0,0.294253,0
88103,42475,0,0.381748,0
39388,44632,0,0.417225,0
131706,32051,0,0.355514,0
82392,7615,0,0.329139,0
150249,32717,0,0.40222,0
92580,42299,0,0.377379,0
8073,32429,0,0.27711,0
151304,19436,0,0.217299,0
88837,1503,0,0.38572,0
119024,11807,0,0.343775,0
204930,44475,0,0.413641,0
154973,3187,0,0.297687,0
149808,28985,0,0.445348,0
69252,10644,0,0.21541,0
152972,41220,0,0.36087,0
205708,14627,0,0.392857,0
144542,43076,0,0.377637,0
181970,22007,0,0.3263,0
49973,21092,0,0.27383,0
68716,5134,0,0.310059,0
121535,26767,0,0.302504,0
204215,11438,1,0.402855,0
62634,34487,0,0.323168,0
100773,14645,0,0.300793,0
34006,34243,1,0.420959,0
53548,34249,0,0.229333,0
159210,39561,0,0.405426,0
195416,28849,0,0.231539,0
95565,12834,0,0.320739,0
145250,24711,0,0.2595,0
88813,25890,0,0.419531,0
174399,25132,0,0.37213,0
151915,32455,0,0.384074,0
177942,21405,0,0.446566,0
24179,22187,1,0.330348,0
204278,1940,0,0.246099,0
56412,11755,0,0.357389,0
69991,44375,0,0.348714,0
127868,7751,0,0.302319,0
161679,34804,0,0.353591,0
154404,36418,0,0.352589,0
92484,19760,0,0.259807,0
72110,3231,0,0.194923,0
57199,25170,0,0.441902,0
46485,22849,0,0.404059,0
193500,43740,0,0.229171,0
57380,22245,0,0.274934,0
44473,45717,0,0.335217,0
29621,38970,0,0.184406,0
89513,9796,0,0.313758,0
164307,45948,1,0.414702,0
10055,44683,0,0.352834,0
111388,4605,0,0.436682,0
104263,19057,0,0.334066,0
87026,24671,0,0.189195,0
152468,41352,0,0.220888,0
154812,28985,0,0.372038,0
46768,26790,0,0.286749,0
98081,16349,0,0.21175,0
77943,11198,0,0.336414,0
72391,26586,0,0.387298,0
59698,45076,0,0.280311,0
73651,13176,0,0.411462,0
73581,40706,0,0.353386,0
21535,40332,0,0.218981,0
13218,31343,0,0.466257,1
115019,22275,0,0.393968,0
159591,12672,0,0.29358,0
130966,9387,0,0.277692,0
3231,34466,0,0.278514,0
501,27429,0,0.393652,0
160264,43968,0,0.339271,0
13330,30849,0,0.294492,0
169340,39545,0,0.275206,0
173248,42356,0,0.26872,0
117053,38637,0,0.251961,0
66304,16818,0,0.398906,0
158600,34243,0,0.380687,0
149584,25495,0,0.291217,0
102199,4006,0,0.22007,0
144151,48595,0,0.40564,0
73957,3265,0,0.285037,0
26059,19508,0,0.223216,0
25435,44466,0,0.394316,0
83589,44422,0,0.26851,0
189173,8502,0,0.279182,0
148917,10369,0,0.207698,0
7214,37646,0,0.326119,0
72917,16797,0,0.278416,0
67064,25659,0,0.315646,0
143524,45013,0,0.292876,0
17062,36287,1,0.478601,1
46900,17027,0,0.391296,0
30337,48679,1,0.510333,1
78498,44449,0,0.374708,0
205389,23314,0,0.228757,0
110311,46206,0,0.23753,0
190729,8518,1,0.409938,0
25202,14444,0,0.287345,0
108580,34126,0,0.462391,1
204060,46671,0,0.298413,0
179335,43221,0,0.242512,0
53084,7461,0,0.260038,0
444,33407,0,0.334566,0
199334,5025,0,0.359449,0
169280,42265,0,0.389497,0
188318,35939,0,0.408509,0
84782,48364,0,0.42035,0
108653,46402,0,0.346948,0
136292,33120,0,0.437481,0
192739,28020,0,0.290981,0
21267,40220,0,0.452704,1
76025,13198,1,0.420338,0
191587,35734,0,0.365111,0
97228,15290,0,0.400018,0
38202,45613,0,0.380686,0
147903,45504,0,0.332821,0
117023,28597,0,0.32247,0
23969,43295,0,0.233703,0
146656,10,1,0.420073,0
14321,23348,0,0.38256,0
122799,29344,0,0.327945,0
126872,5794,0,0.439247,0
162651,1396,0,0.385697,0
114313,46941,0,0.407957,0
14140,47144,0,0.286691,0
41898,11870,0,0.37475,0
75098,47059,0,0.30223,0
105645,25086,0,0.30845,0
105343,2825,0,0.368375,0
193650,14862,0,0.274204,0
198970,18352,0,0.248134,0
37859,47042,0,0.261767,0
127774,39812,0,0.22567,0
167204,32177,0,0.258455,0
5049,37710,0,0.43209,0
120296,29987,0,0.350157,0
105547,37646,1,0.447355,0
133306,4704,0,0.390548,0
198627,37011,0,0.267254,0
193576,19048,0,0.35002,0
196704,31433,0,0.347186,0
126636,40795,0,0.346029,0
68888,14161,0,0.394208,0
115600,41131,0,0.448578,0
4131,45066,0,0.266379,0
61012,24852,0,0.362702,0
6456,39374,0,0.36889,0
2997,1757,0,0.255079,0
8458,26497,0,0.258515,0
36478,31553,0,0.371093,0
198004,24830,0,0.293541,0
168213,13219,0,0.40008,0
189680,37011,0,0.197643,0
151446,44548,0,0.331916,0
119079,45007,1,0.493904,1
122613,41787,1,0.427788,0
65754,12285,0,0.263831,0
151866,17902,0,0.435348,0
8274,890,0,0.345243,0
197567,27307,0,0.457712,1
149942,810,0,0.350674,0
65481,2525,0,0.241863,0
52909,44987,0,0.284384,0
33466,44867,0,0.305068,0
27699,14992,0,0.278199,0
91925,12471,0,0.308995,0
168860,34466,0,0.306636,0
181181,48043,0,0.379642,0
135196,3843,0,0.267947,0
159047,25647,0,0.390713,0
31743,24852,0,0.317099,0
59752,42350,0,0.400894,0
106903,35749,0,0.244673,0
42392,47439,0,0.319922,0
32312,28906,0,0.332011,0
152877,7500,0,0.301523,0
138279,35412,0,0.393766,0
205513,24561,0,0.360915,0
77347,11352,0,0.306787,0
171877,28985,1,0.464693,1
118380,27170,0,0.329417,0
52861,44042,1,0.515196,1
105996,24838,1,0.487133,1
64781,6673,0,0.222217,0
184664,24964,0,0.271826,0
205126,47626,0,0.365574,0
82938,8098,0,0.357876,0
161246,48364,0,0.359861,0
156223,26032,0,0.283186,0
180850,46361,0,0.263613,0
24918,29328,0,0.274122,0
166291,17008,0,0.267254,0
14293,1940,1,0.538468,1
89412,23909,0,0.419022,0
125709,44359,0,0.346865,0
115659,40723,0,0.291847,0
40202,22122,0,0.363478,0
114990,141,0,0.33065,0
39614,41453,0,0.441712,0
120042,21137,0,0.430306,0
109644,13176,0,0.289007,0
24696,11964,0,0.432964,0
187507,16097,0,0.390173,0
20744,24221,0,0.322882,0
59156,47966,0,0.274366,0
7793,14992,0,0.3711,0
101030,39353,0,0.310247,0
175565,32717,0,0.335904,0
43437,26384,1,0.460971,1
64972,8479,0,0.402737,0
131500,13782,0,0.417923,0
204745,19156,0,0.315095,0
138900,22034,0,0.272894,0
138647,36082,0,0.262222,0
182841,30391,1,0.478412,1
53932,49327,0,0.401487,0
178352,27374,0,0.27136,0
157565,46881,0,0.222128,0
133871,43122,0,0.415276,0
36740,20734,0,0.42545,0
23871,13735,0,0.24993,0
153963,36695,0,0.344586,0
92353,30597,0,0.45486,1
182311,16185,0,0.277989,0
19154,24964,0,0.34491,0
86669,13829,0,0.296745,0
24456,46056,0,0.288622,0
103009,9076,0,0.232848,0
92176,3992,1,0.416445,0
57300,13636,0,0.311488,0
17983,38192,0,0.359926,0
183428,35725,0,0.238698,0
154077,6543,0,0.356362,0
34048,21083,0,0.273515,0
100272,12872,0,0.31547,0
179810,40332,1,0.448584,0
25327,44359,0,0.392495,0
157248,5077,0,0.280806,0
144015,18998,0,0.312496,0
128473,40706,0,0.302421,0
103784,37687,0,0.409787,0
183948,44449,0,0.307765,0
71164,6313,0,0.368871,0
179589,2295,0,0.380306,0
110325,42242,0,0.430392,0
173696,5876,0,0.440772,0
70679,48317,0,0.254599,0
43999,17781,0,0.245053,0
136888,42701,0,0.275121,0
171775,35752,0,0.351334,0
89396,33511,0,0.27875,0
177484,8103,0,0.287409,0
19482,46308,0,0.362197,0
65730,47890,0,0.329403,0
72366,17649,0,0.375014,0
51332,26177,0,0.400584,0
140124,46979,0,0.403078,0
139956,8245,0,0.311223,0
118341,40459,0,0.315972,0
105756,31040,0,0.364348,0
200316,7139,0,0.209605,0
41158,41400,0,0.274674,0
122577,11791,0,0.379088,0
54817,20168,0,0.262544,0
53836,21019,0,0.373929,0
37172,45007,0,0.360613,0
167542,6999,0,0.444515,0
91377,43961,0,0.402458,0
159606,15872,0,0.385944,0
155650,13176,0,0.393275,0
42379,6020,0,0.264907,0
128169,48038,0,0.310623,0
49770,48720,0,0.437226,0
200609,9955,0,0.314001,0
72699,27086,0,0.239926,0
201107,8277,0,0.422206,0
3534,28593,0,0.369077,0
44645,47626,0,0.430044,0
19206,4487,0,0.360377,0
90548,49363,0,0.236993,0
1137,4354,0,0.23603,0
84995,2297,0,0.264875,0
129460,21896,0,0.220666,0
76171,36389,0,0.439363,0
29195,48205,0,0.350197,0
2920,5746,0,0.382452,0
33204,46979,0,0.323801,0
12661,4252,0,0.337623,0
140969,27509,0,0.196143,0
199765,6552,0,0.348785,0
52121,19156,0,0.365907,0
57030,5876,0,0.403756,0
27678,48810,0,0.342961,0
74530,35601,0,0.327564,0
111801,7948,0,0.3028,0
199719,38003,0,0.356752,0
92858,37903,0,0.252096,0
177963,11390,0,0.212175,0
62242,16214,0,0.343251,0
8162,35951,0,0.439762,0
43120,36599,0,0.378238,0
110240,33056,0,0.32529,0
138782,24799,0,0.388445,0
174603,7862,0,0.388934,0
16804,41198,0,0.260349,0
199609,22849,0,0.406391,0
154267,40488,0,0.369889,0
200654,28123,0,0.385329,0
6106,34126,0,0.271826,0
189655,14104,0,0.348941,0
200750,18370,0,0.422015,0
182904,8153,0,0.439285,0
121219,47209,0,0.474923,1
166255,45310,0,0.220235,0
149637,40397,0,0.25767,0
204765,28601,0,0.254636,0
21680,18918,1,0.412339,0
50576,44310,0,0.498142,1
54823,27413,0,0.387394,0
125102,48004,0,0.284278,0
167763,45007,1,0.444394,0
32617,46900,0,0.292073,0
11582,7963,1,0.476557,1
196613,29941,0,0.311944,0
43947,43488,0,0.474597,1
117711,8281,0,0.258129,0
46621,14379,0,0.33594,0
189477,7103,0,0.4873,1
29014,40354,0,0.212648,0
121950,27845,0,0.347282,0
202568,16363,0,0.459584,1
24589,44303,0,0.342367,0
46345,39275,1,0.483814,1
60439,32139,0,0.270726,0
154231,38510,0,0.424034,0
50683,9076,0,0.233803,0
183782,18382,0,0.19416,0
186995,3283,0,0.246659,0
141685,38159,0,0.241734,0
131611,29307,0,0.233149,0
101172,17231,0,0.371347,0
135296,44497,0,0.229622,0
120253,41352,0,0.34183,0
174266,41488,0,0.359553,0
24489,44799,0,0.466096,1
35289,26209,0,0.431154,0
27654,32211,0,0.242555,0
28995,33966,0,0.392804,0
112469,31373,0,0.239087,0
34552,33316,0,0.29606,0
85011,13802,0,0.401493,0
63057,38777,0,0.298132,0
12884,20682,0,0.201532,0
178607,40342,0,0.368432,0
78497,28842,0,0.390309,0
121746,36929,0,0.303119,0
195678,35973,0,0.315602,0
67494,14147,0,0.380162,0
187746,19025,0,0.313925,0
112987,42585,0,0.308286,0
38268,26369,0,0.407167,0
186085,4194,0,0.373361,0
72008,19895,0,0.225605,0
39084,1969,0,0.268181,0
5002,38896,0,0.212058,0
167099,8263,0,0.245916,0
150285,24954,0,0.368619,0
45861,13176,0,0.487607,1
193939,7681,0,0.269386,0
202124,20168,0,0.338642,0
93153,21601,0,0.480455,1
146643,9595,0,0.336195,0
166322,26283,0,0.416756,0
162729,1382,0,0.340814,0
185529,22035,0,0.434379,0
231,21386,0,0.499476,1
9311,26604,1,0.419204,0
126121,34678,0,0.325136,0
198544,19173,0,0.397065,0
83783,43961,0,0.239926,0
136518,21616,0,0.241565,0
135689,39275,0,0.40044,0
14019,26209,0,0.273098,0
197091,15424,0,0.291151,0
186271,33957,0,0.33632,0
91834,47322,0,0.374874,0
8312,30784,0,0.229622,0
128571,31382,0,0.394205,0
159817,48249,0,0.342829,0
41965,41065,0,0.423286,0
151584,8740,0,0.279796,0
199229,9510,0,0.303227,0
203061,42585,0,0.497496,1
143789,7175,0,0.361883,0
120395,6532,0,0.49101,1
67283,13085,0,0.244513,0
62988,38456,0,0.317102,0
146027,28985,0,0.434715,0
127147,36695,0,0.411988,0
154020,16522,0,0.220713,0
65974,13536,0,0.220978,0
86693,1890,0,0.449722,0
35712,23537,0,0.253103,0
60642,22468,0,0.2223,0
46924,46676,0,0.445302,0
71223,1905,0,0.3649,0
19958,26209,0,0.337023,0
77751,42585,0,0.414791,0
14481,49247,0,0.223471,0
11650,21137,0,0.433414,0
138304,27966,0,0.380566,0
46033,21137,1,0.356768,0
112707,17230,0,0.366871,0
117133,22989,0,0.262795,0
7834,31717,0,0.427741,0
121843,37107,0,0.236633,0
202369,22598,0,0.262974,0
19912,48399,0,0.35324,0
8946,26165,0,0.420435,0
86816,4462,0,0.427939,0
110052,29447,0,0.369293,0
57980,9594,0,0.209855,0
11977,15290,0,0.446018,0
182567,28371,1,0.471187,1
141537,27663,0,0.258515,0
49737,1935,0,0.394201,0
135429,6291,0,0.482151,1
190,43961,0,0.241886,0
203801,11689,0,0.336402,0
152817,40377,0,0.440521,0
70457,37904,0,0.408776,0
194885,21914,0,0.33879,0
198789,20767,0,0.340724,0
31740,44949,0,0.248134,0
124178,13877,1,0.436182,0
182732,32465,0,0.393206,0
54395,36070,0,0.449143,0
179479,35973,0,0.242121,0
89622,48777,0,0.333412,0
152174,18288,0,0.38892,0
19450,46692,0,0.247006,0
119514,29864,0,0.27255,0
160100,17273,0,0.317978,0
20031,3476,0,0.354723,0
74799,9786,0,0.415973,0
91775,43183,0,0.233149,0
80468,8395,0,0.198772,0
123180,35561,0,0.250263,0
169280,11452,0,0.44717,0
138212,5652,0,0.37781,0
125155,16616,0,0.296956,0
122652,9839,0,0.406383,0
199995,1244,0,0.266182,0
173117,31553,0,0.268919,0
20449,21280,0,0.375014,0
54159,2722,0,0.254215,0
200148,11563,0,0.374887,0
83885,40618,0,0.339521,0
200289,16797,0,0.448952,0
95953,6985,0,0.335027,0
202566,5710,0,0.384418,0
150264,33290,0,0.325564,0
193743,31471,0,0.411911,0
40436,23892,0,0.411725,0
134949,2383,0,0.395546,0
11165,27845,0,0.243719,0
27186,26684,0,0.246659,0
11635,16965,0,0.323538,0
162856,41860,0,0.379953,0
149863,24915,0,0.378412,0
85369,1485,0,0.400912,0
146246,29640,0,0.426232,0
97013,29898,0,0.41926,0
18482,47479,0,0.271532,0
52075,12144,0,0.334407,0
125222,29473,0,0.407387,0
79757,33065,0,0.391751,0
22319,22935,0,0.333376,0
51784,29672,0,0.433631,0
3451,23026,0,0.265332,0
142827,30021,0,0.363275,0
90106,28715,0,0.477197,1
70665,26250,0,0.272135,0
196387,30610,0,0.275595,0
68795,21387,0,0.361218,0
161485,27104,0,0.274088,0
198650,21417,0,0.404382,0
172769,8174,0,0.467185,1
69304,14197,0,0.353911,0
124158,28946,0,0.362843,0
23153,6489,0,0.295129,0
8150,6789,0,0.23753,0
81300,46059,0,0.29228,0
154446,21174,0,0.432157,0
101948,9623,0,0.393941,0
107678,19268,0,0.315283,0
32307,11365,0,0.25323,0
198461,93,0,0.384521,0
167354,46906,0,0.283251,0
74578,23744,0,0.39141,0
179774,4920,0,0.428976,0
166895,17149,0,0.415119,0
123330,47601,0,0.25397,0
60826,424,0,0.345248,0
197081,21938,0,0.208865,0
29046,42527,0,0.266116,0
172473,17706,0,0.421666,0
49486,21177,0,0.254438,0
34429,16490,0,0.374648,0
171020,44632,0,0.340934,0
204210,46906,0,0.343283,0
186271,33041,0,0.395627,0
49977,39275,0,0.455472,1
50143,8710,0,0.239087,0
105578,8385,0,0.221972,0
169471,1356,0,0.23659,0
15955,8518,0,0.245828,0
67178,29987,0,0.273975,0
71661,10749,0,0.346317,0
123392,20119,0,0.409187,0
132387,38473,0,0.273119,0
35422,36695,0,0.326959,0
97855,45633,0,0.352298,0
199060,40910,0,0.243082,0
20083,45208,0,0.200684,0
182838,41844,0,0.271826,0
39614,47144,0,0.389488,0
173017,19734,0,0.410775,0
83327,6046,0,0.277692,0
164695,27991,0,0.386221,0
26272,28541,0,0.212342,0
199477,29740,0,0.353875,0
37995,30855,1,0.441729,0
104581,21653,0,0.258569,0
17555,32706,0,0.328256,0
64454,45066,0,0.309923,0
19343,14491,0,0.35289,0
119039,10481,0,0.433618,0
11161,43122,0,0.287435,0
123700,35547,0,0.488821,1
8290,24489,0,0.409367,0
76157,4138,0,0.409132,0
134984,24964,0,0.468614,1
111137,32047,0,0.343651,0
99385,35902,0,0.272884,0
48772,11574,1,0.431832,0
23924,1090,0,0.37949,0
126209,5615,0,0.306213,0
186448,8519,0,0.291816,0
74345,47672,0,0.282169,0
153777,21903,0,0.242018,0
140648,28221,0,0.2725,0
189951,46812,0,0.379533,0
156694,27086,1,0.4178,0
84455,1416,0,0.377977,0
71911,33575,0,0.427667,0
101020,45596,0,0.405884,0
97006,42701,0,0.361753,0
204415,23115,0,0.439675,0
89924,39464,1,0.439584,0
56048,35004,0,0.307693,0
74705,20345,0,0.426672,0
30334,34969,0,0.356491,0
69667,32537,0,0.233574,0
136554,34824,1,0.445326,0
202876,39639,0,0.431097,0
68717,9210,0,0.236706,0
14684,35420,0,0.200998,0
193074,20995,0,0.450072,1
89511,45445,0,0.207698,0
956,44336,0,0.367606,0
185745,42736,0,0.379394,0
180289,890,0,0.39032,0
36771,40706,0,0.364895,0
101976,38902,0,0.465748,1
80505,21938,0,0.308201,0
189042,11247,0,0.338728,0
106927,5101,0,0.401302,0
134063,18721,0,0.343729,0
25615,31482,0,0.257134,0
184834,20574,0,0.287665,0
182109,49235,1,0.350174,0
28806,16589,0,0.402343,0
73310,32689,0,0.301485,0
88460,46789,0,0.34602,0
89246,35378,0,0.291853,0
191800,39993,0,0.431721,0
32314,3957,1,0.496523,1
89395,46616,0,0.406704,0
185362,22882,0,0.402165,0
69953,6846,0,0.409928,0
198868,28289,0,0.308218,0
48408,46979,0,0.239926,0
136922,13113,0,0.315972,0
174995,23761,0,0.277949,0
62622,36735,0,0.272656,0
96934,6046,0,0.298365,0
173245,49205,0,0.325069,0
16751,8981,0,0.267835,0
202876,13910,0,0.366164,0
82747,13535,0,0.382831,0
161231,8490,0,0.458179,1
135921,36737,1,0.479163,1
6514,12557,0,0.393916,0
118978,11755,0,0.256628,0
184626,45504,0,0.465775,1
17862,42768,0,0.276779,0
113697,2579,0,0.262852,0
119718,11266,0,0.32705,0
88422,16525,0,0.256173,0
38737,42660,0,0.279262,0
153345,23695,0,0.402142,0
190950,24413,1,0.414655,0
134788,7639,0,0.338642,0
64589,23622,0,0.215608,0
122408,21709,0,0.418677,0
133814,6585,0,0.236706,0
137602,45346,0,0.276973,0
146885,29662,0,0.226684,0
107321,12206,0,0.257863,0
59252,21195,0,0.355823,0
188390,29433,0,0.194505,0
151984,3214,0,0.411496,0
135165,45037,0,0.201044,0
149749,8174,0,0.242329,0
153983,46041,0,0.395106,0
121530,9070,0,0.338642,0
44320,44359,1,0.482431,1
162597,19771,0,0.33265,0
194215,42356,0,0.375965,0
11170,43076,0,0.29519,0
140404,7343,0,0.242638,0
202978,13310,0,0.389452,0
186877,11367,0,0.430223,0
188841,7963,0,0.337744,0
74621,14947,0,0.460586,1
53036,42736,0,0.429529,0
183970,24852,0,0.453515,1
203033,38383,0,0.422426,0
53302,49235,0,0.408975,0
30127,44882,0,0.389083,0
61429,1158,0,0.302656,0
54112,21137,0,0.455671,1
4198,29212,0,0.250963,0
120119,45747,0,0.392948,0
67161,30492,0,0.347473,0
72089,46709,0,0.258692,0
203998,31343,0,0.328429,0
189680,13249,0,0.212016,0
133331,18175,0,0.443333,0
71839,6638,0,0.212068,0
201142,26723,0,0.355765,0
96355,35140,0,0.399756,0
135386,1559,0,0.449987,0
177719,32455,0,0.270546,0
137814,23288,0,0.359225,0
171358,28849,0,0.324971,0
102270,30480,0,0.269725,0
36653,6336,0,0.441582,0
131077,30744,0,0.273196,0
16406,39106,0,0.34861,0
10928,47766,1,0.522104,1
155947,32197,0,0.410747,0
138603,40555,0,0.255986,0
177764,34217,0,0.424125,0
104581,25588,0,0.239926,0
98303,6105,0,0.221891,0
134108,10172,0,0.319399,0
144863,34126,0,0.377574,0
197277,2295,0,0.408441,0
114582,8349,0,0.276432,0
163295,11777,0,0.233803,0
105033,43435,0,0.37955,0
185835,34126,0,0.410123,0
19916,42500,0,0.247609,0
97264,22620,0,0.339279,0
138409,44795,0,0.398858,0
181932,31523,0,0.365909,0
75990,3917,0,0.300535,0
19186,19057,0,0.452177,1
94823,13527,0,0.402479,0
95309,31553,0,0.224287,0
97947,44628,0,0.265069,0
196996,4947,0,0.29196,0
174205,14852,0,0.223471,0
58375,20321,0,0.214889,0
53102,45747,0,0.385635,0
178877,40377,0,0.249526,0
198993,605,0,0.220571,0
85613,23399,0,0.230904,0
190003,42500,0,0.367564,0
19882,16953,0,0.277128,0
166291,937,0,0.258515,0
88982,18234,0,0.494317,1
92864,47817,0,0.262901,0
44718,9803,0,0.46317,1
49232,2692,0,0.278333,0
55961,42768,0,0.430904,0
48077,26395,0,0.274934,0
105825,13328,1,0.453901,1
117380,48265,0,0.213404,0
36691,23236,0,0.399494,0
23808,41874,0,0.345302,0
169800,36735,0,0.232438,0
88752,5097,1,0.395593,0
205787,49215,0,0.348029,0
138130,7371,0,0.388966,0
196590,7864,0,0.254302,0
126303,39275,0,0.427868,0
124064,37067,0,0.471238,1
174450,27966,0,0.43212,0
23241,34582,0,0.223318,0
40422,13646,0,0.382669,0
94832,28983,0,0.339801,0
148467,34969,1,0.406218,0
23350,40199,0,0.278416,0
181399,20178,0,0.367987,0
172275,12312,0,0.350103,0
204326,39993,0,0.271933,0
174737,260,0,0.391689,0
24000,3990,0,0.286424,0
127455,46667,0,0.356491,0
109601,26683,0,0.362398,0
125535,26620,0,0.450489,1
178340,35199,0,0.44622,0
26120,4897,0,0.443575,0
11828,24184,1,0.33943,0
154812,34358,0,0.372038,0
91945,16953,0,0.438378,0
139770,26298,0,0.298261,0
28963,11005,0,0.378201,0
171823,46266,0,0.411149,0
170787,1957,0,0.338232,0
65964,43376,0,0.282568,0
111837,546,0,0.255255,0
81706,42847,0,0.325878,0
2886,47144,0,0.43036,0
28345,5024,0,0.306201,0
124737,30265,0,0.23811,0
134063,18201,0,0.337476,0
60011,34887,0,0.246058,0
64173,21940,0,0.328343,0
30804,1402,1,0.430284,0
41508,47180,0,0.244092,0
128915,14720,0,0.436423,0
35401,26638,0,0.217577,0
86408,8861,0,0.410677,0
166566,16943,0,0.355765,0
41478,28792,0,0.206628,0
202453,40396,0,0.380195,0
101908,23405,0,0.330406,0
143074,41290,0,0.242866,0
83597,39922,0,0.367117,0
110068,42513,0,0.383085,0
140889,38003,1,0.398794,0
131610,26857,0,0.2303,0
83362,11707,0,0.230195,0
105852,6873,0,0.358473,0
132826,31634,0,0.439068,0
15096,40604,0,0.237836,0
193372,47248,0,0.452623,1
162377,7948,0,0.385259,0
77299,40593,0,0.249413,0
26339,18465,0,0.340062,0
71659,10151,0,0.271942,0
59509,1117,0,0.229171,0
42054,22699,0,0.263626,0
130571,32163,0,0.264178,0
190676,25072,0,0.192053,0
123095,25828,0,0.349817,0
14039,47209,0,0.277409,0
152139,15424,0,0.318988,0
201791,47766,0,0.423335,0
25289,26691,1,0.406255,0
156955,28413,0,0.405688,0
195843,23106,0,0.2725,0
204524,41364,0,0.267178,0
22360,19057,1,0.52992,1
103748,24382,0,0.332251,0
27743,36793,1,0.359337,0
186227,9178,0,0.254024,0
90334,5240,0,0.376044,0
81880,26940,0,0.385025,0
11789,13389,0,0.372456,0
30134,14704,0,0.263831,0
118165,6991,0,0.416967,0
177881,21616,0,0.448101,0
153519,25936,0,0.302761,0
143692,46359,0,0.302865,0
107270,24041,0,0.399709,0
14097,46667,0,0.226043,0
109715,24186,1,0.48585,1
143142,26088,0,0.319028,0
756,13988,0,0.383877,0
41348,32478,0,0.287243,0
190542,29795,0,0.214146,0
204524,3793,0,0.267178,0
157997,10246,0,0.312959,0
5157,46979,0,0.296831,0
115446,43857,0,0.405298,0
153435,3142,0,0.214744,0
89768,23543,0,0.227884,0
194153,35199,0,0.329871,0
69652,26664,0,0.267618,0
41965,48491,0,0.462207,1
82818,11538,0,0.361794,0
105706,25919,0,0.428231,0
118942,48679,0,0.283834,0
113532,5450,0,0.402853,0
105428,26768,0,0.224476,0
36328,26209,1,0.462809,1
53555,2979,0,0.41009,0
147855,27433,0,0.319644,0
112022,42244,0,0.307635,0
155723,45906,0,0.249081,0
188943,24476,0,0.381489,0
35422,47766,0,0.310468,0
63698,40541,0,0.407628,0
109932,31717,0,0.490063,1
29041,2180,0,0.294295,0
76927,18070,0,0.323263,0
189363,22750,0,0.262384,0
28453,39083,0,0.313965,0
128713,24482,0,0.415921,0
192256,17284,0,0.405238,0
168096,14678,0,0.477768,1
200156,26668,0,0.221712,0
157328,10960,0,0.254438,0
40520,7606,0,0.382315,0
123894,1685,0,0.465432,1
86615,11352,0,0.212764,0
80249,4799,0,0.29731,0
186444,22007,0,0.212491,0
109279,42397,0,0.190379,0
191460,30442,0,0.520014,1
122810,43772,0,0.413137,0
81603,38970,0,0.352494,0
3275,26209,0,0.33222,0
2518,33716,1,0.456408,1
92645,2275,0,0.353784,0
63687,5636,0,0.236706,0
169468,5646,0,0.343737,0
135759,34126,0,0.268194,0
76323,7948,0,0.280229,0
5246,33787,0,0.268159,0
69022,29607,0,0.234869,0
146787,44142,0,0.277692,0
204056,27521,0,0.378991,0
133427,12341,0,0.24451,0
148383,16797,0,0.391505,0
15778,47626,0,0.270262,0
134239,34234,0,0.405575,0
99628,14761,0,0.402428,0
128210,15599,0,0.226387,0
165919,19155,0,0.297518,0
183422,15290,0,0.445485,0
100531,7131,0,0.271942,0
167860,8075,1,0.409631,0
196602,31871,0,0.338642,0
40322,3014,0,0.374298,0
13615,22987,0,0.379215,0
94789,46979,0,0.270714,0
173013,30966,0,0.300814,0
18611,12080,0,0.354655,0
202020,7969,0,0.404583,0
34628,5383,0,0.321632,0
300,11100,0,0.312982,0
190887,38231,0,0.299375,0
171423,24852,1,0.482732,1
194084,15740,0,0.234687,0
50168,43129,0,0.314917,0
131570,24184,0,0.394243,0
73596,44075,0,0.434526,0
131899,21948,0,0.412944,0
175960,32734,0,0.267871,0
59325,9881,0,0.372037,0
15138,15932,0,0.277023,0
68716,31343,0,0.315656,0
91957,22247,0,0.381088,0
28340,29251,0,0.38311,0
125976,20549,0,0.376286,0
82525,7303,0,0.210087,0
32067,43920,0,0.347359,0
63165,45066,0,0.434766,0
64995,38693,0,0.259804,0
136468,11068,1,0.442774,0
117633,44371,0,0.385112,0
74174,7175,0,0.236005,0
98333,3438,0,0.340497,0
121981,37067,0,0.363416,0
147841,10246,0,0.393693,0
32888,24852,0,0.37804,0
74158,1025,0,0.26486,0
95845,25101,0,0.28365,0
55040,20039,0,0.359498,0
65633,9387,0,0.448615,0
192440,7170,1,0.411073,0
156421,264,0,0.240343,0
167996,5373,0,0.254896,0
137597,12033,0,0.232336,0
137351,32523,0,0.5117,1
188224,12409,0,0.364523,0
136679,43867,0,0.364699,0
137808,11352,0,0.372757,0
11203,7695,0,0.480565,1
29449,43881,0,0.220455,0
56422,40709,0,0.357231,0
120526,9076,0,0.408441,0
192976,7751,0,0.333241,0
86091,32838,0,0.491455,1
140753,28934,0,0.340629,0
138727,27705,0,0.373711,0
32567,26080,0,0.335686,0
200792,16535,1,0.408713,0
27241,4605,0,0.340603,0
110123,39275,0,0.339563,0
137729,41581,0,0.342315,0
136314,9507,0,0.359818,0
7264,41757,0,0.236706,0
145281,39984,0,0.345476,0
180143,49608,0,0.219888,0
119037,24489,0,0.341683,0
151943,45253,1,0.369203,0
42344,45104,0,0.282475,0
58788,48174,0,0.209389,0
173435,42450,0,0.405165,0
21637,13984,1,0.38203,0
44023,29363,0,0.268856,0
64279,9439,0,0.246804,0
36336,28464,0,0.298261,0
111166,36035,0,0.355049,0
38348,29075,0,0.382813,0
161568,11301,0,0.196992,0
101814,8277,0,0.431725,0
97764,28156,0,0.375413,0
57103,6394,0,0.311894,0
55284,38164,0,0.324232,0
78320,9397,0,0.354814,0
152403,35004,0,0.3735,0
22983,4541,0,0.293633,0
179460,47766,0,0.250933,0
93608,9327,0,0.328453,0
186075,5450,0,0.402421,0
101459,26298,0,0.19317,0
85444,38609,0,0.336842,0
28591,24204,0,0.339146,0
52757,19906,0,0.356786,0
185941,45211,0,0.254438,0
53071,27696,1,0.384107,0
124563,39055,0,0.431855,0
109357,2639,0,0.344317,0
1423,39408,0,0.446232,0
9767,45121,0,0.271347,0
188524,3529,1,0.430832,0
95991,19811,0,0.439363,0
147824,37528,0,0.249318,0
130741,48364,0,0.308136,0
14509,26800,0,0.358789,0
142077,47759,1,0.437127,0
112325,38383,0,0.472479,1
53343,2966,0,0.233703,0
199488,44197,0,0.358914,0
107911,49621,0,0.333355,0
83878,26457,0,0.218834,0
148735,13431,0,0.280311,0
145236,39275,1,0.478045,1
175993,32124,0,0.271491,0
655,49111,0,0.305833,0
60554,17794,0,0.30619,0
136754,47626,1,0.439322,0
117752,34427,0,0.43044,0
144640,38777,0,0.453638,1
28641,20955,0,0.27743,0
37777,44142,1,0.445863,0
23817,24852,1,0.520087,1
88424,13176,1,0.540548,1
52068,46654,0,0.346715,0
151763,890,0,0.321313,0
151271,17956,0,0.242367,0
135429,49383,1,0.473242,1
178284,27845,0,0.513061,1
11527,39475,1,0.464614,1
124968,10371,0,0.200505,0
157934,34530,0,0.268732,0
205326,45061,0,0.368686,0
58774,47652,0,0.374098,0
157431,5856,0,0.378436,0
159840,27044,0,0.345868,0
65493,40604,0,0.29662,0
64433,23644,0,0.2677,0
127255,26165,0,0.335827,0
188224,27344,0,0.333589,0
57695,5769,0,0.362256,0
15012,2514,0,0.282638,0
52011,3240,0,0.439001,0
178833,43961,0,0.426042,0
142755,37053,0,0.254537,0
19039,42193,0,0.294357,0
145096,35887,0,0.422227,0
464,43295,0,0.212016,0
104179,12013,0,0.326251,0
136926,11457,0,0.256001,0
154842,43122,0,0.24186,0
38763,23516,0,0.226453,0
181719,47626,1,0.423621,0
205893,34004,0,0.257104,0
92401,18140,0,0.300398,0
120230,4376,0,0.273766,0
58124,22151,0,0.430542,0
131699,184,0,0.234366,0
97596,21405,0,0.49584,1
70278,45495,0,0.288514,0
177032,45535,0,0.224287,0
107806,33016,0,0.4641,1
84854,28204,0,0.373835,0
155274,27845,0,0.440265,0
154277,21769,0,0.350082,0
145403,33198,0,0.444768,0
171699,5373,0,0.453455,1
118209,45005,0,0.451247,1
166702,38293,0,0.323801,0
169194,26283,0,0.424941,0
99124,10473,0,0.3367,0
169450,4920,0,0.281247,0
91103,26629,0,0.272929,0
125474,41950,0,0.439077,0
132819,343,0,0.341103,0
58583,40396,0,0.303928,0
135057,32689,0,0.315646,0
77644,28939,0,0.248203,0
109634,2846,0,0.398683,0
161033,43721,0,0.441255,0
131719,35194,0,0.254043,0
188524,45116,0,0.413854,0
132776,2309,0,0.259083,0
134744,10749,0,0.378927,0
185215,11326,0,0.363026,0
196601,45364,0,0.438169,0
195227,34582,0,0.347892,0
76180,42265,1,0.486609,1
128635,3599,0,0.342618,0
52227,4565,0,0.47684,1
96192,5228,0,0.310587,0
179460,29987,0,0.302421,0
150982,28199,0,0.40492,0
26515,26586,0,0.391871,0
156916,49520,0,0.244925,0
188321,38892,0,0.249712,0
114532,1364,0,0.232336,0
8365,20840,0,0.241427,0
17662,29307,0,0.301386,0
120627,45566,0,0.30352,0
126449,49158,0,0.251136,0
44538,38293,0,0.401036,0
204548,22220,0,0.427656,0
79826,15543,0,0.357693,0
143962,13431,0,0.27477,0
20872,6689,0,0.292296,0
49181,23165,0,0.335096,0
41094,5067,0,0.305948,0
191530,5450,1,0.455585,1
154072,17468,0,0.401424,0
89885,42828,0,0.383712,0
125609,41220,0,0.531314,1
66622,22504,0,0.335587,0
38588,28204,0,0.348411,0
156622,31717,1,0.448674,0
160378,46473,0,0.328976,0
8843,12092,0,0.20001,0
19693,43122,0,0.323508,0
123289,18079,0,0.303903,0
164900,34005,0,0.350359,0
170346,16913,0,0.425848,0
105033,46572,1,0.471234,1
136575,28278,0,0.363859,0
181650,27548,0,0.276973,0
178535,34278,0,0.364566,0
99942,27958,0,0.31373,0
148343,44396,0,0.395615,0
165220,11782,0,0.212016,0
37121,47993,0,0.263157,0
180177,6166,0,0.51545,1
116129,31945,0,0.327199,0
67042,5696,0,0.311247,0
151742,40256,0,0.322316,0
131979,43692,0,0.21551,0
200565,24816,0,0.322955,0
159057,38015,0,0.188363,0
125420,38777,0,0.27459,0
161465,17313,0,0.292876,0
188799,26783,0,0.415515,0
82423,30849,1,0.329132,0
95565,27681,0,0.327736,0
200286,12271,0,0.216718,0
204046,7010,0,0.268033,0
31963,11526,0,0.267251,0
128200,15937,0,0.32421,0
3480,26165,0,0.407747,0
123697,45619,0,0.306095,0
200442,21903,0,0.375652,0
177408,5258,0,0.401488,0
159923,10867,0,0.224785,0
187894,22825,0,0.408506,0
74157,12456,0,0.315777,0
124806,43507,0,0.273257,0
161678,2131,0,0.31687,0
71993,45842,0,0.31849,0
51353,24838,0,0.412025,0
184573,20126,0,0.237142,0
155943,48287,0,0.40218,0
172153,35652,0,0.409823,0
84115,37524,0,0.384612,0
122985,14136,1,0.38445,0
131226,645,0,0.265155,0
23189,5760,0,0.253816,0
171540,33127,0,0.341236,0
106433,1938,0,0.256052,0
141982,29589,0,0.427841,0
67338,23753,0,0.42765,0
161136,9510,0,0.281396,0
70733,19678,0,0.46817,1
139527,25890,0,0.237012,0
89518,7970,0,0.291217,0
36478,46530,0,0.31465,0
161094,4796,0,0.436855,0
101372,31215,0,0.427114,0
101439,44753,0,0.348098,0
201149,11688,0,0.389859,0
124473,34126,0,0.276807,0
65156,33614,0,0.233149,0
49145,17948,0,0.371179,0
161488,25087,0,0.220888,0
160485,23991,0,0.358333,0
8665,39046,1,0.429255,0
205944,3399,0,0.401521,0
106978,49044,0,0.421815,0
58117,36135,0,0.404641,0
7678,5743,0,0.333171,0
40235,18762,0,0.246741,0
30134,16986,0,0.220888,0
43672,8869,0,0.370889,0
114979,32734,0,0.200281,0
32186,20211,0,0.336337,0
152380,20345,0,0.373176,0
190012,1819,1,0.340367,0
168478,45013,0,0.438029,0
30042,30336,0,0.322346,0
175897,27737,0,0.283651,0
22056,1117,0,0.323263,0
40608,27511,0,0.418687,0
110774,2295,0,0.421916,0
153856,10848,0,0.379384,0
146323,47362,0,0.363927,0
91193,44987,0,0.204208,0
50876,32782,0,0.400443,0
41718,36441,1,0.440196,0
53976,539,0,0.343513,0
82539,13363,0,0.344056,0
47101,36772,0,0.443615,0
199643,15601,0,0.258328,0
3858,27156,0,0.423969,0
161758,13176,1,0.447056,0
24950,42828,0,0.373666,0
60649,47672,0,0.333524,0
17995,29487,0,0.447239,0
12149,42768,0,0.419912,0
143598,7762,0,0.406278,0
108048,34027,0,0.303387,0
83736,23026,0,0.278367,0
157787,32402,0,0.219417,0
190304,23537,0,0.211219,0
47433,4006,0,0.262842,0
89734,17366,0,0.31784,0
82938,41290,0,0.396512,0
39920,32912,0,0.288297,0
145503,18288,0,0.399011,0
8774,30338,0,0.435228,0
60764,31073,0,0.347556,0
167098,38650,0,0.231775,0
172748,24024,0,0.345348,0
49619,8192,0,0.404254,0
154409,19660,1,0.382055,0
57097,16696,0,0.230393,0
193943,5899,0,0.244959,0
165699,29747,0,0.250231,0
185032,7896,0,0.354585,0
206201,29487,0,0.2473,0
52888,12545,0,0.352181,0
15479,38159,0,0.22511,0
185660,5412,0,0.255211,0
186563,8193,0,0.282218,0
145283,12911,1,0.34535,0
21267,38944,0,0.355866,0
14078,15902,0,0.424464,0
158808,22141,0,0.40014,0
93906,30450,0,0.448803,0
120757,44799,0,0.461794,1
35529,34126,0,0.330264,0
152538,45223,0,0.315872,0
202983,24830,0,0.273975,0
22643,26209,0,0.396929,0
77882,26209,1,0.47961,1
23919,36005,0,0.297306,0
108739,31215,0,0.23681,0
126800,34590,0,0.264649,0
97855,31933,0,0.345883,0
38814,21195,0,0.404439,0
162140,44053,0,0.196143,0
90841,43768,0,0.287388,0
122273,48142,1,0.427418,0
188221,38426,0,0.342396,0
115909,204,0,0.377801,0
189895,6999,0,0.295868,0
180425,5785,0,0.340671,0
93756,31506,0,0.335747,0
87398,26260,0,0.385612,0
24541,34358,0,0.354571,0
190156,11180,0,0.31319,0
145503,24670,1,0.364591,0
98725,1875,0,0.404725,0
79887,20468,0,0.351898,0
65685,10644,0,0.279586,0
35155,38666,0,0.311436,0
112730,19057,1,0.442183,0
71105,16759,0,0.502024,1
11261,20123,0,0.337518,0
181652,3055,0,0.227194,0
181045,39922,0,0.355537,0
6454,21137,1,0.510368,1
83420,33290,0,0.38189,0
136855,47766,0,0.436704,0
174603,36036,0,0.39528,0
5850,29934,0,0.398221,0
15007,13431,0,0.25767,0
97309,41220,0,0.428865,0
31459,36601,0,0.256383,0
61765,42265,0,0.409177,0
145451,38298,0,0.219888,0
5964,17616,1,0.474497,1
57363,32689,0,0.42523,0
126435,1986,0,0.378862,0
181729,19706,0,0.209408,0
7843,39428,0,0.234996,0
56848,13512,0,0.25443,0
133078,32525,0,0.276037,0
66477,40587,0,0.383345,0
31885,6533,0,0.491269,1
166322,5258,0,0.458106,1
123608,15527,0,0.346531,0
153245,7413,0,0.410896,0
170359,12521,0,0.360248,0
204570,45007,0,0.291501,0
78927,47630,0,0.428952,0
54283,30391,1,0.42197,0
111418,13627,0,0.25767,0
63912,2726,0,0.349145,0
141210,10644,0,0.341664,0
93922,27845,0,0.366114,0
4100,47761,0,0.255072,0
79472,9076,0,0.292706,0
99520,33731,0,0.258001,0
92535,28199,0,0.308647,0
92217,22065,0,0.366571,0
161894,15683,0,0.46763,1
155153,890,0,0.408136,0
77664,14992,0,0.297076,0
13615,9366,0,0.362483,0
148618,27104,0,0.365554,0
56412,35124,0,0.352202,0
102186,27179,0,0.340612,0
134355,6994,0,0.434061,0
146572,46175,0,0.304179,0
188732,4799,1,0.394097,0
23692,20292,0,0.34205,0
79679,40154,0,0.353218,0
17121,21137,1,0.389484,0
147087,28928,0,0.371369,0
187979,15860,0,0.24748,0
80090,13108,0,0.373915,0
115365,23765,0,0.454785,1
63801,29223,0,0.415212,0
105298,19863,0,0.401245,0
151805,47526,0,0.282794,0
146057,11182,0,0.380322,0
100789,18531,0,0.406768,0
131883,30021,0,0.367891,0
65526,30072,0,0.404065,0
145281,13984,0,0.337084,0
146047,40574,0,0.350647,0
181395,22255,0,0.42187,0
194652,16234,0,0.373737,0
162597,31433,0,0.39235,0
183353,25705,0,0.388997,0
124503,15294,0,0.260717,0
166534,31326,0,0.28986,0
25937,21497,0,0.494871,1
140404,8732,0,0.311747,0
139966,29418,0,0.261025,0
160079,6750,0,0.410896,0
62509,27336,0,0.224007,0
134456,10613,0,0.392385,0
147855,2086,0,0.335121,0
81444,9020,1,0.458319,1
163167,22630,0,0.323337,0
104973,7483,0,0.270295,0
95573,2722,0,0.41174,0
185883,18523,0,0.319567,0
49653,41242,0,0.315606,0
15229,22224,0,0.24387,0
3566,49352,0,0.404842,0
39896,7952,0,0.281714,0
199717,28199,0,0.299226,0
120928,45763,1,0.486559,1
70948,12140,0,0.27822,0
51728,10054,0,0.392624,0
51911,34974,0,0.372685,0
154260,21115,0,0.420925,0
35382,14962,0,0.233581,0
71416,16759,0,0.382517,0
18190,28465,0,0.338371,0
131050,18159,0,0.322919,0
33653,16797,0,0.373345,0
77519,25931,1,0.484077,1
177633,39021,0,0.370613,0
173675,3896,0,0.476586,1
126419,13870,0,0.363135,0
141592,35921,0,0.247251,0
153730,39921,0,0.308131,0
194374,10765,0,0.298923,0
141756,17758,0,0.325869,0
128420,9366,0,0.389664,0
102749,8193,0,0.42327,0
119851,17199,0,0.271199,0
151050,47734,0,0.335748,0
123259,24852,1,0.48146,1
133016,33701,0,0.255872,0
195948,5876,0,0.438262,0
199005,39275,0,0.301287,0
139647,23909,0,0.420224,0
31782,39728,1,0.375236,0
188184,24852,0,0.236502,0
171980,4792,0,0.23702,0
62355,15527,0,0.303822,0
53084,38118,0,0.291957,0
37511,38456,0,0.455472,1
156208,45453,0,0.271942,0
58919,6104,0,0.357352,0
107936,16971,0,0.312071,0
92959,8230,0,0.405958,0
80985,29934,0,0.217492,0
49590,3682,0,0.36842,0
194483,13176,1,0.54117,1
79351,18811,0,0.367693,0
146796,47766,0,0.37797,0
91568,8518,1,0.456011,1
203998,27344,0,0.242277,0
201505,17971,0,0.388079,0
180456,3999,0,0.268167,0
111737,22883,0,0.267968,0
55058,9076,0,0.468667,1
154409,49075,0,0.454047,1
165789,6046,0,0.419957,0
200755,24035,1,0.414609,0
88441,30489,0,0.358463,0
40237,44471,0,0.426232,0
143627,17948,0,0.273975,0
74969,43961,0,0.237012,0
130614,42508,0,0.254965,0
34667,18987,0,0.389023,0
46737,48761,0,0.257976,0
18383,29736,0,0.295749,0
35269,32557,0,0.299095,0
6837,19446,0,0.343312,0
193298,29650,0,0.227306,0
56904,12576,1,0.423563,0
64356,28741,0,0.356349,0
187445,48099,0,0.353392,0
190887,36070,0,0.405372,0
43120,26273,0,0.331287,0
48426,12606,0,0.416723,0
155117,5120,0,0.345922,0
67226,46316,0,0.19308,0
138208,35000,0,0.287486,0
176427,20977,0,0.36957,0
127487,44604,0,0.227299,0
86171,24810,0,0.275578,0
78498,3873,0,0.481135,1
67534,23535,0,0.204959,0
102494,4565,0,0.272556,0
44070,34429,0,0.315972,0
70356,12206,0,0.398605,0
61658,40804,0,0.249247,0
43182,38205,0,0.363512,0
26087,30599,0,0.283993,0
13017,16525,0,0.390321,0
15599,21417,0,0.263831,0
108790,23909,0,0.322167,0
179677,44229,0,0.278134,0
159413,9020,1,0.437291,0
13280,23645,0,0.386694,0
88536,18580,0,0.383974,0
140097,7746,0,0.331052,0
95845,34335,0,0.223471,0
43863,22362,0,0.372136,0
94997,20327,0,0.397333,0
113113,6698,1,0.521876,1
128930,8725,0,0.344523,0
24610,30696,0,0.487629,1
75764,37464,0,0.398813,0
21632,18523,1,0.501697,1
42068,32368,0,0.234123,0
14231,5161,0,0.215464,0
112511,44786,0,0.253135,0
126230,1503,0,0.329616,0
116156,12157,0,0.390829,0
99845,5640,0,0.219352,0
81537,38273,0,0.416841,0
7637,16797,0,0.371136,0
160010,4605,1,0.420972,0
104981,26856,0,0.368015,0
28140,34951,0,0.327566,0
74094,47504,0,0.396651,0
132115,15392,0,0.389854,0
74621,43768,1,0.446947,0
158808,12674,0,0.391101,0
175296,39990,0,0.410274,0
62673,3550,0,0.335805,0
125512,35535,0,0.297422,0
193625,44310,1,0.411703,0
14664,29668,0,0.369323,0
148812,4167,0,0.37231,0
1194,38847,0,0.268125,0
85895,46175,0,0.346467,0
170323,5460,0,0.413953,0
8512,33120,0,0.251529,0
109127,12324,0,0.367871,0
49898,27086,0,0.277831,0
37596,12013,0,0.394409,0
188318,16759,0,0.48209,1
133801,47630,0,0.369249,0
121596,40706,0,0.231375,0
152928,41198,0,0.32598,0
130563,39928,0,0.294844,0
69991,35749,0,0.414028,0
45195,39275,0,0.368158,0
86907,48988,0,0.535563,1
36497,18557,0,0.322759,0
4534,127,0,0.345438,0
95676,26861,0,0.219289,0
193690,13540,0,0.399426,0
27666,8744,0,0.259207,0
74705,25659,0,0.37798,0
57887,8149,0,0.31647,0
31707,22367,0,0.277164,0
172107,35502,0,0.25478,0
34124,36005,0,0.378349,0
117616,41844,0,0.298132,0
5541,39928,0,0.359819,0
187254,13435,0,0.363671,0
142330,4920,0,0.315709,0
165096,2966,0,0.335553,0
143427,43385,0,0.377995,0
48032,38890,0,0.363362,0
26821,39982,1,0.400709,0
7850,41787,0,0.412549,0
181090,24645,0,0.2475,0
147539,18027,1,0.462999,1
133364,20052,0,0.325129,0
70575,11819,0,0.278087,0
7315,19519,0,0.205952,0
48320,12703,0,0.225344,0
123608,37220,0,0.32959,0
66286,23202,0,0.311502,0
94926,44666,0,0.466027,1
3501,49424,0,0.387599,0
43467,23115,0,0.369699,0
122671,5212,0,0.339216,0
109686,45878,0,0.215883,0
122096,41560,0,0.183098,0
83524,17129,0,0.237904,0
128218,41844,0,0.23631,0
101249,21573,0,0.280163,0
4053,47866,0,0.334243,0
76621,20734,0,0.277628,0
37410,44788,0,0.309939,0
45639,23854,0,0.324269,0
4195,3468,0,0.315998,0
1303,2713,0,0.408986,0
127486,23405,0,0.271698,0
43868,14477,0,0.386539,0
129876,18625,0,0.225431,0
137425,1819,0,0.266572,0
184906,2716,0,0.347977,0
36478,24489,0,0.387981,0
12344,40614,0,0.37246,0
107005,46906,0,0.26916,0
126886,10155,0,0.217703,0
27952,2275,0,0.291667,0
49895,9098,0,0.249637,0
118545,18071,0,0.403897,0
27414,633,0,0.392848,0
183038,45007,0,0.441671,0
198099,46175,0,0.339761,0
180289,21903,0,0.471853,1
26755,33401,0,0.442153,0
170285,31343,0,0.467641,1
9943,20609,0,0.405071,0
107783,35252,0,0.217492,0
160277,48866,0,0.376335,0
24032,27966,0,0.290336,0
19442,39097,0,0.381489,0
181409,46720,0,0.335433,0
45217,760,0,0.221178,0
194088,18770,0,0.42179,0
132856,21870,0,0.325806,0
14330,44359,0,0.439577,0
16168,8075,0,0.298166,0
5479,24810,0,0.350933,0
9124,36553,0,0.408908,0
186546,5194,0,0.383262,0
201402,22935,0,0.420921,0
140113,48144,0,0.255183,0
55086,424,0,0.389241,0
118843,23178,0,0.334429,0
42555,12955,0,0.236694,0
135235,16014,0,0.431257,0
125128,12078,0,0.418156,0
27045,35951,0,0.411946,0
202915,25767,0,0.388376,0
129450,41823,0,0.368308,0
46275,14074,0,0.480285,1
80544,44765,0,0.416921,0
20027,41396,0,0.429899,0
42555,25535,0,0.210087,0
199817,13176,1,0.4654,1
32548,44294,0,0.345082,0
93817,46088,0,0.277995,0
4362,14651,0,0.27378,0
85464,15945,0,0.267848,0
172882,22035,1,0.496853,1
138105,46724,0,0.402905,0
142969,25659,0,0.397035,0
151028,31020,0,0.345839,0
154965,29941,0,0.344019,0
58417,21709,0,0.491255,1
125671,22497,0,0.231858,0
172766,35108,0,0.404969,0
105203,47940,0,0.469423,1
1982,21067,0,0.33894,0
27959,20168,0,0.400466,0
67064,29363,0,0.312528,0
32632,8518,0,0.268194,0
101663,12669,0,0.368852,0
203072,43512,0,0.327382,0
136608,31562,0,0.385048,0
68178,24759,0,0.348576,0
40440,41362,1,0.524117,1
146163,22122,0,0.23134,0
186227,39799,0,0.200684,0
187408,8380,0,0.515362,1
72213,44449,0,0.354416,0
44209,10017,0,0.494833,1
24629,48865,1,0.386846,0
129006,27744,0,0.294983,0
190267,21365,0,0.285789,0
141316,34871,0,0.398732,0
72467,5744,1,0.439656,0
127202,21903,0,0.493623,1
105647,42611,0,0.258692,0
135594,34243,0,0.32965,0
107472,3145,0,0.335868,0
155221,31343,0,0.312354,0
107208,5933,0,0.317523,0
46028,21137,0,0.42032,0
26435,8006,0,0.389474,0
83619,41909,1,0.378504,0
41314,39275,0,0.352888,0
75897,27086,0,0.306437,0
168846,11366,0,0.339033,0
193719,13176,1,0.528318,1
115958,44325,1,0.445894,0
4936,5475,1,0.2997,0
77788,34092,0,0.191511,0
158475,11777,0,0.293646,0
25651,12732,0,0.425538,0
26931,37722,0,0.462132,1
95498,47652,0,0.345105,0
127547,20169,0,0.217605,0
195944,46667,0,0.425345,0
181409,25346,1,0.45218,1
100737,49111,0,0.386933,0
114197,41874,0,0.337817,0
152871,41844,0,0.301735,0
24342,41920,0,0.268151,0
76809,15097,0,0.374674,0
186825,42701,0,0.308842,0
98350,8424,0,0.428132,0
195227,47284,0,0.357042,0
77453,21616,0,0.253023,0
164285,33000,0,0.410516,0
11221,12341,0,0.487397,1
98200,44201,0,0.373657,0
177097,8518,0,0.277323,0
183955,47717,0,0.40423,0
49545,13834,0,0.209605,0
191944,29662,0,0.262795,0
141685,25584,0,0.252884,0
176315,15200,0,0.262795,0
115786,5353,0,0.325869,0
179849,33768,0,0.236299,0
130522,39448,0,0.248959,0
50477,21681,0,0.297928,0
18812,19895,0,0.344343,0
115301,28568,0,0.382555,0
174348,13176,0,0.426561,0
5197,25533,0,0.309947,0
190719,40233,0,0.284972,0
74088,34969,0,0.242277,0
37610,22935,0,0.311698,0
105695,810,0,0.353176,0
8832,3464,0,0.300894,0
60818,7673,0,0.346958,0
7228,8615,0,0.254334,0
14512,23233,0,0.285909,0
199399,47209,0,0.463505,1
26693,15721,0,0.286282,0
74948,32935,0,0.321716,0
67263,11577,0,0.29768,0
35182,2050,0,0.36651,0
183125,45723,0,0.217796,0
55253,9963,0,0.397506,0
205961,33120,1,0.415165,0
170682,35851,0,0.390379,0
140395,7632,0,0.28795,0
123807,46505,0,0.274709,0
133549,2314,0,0.346273,0
173083,28278,0,0.451319,1
106823,21616,0,0.212746,0
78721,44667,0,0.390661,0
46001,16323,0,0.366663,0
32186,1939,0,0.336208,0
43186,35003,0,0.357533,0
109929,30257,0,0.398381,0
117736,22058,0,0.279716,0
65495,9689,0,0.329777,0
51616,23579,0,0.248559,0
51778,12572,0,0.408989,0
54120,38650,0,0.260673,0
137720,39664,1,0.448698,0
166566,22565,0,0.270229,0
121555,4210,0,0.414059,0
148250,23620,0,0.227409,0
64302,726,0,0.331068,0
8817,38273,0,0.326549,0
10141,27344,0,0.372203,0
74301,28934,0,0.437922,0
110568,41259,0,0.354209,0
132866,11136,0,0.263426,0
1264,6795,0,0.210937,0
108474,33000,0,0.451912,1
352,44683,0,0.277692,0
196445,47114,0,0.264048,0
80568,19048,0,0.259942,0
94847,23734,0,0.242277,0
141685,23938,0,0.250935,0
143175,29204,0,0.360222,0
131403,17559,0,0.253323,0
29459,15872,0,0.438453,0
25145,939,0,0.289741,0
122721,16617,0,0.366141,0
5891,11154,0,0.38361,0
149981,34668,0,0.350549,0
189669,49496,0,0.408333,0
95879,26209,0,0.34554,0
54097,7413,0,0.455923,1
147580,5011,0,0.367252,0
88126,48214,0,0.36141,0
36631,22281,0,0.42255,0
45501,9387,0,0.296784,0
6264,43352,0,0.390691,0
130543,34358,0,0.280229,0
87835,39664,0,0.355431,0
104245,6991,0,0.47297,1
62329,3539,0,0.206487,0
79202,5621,0,0.250409,0
39438,23687,0,0.240033,0
76685,15236,0,0.234948,0
89804,30482,0,0.250474,0
10443,33846,0,0.251877,0
201155,45243,0,0.224536,0
84170,33499,0,0.415942,0
99509,22598,0,0.258569,0
148618,25190,0,0.353295,0
105286,33731,0,0.312501,0
130944,6760,1,0.433543,0
62646,23341,0,0.242555,0
97581,47526,0,0.220571,0
32842,41597,0,0.298991,0
29603,16732,0,0.276928,0
67345,44359,0,0.402024,0
6248,49320,0,0.245782,0
143111,46346,1,0.363583,0
37538,15902,0,0.449653,0
3120,29941,0,0.237858,0
56269,7863,0,0.376547,0
31807,28331,0,0.400613,0
95468,39700,0,0.376406,0
198727,27117,0,0.385622,0
132497,43986,0,0.260017,0
157431,41950,0,0.406023,0
75707,24964,0,0.47111,1
173433,7131,0,0.444514,0
157716,34358,0,0.439276,0
161980,20520,0,0.284507,0
103618,16456,0,0.215673,0
54842,49683,0,0.397209,0
131610,47805,0,0.234825,0
86649,27336,0,0.320958,0
116966,42265,0,0.436582,0
186283,28916,0,0.263831,0
73583,48775,1,0.351426,0
91373,8057,0,0.229124,0
12273,6615,0,0.361103,0
160274,36691,0,0.50438,1
99346,43789,0,0.261622,0
158660,49683,0,0.456343,1
101358,41950,0,0.25742,0
29476,23405,0,0.263111,0
73122,45957,0,0.333329,0
162712,10895,0,0.278647,0
11455,27845,0,0.432201,0
185042,23001,0,0.335,0
36369,5479,0,0.465446,1
199328,47639,1,0.477879,1
73075,17303,0,0.241868,0
135968,14612,0,0.385813,0
84363,25965,0,0.354826,0
134860,18629,0,0.442081,0
17442,42139,0,0.384886,0
20797,46906,0,0.421922,0
9829,7916,0,0.21687,0
35880,3702,0,0.207194,0
60609,48104,0,0.412465,0
159753,41773,0,0.281756,0
158073,2535,0,0.263026,0
103547,33621,0,0.27815,0
111728,12962,0,0.35662,0
92750,10258,0,0.282131,0
194889,47626,1,0.432327,0
197376,40571,0,0.383269,0
10971,44765,0,0.399222,0
16505,22935,1,0.461296,1
65094,43409,0,0.282269,0
182560,41808,0,0.401972,0
97526,30774,0,0.198498,0
172755,21616,0,0.332783,0
173781,11580,0,0.267769,0
73946,21083,0,0.231463,0
199181,38775,0,0.348543,0
94926,46979,0,0.346896,0
71301,36639,0,0.248086,0
117211,16797,0,0.288362,0
25204,28289,0,0.413194,0
8717,7146,1,0.455046,1
101210,22963,0,0.476946,1
204342,3631,0,0.40651,0
105489,12813,0,0.48336,1
177263,14536,0,0.243494,0
35265,24852,0,0.485993,1
64961,34126,0,0.359388,0
198291,8224,0,0.273177,0
40235,47757,0,0.278933,0
181321,35951,0,0.324745,0
121020,14147,0,0.300679,0
115020,34134,0,0.360529,0
180692,46703,0,0.385174,0
67596,7185,0,0.233519,0
148131,4799,0,0.378301,0
171037,17745,0,0.229622,0
30064,39561,0,0.275916,0
42107,25466,0,0.323153,0
196222,38067,0,0.2982,0
138734,19679,0,0.370265,0
69464,6286,0,0.376393,0
134154,36406,0,0.225831,0
66517,8475,0,0.273352,0
65099,12341,0,0.339075,0
172783,17825,0,0.402847,0
73007,6729,1,0.413672,0
179838,38341,1,0.424706,0
9291,23400,0,0.363689,0
137043,38271,0,0.379981,0
14481,45066,0,0.298365,0
172714,11250,0,0.29175,0
56096,11688,0,0.196734,0
1648,38108,0,0.439404,0
194412,36178,0,0.340765,0
125409,47154,0,0.273135,0
107678,2770,0,0.236706,0
31773,35140,0,0.231815,0
182391,16797,0,0.377975,0
58143,19057,0,0.322663,0
24912,26940,0,0.275288,0
75912,33156,1,0.346251,0
47461,20738,0,0.316964,0
26522,30233,0,0.517569,1
68344,38689,1,0.52173,1
187210,8859,1,0.474763,1
55896,21775,0,0.24362,0
31164,4605,0,0.424635,0
199174,47766,0,0.376003,0
110133,8412,0,0.259207,0
24777,1301,0,0.233399,0
174406,48095,0,0.424093,0
51880,17794,0,0.372203,0
195671,6991,0,0.207551,0
102586,27966,0,0.360087,0
203318,15392,0,0.216972,0
26001,591,0,0.382145,0
167190,4799,0,0.222839,0
22952,8637,0,0.302761,0
74861,15486,0,0.203224,0
137448,38273,0,0.303036,0
36972,49608,0,0.31531,0
154050,37646,0,0.427174,0
197760,31100,0,0.373905,0
25766,14284,0,0.318681,0
203960,26668,0,0.342012,0
141844,3717,0,0.232627,0
191944,27521,0,0.3028,0
182657,46906,1,0.507372,1
173982,47388,0,0.321652,0
68157,26834,0,0.384485,0
100330,41716,1,0.470599,1
100898,9020,0,0.245034,0
5870,32184,0,0.372506,0
177733,39794,0,0.416127,0
199327,23594,0,0.288216,0
142612,42579,0,0.419787,0
111719,27966,0,0.284028,0
174830,21910,0,0.312381,0
106352,18718,0,0.372235,0
165078,38609,0,0.449417,0
109350,22046,0,0.424477,0
140260,7781,0,0.351498,0
157934,12703,0,0.251851,0
182977,9766,0,0.25767,0
187799,45149,0,0.365421,0
84120,29139,0,0.25326,0
168630,19057,0,0.34169,0
28227,21729,0,0.311755,0
8052,40709,0,0.430156,0
12348,47209,0,0.425755,0
128585,7916,0,0.251032,0
83763,7746,0,0.212491,0
83659,47516,0,0.281453,0
4388,49683,0,0.26916,0
185959,2964,0,0.393978,0
41398,7010,0,0.303903,0
193647,8193,0,0.340382,0
53548,2447,0,0.306265,0
177691,31114,0,0.356318,0
196119,34584,0,0.238299,0
19753,47521,0,0.405426,0
72135,11265,0,0.337938,0
18376,49198,0,0.355639,0
154757,21951,0,0.378423,0
84532,11941,0,0.366211,0
48125,9648,0,0.441528,0
67489,45066,0,0.281247,0
57354,8424,0,0.33589,0
44008,24557,1,0.372945,0
42582,6602,0,0.367277,0
70427,4054,0,0.346273,0
49431,25347,0,0.259181,0
92893,2295,0,0.455916,1
117357,8294,0,0.370034,0
71622,18689,0,0.242038,0
165716,17200,0,0.270142,0
127325,23178,0,0.335479,0
167099,42333,0,0.273196,0
185359,20904,0,0.455111,1
49791,11068,0,0.390819,0
128132,19674,1,0.362705,0
92258,44359,0,0.415048,0
169024,35762,0,0.268389,0
58102,48610,0,0.240008,0
157404,6184,1,0.456301,1
167595,43076,0,0.296056,0
73532,31264,0,0.229622,0
144517,38228,0,0.413648,0
157144,14645,0,0.333246,0
126558,19660,0,0.403595,0
77571,18479,0,0.356732,0
165505,28199,0,0.297514,0
42341,38383,0,0.425731,0
110033,6390,0,0.215464,0
205565,19767,0,0.266921,0
193134,28123,0,0.436372,0
198183,30489,0,0.459082,1
149422,21616,0,0.331859,0
149748,5876,0,0.302891,0
57287,149,0,0.380353,0
10925,13984,0,0.30423,0
21515,810,0,0.372019,0
16958,4302,0,0.222475,0
199180,24248,0,0.350108,0
41602,8424,0,0.413586,0
75456,2099,0,0.264461,0
180116,5971,0,0.275578,0
11802,8424,0,0.326494,0
23283,23731,0,0.270084,0
32431,2597,0,0.273385,0
141533,12945,0,0.367879,0
128802,46906,0,0.410931,0
77614,36550,0,0.444864,0
108854,34126,1,0.379184,0
190902,26209,0,0.438031,0
49099,21903,0,0.314543,0
169280,44882,0,0.338327,0
114225,7963,0,0.438501,0
52919,32585,0,0.356989,0
42783,13949,0,0.305317,0
25288,33768,0,0.426237,0
63783,33716,0,0.427419,0
33655,39799,0,0.221664,0
57226,13717,0,0.420049,0
167573,21616,0,0.337574,0
202235,49176,0,0.330223,0
198949,26604,0,0.417299,0
30265,6638,0,0.249145,0
53671,6343,0,0.450866,1
28294,40299,0,0.306716,0
134191,19759,0,0.250528,0
182669,30764,0,0.248041,0
173662,9807,0,0.319271,0
8365,43635,0,0.232705,0
118223,42625,0,0.23426,0
60821,35108,0,0.320824,0
92932,43621,0,0.298373,0
150768,1000,0,0.267814,0
71310,35004,0,0.423902,0
119966,44449,0,0.423749,0
161619,43113,1,0.512163,1
175454,40332,0,0.33118,0
129234,28798,0,0.223993,0
79714,44961,0,0.386368,0
190253,5322,0,0.258585,0
59095,26568,0,0.330406,0
195573,18656,0,0.282204,0
150284,19443,0,0.415407,0
123920,28204,0,0.456709,1
51531,7649,0,0.242555,0
64246,8112,0,0.2677,0
169444,10060,0,0.250053,0
32968,16521,0,0.384075,0
613,32134,0,0.365653,0
74461,48717,0,0.384075,0
54181,13176,0,0.347919,0
97965,20632,0,0.362397,0
62834,3265,0,0.348633,0
181646,17008,0,0.416848,0
12319,49383,0,0.19726,0
65819,21184,0,0.358849,0
112707,44661,0,0.413296,0
118341,25691,0,0.310246,0
185719,37552,0,0.256703,0
142523,35140,0,0.276842,0
177942,1999,0,0.383085,0
20498,45578,0,0.458442,1
134891,23909,0,0.517781,1
109037,21137,0,0.441342,0
100394,8518,0,0.419399,0
49633,27104,0,0.282474,0
199678,9871,0,0.283993,0
7549,2081,0,0.372238,0
160926,27999,0,0.314993,0
117182,21019,0,0.447131,0
2273,42828,0,0.415442,0
185527,38650,0,0.424098,0
172936,48370,0,0.461651,1
22484,34969,0,0.358411,0
76107,23565,0,0.267835,0
113366,49296,0,0.423404,0
24532,27440,0,0.417399,0
178966,12385,0,0.296428,0
154792,48395,0,0.278087,0
30012,14159,0,0.356276,0
143701,39275,0,0.513622,1
123544,5240,0,0.414679,0
170810,2314,0,0.252096,0
182841,16262,0,0.424017,0
114229,23957,0,0.323633,0
186604,7403,0,0.331858,0
171008,18389,0,0.276928,0
17121,35547,0,0.41895,0
50180,49683,1,0.465546,1
194432,36085,0,0.317808,0
121020,21137,0,0.299192,0
187565,33401,0,0.398552,0
139877,16797,0,0.35792,0
137435,20754,0,0.203587,0
55236,39928,0,0.424003,0
83514,10749,0,0.335199,0
97309,5134,0,0.331454,0
95264,3732,1,0.414184,0
178443,26128,0,0.350554,0
172786,29447,1,0.368418,0
199851,48733,1,0.453476,1
4395,15290,0,0.273398,0
103951,20842,0,0.216111,0
130936,28527,0,0.37584,0
109686,36599,0,0.199185,0
160022,36221,0,0.32501,0
96577,3800,0,0.30967,0
154637,8939,0,0.289741,0
50669,1025,0,0.381275,0
110442,47141,0,0.322882,0
78934,13245,0,0.41505,0
106423,47403,0,0.399432,0
90356,44389,0,0.262795,0
201640,14621,0,0.250646,0
101976,49185,0,0.329588,0
142794,46720,0,0.251851,0
156613,16145,0,0.45703,1
202252,27470,1,0.469883,1
27592,16797,0,0.283964,0
186287,22935,0,0.295992,0
10901,46979,0,0.363937,0
144871,5303,0,0.27711,0
154063,23001,0,0.31236,0
194505,37288,0,0.227912,0
38720,16278,0,0.298563,0
101383,23165,0,0.356308,0
144305,33000,0,0.405716,0
140817,34656,1,0.373367,0
112674,41273,0,0.272722,0
67259,36177,1,0.525448,1
113176,24964,0,0.306437,0
73362,47516,0,0.387957,0
20700,46676,0,0.378117,0
26336,23898,0,0.397406,0
70799,47766,0,0.360431,0
81126,11973,0,0.385696,0
14573,31717,0,0.37257,0
180803,1925,0,0.399141,0
127124,22736,0,0.339082,0
113310,47216,0,0.445127,0
140866,47626,0,0.370303,0
47069,45002,0,0.195592,0
185215,42345,0,0.418729,0
116217,47357,0,0.264202,0
140316,45064,0,0.297943,0
124710,5890,0,0.323137,0
154835,5450,0,0.316191,0
60611,21938,0,0.394678,0
41602,45774,0,0.379575,0
9777,16797,0,0.474041,1
53818,13176,0,0.386361,0
161341,3969,0,0.435616,0
35576,4428,0,0.417022,0
150101,25890,0,0.319907,0
116309,27086,0,0.276779,0
166693,30489,0,0.272439,0
74009,46667,0,0.380888,0
112435,48335,0,0.398617,0
202713,28934,0,0.304181,0
89556,35424,0,0.337633,0
97822,39275,0,0.242277,0
152795,17258,0,0.402896,0
79151,37053,1,0.415727,0
195434,19385,0,0.229622,0
194140,41149,0,0.34748,0
41210,46969,0,0.277692,0
68107,5214,0,0.32462,0
144965,47766,0,0.364126,0
110067,32110,0,0.383842,0
34970,31964,0,0.340388,0
81388,5380,0,0.258153,0
189238,46616,0,0.359052,0
4518,26157,0,0.233574,0
92707,19660,1,0.518732,1
89511,44457,0,0.209485,0
18805,46059,0,0.276925,0
119884,42445,0,0.268159,0
139426,14381,0,0.265321,0
51784,49131,0,0.386428,0
59095,7054,0,0.355,0
5203,5933,0,0.393058,0
163383,32360,0,0.233118,0
78084,3808,0,0.260349,0
96903,210,1,0.497243,1
19916,26348,0,0.310588,0
166255,15904,0,0.239096,0
56280,4605,0,0.27603,0
47948,21948,0,0.26217,0
66142,49481,0,0.361947,0
6837,21704,0,0.403103,0
172277,3442,0,0.395116,0
171175,18288,0,0.361411,0
50621,21077,0,0.467873,1
6417,26300,0,0.421626,0
70381,44359,0,0.35961,0
50830,2314,0,0.231151,0
82380,47119,1,0.502859,1
185996,23909,0,0.395084,0
83202,41351,0,0.344056,0
127072,6795,1,0.370891,0
117908,2012,0,0.273986,0
120867,31343,0,0.267585,0
182045,20277,0,0.242564,0
81625,33120,0,0.280229,0
61850,44142,0,0.428414,0
145851,277,0,0.384132,0
17509,28199,0,0.409545,0
196604,47626,0,0.310646,0
164445,13242,0,0.38577,0
40650,34625,0,0.332632,0
97401,5605,0,0.176394,0
179253,12955,0,0.38721,0
116966,35547,0,0.444007,0
60362,1819,0,0.253444,0
74053,35734,0,0.248187,0
144869,24413,0,0.371026,0
88418,13198,0,0.372227,0
199767,41618,0,0.488239,1
8563,41844,0,0.386604,0
29265,5077,0,0.498796,1
38826,13885,0,0.268806,0
114516,7948,0,0.443623,0
192289,27105,0,0.342527,0
29012,12409,0,0.384296,0
82818,33647,0,0.345402,0
18680,45066,0,0.440751,0
195183,6631,0,0.278333,0
11250,10831,0,0.477623,1
86463,2228,0,0.229622,0
201833,40310,0,0.376755,0
171557,17708,0,0.179703,0
79597,32079,0,0.339985,0
98347,10831,0,0.279781,0
140014,21351,0,0.271475,0
124893,13431,0,0.404836,0
66706,29307,0,0.308629,0
28649,26604,0,0.291114,0
156665,10534,0,0.328625,0
91843,10957,1,0.526495,1
9699,17360,0,0.307844,0
101862,34519,0,0.287388,0
46146,24390,0,0.32893,0
45268,43875,0,0.398381,0
35406,12312,0,0.391537,0
152592,42244,0,0.402024,0
60040,7751,0,0.228608,0
54154,26317,0,0.231238,0
48610,35547,0,0.420586,0
13522,46134,0,0.216232,0
68157,26576,0,0.368372,0
204046,21938,0,0.287642,0
177942,11005,0,0.383085,0
152871,4009,0,0.202751,0
15160,30041,0,0.313557,0
146146,24413,0,0.396034,0
138762,25371,0,0.207698,0
31405,21174,0,0.207462,0
43381,47766,0,0.373889,0
119113,27629,0,0.425924,0
199855,26131,0,0.371076,0
36824,36135,0,0.204595,0
132919,12427,0,0.346873,0
204638,27628,0,0.371309,0
173475,27521,0,0.398819,0
60627,41006,0,0.203432,0
169150,34358,0,0.454245,1
133018,28842,0,0.366248,0
191710,21903,0,0.431735,0
70078,8654,0,0.395781,0
44108,47479,0,0.278412,0
120117,28443,1,0.465907,1
200820,28518,0,0.277609,0
137814,31557,0,0.374642,0
107018,5451,0,0.422913,0
190497,42265,0,0.281247,0
153343,31248,0,0.255096,0
132624,25199,0,0.41742,0
1584,26317,0,0.468799,1
26488,20670,0,0.258229,0
138731,32205,0,0.322897,0
91580,30746,1,0.530277,1
10372,23588,0,0.258685,0
179206,12743,0,0.283733,0
16219,4470,0,0.397272,0
16945,5878,0,0.231667,0
190519,32177,0,0.234368,0
89230,33636,0,0.451642,1
130267,16464,0,0.368527,0
152709,22671,0,0.354668,0
78084,22161,0,0.316712,0
64120,8555,0,0.350638,0
83652,30271,0,0.329268,0
102549,29553,0,0.424159,0
140269,35548,0,0.282337,0
128473,14874,0,0.232046,0
84056,41148,0,0.279158,0
127135,3931,0,0.425633,0
161622,41811,0,0.37953,0
39752,42356,0,0.255394,0
109071,37029,1,0.503239,1
115586,49174,0,0.379857,0
80653,28842,0,0.283206,0
121828,19894,1,0.405893,0
54836,6105,1,0.499098,1
120455,5785,0,0.424124,0
3275,28601,0,0.393847,0
25467,7350,0,0.510184,1
118816,39623,0,0.405891,0
127497,46025,0,0.426933,0
66758,31611,0,0.36754,0
101923,44661,0,0.316961,0
119146,40174,0,0.367399,0
91249,34175,0,0.385048,0
195434,18376,0,0.274204,0
203998,7177,0,0.242385,0
181479,5077,0,0.42805,0
204759,30305,0,0.25767,0
153785,44310,1,0.442614,0
120630,41593,0,0.408443,0
69718,24852,0,0.390823,0
25283,49198,0,0.34658,0
142427,31955,0,0.19416,0
91682,42398,0,0.412196,0
75111,21903,0,0.389517,0
19498,41950,0,0.432496,0
135078,1463,0,0.398238,0
102655,49174,0,0.303822,0
128060,39097,0,0.402394,0
92022,15802,0,0.412442,0
13000,14927,0,0.382681,0
188267,27325,0,0.300179,0
190404,49175,0,0.25241,0
15559,43668,0,0.243573,0
103606,18359,0,0.220706,0
140006,20785,0,0.409378,0
26995,45948,0,0.32836,0
101394,12431,0,0.222431,0
82689,29987,1,0.428073,0
186995,37646,0,0.251529,0
20501,21804,0,0.347651,0
193700,3142,0,0.240201,0
120728,46802,0,0.266513,0
64035,43086,0,0.3028,0
103618,11006,0,0.276983,0
130806,33279,0,0.421555,0
21189,10749,0,0.287435,0
22506,40203,0,0.20001,0
35807,35939,0,0.43068,0
105093,38779,0,0.271942,0
53001,32650,0,0.203429,0
162361,25640,0,0.396827,0
104124,24964,0,0.273416,0
92399,17550,0,0.339801,0
78550,39275,0,0.346286,0
98005,4938,0,0.271991,0
117382,31662,0,0.260133,0
187544,39993,0,0.282085,0
197219,45819,0,0.246937,0
204823,9076,0,0.414638,0
192487,34593,0,0.386777,0
171855,31553,0,0.283344,0
19958,20549,0,0.311664,0
97545,39558,0,0.233149,0
167409,40878,0,0.386755,0
43264,49620,0,0.37894,0
29606,12341,1,0.48019,1
65638,43352,0,0.296641,0
155621,2825,0,0.446958,0
18747,33808,0,0.429743,0
150785,16541,1,0.467802,1
178080,44325,0,0.305797,0
131246,40706,0,0.352826,0
88986,22206,0,0.223732,0
74158,44683,0,0.333998,0
32798,39275,0,0.441823,0
193679,13997,0,0.398262,0
92872,6846,0,0.268827,0
182743,26209,0,0.289408,0
37650,34433,0,0.327878,0
87672,26209,0,0.347741,0
18482,24427,0,0.235313,0
113696,11869,0,0.401464,0
61626,4705,0,0.361024,0
187814,11827,0,0.299948,0
166976,15872,0,0.343126,0
199776,27156,0,0.402553,0
138164,33129,0,0.412479,0
153694,17157,0,0.399078,0
75223,39984,0,0.344497,0
63688,17819,0,0.338799,0
25900,22206,0,0.386973,0
125182,36534,0,0.375877,0
109904,40571,0,0.262749,0
34179,45683,0,0.297602,0
112405,6474,0,0.245516,0
95911,47196,0,0.461116,1
50843,11090,0,0.401071,0
91992,45683,0,0.34547,0
71103,32537,0,0.29627,0
136723,29662,0,0.392959,0
60112,43858,0,0.4064,0
111042,13966,0,0.330284,0
165852,31683,0,0.380861,0
24337,41527,0,0.351553,0
117733,46616,0,0.24303,0
195990,4754,0,0.321559,0
134958,4500,0,0.2867,0
171344,47185,0,0.430422,0
205086,32478,1,0.474812,1
146000,7673,0,0.482383,1
54628,49621,0,0.287391,0
41898,24197,0,0.329876,0
105132,22890,0,0.288622,0
68495,13536,1,0.398699,0
37676,40706,0,0.302656,0
175809,15202,0,0.349593,0
104907,44912,0,0.242512,0
843,3896,0,0.328415,0
163761,48765,0,0.327979,0
135893,21187,0,0.432696,0
110442,22959,1,0.461651,1
110315,18531,1,0.470265,1
114963,33745,0,0.224834,0
9662,46402,0,0.436999,0
130966,35149,0,0.259188,0
53615,34551,0,0.35938,0
49846,42460,0,0.324582,0
86637,15478,0,0.382493,0
174447,39408,0,0.292083,0
198896,13575,0,0.336915,0
23350,23440,0,0.259207,0
190682,5450,0,0.299931,0
47584,38739,0,0.364608,0
177889,19272,0,0.313487,0
140079,7969,0,0.390754,0
51206,28547,0,0.41264,0
163406,47626,0,0.385158,0
28759,29432,0,0.334214,0
101525,45664,0,0.339379,0
121202,41665,1,0.483148,1
192818,10017,0,0.273315,0
30137,24184,0,0.423891,0
190798,8518,0,0.432985,0
196408,5684,0,0.432108,0
74469,4428,0,0.34734,0
184197,4605,1,0.424024,0
86012,45200,0,0.398415,0
97168,34234,0,0.32355,0
6018,12910,0,0.306844,0
95242,7478,0,0.365529,0
176687,2535,0,0.368686,0
113052,18727,0,0.320794,0
160961,27392,0,0.350501,0
21507,13851,0,0.380521,0
39793,10957,0,0.417992,0
78867,49075,0,0.235877,0
127523,44628,0,0.299704,0
10519,46047,0,0.317562,0
125355,45007,0,0.340149,0
127359,32099,0,0.278595,0
143369,34946,0,0.22266,0
23280,36011,0,0.31094,0
19921,8320,0,0.266847,0
115547,5757,0,0.417022,0
150897,37646,0,0.440765,0
3376,41787,0,0.415919,0
66984,27966,0,0.378315,0
185909,40571,0,0.418445,0
68160,12118,0,0.217462,0
122346,26219,0,0.381622,0
96308,47626,0,0.422004,0
150982,6150,1,0.426165,0
173945,20323,0,0.418121,0
39832,21903,0,0.486496,1
201947,31338,0,0.276839,0
48369,27171,0,0.257493,0
31564,15519,0,0.386045,0
85141,27796,0,0.288045,0
106724,12813,0,0.317492,0
172233,36923,0,0.274122,0
193708,34371,0,0.278144,0
195527,25659,0,0.358446,0
172131,12078,0,0.33961,0
76323,7923,0,0.217462,0
201014,3634,0,0.23702,0
24529,36082,0,0.220571,0
140702,23543,0,0.308009,0
140292,9390,0,0.288147,0
46691,41006,0,0.300555,0
164858,48885,0,0.28605,0
97319,5785,0,0.319595,0
10738,25659,0,0.350496,0
1992,19976,0,0.217908,0
124352,6721,0,0.222106,0
139302,35898,0,0.221153,0
120157,31717,1,0.526278,1
76323,43920,0,0.257493,0
136370,28427,1,0.517554,1
7878,44323,0,0.363263,0
164440,46505,0,0.254485,0
121467,42699,0,0.399424,0
56077,44628,0,0.360683,0
110521,21603,1,0.50934,1
77598,41844,0,0.291255,0
86121,20995,0,0.416658,0
7006,37158,0,0.4131,0
178367,41570,0,0.250646,0
25425,8518,0,0.493223,1
57752,9366,0,0.262663,0
23023,27881,0,0.204126,0
148237,11755,0,0.233728,0
111073,14877,0,0.182646,0
148358,14126,0,0.338428,0
45195,37766,0,0.464373,1
163506,40629,0,0.349451,0
92710,8803,0,0.286859,0
102127,45371,0,0.376624,0
176504,44632,0,0.337157,0
141879,11869,0,0.486258,1
167988,11009,0,0.397397,0
173488,46906,0,0.408608,0
180309,42282,1,0.434283,0
51770,37053,0,0.386038,0
118837,29268,0,0.404122,0
86693,21137,0,0.469856,1
67975,9515,0,0.305624,0
47940,36389,0,0.26917,0
111128,17461,0,0.351153,0
171091,12285,0,0.255505,0
101496,40587,0,0.398621,0
188943,18200,0,0.381489,0
38873,14540,0,0.306693,0
833,46820,1,0.360479,0
28442,17568,0,0.252912,0
9566,27548,0,0.297581,0
119424,37557,0,0.198867,0
25471,15284,0,0.202706,0
79154,24989,0,0.404129,0
152547,31759,0,0.361379,0
175922,21137,0,0.2947,0
186227,48559,0,0.215464,0
103318,29127,0,0.339896,0
151737,24716,0,0.281103,0
86907,33324,0,0.374546,0
160804,45321,0,0.390678,0
19646,7628,0,0.511416,1
162366,10831,0,0.475305,1
201825,27104,1,0.409154,0
197100,45007,0,0.336786,0
57272,22825,0,0.338552,0
202695,261,0,0.334392,0
136573,12493,0,0.242744,0
186227,7175,0,0.23659,0
117733,28928,0,0.2725,0
200095,30287,0,0.363393,0
37924,8239,0,0.260717,0
110374,39812,0,0.354913,0
121097,39071,0,0.248396,0
31147,47537,0,0.394099,0
70265,29565,0,0.282409,0
21632,42106,0,0.37844,0
45582,9387,0,0.369934,0
60624,19261,0,0.361222,0
78073,32734,0,0.464466,1
38873,21903,0,0.358841,0
147290,1263,0,0.379989,0
4904,4605,0,0.232066,0
124501,17858,0,0.377567,0
3571,21841,1,0.404059,0
75863,49659,0,0.359044,0
149143,16797,0,0.311177,0
194792,9464,0,0.354992,0
205031,45007,0,0.413205,0
187650,39812,0,0.320597,0
90208,39619,0,0.452247,1
58936,44795,0,0.399183,0
109806,36117,1,0.461555,1
85464,27897,0,0.258692,0
4388,34969,0,0.28534,0
171730,40490,0,0.306253,0
56406,41950,0,0.376915,0
198013,6994,0,0.21803,0
142050,27521,0,0.491607,1
85257,11798,0,0.392636,0
10810,45748,0,0.254587,0
136882,15672,0,0.385207,0
138722,38583,0,0.218734,0
139483,30639,0,0.40396,0
146426,881,0,0.323629,0
146067,38293,0,0.301742,0
78084,13230,0,0.33296,0
16103,7461,0,0.413555,0
157339,34356,0,0.294835,0
43072,28465,0,0.251529,0
90520,26723,0,0.228157,0
66973,3480,0,0.383147,0
14133,21137,0,0.529714,1
172755,40063,0,0.397809,0
85576,47014,0,0.320619,0
15503,6383,0,0.424912,0
53535,15130,1,0.478034,1
99277,19992,0,0.364867,0
34299,5250,0,0.39598,0
143552,40706,0,0.325149,0
59354,29334,0,0.344108,0
84847,19048,0,0.405448,0
188684,16462,0,0.360729,0
100936,43643,0,0.397611,0
16219,34145,0,0.389328,0
146826,5312,0,0.252912,0
128941,21917,0,0.467103,1
87063,46853,1,0.419265,0
12661,669,0,0.337623,0
173435,38452,1,0.403271,0
95879,20114,0,0.391437,0
153092,3957,0,0.291107,0
103493,49144,0,0.340757,0
197970,21194,0,0.309689,0
146604,41950,0,0.479491,1
39752,2097,0,0.213525,0
48308,6104,0,0.470742,1
66631,32478,0,0.364749,0
49175,3990,0,0.261454,0
22447,10749,0,0.278396,0
45410,42828,0,0.421036,0
49543,22548,0,0.255505,0
57177,18811,0,0.465435,1
37915,34079,0,0.474255,1
70495,5038,0,0.392047,0
145136,5794,0,0.400155,0
40210,12254,0,0.335249,0
119112,8955,0,0.264472,0
30614,31844,0,0.338808,0
109650,42936,0,0.253876,0
129116,33462,0,0.289968,0
33736,24622,0,0.375453,0
135238,16797,1,0.417875,0
156668,20995,0,0.270742,0
130304,17824,0,0.32489,0
165707,10312,0,0.396657,0
159620,6187,0,0.305426,0
114817,17619,0,0.290183,0
151418,2180,0,0.221664,0
128561,32184,0,0.272649,0
14392,28600,0,0.336851,0
148170,30353,1,0.447236,0
6419,32689,1,0.486636,1
166717,46516,0,0.437041,0
84412,16349,0,0.304477,0
24873,20685,0,0.233347,0
161548,18659,0,0.374572,0
129050,36189,0,0.296277,0
53004,24852,1,0.525302,1
96193,40338,0,0.381816,0
199369,18358,0,0.393708,0
91406,24221,0,0.361609,0
199357,34243,0,0.351956,0
142635,29987,0,0.37022,0
35050,24035,0,0.318546,0
112730,47626,0,0.417745,0
160507,32831,0,0.364441,0
82516,17526,0,0.231918,0
27518,16213,0,0.362338,0
124132,33731,0,0.326046,0
141459,28204,0,0.422215,0
176948,25408,0,0.40156,0
159101,5077,0,0.3168,0
183569,30962,0,0.23134,0
114800,12409,0,0.368734,0
27952,49201,0,0.196221,0
139527,12015,0,0.225101,0
26443,25435,0,0.353916,0
19093,19283,0,0.304096,0
26409,39099,0,0.452875,1
182518,2443,0,0.351529,0
57027,24390,0,0.31317,0
58129,37766,0,0.292311,0
110374,44580,0,0.379489,0
115904,41831,0,0.342396,0
55458,36695,0,0.297076,0
42676,46676,0,0.343646,0
149089,18479,1,0.395016,0
145067,34214,0,0.342159,0
128215,10034,0,0.25443,0
15586,5876,0,0.280043,0
55101,35050,0,0.267254,0
22140,24810,0,0.410547,0
10738,29398,0,0.298506,0
88273,44683,0,0.33398,0
1401,2708,0,0.35808,0
25205,43654,0,0.298133,0
144305,41658,0,0.463579,1
160379,12592,0,0.395034,0
138115,47059,0,0.41188,0
170364,38374,0,0.3955,0
51719,44670,0,0.360168,0
20962,38456,0,0.331584,0
51019,16349,0,0.271826,0
60650,26604,0,0.233884,0
21101,17008,0,0.315177,0
118871,1787,0,0.216075,0
170364,25919,0,0.424453,0
49181,1203,0,0.345848,0
100536,9155,0,0.351497,0
72160,42240,0,0.451351,1
188696,10017,1,0.408175,0
200508,22935,0,0.249914,0
92880,32476,0,0.19684,0
97401,18288,0,0.216662,0
23797,20843,0,0.327525,0
12115,24750,0,0.215464,0
64047,27158,0,0.351361,0
192609,12456,0,0.237397,0
65243,25670,0,0.360209,0
155042,42617,0,0.212579,0
138935,39821,0,0.325883,0
173426,41463,0,0.382622,0
140852,47962,0,0.337655,0
106093,29334,0,0.225002,0
164304,49030,0,0.349383,0
108393,44728,0,0.33941,0
56961,4853,1,0.468478,1
30614,40678,0,0.431757,0
88132,16823,0,0.382344,0
165594,19340,0,0.284858,0
32694,37511,0,0.368308,0
117078,43713,0,0.375875,0
11742,16759,0,0.435225,0
58052,19446,0,0.348472,0
21647,10768,0,0.233332,0
199892,11408,0,0.225795,0
58765,27325,0,0.371587,0
34696,10673,0,0.422792,0
78139,6101,0,0.267123,0
95471,24185,0,0.29358,0
119398,14992,0,0.235342,0
127666,13380,0,0.42488,0
76149,40268,0,0.36266,0
135429,30288,0,0.351845,0
44804,22935,0,0.440939,0
181892,4605,0,0.401076,0
135283,13369,0,0.263969,0
53184,14705,0,0.269505,0
3779,24852,0,0.345939,0
96954,28123,0,0.226684,0
193647,30849,0,0.308995,0
160656,14280,0,0.297332,0
162834,29871,0,0.302154,0
149349,25,0,0.454861,1
100176,19057,0,0.281864,0
35404,691,0,0.362296,0
101231,4781,1,0.470976,1
162693,48299,0,0.400916,0
135662,26422,0,0.349734,0
190562,18852,0,0.434408,0
65065,32685,0,0.215843,0
80726,4857,0,0.400125,0
142650,10755,1,0.363042,0
152078,30066,0,0.362364,0
22504,41474,0,0.190571,0
4788,4421,0,0.278514,0
41602,33438,0,0.333222,0
121731,5971,0,0.418153,0
71151,13829,0,0.220044,0
30556,28603,0,0.391138,0
50906,25965,0,0.277628,0
94653,30363,0,0.37369,0
78866,10212,0,0.381877,0
25495,27796,0,0.332393,0
77590,37594,0,0.372882,0
82382,23734,0,0.448981,0
178720,27783,0,0.371683,0
40279,311,0,0.343729,0
15454,45613,0,0.331843,0
154060,5818,0,0.236433,0
176404,28849,0,0.343607,0
206045,28204,0,0.236003,0
137532,31865,1,0.314976,0
139683,34099,0,0.313444,0
28815,7501,0,0.371687,0
38365,4957,0,0.429183,0
111782,40593,0,0.301084,0
96618,45066,0,0.473156,1
66320,31654,0,0.470252,1
141787,34220,0,0.364607,0
5338,17149,0,0.212169,0
123235,22883,0,0.406139,0
5844,25824,0,0.400067,0
153835,18434,1,0.314922,0
154063,48645,0,0.323818,0
60554,12385,0,0.212491,0
72420,36004,0,0.34473,0
198102,43352,0,0.417136,0
184881,41330,0,0.342668,0
55824,27690,0,0.442661,0
183250,122,0,0.33722,0
103408,17862,0,0.251351,0
184306,2315,0,0.237024,0
135758,24184,0,0.381183,0
128849,49583,0,0.415424,0
23029,21938,0,0.328388,0
99788,49075,0,0.364932,0
71731,2017,0,0.205114,0
68444,16249,1,0.46627,1
163096,21376,0,0.361902,0
188318,26283,0,0.369244,0
9628,34545,0,0.241863,0
29449,35336,0,0.236435,0
173177,35068,0,0.448036,0
3443,14084,0,0.444393,0
77012,36070,0,0.406103,0
144940,49140,0,0.249038,0
29671,21472,0,0.421575,0
99575,32467,0,0.234996,0
101012,14712,0,0.352507,0
147515,26767,0,0.458351,1
186140,19627,1,0.508566,1
101265,46906,0,0.42563,0
141990,23765,0,0.293318,0
86322,42445,0,0.324844,0
47461,2092,0,0.215843,0
137443,24852,1,0.537525,1
16726,22745,0,0.287838,0
204241,13176,0,0.436617,0
51069,34584,0,0.190237,0
139516,10243,0,0.394555,0
53239,40001,1,0.52433,1
93922,15610,0,0.306645,0
100730,46703,0,0.379825,0
191563,40517,0,0.384439,0
146904,20842,0,0.403141,0
6417,25745,0,0.318723,0
47076,7212,0,0.211733,0
24587,4446,0,0.315919,0
26225,19677,1,0.442802,0
197558,6860,0,0.281089,0
185441,45495,0,0.221466,0
6837,24852,0,0.539037,1
133665,12099,1,0.454843,1
19581,46906,0,0.256574,0
141787,24020,0,0.435021,0
46826,17948,0,0.430074,0
200108,35217,0,0.369704,0
46822,27463,0,0.408955,0
203595,260,0,0.417293,0
86968,24356,0,0.402771,0
98163,34956,0,0.402274,0
84099,39558,0,0.233794,0
71515,15891,0,0.342591,0
14737,49235,0,0.355151,0
4477,27596,0,0.309496,0
160749,41273,0,0.35318,0
168493,480,0,0.370529,0
188186,21137,0,0.375606,0
154771,26452,0,0.424978,0
112933,25067,0,0.286304,0
8426,31343,0,0.288174,0
160244,12016,0,0.252172,0
50796,40063,0,0.380684,0
188390,45669,0,0.211347,0
80179,20549,0,0.19332,0
32980,31553,0,0.399957,0
199180,23744,0,0.34559,0
110220,45757,0,0.392227,0
113241,1695,0,0.345346,0
12586,16349,0,0.307127,0
98617,9203,1,0.418585,0
108196,35045,0,0.268274,0
127625,30620,0,0.253499,0
162566,44799,0,0.451039,1
36986,1025,0,0.259225,0
167824,15359,1,0.41294,0
16837,3631,0,0.478293,1
163096,8193,0,0.361902,0
9150,48438,0,0.376286,0
54698,4942,0,0.407575,0
52133,29107,0,0.376213,0
117736,36865,0,0.335173,0
123306,39275,1,0.426359,0
151378,31391,0,0.283057,0
84615,17123,0,0.345259,0
93502,33957,0,0.30046,0
169635,27966,0,0.355273,0
72537,5077,0,0.373277,0
37777,20120,0,0.370664,0
77429,5390,0,0.338502,0
53004,25718,0,0.386145,0
203318,29722,0,0.254334,0
12721,26405,0,0.384519,0
33470,10082,0,0.400281,0
103703,1757,0,0.39911,0
50930,47526,0,0.386539,0
6141,21903,0,0.262885,0
131348,27570,0,0.250655,0
155428,21903,0,0.414742,0
96126,11068,0,0.404561,0
105538,38739,0,0.281739,0
164677,25493,1,0.485784,1
116219,42585,0,0.459554,1
162350,2855,0,0.38627,0
53683,44765,1,0.403137,0
178250,3583,0,0.268256,0
69883,12341,0,0.407447,0
198629,37388,0,0.287698,0
3990,21461,0,0.408574,0
69116,3280,0,0.397428,0
112598,45002,0,0.286607,0
140844,26209,0,0.400093,0
185546,35956,0,0.407254,0
149159,7413,0,0.337685,0
181528,28476,0,0.359736,0
173112,46175,0,0.220571,0
88091,33705,0,0.382836,0
98199,44566,0,0.33538,0
190713,33745,0,0.387818,0
154826,27968,0,0.390346,0
37502,23405,0,0.395672,0
141939,10814,0,0.400886,0
101975,33552,0,0.391072,0
23461,31872,0,0.274204,0
156581,7509,0,0.320717,0
91031,47672,0,0.423884,0
97345,42139,0,0.313389,0
151994,16797,0,0.311177,0
5287,781,0,0.29657,0
76121,8174,0,0.44841,0
68835,27548,0,0.242555,0
143526,25671,0,0.318235,0
151089,35199,0,0.302713,0
182440,40681,0,0.268253,0
98491,30855,0,0.341572,0
14577,13560,0,0.276504,0
94618,10749,0,0.250499,0
107629,14129,0,0.233574,0
144836,32303,0,0.34072,0
190043,2447,0,0.408138,0
66304,34582,0,0.313749,0
196116,6046,0,0.343607,0
188791,42736,1,0.42768,0
127359,41966,0,0.223042,0
105805,20995,0,0.356994,0
151714,38531,0,0.412816,0
32798,44632,0,0.455436,1
203181,17429,0,0.390734,0
141844,21616,0,0.305304,0
132919,26767,0,0.378612,0
148836,25745,0,0.381748,0
183691,19677,0,0.408958,0
16958,3874,0,0.276983,0
86951,35725,0,0.365896,0
8492,3992,0,0.336016,0
31773,35951,0,0.246639,0
186696,34126,0,0.470057,1
205821,34551,0,0.372819,0
142400,35748,0,0.291491,0
178791,33081,0,0.271879,0
35201,16145,0,0.214609,0
85827,20507,0,0.416135,0
163464,30731,0,0.386519,0
142863,12324,1,0.461052,1
80144,13885,0,0.197969,0
167314,36186,0,0.397876,0
101465,26301,0,0.398552,0
203492,13380,0,0.476725,1
156148,6473,1,0.423701,0
58813,44089,0,0.388525,0
198932,45007,0,0.405213,0
41424,34668,0,0.390842,0
71,7911,0,0.386036,0
36059,14852,0,0.407517,0
53280,11121,0,0.274544,0
117635,19706,0,0.390648,0
204307,32819,0,0.398956,0
147618,44325,0,0.234541,0
179728,24830,0,0.449094,0
150893,2314,0,0.327695,0
90669,41720,0,0.381323,0
71913,44142,0,0.461323,1
55058,24622,0,0.369314,0
106161,311,0,0.230863,0
188576,36307,0,0.361687,0
186075,15987,0,0.382523,0
203607,2380,0,0.347463,0
93570,24964,0,0.267585,0
57250,48634,1,0.464352,1
142417,31726,0,0.274709,0
7569,7969,0,0.257976,0
160724,30057,0,0.361454,0
133780,6873,0,0.233703,0
162614,42701,0,0.421371,0
31634,48523,0,0.378763,0
196674,14929,0,0.420051,0
126833,24184,1,0.445336,0
1833,12779,1,0.380713,0
5589,4920,0,0.217158,0
194861,31486,0,0.330975,0
180610,39993,0,0.415618,0
181920,18159,0,0.250775,0
116553,23747,0,0.389896,0
170542,48527,0,0.439728,0
125769,25949,0,0.408223,0
121036,27471,0,0.336395,0
180905,39275,0,0.35867,0
204937,40604,0,0.435265,0
64879,35370,0,0.25913,0
160166,14332,0,0.31978,0
32517,30371,1,0.428952,0
60627,22400,0,0.2303,0
71922,11996,0,0.260731,0
73080,28785,0,0.188096,0
171616,38371,0,0.364123,0
131459,21344,0,0.262663,0
187953,47089,0,0.338075,0
75988,39408,0,0.292841,0
4131,4481,0,0.264745,0
168449,4920,0,0.378568,0
203416,47766,0,0.40399,0
4395,40332,0,0.273515,0
127313,22952,0,0.325691,0
161895,40310,0,0.310265,0
127746,41220,0,0.286116,0
146833,10574,0,0.244757,0
49983,23848,0,0.258799,0
129015,605,0,0.257496,0
84588,26486,0,0.254051,0
84103,39929,0,0.391055,0
131794,37687,0,0.427701,0
101136,35547,1,0.482725,1
49470,14126,0,0.380181,0
190862,45633,0,0.414791,0
167972,43087,0,0.402709,0
92823,44359,0,0.32209,0
133304,40516,0,0.31325,0
58306,41960,1,0.453882,1
78670,37654,0,0.375753,0
199074,432,0,0.312959,0
139086,42356,0,0.398314,0
80747,33540,0,0.348586,0
71863,45,0,0.403756,0
104018,29460,0,0.371611,0
202799,34126,0,0.288174,0
147885,35536,0,0.308096,0
140292,5892,0,0.274639,0
204536,5621,0,0.287418,0
175768,19057,0,0.426644,0
203721,45578,0,0.222553,0
161339,41570,0,0.319667,0
203507,5031,0,0.471504,1
20031,11679,0,0.345836,0
69173,18411,0,0.184536,0
168708,13225,0,0.294492,0
186997,24841,0,0.449487,0
31402,48679,1,0.413369,0
898,12614,0,0.344256,0
109415,19389,0,0.334563,0
72968,46962,0,0.32097,0
122361,7021,0,0.335556,0
195400,27695,1,0.439869,0
53020,13660,0,0.258858,0
56539,35042,0,0.26255,0
204928,9225,0,0.267881,0
80423,7361,0,0.347681,0
172297,45599,0,0.386816,0
124178,6871,0,0.43176,0
38235,35430,1,0.425579,0
177224,46527,0,0.383375,0
156784,42757,0,0.216232,0
38316,36684,0,0.410353,0
17059,19190,0,0.267835,0
106823,30489,0,0.313994,0
2646,10798,0,0.45796,1
180185,35494,0,0.338423,0
66621,5214,0,0.304905,0
178547,22963,0,0.360809,0
53303,14351,0,0.386846,0
7526,3339,0,0.224389,0
182179,23622,0,0.424858,0
34635,12289,0,0.446654,0
21553,13176,0,0.484357,1
95879,25890,0,0.466972,1
78670,34350,0,0.322702,0
174908,34243,0,0.287782,0
43535,13163,0,0.382021,0
52167,29121,0,0.31233,0
148627,311,0,0.399483,0
82544,21511,0,0.34217,0
100565,21282,0,0.264334,0
116063,1335,0,0.328371,0
193301,32109,0,0.264178,0
84845,25890,0,0.407627,0
101602,15261,0,0.222286,0
31564,33572,0,0.509135,1
127034,21543,0,0.344843,0
167294,14852,0,0.421072,0
191334,35522,0,0.212275,0
135172,4145,0,0.456772,1
130373,2109,0,0.40338,0
41939,42063,0,0.385143,0
106161,40334,0,0.203665,0
156905,45938,0,0.2485,0
73947,28204,0,0.24737,0
149617,33825,0,0.284896,0
89220,25247,0,0.391935,0
169409,39024,0,0.366319,0
132972,47526,0,0.380027,0
118672,28601,0,0.37583,0
67829,49683,0,0.351949,0
42029,26604,0,0.277692,0
163023,10644,0,0.408815,0
101911,44486,0,0.245574,0
91486,27323,0,0.373146,0
25067,14901,0,0.215455,0
113257,8205,0,0.359318,0
22707,6871,0,0.336535,0
125665,5652,0,0.406307,0
18951,48364,0,0.484586,1
112210,36640,0,0.412047,0
59023,24964,0,0.36585,0
77434,27663,0,0.298107,0
68165,43961,0,0.423191,0
8775,17794,0,0.384585,0
75789,36809,0,0.32163,0
96001,18599,0,0.392938,0
21686,3083,0,0.200883,0
107251,40198,0,0.384348,0
105626,27690,0,0.221641,0
172357,29740,0,0.356905,0
162722,36735,0,0.320372,0
162677,8903,0,0.428769,0
112511,20114,0,0.246378,0
111345,31343,0,0.291255,0
49323,38558,1,0.467561,1
205261,3829,0,0.327204,0
178739,27337,0,0.334018,0
71532,38015,0,0.226453,0
77275,47766,1,0.439971,0
88093,15438,0,0.40035,0
149499,4675,0,0.262004,0
6668,40761,0,0.413873,0
6527,33548,0,0.207698,0
196314,1202,0,0.317644,0
103003,2180,0,0.339801,0
60604,38288,0,0.337847,0
91840,5097,0,0.390084,0
197970,33953,0,0.343513,0
51443,43319,0,0.357967,0
52194,27240,0,0.207272,0
11496,43721,0,0.403524,0
153760,27370,0,0.376286,0
133951,7854,0,0.395651,0
51531,28123,0,0.268806,0
128380,44910,0,0.3168,0
4281,48523,0,0.302643,0
154621,46906,0,0.328648,0
165095,14061,0,0.396347,0
127735,26209,0,0.421178,0
119781,49030,1,0.479971,1
113591,47209,0,0.425088,0
131819,45603,0,0.474477,1
31456,27521,0,0.283479,0
133246,17948,0,0.394667,0
90216,11247,0,0.327242,0
44070,44293,0,0.2523,0
189430,49533,0,0.432592,0
145437,4149,0,0.358113,0
38281,8021,0,0.45568,1
43608,31486,0,0.231603,0
162533,8694,0,0.225344,0
9213,18027,0,0.42219,0
88668,39108,1,0.428366,0
128998,26592,0,0.234996,0
49695,31801,0,0.345222,0
136559,47156,0,0.362549,0
49277,11631,0,0.352921,0
155666,38164,0,0.385257,0
136801,42447,0,0.21687,0
159797,25647,0,0.427466,0
160926,35221,1,0.353748,0
150533,18159,0,0.295544,0
104186,19019,0,0.41443,0
178966,2533,0,0.364752,0
121090,13960,0,0.251561,0
5848,42265,0,0.242329,0
152235,37687,0,0.477214,1
184881,45007,0,0.372371,0
25095,48370,0,0.336794,0
83562,37933,0,0.190887,0
95402,38077,0,0.21886,0
109805,42625,0,0.283344,0
117211,32650,0,0.325503,0
18986,1940,0,0.412362,0
139495,4544,0,0.195592,0
200416,21614,0,0.318017,0
22763,15386,0,0.370661,0
168948,6184,0,0.298763,0
162791,10895,0,0.442242,0
134295,26104,0,0.372025,0
145654,21292,0,0.366144,0
205563,12670,0,0.321981,0
160245,9934,0,0.345462,0
2248,23516,0,0.389537,0
145488,13042,0,0.482122,1
16604,33352,0,0.2725,0
37773,21903,0,0.445492,0
123372,18656,0,0.402608,0
134963,47284,0,0.371327,0
178080,32163,0,0.329345,0
112327,22825,0,0.362836,0
3480,23296,0,0.386095,0
115621,34270,0,0.277792,0
54698,7781,0,0.459722,1
37557,38293,0,0.391137,0
19141,12442,0,0.339563,0
144785,45570,0,0.288622,0
186085,2237,0,0.358613,0
93649,17553,0,0.428908,0
117708,2596,0,0.389884,0
171439,39059,0,0.292291,0
30265,20382,0,0.219513,0
194576,10243,0,0.219848,0
38696,27336,0,0.283402,0
104691,36615,0,0.278086,0
121436,7930,0,0.231224,0
121766,19389,0,0.253682,0
133223,21137,0,0.427942,0
163102,1846,0,0.200937,0
139205,12167,0,0.331029,0
179323,18394,1,0.458525,1
73680,8006,0,0.376821,0
147575,20324,0,0.253214,0
195869,17119,0,0.254965,0
202394,10644,1,0.313142,0
151574,26425,0,0.314811,0
37809,22677,0,0.327234,0
158554,4699,0,0.432298,0
82544,46906,0,0.414811,0
81603,33043,0,0.350516,0
103890,38118,0,0.313538,0
78879,2846,0,0.289289,0
81603,18288,1,0.513919,1
99337,31651,0,0.335131,0
135459,42625,0,0.420926,0
135561,22395,0,0.355826,0
204165,43123,0,0.267968,0
68294,28123,0,0.292333,0
111618,48657,0,0.360479,0
104244,47626,0,0.353873,0
138839,27104,0,0.424537,0
185454,43961,0,0.388109,0
70692,23576,0,0.379189,0
173207,27243,0,0.39438,0
42906,17025,0,0.405494,0
204076,39408,0,0.406805,0
22292,13984,0,0.397291,0
132654,18439,1,0.476025,1
129474,39479,0,0.321608,0
48320,23375,0,0.319653,0
156699,21268,0,0.354563,0
159240,24333,1,0.501909,1
134153,19057,0,0.332718,0
7699,1219,0,0.263416,0
142746,20842,0,0.242329,0
85778,15200,1,0.453247,1
169692,36393,0,0.257915,0
120488,9036,0,0.209605,0
12833,42013,0,0.331167,0
160556,17576,0,0.337534,0
182558,48034,0,0.293624,0
149647,44461,0,0.339466,0
31939,12381,0,0.20001,0
6321,16965,0,0.4846,1
131501,6343,0,0.348663,0
100330,5876,0,0.456311,1
181405,29251,0,0.33493,0
72764,28443,0,0.366936,0
111902,44560,0,0.38899,0
185127,37524,0,0.326696,0
146625,7704,0,0.256861,0
147826,27336,0,0.257863,0
16345,40545,0,0.243856,0
14747,37001,0,0.268618,0
184834,7598,0,0.278647,0
137850,26209,0,0.364086,0
77989,5390,0,0.379088,0
99471,36640,0,0.229622,0
74570,43789,0,0.357955,0
202568,30135,0,0.512773,1
15229,4302,0,0.19416,0
183345,5479,0,0.463624,1
127034,39639,0,0.45455,1
160294,22713,0,0.268167,0
103547,9058,0,0.299269,0
28435,8174,0,0.277692,0
94285,49383,0,0.234145,0
91377,25753,0,0.528058,1
200789,45005,0,0.306253,0
48744,10070,0,0.231174,0
50721,7021,0,0.264222,0
130687,14197,0,0.338232,0
64470,29744,0,0.262005,0
178791,14419,0,0.271879,0
124220,49497,0,0.259192,0
126230,24521,1,0.412294,0
9036,36076,0,0.280004,0
134776,27104,0,0.277692,0
202558,40914,0,0.207207,0
165585,24009,0,0.388061,0
122883,95,0,0.201983,0
108472,33671,0,0.337972,0
82585,45616,0,0.404842,0
57800,39024,0,0.217904,0
53507,21903,0,0.463245,1
137104,5373,0,0.421461,0
153743,24852,0,0.451621,1
104167,41828,0,0.409567,0
75912,21616,0,0.46835,1
54135,9955,0,0.274934,0
59985,45504,0,0.438857,0
3485,9547,0,0.331239,0
133592,42858,0,0.359986,0
58701,38274,0,0.416519,0
5189,20178,0,0.334965,0
196314,11542,0,0.381369,0
121860,12246,0,0.370599,0
24268,123,0,0.240261,0
141321,35217,0,0.219463,0
174991,5612,0,0.358568,0
201308,27323,0,0.3855,0
95477,33000,1,0.414147,0
68308,26344,0,0.341889,0
3649,33682,0,0.433408,0
162312,45253,0,0.303205,0
128332,17122,1,0.456358,1
167263,34358,0,0.286691,0
64223,47209,0,0.379753,0
124250,30233,1,0.510775,1
193735,37460,0,0.415043,0
21463,44359,0,0.236588,0
132638,10246,0,0.468685,1
36478,30500,0,0.323472,0
63254,12916,0,0.258515,0
72683,33552,0,0.251578,0
127673,18465,0,0.34779,0
182607,22524,0,0.22756,0
80750,47485,0,0.282568,0
189926,46516,0,0.278515,0
38032,41,0,0.251314,0
158384,46932,0,0.441107,0
121486,22417,0,0.23863,0
203565,9390,0,0.398788,0
161264,44359,0,0.426976,0
171386,38689,0,0.345587,0
174215,26152,0,0.383821,0
28470,29127,0,0.286822,0
157279,41373,0,0.387601,0
