user_id,product_id,label,prob,pred
154001,27573,0,0.022828,0
78575,21903,0,0.435573,1
135124,9358,0,0.014889,0
26699,15040,0,0.036321,0
14876,22250,0,0.061063,0
195759,19734,0,0.083065,0
58387,43986,0,0.019964,0
181349,49416,0,0.200232,0
167086,41950,1,0.108208,0
123250,36310,0,0.026226,0
157887,31838,0,0.033975,0
183125,10060,0,0.003653,0
87618,39374,0,0.006398,0
66713,14702,0,0.263403,1
60078,17923,0,0.02149,0
70839,26620,0,0.056748,0
73988,40706,1,0.075853,0
184487,11048,0,0.022164,0
2609,6799,0,0.007161,0
6334,36070,0,0.015339,0
157290,28431,0,0.047761,0
24241,44471,0,0.057534,0
56130,27510,1,0.323781,1
37795,36443,0,0.001781,0
43448,33000,0,0.016143,0
136893,25653,0,0.139031,0
176056,24114,0,0.006296,0
145575,21376,0,0.016421,0
127988,29447,1,0.310081,1
55155,28842,0,0.136011,0
202094,15996,0,0.002432,0
58144,36865,1,0.058107,0
121467,4210,0,0.018133,0
109415,42887,0,0.021919,0
22640,8197,0,0.04984,0
108393,13176,0,0.016035,0
29396,30967,0,0.01961,0
93217,46526,0,0.056482,0
99749,13251,0,0.004147,0
45966,19706,0,0.071462,0
24670,43194,0,0.01286,0
181528,14778,0,0.082806,0
172200,1194,0,0.011612,0
198779,1463,0,0.014395,0
202404,44008,0,0.018753,0
116773,37067,1,0.311726,1
63703,42342,0,0.112464,0
170581,4086,0,0.001346,0
80710,32854,0,0.01553,0
173255,13176,0,0.474453,1
56089,24830,0,0.019078,0
140008,248,0,0.001346,0
67195,7485,0,0.005082,0
58647,39509,0,0.035355,0
63002,1364,0,0.331849,1
61877,6377,0,0.003065,0
10451,14576,0,0.059422,0
139570,12779,0,0.005841,0
22280,21195,0,0.348454,1
144680,23913,0,0.120294,0
108250,34731,0,0.01737,0
116640,44371,0,0.015632,0
121977,29409,0,0.014511,0
100835,22935,0,0.02663,0
102971,27451,0,0.038424,0
114592,23499,0,0.015607,0
128530,29529,0,0.019035,0
112872,14897,0,0.122984,0
88649,33636,0,0.006997,0
202516,1117,0,0.011971,0
131227,20114,0,0.153237,0
68160,49044,0,0.005583,0
89337,21513,0,0.061627,0
22599,45007,0,0.154375,0
204152,33731,0,0.002566,0
190887,42411,0,0.01198,0
158382,10549,0,0.030035,0
27473,10017,0,0.182803,0
13760,36695,0,0.013648,0
178320,42450,0,0.007721,0
186094,47144,0,0.171206,0
61583,26620,0,0.193936,0
132866,24964,0,0.020158,0
102486,33120,1,0.222807,0
44463,41366,0,0.074734,0
55857,36364,0,0.002486,0
187491,7989,0,0.016371,0
163745,5876,0,0.012766,0
140674,5913,0,0.00345,0
31963,11610,0,0.00969,0
138861,25266,0,0.01578,0
186585,33881,0,0.05824,0
135561,49510,0,0.054769,0
152197,22754,0,0.014559,0
195366,37354,0,0.086824,0
46423,35750,0,0.005171,0
173708,49429,0,0.020205,0
1975,44570,0,0.025653,0
47991,21376,0,0.00189,0
184557,12232,0,0.031764,0
57021,40009,0,0.023265,0
204605,24385,0,0.012021,0
166522,39790,0,0.053706,0
37703,43967,0,0.054198,0
148189,42585,0,0.016374,0
140210,2605,0,0.057737,0
189045,34126,0,0.025908,0
194994,45063,0,0.021407,0
139980,40696,0,0.013399,0
42836,12125,0,0.106691,0
138826,32598,0,0.016545,0
3918,10814,0,0.00468,0
171771,41057,0,0.036015,0
68737,5120,1,0.756018,1
21679,10565,0,0.009917,0
93644,35672,0,0.001616,0
151805,29440,0,0.004509,0
201456,9385,0,0.172111,0
158741,35561,0,0.009003,0
44463,43223,0,0.032622,0
147226,37354,0,0.024404,0
15054,5989,0,0.016415,0
97518,39475,0,0.007054,0
47971,22825,0,0.03353,0
54112,35221,0,0.015755,0
96381,22935,0,0.119069,0
6774,25588,0,0.002473,0
2694,9434,0,0.06022,0
173651,40182,0,0.06341,0
63038,5566,0,0.042401,0
108211,46676,0,0.003338,0
154364,39190,0,0.00258,0
19262,45664,0,0.028549,0
87876,32139,0,0.146856,0
70122,41065,0,0.002652,0
60627,3599,0,0.030056,0
51636,18140,0,0.20012,0
17765,13755,0,0.004585,0
165999,18059,0,0.067381,0
68160,3172,0,0.018129,0
137648,11742,0,0.002093,0
77489,18208,0,0.006436,0
80338,13807,0,0.026369,0
87929,15823,0,0.004881,0
86688,30656,0,0.016209,0
106443,15937,0,0.002422,0
61658,40545,0,0.004802,0
163247,24507,0,0.031584,0
46900,31720,0,0.193215,0
96807,21938,0,0.059198,0
28992,30795,0,0.200439,0
138283,39040,0,0.21152,0
76406,13310,0,0.062757,0
151253,7878,1,0.121651,0
136754,16759,0,0.073172,0
55896,33198,0,0.032144,0
160380,42972,0,0.050131,0
67583,48532,0,0.033639,0
185441,5491,0,0.004447,0
125907,32978,0,0.008846,0
38796,13740,0,0.014167,0
180417,39368,0,0.002544,0
151768,11132,1,0.116751,0
173238,26692,0,0.060038,0
101691,36962,0,0.021549,0
159240,33007,0,0.138021,0
132976,35951,0,0.053499,0
93325,1514,0,0.064995,0
15561,2846,0,0.385064,1
109661,23722,0,0.01186,0
119179,2002,0,0.002474,0
48351,17553,0,0.114135,0
116287,8239,0,0.020442,0
7149,35935,0,0.011707,0
112280,39928,0,0.00445,0
189928,8174,0,0.012732,0
20712,31727,0,0.038532,0
127485,16696,1,0.468399,1
196314,38827,0,0.010398,0
37817,47788,0,0.005346,0
1461,42265,0,0.070907,0
79933,21621,0,0.062098,0
95869,35053,0,0.0552,0
137805,47865,0,0.052273,0
82661,14064,0,0.021681,0
47060,4895,0,0.074215,0
57020,49652,0,0.036747,0
37650,23288,0,0.044281,0
35638,21461,0,0.004581,0
170192,47990,0,0.141609,0
103563,30489,0,0.036953,0
3546,21225,0,0.022298,0
62939,12911,0,0.003827,0
65369,46667,0,0.003073,0
79747,26209,0,0.00341,0
136994,17789,0,0.152463,0
159702,28871,0,0.013474,0
107923,45535,0,0.008952,0
112110,46691,0,0.004365,0
145974,480,0,0.003392,0
189600,43768,0,0.034669,0
170045,5450,0,0.017812,0
205200,29189,0,0.023005,0
123271,2846,0,0.248124,1
25082,38622,0,0.007487,0
182045,5496,0,0.017005,0
126232,2275,0,0.069263,0
36599,196,0,0.033097,0
161332,48543,0,0.199824,0
176216,31821,0,0.005073,0
99942,4986,0,0.001794,0
176690,21938,0,0.02119,0
29046,20583,0,0.010475,0
59107,17526,0,0.00123,0
115904,38154,0,0.030949,0
172237,13198,0,0.029143,0
19891,44632,0,0.083002,0
7543,45664,0,0.078595,0
123906,44632,0,0.012142,0
107106,14010,0,0.087289,0
201572,39004,0,0.011053,0
53982,16349,0,0.005749,0
3009,28842,0,0.047011,0
198397,33846,0,0.038079,0
84048,13874,0,0.036906,0
109072,2562,0,0.003636,0
159219,42383,0,0.030785,0
51631,27104,0,0.111018,0
84835,14097,0,0.052411,0
40331,41618,0,0.112459,0
122096,7821,0,0.002434,0
89149,14223,0,0.001892,0
111486,26901,0,0.001887,0
56875,4210,0,0.008203,0
106527,36506,0,0.016469,0
84822,36724,0,0.028747,0
95069,42768,0,0.007962,0
150764,35217,0,0.020951,0
134570,38747,0,0.003285,0
173481,22849,0,0.005415,0
70979,6201,1,0.067136,0
6495,17341,0,0.004314,0
129355,34092,0,0.009788,0
18524,19508,0,0.016912,0
174991,43295,0,0.131257,0
152424,40706,1,0.157388,0
49549,23744,0,0.012513,0
82433,45603,0,0.528733,1
7565,40377,0,0.022286,0
193709,44487,0,0.027327,0
100926,9507,1,0.16188,0
123139,16185,0,0.079089,0
94888,22993,0,0.011628,0
140641,9387,0,0.196465,0
173460,46654,0,0.009404,0
134984,21137,0,0.250096,1
141210,47209,0,0.027817,0
145919,20580,0,0.004756,0
84464,43697,0,0.003706,0
64981,40706,0,0.003344,0
149568,49235,0,0.025224,0
127547,41385,0,0.001261,0
45008,37067,0,0.028108,0
75126,37220,0,0.01014,0
140416,7975,1,0.055128,0
47954,1994,0,0.010627,0
54652,11323,0,0.137485,0
11456,697,0,0.024648,0
53925,19448,0,0.012963,0
2278,39411,0,0.010582,0
139272,38608,0,0.011694,0
115548,34126,1,0.157882,0
189104,4932,0,0.005689,0
124786,1319,0,0.025529,0
65456,26889,0,0.004005,0
149008,21267,0,0.206575,0
86509,46346,0,0.027535,0
173696,5212,0,0.015984,0
41314,25985,0,0.008954,0
194234,30784,1,0.094805,0
131513,39055,0,0.230405,1
101279,4792,0,0.001878,0
176287,4472,0,0.021244,0
106865,9076,0,0.01178,0
106161,1376,0,0.002189,0
97272,27978,0,0.03404,0
54836,31263,0,0.120337,0
70339,20554,0,0.003285,0
136112,1017,0,0.00991,0
173805,20734,0,0.007752,0
170842,5716,0,0.07242,0
126810,23029,0,0.002619,0
66699,21903,0,0.080898,0
135059,37053,0,0.085021,0
142378,35951,0,0.018904,0
171823,14897,0,0.089653,0
91345,11760,0,0.012729,0
129634,9839,0,0.020856,0
77145,24971,0,0.016147,0
165932,19068,0,0.169972,0
170536,13563,1,0.207352,0
86697,22123,0,0.40018,1
60965,16830,0,0.004872,0
55834,17461,0,0.022873,0
55287,5390,0,0.003757,0
43277,12145,0,0.017047,0
143664,14992,0,0.062465,0
158051,7430,0,0.00187,0
75454,46667,0,0.094961,0
162996,47209,1,0.083882,0
126868,9666,0,0.008857,0
42299,46069,0,0.083067,0
71785,8903,0,0.049102,0
162777,37358,0,0.01103,0
18951,27086,0,0.105407,0
140514,10500,0,0.003648,0
82758,21903,0,0.073973,0
66747,651,0,0.089127,0
26145,19660,1,0.117234,0
44575,14917,1,0.104402,0
129795,11265,0,0.002756,0
16298,8281,0,0.003693,0
38382,8503,0,0.001715,0
105428,7156,0,0.002373,0
186453,19660,0,0.016016,0
45117,2846,0,0.007055,0
94260,24476,0,0.001702,0
72244,11791,0,0.015914,0
157395,24964,0,0.008509,0
71056,37220,0,0.006689,0
170422,11631,0,0.011882,0
188810,7461,0,0.003852,0
94710,44628,0,0.035472,0
162126,46692,0,0.278214,1
146885,7787,0,0.004639,0
116590,36051,0,0.254491,1
128533,43643,0,0.003563,0
158553,2519,0,0.00255,0
26726,17616,0,0.018504,0
63925,20619,0,0.014698,0
16945,15392,0,0.00336,0
139733,13641,0,0.03465,0
27592,21903,0,0.038347,0
177650,27900,0,0.059031,0
190923,15269,0,0.010366,0
91543,39059,0,0.004971,0
5338,13535,0,0.00146,0
150566,890,0,0.19504,0
37817,39561,0,0.005209,0
67276,41844,0,0.020347,0
94285,1409,0,0.005987,0
162534,49404,0,0.001782,0
169758,48623,0,0.040896,0
155632,13430,0,0.066484,0
71782,30391,0,0.092793,0
88697,28299,0,0.005878,0
1164,41319,0,0.005858,0
116395,13380,0,0.041008,0
137278,33000,0,0.02066,0
62367,49113,0,0.004676,0
32079,28842,0,0.028659,0
71080,39180,0,0.625205,1
128614,47156,0,0.147913,0
37650,13284,0,0.021468,0
23657,4287,0,0.022206,0
29888,28191,0,0.042413,0
182359,9783,0,0.021627,0
4072,5621,0,0.057356,0
142365,16349,1,0.106346,0
183710,37940,1,0.444494,1
200388,12258,0,0.053295,0
114887,19519,0,0.011369,0
81936,28934,0,0.106041,0
191038,47734,0,0.005605,0
49298,45343,0,0.024394,0
55315,24852,0,0.246536,1
33916,6046,0,0.013911,0
52337,37173,0,0.09963,0
15052,44008,0,0.273078,1
33931,31343,0,0.208271,0
160084,13885,0,0.010017,0
56907,26209,0,0.005316,0
133262,21462,0,0.00353,0
144160,12779,0,0.011418,0
85514,19678,0,0.076392,0
69847,3376,0,0.099147,0
178830,9623,0,0.290747,1
32798,17872,0,0.071172,0
72060,26298,0,0.118296,0
182821,427,0,0.001505,0
68230,24390,0,0.129254,0
66138,24010,0,0.001474,0
130597,32265,0,0.015104,0
10666,39693,0,0.028016,0
170585,5684,0,0.021555,0
5198,27845,0,0.04971,0
86304,39083,0,0.023453,0
187771,16083,1,0.032243,0
175469,11512,0,0.030906,0
204524,42850,0,0.004074,0
29821,2966,0,0.017477,0
113299,6276,0,0.059525,0
61794,48747,0,0.034124,0
103482,9507,0,0.007906,0
182618,12481,0,0.013718,0
126874,46455,0,0.015402,0
143552,28204,0,0.03934,0
25405,12916,0,0.007225,0
171333,15276,0,0.037329,0
4199,47209,0,0.236922,1
120419,5077,0,0.009148,0
16226,44290,0,0.040192,0
185719,26751,0,0.011998,0
118090,31927,0,0.015099,0
40419,24852,0,0.035758,0
105058,2966,0,0.004946,0
192993,24852,0,0.055044,0
24077,20114,0,0.005044,0
197007,4920,0,0.120661,0
183371,43768,0,0.022078,0
92491,22035,0,0.143717,0
93502,44201,0,0.074322,0
72239,40815,0,0.004542,0
36478,1217,0,0.03479,0
106184,30233,0,0.090621,0
194576,5024,0,0.002739,0
129655,3586,0,0.046559,0
96192,8197,0,0.017545,0
170810,11193,0,0.012837,0
106184,18411,0,0.013742,0
93027,27061,0,0.004155,0
179828,19125,0,0.0046,0
18556,6184,0,0.145902,0
203708,40516,0,0.07874,0
8037,24489,0,0.033044,0
93902,42834,0,0.018614,0
12858,43961,0,0.030232,0
106608,5652,0,0.026511,0
167086,7485,0,0.098513,0
156522,29990,0,0.031349,0
75720,24294,0,0.004102,0
95978,22952,0,0.047397,0
131077,14778,0,0.008492,0
119078,10668,0,0.006873,0
148540,49110,0,0.06674,0
42063,35914,0,0.075441,0
150695,7035,0,0.013079,0
204934,47766,0,0.016046,0
107598,7615,0,0.002094,0
136982,20887,0,0.012048,0
133676,24964,0,0.04866,0
203456,45123,0,0.052925,0
158495,42001,0,0.051741,0
62838,12955,0,0.010965,0
195338,4799,0,0.076483,0
175768,18487,0,0.066157,0
110702,25513,0,0.13806,0
148468,43838,0,0.003026,0
63004,2716,0,0.023374,0
156377,18037,0,0.100496,0
23280,41047,0,0.037411,0
145067,40054,0,0.027528,0
87823,37238,0,0.012144,0
124727,45753,0,0.031608,0
172755,33000,0,0.03662,0
131091,14594,0,0.045059,0
113113,22890,0,0.01879,0
205101,3376,0,0.080278,0
48259,28384,0,0.008908,0
58040,4920,0,0.023992,0
141592,13517,0,0.004902,0
157270,33787,0,0.008578,0
138826,35315,0,0.024407,0
190609,23622,0,0.083701,0
85332,23375,0,0.365054,1
146705,8571,0,0.171399,0
162155,32455,0,0.080874,0
66477,33731,0,0.151301,0
23039,8955,0,0.001495,0
71006,47734,0,0.074447,0
130182,7350,0,0.313143,1
15662,18389,0,0.217509,0
66137,37158,0,0.282127,1
138900,5077,0,0.068361,0
78487,8174,0,0.064251,0
152972,21344,0,0.020487,0
25035,36036,0,0.069475,0
2609,13176,0,0.00932,0
136922,7963,0,0.015417,0
193330,32090,0,0.001866,0
196686,39657,1,0.375353,1
189212,27344,0,0.026901,0
76295,39984,0,0.008513,0
156850,12419,0,0.006446,0
143841,24852,0,0.034556,0
115595,33731,0,0.013677,0
96776,16462,0,0.023037,0
157512,4731,0,0.006289,0
117356,9852,0,0.036094,0
173428,40199,0,0.210249,0
135292,20542,0,0.242821,1
107317,43054,0,0.073515,0
8337,10492,0,0.009396,0
194395,24654,0,0.001599,0
44017,16825,0,0.076154,0
177202,14197,0,0.044873,0
167997,34243,0,0.073725,0
87779,24834,0,0.003998,0
126230,48775,0,0.078488,0
117939,31915,0,0.026976,0
53303,35580,0,0.010516,0
57553,46023,0,0.050521,0
37995,13808,0,0.092598,0
86377,15937,0,0.078826,0
150695,4096,0,0.023686,0
101550,4802,0,0.026604,0
111166,40009,1,0.049522,0
74826,16249,0,0.023152,0
63783,27730,0,0.067243,0
52467,15569,0,0.004301,0
125340,18090,0,0.002825,0
97816,7014,0,0.00675,0
125407,25005,0,0.012592,0
16289,42013,0,0.022045,0
149360,25753,0,0.253372,1
125265,5876,1,0.387227,1
151658,3093,0,0.005849,0
126868,21174,0,0.005313,0
147855,10246,0,0.023659,0
87366,8575,0,0.028912,0
118629,23165,0,0.062126,0
183569,5785,0,0.030922,0
32229,5098,0,0.0109,0
141369,24852,0,0.015706,0
111926,11599,0,0.004692,0
153139,34244,0,0.020807,0
59336,39411,0,0.013817,0
128637,25670,0,0.003112,0
45133,40604,0,0.092186,0
133546,16797,0,0.016415,0
146426,13920,0,0.011473,0
4129,42265,0,0.633728,1
144702,19461,0,0.004251,0
187075,44142,0,0.153147,0
14577,16965,0,0.00468,0
22861,2,0,0.004163,0
200885,8637,0,0.112123,0
134602,15333,0,0.061002,0
146203,3959,1,0.386799,1
176030,39408,0,0.13646,0
128777,14668,0,0.101752,0
113071,47209,0,0.036557,0
117290,47526,0,0.121806,0
71043,24830,1,0.033685,0
149093,9243,0,0.001283,0
68701,26553,1,0.090118,0
132872,3634,0,0.016548,0
120691,37215,0,0.009997,0
98759,16276,0,0.024292,0
131403,33222,0,0.007366,0
69542,13829,0,0.008382,0
1810,18391,0,0.293335,1
182482,4920,1,0.16442,0
184546,22827,0,0.035166,0
140678,9076,0,0.071223,0
150237,13176,0,0.007148,0
108038,9124,0,0.004176,0
138201,21463,0,0.016231,0
98847,12206,0,0.018625,0
114770,13802,0,0.017944,0
140493,32099,0,0.003691,0
192070,47766,0,0.037129,0
82307,30509,0,0.062305,0
75707,28079,0,0.014909,0
85238,48857,0,0.186497,0
142582,11416,0,0.012715,0
53776,5077,0,0.003761,0
199180,33508,0,0.200685,0
59625,18362,1,0.396782,1
133262,27966,0,0.004026,0
54436,27845,1,0.309099,1
187337,36780,0,0.006292,0
88080,16797,0,0.016093,0
49030,2447,0,0.003581,0
82447,41787,0,0.017503,0
126348,16759,0,0.004606,0
182018,27521,0,0.050435,0
137233,25533,0,0.163677,0
143989,26209,0,0.040794,0
148258,47626,0,0.017329,0
104784,7054,0,0.016114,0
196565,23400,0,0.116274,0
89200,44485,0,0.023261,0
6708,4642,0,0.025152,0
64296,31553,0,0.068589,0
7945,5612,0,0.004003,0
169930,12456,0,0.007757,0
149598,5618,0,0.011609,0
57559,43867,0,0.004798,0
133262,43475,0,0.004874,0
79000,27142,0,0.005099,0
30877,18670,1,0.354556,1
199833,44142,0,0.075585,0
155950,21542,0,0.021556,0
100720,9934,0,0.010011,0
87214,1818,1,0.078233,0
186195,28564,0,0.006211,0
21247,16570,0,0.020294,0
153319,31506,0,0.006929,0
20555,14890,0,0.025258,0
62161,43550,0,0.027403,0
7821,19005,0,0.018601,0
157532,40603,0,0.082559,0
102493,40571,0,0.014384,0
59604,28476,0,0.001631,0
183957,17400,0,0.052663,0
74009,17872,0,0.0352,0
126645,9550,0,0.488975,1
77797,5450,0,0.028688,0
74578,1583,0,0.023714,0
77008,15801,0,0.02119,0
23876,44204,0,0.010994,0
97367,39475,0,0.093828,0
179526,25740,0,0.001177,0
172277,19019,0,0.018372,0
112487,14715,1,0.028208,0
114542,28207,0,0.003354,0
127837,39001,0,0.013685,0
105939,33407,0,0.013184,0
180829,44914,0,0.320841,1
6895,38383,0,0.023302,0
21911,28204,0,0.043136,0
185010,7952,0,0.005073,0
189096,39928,0,0.017683,0
146021,28553,0,0.011124,0
56461,20327,0,0.430501,1
66057,27086,0,0.044499,0
46333,2137,0,0.471956,1
151304,23373,0,0.005806,0
66249,35629,0,0.008727,0
182876,3376,0,0.141233,0
192218,37646,0,0.011704,0
22017,47521,0,0.09932,0
175469,6091,0,0.029245,0
122968,24852,1,0.487377,1
143299,26177,0,0.004956,0
9943,1215,0,0.064643,0
50376,28601,0,0.025838,0
92797,30941,0,0.037032,0
160245,11005,1,0.110568,0
23641,37229,0,0.023517,0
54607,4421,0,0.073182,0
5335,3339,0,0.019831,0
57030,30839,0,0.02705,0
144717,26800,0,0.053312,0
159719,21903,1,0.316536,1
127547,33776,0,0.002138,0
105999,43530,0,0.011285,0
108146,34448,0,0.026112,0
914,14901,0,0.002353,0
53686,28849,0,0.00265,0
129687,11580,0,0.004306,0
50187,8774,0,0.023283,0
113238,3081,0,0.022002,0
89175,40706,0,0.004142,0
122736,35395,0,0.008912,0
167223,38063,0,0.005525,0
60267,40852,0,0.075275,0
188318,1215,0,0.031711,0
205461,33290,0,0.015544,0
41917,47626,1,0.155926,0
190119,32433,0,0.023063,0
4794,7746,0,0.017039,0
186227,16759,0,0.003124,0
85384,33352,0,0.014744,0
15537,10473,0,0.00335,0
201825,45097,0,0.035293,0
161048,1113,0,0.058344,0
88466,18883,0,0.002129,0
39068,41665,0,0.028513,0
30654,2079,0,0.010033,0
167684,21903,0,0.051734,0
180259,30774,0,0.101244,0
99495,35912,0,0.008731,0
183211,33787,0,0.257623,1
28245,31553,0,0.062968,0
24179,46667,0,0.025681,0
145644,29474,0,0.014578,0
88680,33493,0,0.096312,0
163530,44008,0,0.540042,1
72066,40310,0,0.088339,0
192051,34126,0,0.032621,0
188065,29553,0,0.004754,0
159702,28993,0,0.021773,0
134675,22007,0,0.016141,0
78639,49383,0,0.014278,0
163244,7893,0,0.014596,0
130282,44787,0,0.030391,0
151276,26604,0,0.026318,0
174098,17683,0,0.430879,1
178840,16797,1,0.169995,0
8349,24830,0,0.013353,0
85952,43086,0,0.066412,0
5325,7830,0,0.003132,0
41777,12456,0,0.29342,1
166239,6128,0,0.068629,0
111864,26317,0,0.017273,0
61592,39804,0,0.006046,0
13910,37592,0,0.06545,0
48286,8490,0,0.238001,1
177562,1158,0,0.003738,0
100241,13512,0,0.086652,0
143343,46845,0,0.004032,0
73755,30404,0,0.010819,0
77087,30284,0,0.014186,0
37734,41999,0,0.094395,0
124068,41743,0,0.00251,0
11129,32580,0,0.057602,0
160158,33846,0,0.004872,0
147106,1541,1,0.108857,0
165820,37107,0,0.006526,0
144870,46880,0,0.004405,0
157312,2838,1,0.558877,1
173435,11536,0,0.037618,0
107430,3798,1,0.414356,1
171660,28199,0,0.217629,0
53075,42719,0,0.027132,0
174848,20754,0,0.011056,0
16032,45633,0,0.024389,0
81971,33493,0,0.027967,0
171224,21903,0,0.059874,0
29344,27711,0,0.006903,0
15407,21405,0,0.141729,0
64258,45007,0,0.006199,0
149373,48595,0,0.006812,0
164922,24184,0,0.021614,0
5927,40706,0,0.002856,0
22898,32611,0,0.042389,0
25245,993,0,0.005162,0
157407,18814,0,0.004307,0
190561,17861,0,0.015341,0
21019,7485,0,0.006322,0
32888,44310,0,0.051557,0
167098,6348,0,0.033824,0
182080,33507,0,0.00589,0
151986,36618,0,0.016884,0
102915,47626,1,0.036998,0
95779,30290,0,0.103655,0
181262,29223,0,0.013067,0
121424,11712,0,0.302919,1
188559,3376,0,0.005556,0
155327,26209,0,0.026431,0
44513,26939,0,0.02624,0
184711,10706,0,0.093908,0
162677,23115,0,0.0082,0
50296,7996,0,0.013281,0
173353,20073,0,0.02607,0
134015,38400,0,0.039423,0
133942,29557,0,0.004145,0
81753,21019,1,0.711998,1
87946,2388,0,0.04193,0
53893,37687,0,0.118105,0
183112,48110,0,0.137971,0
75793,47209,0,0.137487,0
127601,23579,0,0.037642,0
43302,30252,0,0.071435,0
76886,27336,0,0.195245,0
184780,26842,0,0.194674,0
153937,28204,1,0.681676,1
88999,35894,0,0.043737,0
99437,2716,0,0.14129,0
16257,25017,1,0.476426,1
97533,4671,0,0.012974,0
192545,29080,0,0.008333,0
138283,1446,0,0.007067,0
74957,38533,0,0.08048,0
174948,3172,0,0.009334,0
352,32717,0,0.004552,0
38673,49383,0,0.018914,0
22292,2078,0,0.016639,0
60329,23190,0,0.040052,0
145925,28601,0,0.004479,0
3779,40709,0,0.005467,0
124544,18689,0,0.396705,1
141009,46359,0,0.027953,0
87765,11230,0,0.055215,0
81373,23076,0,0.03697,0
104244,33768,1,0.008409,0
107159,945,0,0.00151,0
67074,21938,0,0.016367,0
186363,26351,0,0.019889,0
59084,14084,0,0.025821,0
81676,890,0,0.010056,0
62003,4071,0,0.047958,0
49104,33647,1,0.523615,1
188563,13646,0,0.010377,0
137933,27344,0,0.001927,0
49537,6343,0,0.017154,0
53924,24221,0,0.002377,0
141787,17601,0,0.137961,0
85901,31372,0,0.005551,0
105304,40878,0,0.290068,1
83878,5428,0,0.003484,0
51671,28842,0,0.074818,0
175713,5818,0,0.013846,0
167888,30721,0,0.02121,0
85091,13176,0,0.079292,0
79482,49683,0,0.065492,0
143445,22290,0,0.004258,0
170693,31506,0,0.016868,0
205163,8490,0,0.013289,0
178670,3142,0,0.020848,0
127,49340,0,0.002995,0
173804,2726,0,0.069859,0
103950,29662,0,0.013066,0
103514,1176,0,0.022022,0
94954,20842,0,0.499339,1
134758,45104,0,0.034202,0
71198,34126,0,0.111714,0
85600,40948,0,0.029941,0
15160,21936,0,0.025166,0
172001,28299,0,0.020983,0
108630,4938,0,0.044584,0
158508,21405,0,0.021114,0
132653,37065,0,0.008902,0
62772,20084,0,0.054955,0
43836,38311,0,0.672758,1
184368,31660,0,0.027851,0
192414,41220,0,0.008193,0
97965,15635,0,0.00635,0
39637,35906,0,0.018931,0
50095,22880,0,0.008901,0
157563,11688,0,0.020245,0
188494,32355,0,0.01686,0
138325,31231,0,0.034012,0
78183,26425,0,0.007897,0
142195,48057,0,0.026834,0
188878,21996,0,0.011241,0
149093,32338,0,0.002637,0
11542,15680,0,0.013498,0
171274,26706,0,0.015519,0
171981,43749,1,0.0899,0
87551,49204,0,0.004213,0
177487,22627,0,0.006576,0
78544,49478,0,0.00283,0
98026,11154,0,0.006695,0
181466,32429,0,0.223032,0
54315,17915,0,0.207685,0
42746,23165,0,0.002802,0
55924,39877,0,0.010009,0
29626,13176,0,0.044029,0
81194,10125,0,0.198702,0
74279,25305,0,0.019298,0
100627,27629,0,0.05089,0
201165,35725,0,0.1501,0
70076,35221,0,0.041602,0
108847,23729,0,0.039506,0
205580,35004,0,0.011274,0
30373,17896,0,0.10747,0
195886,32689,0,0.182293,0
170551,23032,0,0.003256,0
156928,23495,0,0.036257,0
17684,10603,0,0.016098,0
41037,45570,0,0.010263,0
112116,44987,0,0.010369,0
24047,7175,0,0.007596,0
95145,42265,0,0.306773,1
105877,25272,0,0.003566,0
88863,13431,0,0.081527,0
68865,1194,0,0.019679,0
185322,40634,0,0.001504,0
23787,7615,0,0.040902,0
133497,43205,0,0.01075,0
15052,9839,0,0.462746,1
160556,32293,0,0.279325,1
155921,26280,0,0.009902,0
168599,10305,0,0.039489,0
53694,23909,0,0.35822,1
114680,4793,1,0.230453,1
32186,46906,0,0.10528,0
174848,25627,0,0.168886,0
167972,19875,1,0.178707,0
2205,19057,1,0.073218,0
23319,24838,0,0.003792,0
119283,14470,0,0.170899,0
112725,41665,0,0.122276,0
54272,12738,0,0.048942,0
183897,31848,0,0.245517,1
107947,37687,0,0.02721,0
16559,9741,0,0.0043,0
152779,46676,0,0.03831,0
199169,43986,0,0.031316,0
1210,24930,0,0.031705,0
58095,34509,0,0.045355,0
76678,23734,0,0.006743,0
124564,49235,0,0.068548,0
130082,8012,0,0.001548,0
73080,12935,0,0.002535,0
10595,22844,0,0.009655,0
60005,25927,0,0.063797,0
177827,1787,0,0.013316,0
140113,32689,0,0.02117,0
177764,40311,0,0.141841,0
151132,34279,0,0.013503,0
474,548,0,0.008005,0
101465,14858,1,0.194779,0
154884,31355,1,0.006936,0
67847,30248,0,0.072446,0
165235,34050,0,0.007746,0
169989,45694,0,0.007434,0
68479,23909,0,0.243967,1
114652,41597,1,0.762642,1
113322,46294,0,0.035665,0
2342,7882,0,0.002387,0
31351,6835,0,0.054433,0
173646,9387,1,0.586653,1
77749,13535,0,0.045839,0
20798,18292,0,0.040104,0
181827,22656,0,0.005313,0
97393,4447,0,0.017491,0
92024,5876,0,0.050271,0
142100,23178,0,0.001966,0
76461,33527,0,0.002325,0
104295,44142,0,0.032976,0
138591,16295,0,0.020655,0
58728,10163,1,0.06734,0
75624,38241,0,0.177645,0
136782,19143,0,0.048654,0
202735,20431,0,0.010976,0
36267,23537,0,0.045066,0
40279,3327,0,0.008301,0
96863,35547,0,0.071978,0
17274,18281,0,0.004899,0
30172,47029,0,0.090463,0
141179,42768,0,0.006865,0
115481,21903,0,0.034545,0
206079,36695,0,0.002614,0
46581,9364,0,0.045877,0
68157,23597,0,0.038235,0
201829,35535,0,0.028539,0
106757,47209,1,0.413355,1
37625,19949,0,0.032533,0
120713,30211,0,0.015405,0
33931,13076,0,0.038148,0
154835,48417,0,0.007704,0
177827,25588,0,0.011456,0
86340,23088,0,0.05097,0
58701,44912,0,0.025395,0
178426,2099,0,0.09559,0
5016,31183,0,0.019322,0
32696,22108,0,0.102131,0
175859,30192,0,0.013091,0
52131,4302,0,0.023813,0
149550,31506,0,0.031231,0
191708,39228,0,0.01552,0
154243,49235,0,0.028401,0
40774,45946,0,0.061172,0
141662,47766,1,0.547623,1
132018,15290,0,0.01963,0
132206,29553,0,0.068269,0
84352,43530,1,0.652926,1
12435,10326,0,0.039801,0
50321,41690,0,0.011026,0
40753,2716,0,0.019941,0
113954,35948,0,0.004498,0
38620,41053,0,0.004644,0
155554,48666,0,0.059022,0
26585,9124,0,0.019958,0
29460,42824,0,0.005828,0
205223,31981,0,0.272918,1
96897,17807,0,0.050213,0
137856,24764,0,0.022681,0
37245,24852,1,0.449437,1
168688,34254,0,0.012434,0
97382,2120,0,0.008751,0
11512,23910,0,0.016591,0
44842,45066,0,0.029378,0
157611,10193,0,0.009209,0
71532,47144,0,0.01152,0
188886,1409,0,0.043648,0
52008,1356,0,0.041212,0
76834,8193,0,0.02268,0
97816,49113,0,0.006099,0
812,9781,0,0.001385,0
16668,16349,0,0.014871,0
12385,34668,1,0.461156,1
192533,16521,0,0.006915,0
22591,12271,0,0.014889,0
62707,8193,0,0.049401,0
62829,47209,0,0.31808,1
65074,47766,0,0.019061,0
23655,40154,0,0.02653,0
24036,19894,0,0.041193,0
1584,29418,0,0.005576,0
9879,5785,0,0.234921,1
36820,15472,0,0.065696,0
1563,37003,0,0.011352,0
14263,35430,0,0.004134,0
7266,6341,0,0.00866,0
47197,33957,0,0.003567,0
117159,32700,0,0.034752,0
21246,36060,0,0.0041,0
159573,4605,0,0.43412,1
51058,40706,0,0.062113,0
137265,5876,0,0.00496,0
156316,8424,0,0.176857,0
41314,26461,0,0.038831,0
141028,28289,0,0.187298,0
156077,47941,0,0.042624,0
61845,1359,0,0.027693,0
106865,45333,0,0.006635,0
80544,39363,0,0.138909,0
81835,37220,0,0.051329,0
138252,4421,0,0.047432,0
80797,13269,0,0.060033,0
109892,40002,0,0.040547,0
82096,12408,0,0.072368,0
46902,26499,0,0.211888,0
156368,5545,0,0.057044,0
48850,26405,1,0.041689,0
29144,14021,0,0.006442,0
82545,44683,0,0.053936,0
196674,47257,0,0.032369,0
91871,5713,0,0.003541,0
99551,31082,0,0.028398,0
104263,38777,0,0.05036,0
110223,21616,0,0.009154,0
148539,30036,0,0.02252,0
93126,5380,1,0.009768,0
58841,2469,0,0.319066,1
198454,8069,0,0.003846,0
16669,35689,0,0.004505,0
41941,2966,0,0.046419,0
27648,14146,1,0.045254,0
31238,16974,0,0.024073,0
177097,9373,0,0.003818,0
39544,12606,0,0.013576,0
6886,44624,0,0.092236,0
69542,6638,0,0.00693,0
88872,26313,0,0.004686,0
59872,19508,0,0.033725,0
178111,19156,0,0.011936,0
69458,34434,0,0.028443,0
36663,13712,0,0.259614,1
45777,36011,1,0.252651,1
185638,26668,0,0.011929,0
178449,3512,0,0.133466,0
132905,22947,0,0.094272,0
22259,43686,0,0.010823,0
39727,4367,0,0.003733,0
183059,47049,0,0.031523,0
13192,18439,0,0.107624,0
37752,43693,0,0.016518,0
168380,29987,1,0.182602,0
111596,17948,0,0.021962,0
134295,5235,0,0.01207,0
60040,9755,0,0.035067,0
118672,11741,0,0.102789,0
122262,9175,0,0.32233,1
48435,24241,0,0.092889,0
14605,30593,0,0.003571,0
110486,27323,0,0.005177,0
150396,260,0,0.016207,0
172299,35652,0,0.002938,0
102199,27080,0,0.002156,0
56961,45531,0,0.24791,1
5706,21616,0,0.078689,0
115537,32734,0,0.023336,0
189234,47966,0,0.005916,0
44046,43691,0,0.014043,0
3485,44661,0,0.205846,0
127,41651,0,0.039779,0
109892,8871,0,0.014671,0
61145,21582,0,0.027379,0
20843,8638,0,0.01088,0
161094,15803,0,0.011248,0
113567,18531,0,0.027228,0
79274,42536,0,0.019015,0
198183,18531,0,0.142803,0
91162,46802,0,0.00215,0
66497,40706,0,0.014971,0
130988,45603,0,0.025817,0
126397,32455,0,0.00466,0
140006,38734,0,0.162602,0
52819,19097,0,0.085932,0
64770,2295,0,0.033661,0
20297,25043,0,0.078217,0
121888,16479,0,0.017801,0
7345,39132,0,0.031051,0
135738,19354,1,0.072677,0
77788,11422,0,0.009281,0
34407,5858,0,0.053045,0
11885,24852,0,0.213545,0
95315,21292,0,0.028811,0
112774,21372,0,0.034337,0
187717,1969,0,0.027906,0
113166,9065,0,0.005749,0
103206,37825,0,0.022972,0
103402,4697,0,0.146268,0
143311,11258,0,0.035685,0
85952,19706,0,0.015022,0
18523,17281,0,0.047258,0
63129,43523,0,0.124676,0
23378,42030,0,0.001972,0
98094,13802,0,0.040935,0
143422,14811,0,0.006123,0
5870,30700,0,0.011006,0
155921,38260,0,0.015991,0
40328,18531,0,0.004102,0
10202,26885,0,0.080089,0
62549,4005,0,0.008592,0
97803,27456,0,0.045659,0
65927,7177,0,0.189711,0
185464,36527,0,0.049688,0
145076,4778,0,0.022828,0
185685,32156,1,0.094425,0
168741,21137,0,0.117749,0
161848,20255,0,0.019778,0
54246,17616,0,0.157743,0
140766,33113,0,0.011082,0
66418,43961,1,0.11059,0
131610,20955,0,0.015382,0
62396,47449,0,0.004671,0
169131,19057,0,0.006992,0
117023,46331,0,0.02205,0
94113,4605,0,0.017646,0
126868,35989,0,0.004043,0
16692,18594,0,0.040664,0
91349,47144,0,0.106033,0
149595,6218,0,0.002355,0
139670,49570,0,0.035174,0
8150,11463,0,0.004354,0
115547,3667,0,0.009376,0
2349,11301,0,0.132799,0
62367,15290,0,0.005373,0
140777,37047,0,0.008984,0
109911,4367,0,0.022372,0
202876,37933,0,0.014705,0
41346,34584,0,0.015768,0
72814,3957,0,0.003744,0
103747,28008,0,0.046811,0
146347,1215,0,0.03868,0
54494,5818,0,0.002638,0
118225,6656,0,0.007901,0
13562,34551,0,0.006801,0
166733,28842,1,0.220367,0
92044,17449,0,0.001458,0
62605,47402,0,0.01399,0
142461,27325,0,0.396066,1
93083,36962,0,0.017211,0
86462,17264,0,0.015852,0
147745,31847,0,0.007245,0
148201,26993,0,0.019526,0
13194,24838,0,0.036571,0
60556,48192,0,0.012521,0
65156,25706,0,0.003621,0
80227,8929,0,0.034914,0
64361,16185,0,0.010637,0
49675,22260,1,0.029986,0
107494,4487,0,0.001322,0
148824,46673,0,0.00573,0
34215,15424,0,0.007923,0
50131,27104,0,0.004654,0
85767,26283,0,0.093049,0
164932,30391,0,0.015122,0
122957,37120,0,0.031958,0
192634,18025,0,0.024299,0
143993,39989,0,0.010715,0
205406,23348,0,0.01619,0
160763,2180,0,0.0348,0
95975,27958,0,0.056928,0
59480,32691,0,0.189998,0
150485,30489,0,0.012257,0
91327,23457,0,0.010107,0
149360,31355,0,0.043074,0
122147,2309,0,0.005647,0
106105,17400,0,0.028686,0
33458,9755,0,0.005792,0
126818,4461,0,0.021419,0
108351,19508,0,0.028677,0
179810,17224,0,0.008296,0
23378,21783,0,0.005524,0
79213,29662,0,0.002812,0
101279,34217,0,0.001881,0
188733,24964,0,0.282593,1
108250,28373,0,0.188169,0
72856,33316,0,0.021053,0
114755,27204,0,0.008513,0
60051,49544,0,0.01736,0
18922,162,0,0.081883,0
129795,37795,0,0.002326,0
67344,41787,0,0.014667,0
90027,27336,0,0.011169,0
109017,30233,1,0.131815,0
157842,25890,0,0.104266,0
72951,16896,0,0.04216,0
194558,9901,0,0.031798,0
205114,9623,0,0.008083,0
92706,43545,0,0.336714,1
199514,47626,0,0.291682,1
709,11993,0,0.170433,0
198523,28934,0,0.071774,0
122566,27247,0,0.053625,0
107992,46969,0,0.010072,0
131895,27514,0,0.056192,0
79931,21376,0,0.011347,0
193500,16174,0,0.009011,0
194377,29615,0,0.503518,1
94285,42445,0,0.002398,0
194994,46990,0,0.172681,0
8105,21847,0,0.012532,0
90030,26209,0,0.051374,0
193441,35851,0,0.021421,0
109294,11759,0,0.112618,0
95269,14705,0,0.007415,0
178538,41483,0,0.040555,0
50143,46157,0,0.003926,0
79449,21850,0,0.005929,0
108693,47526,0,0.095862,0
132793,5146,1,0.029523,0
136195,5618,0,0.239892,1
186868,44987,0,0.011941,0
56115,22935,0,0.035559,0
44527,48368,0,0.040391,0
32552,27156,0,0.0899,0
48921,40388,0,0.004066,0
165852,5876,0,0.080154,0
15747,41950,0,0.133888,0
194376,43986,0,0.004412,0
200009,40604,0,0.206974,0
126,47601,0,0.005754,0
104369,13988,0,0.11916,0
67384,20995,0,0.060268,0
197254,30591,0,0.019899,0
71494,27992,0,0.021071,0
53889,24221,0,0.002277,0
35592,14678,0,0.112214,0
154766,7185,0,0.049742,0
136998,18523,0,0.004174,0
58507,23753,1,0.010235,0
146400,21903,1,0.41925,1
108519,7978,0,0.035644,0
94868,35221,0,0.003704,0
97727,28076,0,0.004862,0
203404,5449,0,0.01944,0
167994,6187,0,0.108433,0
161967,47672,0,0.061351,0
194474,49683,0,0.10104,0
13045,44632,0,0.516553,1
27104,22474,0,0.009527,0
78150,31040,0,0.013055,0
49354,14211,0,0.129616,0
198283,28058,0,0.020359,0
155334,18382,0,0.236983,1
140713,17438,0,0.024297,0
166840,10403,0,0.016355,0
36245,41593,0,0.097784,0
183459,26521,0,0.005011,0
159397,15872,0,0.011624,0
102622,40706,0,0.241128,1
161299,43961,0,0.006924,0
65080,26209,0,0.041605,0
31330,5161,0,0.138499,0
103582,2067,0,0.021928,0
191073,45842,0,0.011586,0
44587,9871,0,0.009587,0
15843,37524,0,0.02432,0
146563,26767,0,0.005458,0
70229,42887,0,0.008286,0
52026,26128,0,0.067036,0
120226,26201,0,0.002769,0
115351,2750,0,0.024403,0
58802,40706,0,0.030217,0
52008,32734,0,0.376782,1
160226,45290,0,0.01705,0
93608,4347,1,0.131551,0
43697,46667,1,0.066687,0
199550,25424,1,0.354862,1
146836,9786,0,0.004029,0
182274,21903,0,0.026415,0
190927,1126,0,0.077191,0
194320,14881,0,0.014789,0
719,24010,0,0.082257,0
17862,7150,0,0.003889,0
112125,7963,0,0.099371,0
49684,28535,0,0.008702,0
170618,8197,0,0.010091,0
138889,14678,0,0.097917,0
42430,14168,0,0.016903,0
156522,23537,1,0.014803,0
93570,18564,0,0.04232,0
62226,21872,0,0.134053,0
164624,38656,0,0.003651,0
133321,7748,0,0.037014,0
102059,13822,0,0.029839,0
148618,11136,0,0.009674,0
7808,27514,0,0.029623,0
190887,41007,0,0.081304,0
28472,13599,0,0.002261,0
28837,24810,0,0.075697,0
151581,41687,0,0.015794,0
68717,21405,0,0.023135,0
153103,27845,0,0.020537,0
87498,18027,0,0.00558,0
66232,28199,0,0.037411,0
44871,25824,0,0.018684,0
177408,11580,0,0.025661,0
68445,8859,0,0.016349,0
198959,28842,0,0.029396,0
20553,47766,1,0.390632,1
52592,14870,0,0.012794,0
5036,4058,0,0.03634,0
128569,46906,0,0.021724,0
95798,9955,0,0.171299,0
142028,21616,0,0.002612,0
53525,10106,0,0.068074,0
142241,35951,0,0.03877,0
51636,7704,0,0.030702,0
204397,46785,1,0.034889,0
35382,44987,0,0.003612,0
134380,21137,0,0.034164,0
2077,25005,0,0.03447,0
92993,49098,0,0.005336,0
157248,44566,0,0.004558,0
53696,47060,0,0.003875,0
60112,44142,0,0.042134,0
49181,38452,0,0.024095,0
148170,47516,0,0.014327,0
11915,45633,0,0.061123,0
78480,24964,0,0.018533,0
54411,47083,0,0.004577,0
73728,49005,0,0.113713,0
157590,5491,0,0.074029,0
199743,37674,0,0.001684,0
110363,14761,0,0.014755,0
115589,23782,0,0.006609,0
152793,31506,0,0.00415,0
23304,40380,0,0.047073,0
100031,11716,0,0.025196,0
120865,31066,0,0.023731,0
91925,41890,0,0.01004,0
43971,25824,0,0.002311,0
74437,35217,0,0.004868,0
83157,2228,0,0.056434,0
81062,40852,0,0.243632,1
76394,26115,0,0.01213,0
41493,7443,0,0.035869,0
95765,49683,0,0.056488,0
10301,42680,0,0.073106,0
49314,34969,0,0.076908,0
24776,7489,0,0.470025,1
22646,48229,0,0.026058,0
62142,38777,0,0.010408,0
41777,34216,0,0.048891,0
40738,24852,0,0.064258,0
39885,5450,1,0.700431,1
102261,14877,0,0.063403,0
118318,46162,0,0.039351,0
15503,6101,0,0.01213,0
41139,21872,0,0.027325,0
125778,43961,0,0.006706,0
193301,29307,0,0.003399,0
77410,2055,0,0.015803,0
164407,17526,0,0.024464,0
110413,30450,0,0.004573,0
34794,30336,0,0.004493,0
81298,29034,0,0.082638,0
16742,27344,0,0.007815,0
41205,27392,0,0.022599,0
39671,31623,0,0.025912,0
106093,32238,0,0.003169,0
55911,5488,0,0.099539,0
127072,22779,0,0.024682,0
39896,37158,0,0.007518,0
2589,21278,0,0.04537,0
127634,37590,0,0.014997,0
167988,47629,0,0.037404,0
98523,46667,0,0.026636,0
154766,3283,0,0.10336,0
13777,8442,0,0.033756,0
93729,46667,0,0.010655,0
152468,13984,0,0.006953,0
179556,17207,0,0.004255,0
67161,39877,0,0.020186,0
197589,1234,0,0.020033,0
71700,196,0,0.040022,0
29912,21093,0,0.013834,0
9518,25464,0,0.006084,0
8953,46847,0,0.010042,0
62661,30137,0,0.15436,0
71755,14267,0,0.012882,0
195727,15658,0,0.027718,0
195552,2649,0,0.026011,0
8349,24964,0,0.014565,0
79235,27104,0,0.013653,0
148618,44422,0,0.016561,0
184895,14114,0,0.082443,0
187895,9424,0,0.029237,0
97529,36070,0,0.007437,0
82544,4799,0,0.014415,0
92401,24412,0,0.014803,0
203595,6387,0,0.0146,0
189985,37687,0,0.154726,0
41977,7035,0,0.017383,0
75736,20561,0,0.009174,0
186078,46654,0,0.012958,0
23050,13385,0,0.060709,0
199323,22636,0,0.011128,0
103025,43352,0,0.091995,0
130509,23322,0,0.024138,0
181955,40941,0,0.027344,0
155551,16997,0,0.011094,0
28826,15143,0,0.009917,0
23015,16241,0,0.012533,0
145730,42205,0,0.05467,0
87105,44098,0,0.004194,0
167584,42701,0,0.034746,0
192412,7021,0,0.006661,0
108115,33000,0,0.163991,0
155385,40742,0,0.028787,0
180459,9819,0,0.125704,0
139370,47766,0,0.022565,0
89200,24852,0,0.089192,0
182592,15011,0,0.129203,0
64773,26765,0,0.016396,0
64454,17794,0,0.014957,0
47698,29659,0,0.035619,0
58969,37,1,0.050591,0
195091,31471,0,0.005196,0
39249,42535,0,0.038934,0
51120,25146,0,0.016733,0
102127,12496,0,0.019071,0
90373,41540,0,0.008536,0
117863,17747,0,0.021437,0
44190,22888,0,0.006533,0
64298,46088,1,0.519491,1
52820,20280,1,0.192515,0
184055,31651,0,0.037098,0
190033,35976,0,0.131326,0
69324,5450,0,0.009071,0
187726,21574,0,0.00132,0
120713,29922,0,0.010713,0
161912,7877,0,0.006879,0
135261,11257,0,0.008501,0
73583,17568,1,0.384978,1
193664,12916,0,0.273418,1
85113,47209,0,0.024296,0
100213,16883,0,0.051033,0
149561,12078,0,0.019092,0
156519,39024,0,0.003829,0
117220,49258,0,0.030652,0
79235,47209,0,0.058672,0
82662,13874,0,0.004381,0
92249,29615,0,0.026305,0
36336,8501,0,0.005794,0
203191,2210,0,0.019506,0
84691,16882,0,0.357095,1
2531,36695,0,0.008555,0
12130,5991,0,0.005333,0
158922,28928,0,0.003367,0
196524,40706,0,0.050109,0
58441,13984,0,0.016338,0
157289,13740,0,0.029252,0
4323,23115,0,0.002897,0
130296,19987,0,0.008235,0
89008,8670,0,0.039719,0
68294,20995,0,0.019604,0
157241,35715,0,0.026363,0
17933,5077,0,0.013886,0
47584,46676,0,0.012715,0
161339,6476,0,0.01309,0
115997,43421,0,0.029906,0
94959,44142,0,0.013264,0
5856,30561,0,0.228255,0
41556,16927,0,0.002861,0
183569,47766,0,0.007285,0
79349,38289,1,0.031953,0
90259,29298,0,0.01483,0
78557,38003,1,0.046693,0
194629,673,0,0.019976,0
63650,26373,0,0.006696,0
140274,47626,0,0.034769,0
75736,24097,0,0.005435,0
33353,20632,0,0.156376,0
82544,25837,0,0.020415,0
120735,10246,0,0.004658,0
189428,38400,0,0.110901,0
128979,35503,1,0.04751,0
4100,17225,0,0.034015,0
36323,5876,0,0.107037,0
175164,35336,0,0.003725,0
110896,41220,0,0.00849,0
105170,21267,0,0.021244,0
28924,15290,0,0.054979,0
66599,47977,0,0.095699,0
94005,40706,0,0.034022,0
54599,46355,0,0.018898,0
25283,11827,0,0.021008,0
95573,13819,0,0.155064,0
108987,46886,0,0.159033,0
67644,13176,0,0.055279,0
52456,14129,0,0.015244,0
117191,24156,0,0.025267,0
99136,24795,0,0.028497,0
92707,5825,0,0.009394,0
108535,27695,0,0.147222,0
88100,42929,0,0.197153,0
50754,34551,0,0.298061,1
71594,11265,0,0.022564,0
183353,9544,0,0.023155,0
141227,49131,1,0.217685,0
156850,1866,0,0.014605,0
10429,16259,0,0.00722,0
150982,44167,0,0.03257,0
84235,11408,0,0.003916,0
51566,43789,0,0.037659,0
155350,37701,0,0.00469,0
124064,17872,0,0.017157,0
69138,44611,0,0.004489,0
193042,19048,0,0.017336,0
80779,7746,0,0.041964,0
162380,26172,0,0.063654,0
99106,39578,0,0.014021,0
201797,13631,0,0.00128,0
154895,38192,0,0.070112,0
29828,17487,0,0.016784,0
118735,30391,0,0.082143,0
183459,29557,0,0.021769,0
98413,24492,0,0.004511,0
140641,10442,0,0.097103,0
151078,8518,0,0.087973,0
68827,9695,1,0.035896,0
202970,32502,0,0.006282,0
184142,27966,1,0.228937,0
53114,6184,0,0.009051,0
54315,35328,0,0.057214,0
201370,7260,0,0.063485,0
47587,43005,0,0.007461,0
73701,7014,0,0.022708,0
124283,14161,0,0.027552,0
52705,33021,0,0.095147,0
151304,35535,0,0.001549,0
105343,26390,0,0.011166,0
183259,20580,0,0.040989,0
190389,27001,0,0.012571,0
20613,8021,0,0.014908,0
17442,28842,1,0.185705,0
77489,34067,0,0.01179,0
135187,5918,1,0.390839,1
83362,24841,0,0.009001,0
162796,38844,0,0.07488,0
72699,44449,0,0.001632,0
174737,10385,0,0.640659,1
134346,1063,0,0.033594,0
29396,35887,1,0.020778,0
198779,5450,0,0.039342,0
68160,11688,0,0.00177,0
144443,43933,0,0.013032,0
8920,42824,0,0.00273,0
144534,24489,0,0.00723,0
171091,3039,0,0.00373,0
43113,3835,0,0.082441,0
167848,44717,0,0.068485,0
81908,46665,0,0.005007,0
193205,1640,0,0.015974,0
16580,27344,0,0.064454,0
117426,3628,0,0.108885,0
11848,49279,0,0.010801,0
94521,7559,0,0.056658,0
152122,33731,0,0.104367,0
108993,4149,0,0.003067,0
187252,14992,0,0.115588,0
169430,13924,0,0.015128,0
5446,37634,0,0.029491,0
57242,1215,1,0.107079,0
1312,8518,0,0.061371,0
151845,8025,1,0.079173,0
191972,11673,0,0.025373,0
67916,46969,0,0.029843,0
31382,26209,0,0.024105,0
65322,38579,0,0.017892,0
95437,17847,0,0.334138,1
159137,10280,0,0.093306,0
134013,20721,0,0.027623,0
176948,2457,0,0.217828,0
103913,34496,0,0.010778,0
202107,30994,0,0.086739,0
23428,21914,0,0.009086,0
44024,7533,0,0.050413,0
110352,36598,0,0.029657,0
144211,40408,0,0.024714,0
127234,40077,0,0.011733,0
947,7026,0,0.207769,0
125386,28842,0,0.027671,0
145335,1240,0,0.023128,0
17474,13679,0,0.015726,0
52472,41665,0,0.053064,0
150169,43409,0,0.012611,0
41534,27104,0,0.015711,0
19318,27104,0,0.02474,0
186846,46716,0,0.005476,0
41126,13885,0,0.00502,0
114015,9766,0,0.122742,0
30906,23236,0,0.010207,0
167266,48749,0,0.008092,0
12442,26723,0,0.027587,0
147503,11844,0,0.041711,0
180930,24631,0,0.001812,0
5446,27676,0,0.023249,0
72436,19734,1,0.283397,1
192289,20424,0,0.011413,0
80311,39408,0,0.015929,0
40595,16953,0,0.082882,0
89537,48825,0,0.004435,0
33388,23898,0,0.011074,0
28546,15892,0,0.010256,0
190595,40934,0,0.026492,0
131140,34407,0,0.032348,0
49470,7175,0,0.038969,0
59421,21137,0,0.010645,0
25457,5337,0,0.075983,0
28835,45007,0,0.027242,0
168866,19231,0,0.002872,0
83763,46667,0,0.013403,0
49187,45646,0,0.002687,0
198640,19816,0,0.004176,0
151569,39322,0,0.078298,0
103618,6568,0,0.002958,0
39394,2339,0,0.254476,1
66638,14462,0,0.022547,0
181775,46906,0,0.019844,0
169699,31215,0,0.014051,0
44231,13944,0,0.252935,1
61365,19503,0,0.0117,0
97350,25072,0,0.010226,0
170285,47209,0,0.474984,1
85561,28605,0,0.043722,0
177224,18389,0,0.017906,0
20318,31717,0,0.191918,0
159081,39803,0,0.016742,0
68770,16797,0,0.021963,0
176823,34160,0,0.29057,1
72110,29479,0,0.002835,0
182391,11408,0,0.032037,0
5335,38357,0,0.007565,0
193074,46969,0,0.010379,0
85324,12911,0,0.029893,0
86969,2062,0,0.034575,0
10157,27294,0,0.210186,0
177650,47464,0,0.154441,0
156688,2130,0,0.029657,0
142702,8352,0,0.033395,0
147285,45066,0,0.108063,0
107543,36070,0,0.287265,1
82621,41618,0,0.03812,0
106288,25659,0,0.0646,0
62103,13759,0,0.007609,0
23010,27196,0,0.002067,0
43450,23032,0,0.003463,0
154204,9094,0,0.001394,0
68460,28928,0,0.011226,0
97680,39275,0,0.004028,0
3607,12044,0,0.057361,0
45533,33527,0,0.049705,0
6530,32691,0,0.168921,0
23505,21137,0,0.021122,0
160284,22089,0,0.055422,0
143995,19767,0,0.010133,0
192130,37825,0,0.095368,0
27769,26648,0,0.015842,0
18838,35140,0,0.16303,0
80004,19706,0,0.003702,0
168866,16823,0,0.002874,0
29546,16083,0,0.010166,0
113809,33731,0,0.044622,0
117155,5479,0,0.016123,0
161951,32851,0,0.031181,0
53922,24838,0,0.047582,0
198118,13176,1,0.570892,1
43158,27086,0,0.253344,1
69132,13158,0,0.123145,0
113141,28179,0,0.048068,0
114818,18956,0,0.002672,0
142907,15541,0,0.014938,0
71,22849,1,0.615062,1
81912,14612,0,0.001651,0
201878,20542,0,0.016716,0
140428,20682,0,0.029404,0
76375,34551,0,0.005059,0
27468,2314,0,0.423663,1
124291,31551,0,0.003876,0
125166,24492,0,0.045842,0
175720,26664,0,0.017223,0
134153,44359,0,0.022093,0
39786,5818,0,0.002144,0
187378,10305,0,0.01228,0
136893,5896,0,0.015683,0
138921,33929,0,0.12282,0
31443,38108,0,0.014693,0
184636,9290,0,0.075909,0
19819,13263,0,0.117916,0
12740,7503,0,0.007653,0
106608,6348,0,0.164362,0
155159,23165,0,0.00584,0
126872,49131,0,0.072566,0
199229,22825,0,0.019188,0
162921,10755,0,0.005705,0
205488,18908,0,0.004736,0
184365,14137,0,0.060653,0
51357,4832,0,0.106605,0
165291,40604,0,0.008243,0
57560,24184,0,0.018505,0
190469,5194,0,0.139874,0
13699,18380,0,0.019658,0
129738,42191,0,0.062507,0
34393,23952,0,0.007242,0
93845,19938,0,0.028956,0
29351,45535,0,0.003625,0
190070,29262,0,0.019587,0
8909,34230,0,0.096686,0
69457,45787,0,0.055471,0
83202,13203,0,0.015481,0
93231,46575,0,0.135995,0
19076,26209,0,0.162765,0
96953,29815,0,0.065035,0
36383,42900,0,0.021851,0
25466,14376,0,0.032494,0
81093,41220,0,0.148982,0
45470,7693,0,0.038505,0
86759,48620,0,0.044266,0
75664,27104,0,0.014013,0
202215,26209,0,0.010346,0
175657,47993,0,0.148907,0
171540,3176,0,0.02564,0
147532,45588,0,0.003598,0
65781,23236,0,0.009113,0
197377,48493,0,0.033143,0
37142,37215,0,0.00149,0
189034,32255,0,0.005759,0
89639,13874,1,0.214626,0
64131,5750,0,0.035884,0
53696,47626,0,0.026375,0
57963,33314,0,0.025641,0
171009,19863,0,0.008116,0
27610,37832,0,0.006451,0
79746,47734,1,0.191957,0
40210,46886,0,0.013092,0
198149,22935,0,0.027041,0
137925,45006,0,0.127808,0
188425,44580,0,0.004309,0
121506,23322,0,0.021848,0
119308,32857,0,0.017348,0
78240,34637,0,0.003231,0
47971,13058,0,0.018339,0
103951,13176,0,0.009487,0
54353,10613,0,0.003077,0
83849,432,0,0.10137,0
84835,22866,0,0.042359,0
100301,21137,0,0.101898,0
23293,32218,0,0.005367,0
88441,25659,0,0.034305,0
49892,10177,0,0.003947,0
61516,25005,0,0.052682,0
125659,33043,0,0.023243,0
1303,27240,0,0.029817,0
37982,26209,0,0.055906,0
5346,19057,0,0.032135,0
77996,24831,0,0.024783,0
181344,20152,0,0.010662,0
203332,40054,0,0.003617,0
117435,27772,0,0.004877,0
205350,28647,0,0.004029,0
80232,32299,0,0.001509,0
110220,7411,0,0.034303,0
163406,26096,0,0.001732,0
89846,44632,0,0.008818,0
60404,27156,0,0.012174,0
39038,27336,0,0.040974,0
188627,21011,0,0.022891,0
134612,35202,1,0.428976,1
125890,1700,0,0.057697,0
150837,13807,0,0.033021,0
136315,19886,0,0.004332,0
14051,12276,0,0.015389,0
114889,12703,0,0.042352,0
80779,11005,0,0.030429,0
64979,21272,0,0.032146,0
79778,38557,0,0.002547,0
37296,32923,0,0.071607,0
149358,39279,0,0.02469,0
20606,13249,0,0.014971,0
167573,38159,0,0.007472,0
67026,17794,0,0.047492,0
126940,47357,0,0.066406,0
6417,26312,0,0.022237,0
126868,46682,0,0.001669,0
115537,49520,0,0.031214,0
106695,9285,0,0.040517,0
195585,40136,0,0.006149,0
198362,12846,0,0.083693,0
60406,11408,0,0.008039,0
191905,41276,0,0.031353,0
148212,47156,0,0.085685,0
139050,13265,0,0.009379,0
156084,44219,0,0.04134,0
137104,31717,0,0.090838,0
182537,49198,0,0.076912,0
132773,13176,0,0.104406,0
36820,37766,0,0.047174,0
92959,8516,0,0.060289,0
100684,11576,0,0.091089,0
153396,48109,0,0.155593,0
158441,42817,0,0.012255,0
83492,29594,0,0.032915,0
162468,47766,0,0.060531,0
71316,37710,0,0.032259,0
190412,37504,0,0.075831,0
138573,28842,0,0.0088,0
161678,24184,1,0.334661,1
59107,45056,0,0.004207,0
151599,43768,0,0.012353,0
21078,14084,1,0.406662,1
81357,26940,0,0.04177,0
183158,40078,0,0.010844,0
39516,890,0,0.020476,0
17683,8251,0,0.051418,0
46223,47672,0,0.054826,0
34131,43713,0,0.014668,0
102137,31506,0,0.003632,0
122028,48775,0,0.004524,0
97873,26128,0,0.107171,0
27716,1090,0,0.069215,0
119148,40256,0,0.009991,0
137447,9507,0,0.022384,0
97659,32689,0,0.469114,1
38756,6422,1,0.004972,0
63237,37145,0,0.080555,0
63388,20282,0,0.001394,0
179296,47626,1,0.039332,0
31189,39558,0,0.009076,0
80699,46064,0,0.022694,0
82046,9076,0,0.145569,0
205206,33768,0,0.429476,1
62801,1244,0,0.046005,0
201805,49298,0,0.027337,0
182170,47078,0,0.008338,0
117013,24852,0,0.036811,0
57199,2516,0,0.01945,0
132638,32864,0,0.104417,0
99979,45374,0,0.018273,0
82888,11561,0,0.007596,0
9039,40593,0,0.074186,0
59752,16619,1,0.363644,1
28080,25146,0,0.212632,0
122634,39032,0,0.329486,1
63559,36962,0,0.001258,0
80004,24701,0,0.002289,0
121580,5223,0,0.042011,0
164358,21137,0,0.010757,0
201436,27105,0,0.037769,0
101812,30849,0,0.006805,0
121843,40396,0,0.00858,0
82661,38456,1,0.178164,0
94150,24838,1,0.040496,0
163038,14127,0,0.006749,0
124207,34194,0,0.038666,0
205963,13702,1,0.385364,1
144869,19048,0,0.134905,0
63898,14809,0,0.043807,0
102833,21614,0,0.121502,0
43393,21137,0,0.008027,0
100367,26917,0,0.004462,0
203177,22451,0,0.021269,0
390,6615,0,0.225216,0
138861,40686,0,0.001558,0
118133,36107,0,0.068389,0
9799,48871,0,0.004314,0
189034,13709,0,0.029591,0
48661,41463,0,0.006725,0
108351,28849,1,0.129707,0
182022,39097,0,0.186966,0
24037,46667,0,0.014267,0
117182,41665,1,0.017601,0
152871,16521,0,0.004347,0
111786,5120,1,0.56709,1
96249,34969,0,0.201595,0
193729,47000,1,0.049709,0
41019,41665,0,0.016429,0
33216,24487,0,0.024076,0
107832,24964,0,0.101548,0
112571,39108,0,0.166766,0
25507,13471,0,0.005269,0
187910,49347,0,0.013872,0
5335,48079,0,0.006306,0
71839,20608,0,0.002768,0
104237,16773,0,0.149466,0
50113,23537,0,0.014876,0
364,38368,0,0.016399,0
9445,15937,0,0.015939,0
116818,9434,0,0.065984,0
55445,36725,0,0.001796,0
136907,4227,0,0.010981,0
75766,25504,0,0.029793,0
152495,149,0,0.004472,0
10372,23826,0,0.003239,0
35384,2763,0,0.005012,0
164762,17548,0,0.01431,0
191824,39121,0,0.039126,0
139311,12683,0,0.103302,0
10595,41319,0,0.005777,0
51096,14515,0,0.024783,0
89513,513,0,0.007859,0
76678,41694,0,0.081707,0
81975,10941,0,0.06985,0
132821,15984,0,0.011222,0
118820,48681,0,0.029149,0
4727,4796,0,0.030696,0
46564,41131,0,0.024587,0
42180,24363,0,0.062564,0
83589,27104,0,0.006673,0
38164,20282,0,0.002004,0
190329,13431,0,0.006181,0
130374,38557,0,0.00512,0
67318,11987,0,0.03446,0
68763,30659,0,0.049216,0
193330,42333,0,0.023615,0
59413,48476,0,0.007787,0
108176,33606,0,0.030203,0
157339,26728,0,0.006462,0
205859,47042,0,0.070461,0
94268,9708,0,0.010605,0
140742,20590,0,0.117253,0
193372,7144,0,0.017819,0
70804,17154,0,0.01971,0
100926,3376,0,0.02274,0
203027,26940,0,0.007204,0
173759,35833,0,0.015193,0
14019,8368,0,0.006654,0
196590,34092,0,0.001946,0
86887,39812,0,0.066668,0
92508,43122,0,0.073998,0
191057,46725,0,0.004295,0
81228,46654,0,0.028149,0
61008,13032,0,0.007623,0
60396,19412,0,0.001072,0
3482,39509,0,0.002289,0
132836,4605,0,0.058688,0
195086,28165,0,0.007106,0
124341,10448,0,0.017132,0
66706,9337,0,0.004591,0
190396,20711,0,0.01095,0
105055,17794,0,0.115474,0
100590,16797,0,0.045421,0
118137,16332,0,0.026376,0
5841,22935,0,0.01216,0
127666,14252,0,0.161201,0
180492,20590,0,0.002106,0
63809,14444,1,0.085251,0
97416,1999,0,0.01394,0
21666,44449,0,0.003549,0
153786,28052,0,0.056962,0
19753,39781,0,0.021842,0
137495,46584,0,0.044026,0
185441,1483,0,0.001692,0
3971,15290,0,0.014168,0
171015,32156,0,0.007355,0
52698,32573,0,0.001495,0
175175,46979,0,0.307064,1
130943,95,0,0.00353,0
186825,48775,0,0.018371,0
66500,29442,0,0.009577,0
90802,7021,0,0.202171,0
14630,18550,1,0.60915,1
81971,31717,0,0.087737,0
21283,21903,0,0.026536,0
106430,18150,0,0.024051,0
10345,33540,0,0.009876,0
194558,12333,0,0.031743,0
95984,44359,0,0.139314,0
70265,2732,0,0.003885,0
84854,15264,0,0.013126,0
32922,37848,0,0.003394,0
84871,10644,0,0.016316,0
145228,30839,0,0.011885,0
127497,19346,0,0.050981,0
188666,30135,0,0.041021,0
193939,9421,0,0.003321,0
173696,43789,0,0.048384,0
47862,11763,0,0.155699,0
3114,25416,0,0.024909,0
129127,38159,0,0.00232,0
29168,2452,0,0.017277,0
181211,2361,0,0.010548,0
163857,17878,0,0.083608,0
175875,41290,0,0.02429,0
58107,14084,0,0.048194,0
144702,33819,0,0.014726,0
192931,22825,0,0.01296,0
171661,40366,0,0.006458,0
163049,45613,0,0.049876,0
26848,24243,0,0.636406,1
110374,38273,0,0.015107,0
92587,25985,0,0.007942,0
163860,16048,1,0.012455,0
158976,46969,0,0.134291,0
57380,27323,0,0.003749,0
181218,39877,0,0.052154,0
71636,48587,0,0.104884,0
81408,38847,0,0.01433,0
51901,42736,0,0.012657,0
50121,16797,0,0.034803,0
115892,28800,0,0.019246,0
203531,34690,0,0.009499,0
205717,14151,0,0.023816,0
177594,47310,0,0.067828,0
196314,19678,0,0.037603,0
155816,38609,0,0.038841,0
18635,18441,0,0.006528,0
147276,28601,0,0.083597,0
53836,19508,1,0.014977,0
164139,40646,0,0.009891,0
72098,33055,0,0.138336,0
57571,39921,0,0.005277,0
74530,7901,0,0.008044,0
99207,24216,0,0.004334,0
6895,10189,0,0.013828,0
105939,33043,0,0.002652,0
186085,45309,0,0.012497,0
79743,22663,0,0.035046,0
198228,2154,0,0.003333,0
133778,24830,0,0.019502,0
80311,25890,0,0.006226,0
69124,21072,0,0.00254,0
165611,44813,0,0.028781,0
2371,47591,0,0.01287,0
196622,37890,0,0.012853,0
121921,42701,0,0.012124,0
88247,43086,0,0.022404,0
36928,39180,0,0.032751,0
7985,26569,0,0.091102,0
102312,21573,0,0.008755,0
121482,36076,0,0.301182,1
36691,31717,0,0.164487,0
113232,42441,0,0.005458,0
76229,20899,0,0.173779,0
153024,34898,0,0.010544,0
86443,38707,0,0.010787,0
172233,47357,0,0.006571,0
62068,45933,0,0.019972,0
67465,21050,0,0.003319,0
17509,36205,0,0.031195,0
55713,32642,0,0.005181,0
176952,42282,0,0.018126,0
183173,38051,0,0.001722,0
91043,27433,0,0.001612,0
97372,16645,0,0.010827,0
121562,30849,0,0.01557,0
73507,15399,1,0.170627,0
14814,49176,0,0.017546,0
32713,42701,0,0.058111,0
120590,39928,0,0.016215,0
81493,10132,0,0.02818,0
190475,22108,0,0.069965,0
95441,4605,0,0.189664,0
83036,33754,0,0.013847,0
32253,22935,1,0.111035,0
127601,15566,0,0.03905,0
201797,11140,0,0.003728,0
27288,2120,0,0.019084,0
69545,23229,0,0.00495,0
179014,44904,0,0.030841,0
191613,32116,0,0.004198,0
64868,18140,0,0.187408,0
112116,242,0,0.019518,0
79737,16714,0,0.477872,1
186546,21137,1,0.717355,1
72759,45607,0,0.007907,0
37829,1938,0,0.005186,0
46451,4314,0,0.037182,0
71785,28537,0,0.125612,0
139684,28836,0,0.004587,0
65685,49683,0,0.037479,0
179166,35896,0,0.005204,0
92118,11408,0,0.011832,0
19210,43945,0,0.034908,0
40726,25804,0,0.110738,0
129474,1560,0,0.694537,1
36250,18479,0,0.006417,0
90378,39891,0,0.008787,0
61288,8555,0,0.032268,0
31976,24852,0,0.24332,1
201141,4846,0,0.029982,0
112009,28278,0,0.046867,0
165545,22750,1,0.070131,0
38710,33508,0,0.09955,0
115200,546,0,0.012227,0
70000,2434,0,0.006927,0
80436,27966,0,0.150975,0
204089,43789,0,0.047414,0
104721,23165,0,0.034242,0
86194,34969,1,0.067161,0
24456,3892,0,0.002024,0
103218,32486,0,0.001823,0
143952,17649,0,0.003682,0
162762,18171,0,0.007273,0
142399,21288,0,0.13807,0
180456,34050,0,0.082366,0
69052,39408,0,0.007504,0
110172,10306,0,0.016791,0
162134,29487,0,0.01999,0
190394,28465,0,0.276883,1
129555,45566,0,0.029185,0
53166,22959,0,0.086114,0
18383,17375,0,0.005547,0
57766,13269,0,0.027712,0
200321,9837,0,0.042859,0
32229,26520,0,0.006697,0
180502,31748,0,0.008043,0
48132,6910,0,0.01227,0
10451,10151,0,0.038205,0
84453,36051,0,0.003325,0
38146,3988,0,0.066861,0
15459,29865,0,0.005964,0
60501,2295,0,0.091821,0
99557,24852,1,0.632416,1
101156,22293,0,0.004385,0
71570,24852,1,0.37335,1
200792,39561,0,0.034978,0
42408,45607,0,0.011603,0
168845,10193,0,0.026776,0
164278,30257,0,0.044794,0
6141,42858,0,0.009167,0
190389,10534,0,0.00564,0
128570,12196,0,0.013124,0
99713,36315,0,0.021168,0
48988,3999,0,0.008389,0
205240,31640,0,0.034308,0
36058,46906,0,0.021524,0
36246,29987,0,0.016228,0
32194,14159,0,0.004613,0
117975,33731,0,0.008785,0
2646,29203,0,0.020622,0
83157,19048,0,0.02018,0
45217,36929,0,0.004657,0
73707,31553,0,0.0146,0
166111,33554,0,0.017971,0
30680,10904,0,0.058476,0
39320,45712,0,0.006723,0
96924,5322,0,0.224551,0
89304,5337,0,0.002401,0
162937,46979,0,0.643903,1
63318,11481,0,0.040396,0
180534,46979,0,0.025622,0
119603,1202,0,0.005984,0
132299,24097,0,0.001323,0
156090,14462,0,0.083101,0
20906,23794,0,0.003719,0
49675,40545,0,0.011919,0
185742,11984,0,0.039675,0
154556,17794,0,0.02882,0
144697,37646,0,0.034269,0
205264,397,0,0.007003,0
203025,46107,0,0.025255,0
201112,48347,0,0.00216,0
126121,21717,0,0.042596,0
66387,20887,0,0.01468,0
83364,14592,0,0.030519,0
65207,45761,0,0.088089,0
31387,5876,1,0.192855,0
97264,47655,0,0.046659,0
155742,15902,0,0.083984,0
143236,10607,0,0.062464,0
188804,27086,0,0.029412,0
2870,15795,0,0.082571,0
61561,19348,0,0.020066,0
149412,35819,0,0.026453,0
191562,11576,0,0.010983,0
23304,42333,0,0.07514,0
136112,43662,1,0.536249,1
82887,5006,0,0.034837,0
178817,47192,0,0.039931,0
60918,21938,0,0.130553,0
42992,25527,0,0.022333,0
167518,43194,0,0.062375,0
160850,2099,0,0.001868,0
30012,38216,0,0.038329,0
22775,41198,0,0.009802,0
134145,44514,0,0.004941,0
165173,28311,1,0.013208,0
102070,29084,0,0.013264,0
42706,47672,0,0.028023,0
164484,32839,0,0.044083,0
69942,7992,0,0.090203,0
121436,45650,0,0.003156,0
103718,30391,0,0.012414,0
47986,40232,0,0.01822,0
164558,43073,0,0.058278,0
200565,11331,0,0.006641,0
92535,5450,0,0.021355,0
129355,15354,0,0.038265,0
82286,33122,0,0.115522,0
193045,42231,0,0.015745,0
83728,12572,0,0.455462,1
131385,40689,0,0.038301,0
38339,26369,0,0.002924,0
31097,14657,0,0.008353,0
48332,1521,1,0.627765,1
143948,44008,0,0.010996,0
70682,5794,0,0.111096,0
124887,12078,0,0.234808,1
105289,9534,0,0.053845,0
14493,1244,0,0.117576,0
178309,40723,0,0.001911,0
192692,49383,0,0.164293,0
34823,14992,0,0.135387,0
93898,33511,0,0.00675,0
33947,23901,0,0.013211,0
110123,43908,0,0.001271,0
28847,35725,0,0.010286,0
162449,204,0,0.004155,0
80862,27966,1,0.266088,1
60845,4920,0,0.198476,0
176070,9422,0,0.009577,0
93885,40706,0,0.190662,0
43304,19048,0,0.004733,0
41546,31268,0,0.020997,0
116656,28199,0,0.002865,0
118469,25804,0,0.208774,0
140663,25890,0,0.005378,0
93698,49683,0,0.106085,0
83681,6340,0,0.114495,0
133013,33792,0,0.001301,0
4915,25340,0,0.035047,0
156762,21376,1,0.259203,1
205782,24184,0,0.010775,0
203364,10385,0,0.150608,0
92360,46308,0,0.008292,0
3219,22935,0,0.083535,0
134788,46968,0,0.043342,0
21227,436,0,0.013022,0
170415,5169,0,0.013193,0
197897,22825,0,0.054508,0
3168,33636,0,0.020451,0
29212,38689,1,0.122232,0
9124,35424,0,0.032695,0
136818,19596,0,0.007355,0
9493,44359,0,0.086092,0
154305,12779,0,0.002303,0
134744,8324,0,0.013205,0
204241,13085,0,0.070765,0
32617,3561,0,0.005676,0
83562,49533,0,0.002378,0
140870,16549,1,0.260831,1
42654,13147,1,0.682649,1
70507,5886,0,0.044505,0
141711,23672,0,0.027909,0
93845,44303,0,0.00964,0
121858,24390,1,0.106276,0
135365,19887,0,0.003469,0
10451,35752,0,0.015861,0
635,5161,0,0.008267,0
143768,12845,0,0.049232,0
202190,17155,0,0.002412,0
52359,26453,0,0.010518,0
82433,11173,0,0.015204,0
171402,27521,0,0.014841,0
57424,24231,0,0.033661,0
9244,5210,0,0.013835,0
79008,5462,0,0.010003,0
9981,17224,1,0.450465,1
128334,31506,0,0.078906,0
127103,2540,0,0.045373,0
80468,22474,0,0.002334,0
19844,13252,0,0.014609,0
89254,13924,0,0.017973,0
167888,28821,1,0.347571,1
136001,47209,0,0.01824,0
180437,8309,0,0.179553,0
180691,26683,0,0.064525,0
25951,1217,0,0.181865,0
64684,30252,0,0.053976,0
20744,4844,0,0.011055,0
59651,39877,0,0.020554,0
198631,23288,0,0.170379,0
25870,1713,0,0.0017,0
155642,5296,0,0.047313,0
137392,43352,0,0.01496,0
164222,24010,0,0.083109,0
56096,9366,0,0.008257,0
30681,3327,0,0.028495,0
135746,27104,0,0.013584,0
147291,27548,0,0.013692,0
140508,43194,0,0.068684,0
165754,21709,0,0.79064,1
120796,23909,0,0.022781,0
197970,904,0,0.030113,0
165980,21288,0,0.159011,0
97975,3880,0,0.057143,0
146386,33957,0,0.00731,0
116217,41844,0,0.0192,0
110636,28643,0,0.003223,0
193844,46969,0,0.013678,0
78144,11281,0,0.019836,0
36457,38371,0,0.082301,0
202621,39984,0,0.027441,0
115912,31717,0,0.026141,0
204436,34034,0,0.035468,0
129652,21903,0,0.024347,0
178966,2535,0,0.007526,0
169150,28014,0,0.022439,0
110909,17668,0,0.057583,0
168741,24852,0,0.438159,1
14365,40268,0,0.003965,0
89200,46906,0,0.020161,0
193042,9000,0,0.017942,0
48143,23029,0,0.005597,0
43420,45066,0,0.507082,1
97401,49374,0,0.002126,0
203979,22556,1,0.591557,1
25307,4726,0,0.049205,0
94003,42170,0,0.05536,0
128377,4920,0,0.069314,0
69463,45410,0,0.003047,0
87479,41787,1,0.579586,1
146397,36849,0,0.017256,0
41231,43122,0,0.028857,0
71345,29205,0,0.002615,0
168275,11096,0,0.053902,0
191174,20869,0,0.014172,0
186227,4605,0,0.006785,0
19392,28842,0,0.010121,0
186196,14233,0,0.076145,0
20083,43875,0,0.003916,0
78039,40386,0,0.00453,0
59998,27966,0,0.139273,0
82619,19017,0,0.068429,0
177530,34358,0,0.018233,0
136028,23986,0,0.027016,0
2970,27086,0,0.004497,0
170980,13885,0,0.003699,0
53385,33454,0,0.368742,1
104309,20588,0,0.121233,0
203692,39113,0,0.021043,0
7247,15200,0,0.142563,0
148917,10017,0,0.002215,0
138242,28465,0,0.014701,0
101893,26648,0,0.00699,0
79795,18465,0,0.010527,0
202380,26985,0,0.00605,0
32273,3952,1,0.229078,0
199156,11068,0,0.002691,0
114554,42719,0,0.054899,0
116979,6758,0,0.047363,0
54353,20998,0,0.002256,0
87297,48235,0,0.005374,0
30137,38231,0,0.042289,0
92305,651,0,0.117788,0
152471,15472,0,0.002934,0
119024,44858,0,0.014605,0
151158,1,0,0.027192,0
77614,21461,0,0.039579,0
24309,24622,0,0.039726,0
30910,6153,0,0.009874,0
3989,13870,0,0.006788,0
193550,49075,0,0.027416,0
57829,40415,0,0.001626,0
134540,41433,0,0.030649,0
177263,35068,0,0.006288,0
96832,46059,0,0.021431,0
127466,44912,0,0.023201,0
72110,21582,0,0.002709,0
163332,3599,0,0.007926,0
15466,44525,0,0.00362,0
84189,21511,0,0.027294,0
58736,31506,0,0.124304,0
187339,46979,0,0.307569,1
131093,25146,0,0.014177,0
145009,19821,0,0.144377,0
155788,6664,0,0.003306,0
127102,22568,0,0.037364,0
180734,38603,0,0.021085,0
202795,13231,0,0.002918,0
70185,20423,0,0.134121,0
90662,13500,0,0.039493,0
200343,5115,0,0.022569,0
13735,25072,0,0.009907,0
74969,20431,0,0.017276,0
88950,48679,0,0.010671,0
106184,7021,0,0.030514,0
16429,17207,0,0.01455,0
11512,45290,0,0.022032,0
174963,18465,0,0.029536,0
158695,18370,0,0.107601,0
85979,39275,0,0.036415,0
155405,16004,0,0.059919,0
19042,20977,0,0.021966,0
129234,11737,0,0.00705,0
199999,40934,0,0.011202,0
30191,10655,0,0.036666,0
8390,4920,0,0.190481,0
203637,5860,0,0.083074,0
135441,34619,0,0.01981,0
94071,4960,0,0.089874,0
187214,45504,0,0.492865,1
68075,27471,0,0.003587,0
142157,34969,0,0.056932,0
199785,41950,0,0.014808,0
123661,35554,0,0.003018,0
138271,49585,0,0.027375,0
203343,28289,0,0.005731,0
147891,41508,0,0.012272,0
163286,25659,0,0.018579,0
193393,31040,0,0.014251,0
117829,15740,0,0.127015,0
20774,34658,0,0.023165,0
180083,712,0,0.01156,0
79411,14493,0,0.008815,0
198056,4847,0,0.189521,0
162978,47626,0,0.028111,0
88124,14256,0,0.079156,0
149128,3800,0,0.046314,0
27372,18110,1,0.229207,0
198261,38689,0,0.048872,0
127713,41750,0,0.010599,0
66197,19678,1,0.180356,0
12740,30391,0,0.02578,0
163179,42265,0,0.0777,0
52479,19711,0,0.051202,0
154556,47626,0,0.059633,0
145503,7177,0,0.007263,0
85536,23836,0,0.004839,0
18270,26209,1,0.212565,0
99520,47626,0,0.024955,0
178638,1015,0,0.028919,0
117965,2380,0,0.038249,0
92706,14010,0,0.043644,0
55838,37193,0,0.003099,0
54602,23400,0,0.047736,0
179784,21137,0,0.169258,0
49122,21137,0,0.051335,0
192289,29668,0,0.008998,0
90392,8277,0,0.556035,1
30385,5684,0,0.041252,0
143711,48697,0,0.095344,0
49634,1197,0,0.053603,0
166459,24599,0,0.007573,0
95609,43647,1,0.101717,0
39755,19508,0,0.009025,0
195253,47672,0,0.018912,0
158936,3541,0,0.010777,0
185005,22559,1,0.123797,0
32157,37766,0,0.33016,1
6222,43789,0,0.028713,0
141845,40604,0,0.01477,0
90539,40706,0,0.013449,0
175800,39922,1,0.220252,0
155827,31605,0,0.008277,0
129755,39812,0,0.024572,0
47094,44880,0,0.031886,0
66038,47766,0,0.061614,0
116283,18465,0,0.005937,0
109218,22442,0,0.133664,0
96887,47597,0,0.002146,0
70871,14947,0,0.017536,0
141340,21225,0,0.019237,0
38964,27966,0,0.139664,0
31124,1408,0,0.004056,0
68157,22795,0,0.036298,0
136679,15328,0,0.063532,0
73994,32085,0,0.051077,0
84392,44375,0,0.002849,0
69652,9649,0,0.003576,0
164319,26348,0,0.047075,0
77422,19348,0,0.007022,0
105706,36685,0,0.013207,0
84304,11737,1,0.161472,0
183489,39275,0,0.055466,0
151905,38400,0,0.028618,0
46451,13853,0,0.005014,0
7398,13730,0,0.013824,0
136315,17202,0,0.013803,0
40360,13440,0,0.001554,0
83541,2314,0,0.249912,1
138512,20114,1,0.110336,0
75897,33037,0,0.013345,0
110798,3381,0,0.008865,0
71532,47626,0,0.018594,0
156682,40516,0,0.020894,0
162947,36389,0,0.033654,0
41238,9421,0,0.008114,0
120087,33290,0,0.00398,0
90575,13733,0,0.01031,0
120157,10673,0,0.015687,0
187979,20577,0,0.00711,0
27954,1541,0,0.199867,0
105058,49622,0,0.004647,0
159840,38456,0,0.025791,0
50210,21137,0,0.351193,1
82591,5744,0,0.01344,0
167649,11777,0,0.044224,0
158056,8030,0,0.030304,0
61279,26604,0,0.015587,0
20979,5157,0,0.02755,0
164404,39984,0,0.037435,0
65974,4920,0,0.018723,0
131993,35652,0,0.036646,0
169915,47788,0,0.009296,0
194037,34608,0,0.010729,0
812,15613,0,0.009301,0
61311,13517,0,0.001534,0
60554,43768,0,0.006083,0
101340,37606,0,0.002348,0
205224,42265,0,0.020621,0
195331,34126,0,0.021361,0
34383,7863,0,0.016941,0
1545,18027,0,0.136129,0
145746,30960,0,0.16084,0
65278,20794,0,0.008227,0
123366,5876,0,0.022421,0
137930,561,0,0.007581,0
150074,36118,1,0.047067,0
149146,27163,0,0.010922,0
105118,18849,0,0.009805,0
66262,11520,0,0.382545,1
150237,2175,0,0.001762,0
195032,18465,0,0.099821,0
32066,33401,0,0.011293,0
127547,37654,0,0.002267,0
173708,9387,0,0.060186,0
68250,20682,0,0.024475,0
69266,33768,0,0.1928,0
111846,42828,0,0.007238,0
73303,27845,0,0.070076,0
89819,27344,0,0.138394,0
113599,18908,0,0.004887,0
65875,35951,0,0.236954,1
84321,20904,0,0.009332,0
122377,3266,0,0.003509,0
46819,20323,1,0.608554,1
82929,1402,1,0.610323,1
157951,46979,0,0.02796,0
131043,31040,0,0.011371,0
105734,5240,0,0.004042,0
127009,17181,0,0.013337,0
10810,20842,0,0.015338,0
8843,6481,0,0.005682,0
59145,5876,0,0.021616,0
7228,39973,0,0.002474,0
139691,19366,0,0.023718,0
48869,29159,0,0.023986,0
109917,31960,0,0.010606,0
200978,8309,0,0.017536,0
153396,19732,0,0.019862,0
6122,37113,0,0.006421,0
127064,19678,0,0.006001,0
81730,8518,0,0.163434,0
51566,8518,0,0.084751,0
189042,34448,0,0.096655,0
77466,36259,0,0.009965,0
54283,43086,0,0.023821,0
95441,28597,0,0.038924,0
82706,46812,0,0.037394,0
72342,9849,0,0.014846,0
120865,32864,0,0.093324,0
132210,38241,0,0.004282,0
41389,31130,0,0.002562,0
32014,30307,0,0.060591,0
42555,19478,0,0.006582,0
49370,41774,0,0.128367,0
32102,32429,0,0.055367,0
80842,5652,0,0.040822,0
185961,15613,0,0.064307,0
147130,34862,0,0.008273,0
136998,19261,0,0.002916,0
195002,31087,0,0.501102,1
92848,21573,0,0.007797,0
18298,2450,0,0.017956,0
198217,39275,0,0.004935,0
82344,3481,0,0.010008,0
65481,4726,0,0.001778,0
101030,45200,0,0.160303,0
193858,39194,0,0.012348,0
116651,9725,0,0.178878,0
17363,44292,0,0.618795,1
37627,47626,0,0.039427,0
175425,38797,0,0.02194,0
98675,23517,0,0.014174,0
194505,24764,0,0.003392,0
198781,35221,0,0.008542,0
85393,16673,1,0.15312,0
65819,19706,0,0.050794,0
83690,15392,0,0.026335,0
201712,7518,0,0.01813,0
178735,41774,0,0.008304,0
153777,47766,0,0.018092,0
154267,39121,1,0.090507,0
68415,19370,0,0.018404,0
117435,28643,0,0.002477,0
68484,43957,0,0.047073,0
122089,47626,0,0.090929,0
154306,5876,0,0.153593,0
103217,39794,0,0.009366,0
15395,311,0,0.004061,0
190156,45144,0,0.014125,0
140230,27714,0,0.009269,0
150649,29223,0,0.040632,0
56890,23594,0,0.01907,0
132481,49667,1,0.502229,1
110198,30599,0,0.038293,0
163569,12206,0,0.013192,0
183846,38494,0,0.216419,0
31765,39249,0,0.027215,0
167187,42814,0,0.083764,0
167720,37065,0,0.009267,0
198699,39619,0,0.023815,0
60818,4461,0,0.01244,0
102096,13176,0,0.0517,0
146530,49325,0,0.071172,0
143496,28931,0,0.01228,0
11948,27050,0,0.031597,0
175425,35176,0,0.013473,0
115302,5450,1,0.135124,0
2186,7150,0,0.027347,0
61850,17579,0,0.118329,0
143422,38908,0,0.006466,0
169064,19658,0,0.007992,0
70102,34648,0,0.036505,0
474,35510,0,0.002635,0
198929,1511,0,0.016506,0
98614,311,0,0.001951,0
64145,11461,0,0.019802,0
107232,34823,0,0.001305,0
175083,47734,0,0.018203,0
148073,29299,0,0.033868,0
170440,2943,0,0.021585,0
154762,25890,0,0.097746,0
156517,43772,0,0.016247,0
102422,49098,0,0.09667,0
92840,22935,0,0.094679,0
117493,22210,0,0.020247,0
59340,6948,0,0.018631,0
33098,12341,0,0.124982,0
203733,23363,0,0.033271,0
105293,21903,0,0.040519,0
144869,25824,1,0.114623,0
2118,22090,0,0.021018,0
172603,4605,0,0.00527,0
26225,29178,0,0.016559,0
82603,43928,0,0.031393,0
119050,39408,0,0.032446,0
17735,16283,0,0.038515,0
50172,28842,0,0.014966,0
22284,21938,0,0.013584,0
164319,44115,0,0.043965,0
166693,33232,0,0.001592,0
83719,8277,0,0.052943,0
93266,47098,0,0.034895,0
69646,43295,0,0.01399,0
178033,10504,0,0.004764,0
464,26723,0,0.002702,0
165594,11710,0,0.01008,0
46033,21903,0,0.035335,0
46356,27471,0,0.002578,0
60863,10275,0,0.125917,0
139354,38374,0,0.005288,0
76715,49235,1,0.670289,1
1246,44642,0,0.01499,0
90911,19292,0,0.003623,0
204524,48104,0,0.015162,0
89636,23634,0,0.014569,0
188667,25466,0,0.048065,0
79056,454,0,0.034925,0
17957,19938,0,0.048057,0
104795,4920,0,0.006869,0
74797,12385,0,0.047211,0
141155,17794,0,0.055767,0
113599,11520,0,0.032623,0
121984,21472,0,0.009549,0
5828,15649,0,0.111211,0
166039,7781,0,0.013951,0
182474,48171,0,0.01219,0
45003,34287,1,0.045496,0
95870,31342,0,0.010301,0
51566,47601,0,0.010779,0
151736,20638,0,0.005969,0
194846,47301,0,0.036721,0
190821,11363,0,0.008832,0
158362,22524,0,0.019776,0
204681,45633,0,0.009777,0
115415,34449,0,0.030936,0
136991,47086,0,0.044591,0
97661,9963,0,0.011253,0
38348,46913,0,0.015059,0
182199,38293,0,0.011625,0
155339,17370,0,0.026843,0
93308,9076,0,0.008988,0
68865,16797,0,0.034786,0
16464,14168,0,0.010718,0
140433,24009,0,0.018369,0
48245,7026,0,0.094417,0
44558,34530,0,0.036124,0
150244,13740,0,0.104969,0
7665,44661,0,0.013207,0
174688,22164,0,0.091826,0
15579,15100,0,0.048514,0
121022,29387,0,0.052094,0
95063,49191,0,0.002875,0
1844,44035,0,0.057388,0
88181,15290,0,0.100898,0
176219,37086,0,0.060517,0
149749,45,0,0.002547,0
46251,26648,0,0.002031,0
31189,43904,0,0.017503,0
183101,5171,0,0.007349,0
69110,27881,0,0.01012,0
68439,29826,0,0.018051,0
173440,28985,0,0.015911,0
126828,47792,0,0.005622,0
37650,30759,0,0.025965,0
69847,45208,0,0.029613,0
18159,18963,0,0.189814,0
196431,42450,0,0.067598,0
41858,8571,0,0.090436,0
40905,24390,0,0.00222,0
19974,11046,0,0.032848,0
20797,34243,1,0.168108,0
169489,3464,0,0.048917,0
21250,47766,0,0.061246,0
152936,11182,0,0.091063,0
99551,31342,0,0.085724,0
44091,30960,0,0.014243,0
195728,38996,0,0.027175,0
170099,23170,0,0.036285,0
24940,20682,0,0.005889,0
27017,12341,0,0.007871,0
127340,36735,0,0.029523,0
25861,24852,0,0.03699,0
101496,21288,0,0.014295,0
49347,31893,0,0.126384,0
190433,27845,0,0.037556,0
52960,30623,0,0.00777,0
178590,22317,0,0.008637,0
80118,24231,0,0.025292,0
44502,34244,0,0.220168,0
146271,46256,0,0.03995,0
193900,19508,0,0.018203,0
184212,1947,0,0.047049,0
175410,14858,0,0.096835,0
170735,13212,0,0.003386,0
179834,33388,0,0.027272,0
192289,24221,1,0.011428,0
173407,23955,0,0.002548,0
128520,40078,0,0.026677,0
182022,27845,0,0.070197,0
151024,24964,0,0.009043,0
34219,23554,0,0.001393,0
107596,26113,0,0.057433,0
55713,42265,0,0.016571,0
9832,37033,0,0.002721,0
75191,28110,0,0.008406,0
169530,22963,0,0.105529,0
82597,41950,0,0.047894,0
137007,14536,0,0.004558,0
107494,27171,0,0.00157,0
90150,27336,0,0.001616,0
114225,4086,0,0.036417,0
81703,14858,0,0.004452,0
202775,37646,0,0.039667,0
140648,42943,0,0.006464,0
168727,1823,0,0.041124,0
163962,17397,0,0.005766,0
167190,22939,0,0.002928,0
192321,16995,0,0.050946,0
171400,17067,0,0.008651,0
42353,26047,0,0.045943,0
106184,36322,0,0.013084,0
176783,5649,0,0.015264,0
17792,12099,1,0.555497,1
192910,21903,0,0.121843,0
23713,33471,0,0.103302,0
51037,10326,1,0.470227,1
20097,4052,0,0.060741,0
99115,27521,1,0.17706,0
157590,1158,0,0.022131,0
117725,28476,0,0.103493,0
51248,40542,1,0.102232,0
93898,14462,0,0.008745,0
143402,38226,0,0.001296,0
179529,8174,0,0.016598,0
76534,22922,0,0.025384,0
52223,17264,0,0.035728,0
114824,16349,0,0.134746,0
73174,10309,0,0.029557,0
174085,8670,0,0.007199,0
41508,32364,0,0.008472,0
525,26283,0,0.20156,0
20814,14678,0,0.00386,0
70831,21292,0,0.009412,0
199780,40706,0,0.015597,0
24257,26369,0,0.108474,0
172768,22290,0,0.043908,0
914,2108,0,0.003798,0
133262,42585,0,0.003886,0
69022,18523,0,0.006994,0
11518,22035,0,0.188238,0
29041,17224,0,0.018806,0
197351,40377,0,0.004424,0
52698,32655,0,0.035928,0
162605,38773,0,0.010352,0
200679,32740,0,0.018896,0
141606,36085,0,0.002875,0
26791,17256,0,0.005758,0
131043,30489,0,0.023699,0
160650,26376,0,0.014456,0
143402,8251,0,0.043281,0
169851,22247,0,0.009479,0
72943,21137,0,0.098496,0
22284,26209,0,0.015188,0
95765,36809,0,0.029322,0
150244,21137,0,0.1876,0
205747,8670,0,0.025121,0
76608,21405,0,0.059723,0
195169,12113,0,0.020191,0
191174,14976,0,0.023543,0
158690,14881,0,0.010283,0
129687,34126,0,0.006278,0
154163,329,0,0.03747,0
150063,9430,0,0.04561,0
61424,24184,1,0.039845,0
154964,37552,0,0.004951,0
2432,37096,0,0.105355,0
190932,26904,0,0.025869,0
28226,11826,0,0.048678,0
205273,9755,0,0.02063,0
67755,29993,0,0.022496,0
202352,15221,0,0.393558,1
70619,27544,0,0.056974,0
159792,29382,0,0.022493,0
67178,8021,0,0.008672,0
131610,39275,0,0.016419,0
122073,46906,0,0.025321,0
96875,43352,0,0.075392,0
87398,40358,0,0.024449,0
474,34134,0,0.015223,0
183263,44146,0,0.000971,0
117126,49235,0,0.046698,0
144305,41570,0,0.041484,0
49453,13378,1,0.141731,0
18062,21927,0,0.033838,0
39788,23848,0,0.014415,0
34284,44325,0,0.01287,0
39873,26047,0,0.415972,1
164820,27104,0,0.004971,0
40905,41787,0,0.010127,0
170848,43973,0,0.012041,0
43653,23695,0,0.007888,0
159900,48123,0,0.005388,0
49314,31713,0,0.031834,0
153033,24954,0,0.019878,0
24236,7778,0,0.007609,0
201928,48364,0,0.114514,0
44108,26430,0,0.007458,0
120714,14874,0,0.048566,0
5487,24222,0,0.012052,0
1272,12419,0,0.02223,0
32794,15487,0,0.002894,0
84411,48017,0,0.001867,0
150249,24260,0,0.06366,0
163857,17334,0,0.090655,0
203089,26606,0,0.002828,0
111345,47087,0,0.020995,0
181208,38273,0,0.006086,0
106554,4137,0,0.180079,0
81603,43713,0,0.118413,0
198993,28553,0,0.003435,0
135371,44479,0,0.024323,0
16173,31238,0,0.043842,0
155233,8571,0,0.030273,0
147482,27629,0,0.024313,0
201507,35503,0,0.012194,0
192121,35770,0,0.006713,0
62742,22935,0,0.097077,0
171854,8811,0,0.10935,0
176075,7781,0,0.022984,0
14872,5315,0,0.023439,0
152183,14741,0,0.064244,0
91118,5746,0,0.233337,1
31874,39812,0,0.006068,0
197970,43295,0,0.011227,0
146530,43961,0,0.204101,0
12077,47223,0,0.058834,0
139881,13565,0,0.001816,0
130651,21938,0,0.073828,0
29939,27451,0,0.003724,0
159844,22935,0,0.01648,0
158335,890,0,0.019972,0
21647,13113,0,0.002034,0
188267,47861,0,0.002769,0
163454,23405,0,0.01277,0
26536,3631,0,0.007188,0
30948,33043,0,0.018253,0
81300,48018,0,0.02353,0
127540,34137,0,0.499284,1
1822,23452,1,0.622069,1
162808,24535,0,0.006551,0
201417,19468,0,0.019691,0
8706,34124,0,0.007004,0
41394,6348,0,0.005383,0
90216,47626,1,0.520654,1
201588,26911,0,0.011341,0
177706,20463,0,0.164995,0
16357,43930,0,0.00663,0
44926,16281,0,0.004758,0
135535,38400,0,0.01493,0
104839,34550,0,0.011742,0
180410,19468,0,0.020934,0
61169,5001,0,0.035745,0
134946,7010,0,0.005983,0
147819,28993,0,0.166969,0
4801,32650,0,0.039764,0
17509,16145,0,0.023746,0
143099,18818,0,0.007731,0
7506,49235,0,0.152076,0
154489,16696,0,0.016919,0
146005,24852,0,0.082078,0
200722,16965,0,0.055291,0
88938,33682,1,0.060078,0
124165,46823,0,0.075359,0
21050,10957,0,0.02057,0
42784,45349,0,0.009302,0
168185,25588,0,0.064592,0
168007,47766,0,0.501266,1
185042,40146,0,0.026173,0
123301,24571,0,0.004412,0
10342,29288,0,0.038831,0
142838,18814,0,0.016812,0
143707,13802,0,0.002184,0
145692,22825,0,0.308976,1
74152,36326,0,0.009148,0
138795,47977,0,0.016932,0
34785,9337,0,0.013757,0
185127,21445,0,0.018479,0
63098,16213,0,0.074807,0
128626,39094,1,0.209439,0
34013,11520,0,0.093283,0
50929,32707,0,0.013323,0
168313,9743,0,0.009725,0
165641,37067,0,0.144049,0
97372,24221,0,0.013913,0
157817,47626,0,0.018192,0
98094,31853,0,0.043913,0
21128,21903,0,0.252917,1
184304,21868,0,0.005958,0
144914,11182,0,0.044872,0
94339,27984,0,0.07885,0
195897,13167,0,0.050231,0
89842,8197,1,0.680324,1
190344,40203,0,0.015725,0
33619,23,0,0.038542,0
149022,41844,0,0.068103,0
175725,17008,0,0.010427,0
203283,38618,0,0.029709,0
167715,38511,0,0.193997,0
1820,36011,0,0.089011,0
177166,26209,0,0.132098,0
24910,42736,0,0.058222,0
158823,39238,0,0.053953,0
36974,41561,1,0.570407,1
41990,49683,0,0.106865,0
107208,2314,0,0.021252,0
4971,22093,0,0.004012,0
96192,35004,0,0.01395,0
52654,28800,0,0.004287,0
69464,25893,0,0.052556,0
48426,32573,0,0.021542,0
199370,41621,0,0.004554,0
11770,42421,0,0.001604,0
3546,17982,0,0.169452,0
154942,10478,0,0.011606,0
196601,3856,0,0.125648,0
52740,26083,0,0.007626,0
167509,43295,0,0.222075,0
124556,5451,1,0.055919,0
187378,7051,0,0.044155,0
195115,29388,0,0.028596,0
26359,13212,0,0.029531,0
102582,28666,0,0.049144,0
7027,25256,0,0.009377,0
4198,13176,0,0.039684,0
192519,33102,0,0.157179,0
100773,31185,0,0.003999,0
33906,21137,0,0.027087,0
141171,33816,0,0.05346,0
153410,43768,0,0.032545,0
46424,23198,0,0.07907,0
129122,21553,0,0.002928,0
187715,196,0,0.011178,0
141069,3634,0,0.009387,0
43979,16759,0,0.020372,0
127464,49141,0,0.014947,0
123466,46522,0,0.034005,0
17363,26800,0,0.026258,0
8715,25588,0,0.003129,0
203644,17794,0,0.012877,0
12139,3990,0,0.032145,0
181278,40388,0,0.043102,0
162067,28842,0,0.117804,0
73879,35042,0,0.007747,0
59892,27065,0,0.02677,0
30043,45862,1,0.247354,1
159341,39275,0,0.035188,0
53693,13819,0,0.018378,0
6168,21955,0,0.269209,1
130566,23165,0,0.028578,0
172416,19429,0,0.012978,0
77664,12347,0,0.016799,0
84569,46347,0,0.006157,0
43211,22788,0,0.037256,0
159269,12791,0,0.016491,0
99713,9020,1,0.528394,1
3276,47209,0,0.525936,1
200633,24852,0,0.084709,0
125355,35821,0,0.010084,0
201089,23194,0,0.015058,0
20575,18382,0,0.0104,0
62055,31343,0,0.027152,0
151334,8680,0,0.004378,0
64658,38777,0,0.071254,0
144046,27966,0,0.006487,0
8499,42479,0,0.016332,0
6486,8746,0,0.009132,0
106637,1025,0,0.122465,0
105825,33819,0,0.026374,0
60078,12358,0,0.028464,0
27504,43744,0,0.261546,1
20561,21137,0,0.100073,0
88963,15040,0,0.004051,0
185883,27531,0,0.005323,0
42676,5618,0,0.029771,0
164304,21137,0,0.085739,0
107961,35176,1,0.491442,1
155229,16759,0,0.027169,0
131946,45249,0,0.006119,0
115912,19457,0,0.124402,0
114928,8626,0,0.014534,0
165173,28289,1,0.128156,0
51719,22234,0,0.006437,0
181566,45009,0,0.01369,0
101292,25146,0,0.183666,0
181827,46692,0,0.001371,0
107729,21645,0,0.034589,0
141593,2466,0,0.003503,0
7378,13176,0,0.123842,0
70841,49621,0,0.025811,0
20379,31486,0,0.010966,0
114560,36865,0,0.035353,0
12232,31287,0,0.015002,0
97319,44325,0,0.002704,0
20843,22963,0,0.016562,0
65130,26060,0,0.00774,0
96316,42828,0,0.011188,0
76957,42736,0,0.021194,0
1618,1468,0,0.009445,0
147482,13370,0,0.006512,0
172618,37646,0,0.045714,0
124829,24852,0,0.020943,0
119462,24129,0,0.004407,0
32552,29127,0,0.093081,0
55040,16988,0,0.023128,0
93480,18441,0,0.046201,0
88557,4562,0,0.144167,0
138774,38400,0,0.01214,0
164319,2745,0,0.084339,0
156695,37119,0,0.002003,0
57621,39984,0,0.042527,0
8440,44325,0,0.0076,0
27104,18370,0,0.015876,0
80354,6473,0,0.006631,0
109942,35951,0,0.015063,0
56461,895,0,0.072188,0
21267,43692,0,0.016794,0
191308,33198,1,0.60581,1
144115,35761,0,0.011065,0
121115,10049,0,0.039517,0
124012,23995,0,0.002661,0
155687,14881,0,0.075554,0
55267,29127,0,0.121011,0
197361,17794,0,0.059725,0
110025,18148,0,0.00565,0
105805,21009,0,0.064562,0
201170,47209,0,0.469826,1
163857,22210,0,0.010517,0
49580,42585,0,0.030558,0
127001,39348,0,0.109125,0
95471,47927,0,0.00148,0
176076,16133,0,0.009065,0
81443,1197,0,0.008082,0
177386,1194,0,0.134577,0
168857,47185,0,0.025029,0
114525,14992,0,0.003648,0
40627,44359,0,0.00841,0
195585,14379,0,0.020749,0
181652,21011,0,0.002285,0
107936,38414,0,0.006327,0
157028,47209,0,0.193889,0
13218,7955,0,0.056596,0
163502,9477,0,0.012756,0
86130,42701,0,0.034134,0
68582,40541,0,0.108976,0
127084,40706,0,0.228371,0
56282,21769,0,0.007414,0
51813,49247,0,0.110526,0
81408,2885,0,0.027858,0
2884,27663,0,0.102405,0
88765,13016,0,0.078579,0
4649,42625,0,0.00524,0
75898,49585,0,0.002453,0
159117,4565,0,0.024887,0
160713,7021,0,0.02085,0
34715,5202,0,0.038382,0
105783,49248,0,0.209468,0
38469,27744,0,0.018706,0
168701,44303,0,0.017852,0
72738,43712,1,0.052659,0
180728,26416,0,0.010746,0
152792,32205,0,0.002857,0
147812,9327,0,0.01062,0
39225,8571,0,0.0329,0
139883,13535,0,0.003979,0
182977,19049,0,0.006152,0
91046,29801,0,0.016946,0
20082,44632,0,0.003906,0
17277,12232,0,0.202095,0
188020,30226,0,0.090028,0
187714,16995,0,0.017805,0
44971,27845,0,0.404707,1
153149,19048,0,0.008353,0
68852,45264,0,0.007843,0
2156,29487,0,0.180031,0
198517,19910,0,0.070539,0
153278,47409,0,0.099294,0
165820,2966,0,0.028125,0
91287,16145,0,0.032216,0
143698,24852,0,0.693095,1
111641,45149,0,0.050629,0
47212,26201,0,0.012118,0
24028,48946,0,0.004432,0
54597,13712,0,0.002568,0
42655,36736,0,0.028288,0
114423,23001,0,0.023344,0
102831,30057,0,0.004538,0
111972,33175,0,0.063686,0
199005,39408,0,0.005237,0
46564,45511,0,0.009264,0
98523,25801,0,0.020314,0
81537,49520,0,0.076504,0
115941,8571,0,0.034053,0
144490,43389,0,0.00438,0
17363,29867,0,0.014366,0
104570,43875,0,0.035966,0
161636,37611,0,0.048933,0
146257,49227,0,0.008864,0
195944,47877,0,0.164778,0
131577,30191,0,0.024568,0
77968,2295,0,0.001795,0
61483,41540,0,0.281237,1
175310,7731,0,0.00926,0
59413,33462,0,0.018349,0
19200,21295,0,0.007287,0
198602,432,0,0.443013,1
29014,45577,0,0.001939,0
178449,20779,0,0.02795,0
122439,45084,1,0.460079,1
18910,14130,0,0.001595,0
60078,44991,0,0.014384,0
201001,41690,0,0.013235,0
41019,40761,0,0.010249,0
60396,45633,0,0.005999,0
37820,15709,0,0.115097,0
60755,44424,0,0.027946,0
32124,46906,0,0.327631,1
38246,9420,0,0.057156,0
60862,38644,0,0.017859,0
135809,42526,1,0.17581,0
69330,14947,1,0.740641,1
116596,28156,1,0.052025,0
144314,5605,0,0.007944,0
91560,6193,0,0.009355,0
37777,40332,0,0.160672,0
156668,25588,0,0.0049,0
74094,1263,0,0.019453,0
178250,34024,0,0.01219,0
156018,9839,0,0.015238,0
134598,11611,0,0.001775,0
30910,29921,0,0.04064,0
16052,25806,0,0.025479,0
161079,30391,0,0.022031,0
94770,31717,0,0.021659,0
120317,34126,0,0.113139,0
64258,44142,0,0.004233,0
116656,27117,0,0.002729,0
156784,10193,0,0.001978,0
116929,31040,0,0.008747,0
169827,432,0,0.017439,0
27610,20687,0,0.004997,0
10738,22950,0,0.007637,0
70152,41805,0,0.019865,0
163247,12797,0,0.026878,0
158003,19445,0,0.084015,0
181600,39729,0,0.007716,0
189951,27596,0,0.345099,1
64783,8358,0,0.105742,0
94710,40545,1,0.114598,0
54233,40268,0,0.139299,0
57337,46516,0,0.045916,0
187243,45603,0,0.017548,0
44046,13637,0,0.019095,0
10345,13802,0,0.032901,0
159412,17971,0,0.011178,0
188186,16083,0,0.444385,1
165837,34590,0,0.031691,0
70904,10621,0,0.101378,0
183248,24288,0,0.00524,0
153986,47348,0,0.042225,0
196758,30307,0,0.077351,0
195006,33754,0,0.033745,0
33695,28990,0,0.013238,0
99376,2587,0,0.032447,0
157739,46672,0,0.005632,0
11977,45660,0,0.061955,0
110633,20607,0,0.048982,0
9878,28842,0,0.082528,0
117965,7664,0,0.020946,0
102868,36872,0,0.016589,0
28531,27966,0,0.342816,1
12344,6317,0,0.026281,0
63120,177,0,0.593387,1
162601,30695,0,0.018778,0
164307,48230,0,0.049514,0
84943,11943,0,0.003013,0
86909,40142,0,0.023909,0
7549,27423,0,0.013904,0
117023,25138,0,0.124022,0
35169,1500,0,0.005919,0
91924,33351,0,0.009587,0
120833,17131,0,0.033301,0
187910,3237,0,0.008892,0
136064,11068,0,0.002995,0
190257,35206,0,0.004106,0
156769,47766,0,0.093977,0
118937,37119,0,0.124737,0
71839,33194,0,0.009304,0
62355,36696,0,0.042233,0
161622,37038,0,0.012617,0
34057,21616,0,0.01752,0
76678,36216,1,0.545669,1
154576,47990,0,0.021619,0
30889,13866,0,0.015641,0
128132,41155,0,0.026146,0
144800,47792,0,0.021175,0
2528,34974,0,0.030765,0
24330,23729,0,0.003976,0
8274,49267,0,0.019374,0
97228,14251,0,0.033566,0
34775,26790,0,0.330002,1
162614,20840,0,0.117329,0
75001,9839,0,0.025561,0
117182,33731,0,0.050295,0
157062,34126,0,0.121876,0
24611,47766,0,0.029169,0
31093,781,0,0.022833,0
10507,14233,0,0.060575,0
106865,29142,0,0.014757,0
55979,14612,0,0.003533,0
32931,95,0,0.009966,0
188025,27104,0,0.163726,0
86236,21810,0,0.005414,0
31164,39411,0,0.110733,0
48906,48857,0,0.007509,0
125287,38400,0,0.037445,0
22040,28257,0,0.024628,0
92118,4421,1,0.024103,0
187082,14678,0,0.023287,0
42105,29662,0,0.009477,0
128511,46900,0,0.076095,0
104782,45948,0,0.003275,0
23824,21709,1,0.275292,1
106924,25740,1,0.192441,0
127781,49683,0,0.024993,0
50418,44961,0,0.021272,0
108937,3330,0,0.066109,0
159714,38770,0,0.028119,0
21163,2314,0,0.004112,0
103158,46667,0,0.189976,0
94792,38318,0,0.009426,0
45183,46984,1,0.107123,0
96999,43967,0,0.003874,0
89836,14852,0,0.009944,0
194012,18339,0,0.036644,0
103261,2050,1,0.062586,0
17070,2078,0,0.058606,0
109709,4790,0,0.038062,0
5951,10403,0,0.034489,0
51872,45066,0,0.006973,0
15743,28577,0,0.016946,0
166286,42625,0,0.203699,0
113176,48210,0,0.004816,0
103252,5332,0,0.001137,0
149182,7274,1,0.167182,0
146446,35951,0,0.027677,0
131048,23955,1,0.338403,1
27741,46131,0,0.081422,0
17647,17600,0,0.139148,0
35061,29780,0,0.00705,0
110505,7021,0,0.012081,0
142794,8955,0,0.001474,0
11576,22848,0,0.070951,0
20744,27690,0,0.027897,0
1264,20324,0,0.002011,0
109332,10333,0,0.086257,0
46715,884,0,0.005485,0
136275,28450,0,0.003523,0
162690,33234,1,0.404411,1
153236,23337,0,0.012469,0
141464,544,0,0.011732,0
104936,22069,0,0.094063,0
1240,30461,0,0.001403,0
10716,38029,0,0.012367,0
75853,18539,0,0.00771,0
48622,5603,0,0.014288,0
23808,17794,0,0.137795,0
22640,43086,0,0.038486,0
40109,20448,0,0.004169,0
127868,22298,0,0.020599,0
183606,40706,0,0.003529,0
92393,16479,0,0.008406,0
173945,46593,0,0.035882,0
156913,8787,0,0.008918,0
179873,26497,1,0.290528,1
136661,24062,0,0.015674,0
43524,43768,0,0.161667,0
167987,41437,0,0.086843,0
101368,44008,0,0.163803,0
167536,3376,0,0.044885,0
124721,33672,0,0.017112,0
76121,20400,0,0.022448,0
70078,975,0,0.025738,0
93083,40910,0,0.002079,0
176076,43735,0,0.005944,0
39620,37255,0,0.004122,0
8063,33089,0,0.026689,0
179746,20107,0,0.047778,0
153919,26767,0,0.013297,0
82464,32402,0,0.145959,0
148250,1483,0,0.003666,0
106061,5077,0,0.082998,0
164277,6576,0,0.002063,0
174996,38456,0,0.046219,0
174081,33752,0,0.00814,0
79785,31181,1,0.02709,0
46100,8929,0,0.024059,0
195998,41642,0,0.153654,0
141844,38293,0,0.003337,0
110442,14862,0,0.006004,0
79382,22180,0,0.237897,1
125955,17747,0,0.002612,0
195434,34969,0,0.012639,0
1495,14165,0,0.142198,0
184259,35921,0,0.15594,0
56870,23265,0,0.045604,0
74671,22952,0,0.036183,0
59595,34429,0,0.005066,0
10814,43643,0,0.112893,0
27837,28553,0,0.007008,0
149182,47854,0,0.037733,0
60040,39479,0,0.014589,0
39038,11941,0,0.022063,0
112656,22454,0,0.075545,0
88607,41845,0,0.01522,0
29344,10025,0,0.075289,0
32186,7694,0,0.028527,0
87100,35629,0,0.011827,0
64659,29456,0,0.008935,0
136555,16622,0,0.009444,0
186249,46226,0,0.149628,0
152717,11452,0,0.081019,0
160174,24279,0,0.078633,0
12647,8518,0,0.018109,0
25264,21183,0,0.014845,0
91263,12419,0,0.005646,0
15357,47532,0,0.00725,0
90687,27744,0,0.009913,0
74142,19691,0,0.004117,0
947,14895,0,0.028745,0
91193,48235,0,0.001443,0
127801,43352,0,0.060223,0
124727,4920,0,0.599182,1
29650,27966,0,0.01132,0
199850,14540,0,0.019756,0
144702,2835,0,0.02577,0
164294,46979,0,0.222737,0
32632,7021,0,0.001588,0
183512,24964,0,0.305374,1
125341,47716,0,0.017115,0
149542,35547,0,0.007231,0
177230,21616,0,0.048851,0
104433,2806,0,0.002025,0
525,26862,0,0.011211,0
129454,49275,0,0.030375,0
202941,27521,0,0.007263,0
138584,36316,0,0.036333,0
166280,13984,0,0.004576,0
65333,21461,0,0.097418,0
135185,8518,0,0.04478,0
26023,47626,0,0.011678,0
103547,43713,0,0.035274,0
154946,32638,0,0.019504,0
52075,25,1,0.23611,1
25030,23649,0,0.030628,0
158832,45645,0,0.124105,0
42945,17281,0,0.025013,0
158577,19051,0,0.004933,0
151574,27841,0,0.008291,0
183006,48163,0,0.016363,0
45528,1158,1,0.241575,1
169284,27737,0,0.00317,0
117733,40706,0,0.008425,0
47527,19734,0,0.084829,0
191148,16973,0,0.037896,0
62498,7622,0,0.126727,0
178846,8478,0,0.006557,0
114771,13338,0,0.07634,0
152919,14556,0,0.003744,0
1531,14376,0,0.0095,0
27573,30720,0,0.008813,0
140344,11046,0,0.037537,0
170489,37291,0,0.011389,0
183401,15261,0,0.033987,0
136888,35939,0,0.006178,0
107430,31985,0,0.018529,0
88375,18418,0,0.043207,0
102691,49131,0,0.092677,0
65470,15937,0,0.008466,0
42144,39059,0,0.032427,0
2558,22491,0,0.003645,0
80568,47144,0,0.012396,0
24541,27521,1,0.620087,1
151838,47500,0,0.074189,0
140607,21938,0,0.17551,0
58919,34134,0,0.312391,1
131883,28199,0,0.167178,0
182612,4605,0,0.100483,0
93246,21936,0,0.050736,0
117993,24964,0,0.007334,0
197103,26209,1,0.11051,0
126676,16462,0,0.00295,0
58218,41065,0,0.008139,0
135967,7978,0,0.013029,0
186261,12218,0,0.527147,1
39118,45842,1,0.093291,0
173405,29529,0,0.067021,0
56078,13514,0,0.020145,0
155788,33857,0,0.001681,0
80463,32052,0,0.106956,0
173543,32056,0,0.003716,0
42997,34350,0,0.005024,0
38163,31717,1,0.190485,0
141369,5250,0,0.002844,0
122380,21616,0,0.134525,0
141844,35842,0,0.011942,0
53840,43295,0,0.006378,0
192289,48476,0,0.018779,0
117357,13829,0,0.017376,0
143707,329,0,0.01802,0
129926,12392,0,0.011142,0
135839,47163,0,0.056177,0
169628,429,0,0.067218,0
98200,33572,0,0.264141,1
160222,31127,0,0.315532,1
89520,6184,0,0.00515,0
136940,43697,0,0.00256,0
102520,43205,0,0.007719,0
122028,30175,0,0.002579,0
66320,31725,0,0.125369,0
43120,31506,0,0.06431,0
136125,27258,0,0.024572,0
94268,43965,0,0.009213,0
20882,1541,0,0.01472,0
88484,5467,0,0.018405,0
199728,16816,1,0.081125,0
70140,30309,0,0.003451,0
78154,16185,0,0.011296,0
25451,47766,1,0.18023,0
103404,21137,1,0.436749,1
79970,42176,1,0.149233,0
92673,3869,0,0.001551,0
2518,4029,0,0.021548,0
76016,31683,0,0.065671,0
116401,26032,0,0.007688,0
150594,21301,0,0.034773,0
16882,21737,0,0.0785,0
168796,8953,0,0.032244,0
80204,29223,0,0.018831,0
15689,42674,0,0.005628,0
12540,47209,0,0.567823,1
4593,18811,0,0.003495,0
112455,3800,0,0.057772,0
105308,42447,0,0.23705,1
159004,43413,0,0.089684,0
15316,26431,0,0.251434,1
73425,42585,0,0.032657,0
14399,4920,1,0.093963,0
14684,12163,0,0.004387,0
197480,7916,0,0.211686,0
102494,12514,0,0.001775,0
125726,7818,0,0.010714,0
98364,8277,0,0.003576,0
28605,44471,0,0.011279,0
132217,7088,0,0.013665,0
76016,43961,0,0.168452,0
39766,35921,0,0.002678,0
136322,35108,0,0.015066,0
37710,42526,0,0.091729,0
34628,4960,0,0.012704,0
145250,1376,0,0.002799,0
21045,3513,0,0.063348,0
104600,44419,0,0.028343,0
120890,33898,0,0.013087,0
38178,28258,0,0.030089,0
146446,43165,0,0.010401,0
140014,22869,0,0.004369,0
113708,45260,0,0.009743,0
103732,29436,0,0.005493,0
23199,15466,0,0.022136,0
137300,9515,0,0.009378,0
160185,31506,0,0.016605,0
57511,6850,0,0.054063,0
206183,2086,0,0.01197,0
142050,3362,0,0.054151,0
151687,5794,0,0.029206,0
161194,4508,0,0.004608,0
38667,29956,0,0.138738,0
154695,1463,0,0.010921,0
48114,25466,0,0.045002,0
101176,28985,0,0.037909,0
100655,35077,0,0.005758,0
13979,1577,0,0.163627,0
19525,11688,0,0.083162,0
109451,35752,1,0.047614,0
65506,20052,0,0.024024,0
26083,17334,0,0.003937,0
146059,23986,0,0.002835,0
50214,48767,0,0.013333,0
13849,14168,1,0.176003,0
169915,47209,0,0.067623,0
127709,44570,0,0.002575,0
186140,47144,0,0.058707,0
108281,46064,0,0.064846,0
179374,3661,0,0.010079,0
24288,24852,0,0.060391,0
102188,34969,0,0.07827,0
199610,40942,0,0.321628,1
61791,8671,0,0.04106,0
103963,25718,0,0.048368,0
75664,2362,0,0.022344,0
100580,11826,0,0.057509,0
65981,25659,0,0.003468,0
167481,18432,0,0.152797,0
15537,937,0,0.002554,0
73517,25370,0,0.020963,0
111189,22169,0,0.004195,0
28098,16185,0,0.063943,0
120997,16823,0,0.028642,0
94178,48865,0,0.007721,0
40019,18370,0,0.009372,0
135431,3651,0,0.029543,0
205007,24382,0,0.025231,0
6962,30529,0,0.066129,0
14330,38683,0,0.11508,0
126256,23770,0,0.059044,0
60059,12727,0,0.045805,0
140797,22343,0,0.030599,0
99749,4429,0,0.012497,0
76323,5134,0,0.001892,0
142486,29921,0,0.02962,0
62495,35360,1,0.178023,0
99144,26201,0,0.015243,0
156850,8728,0,0.011232,0
146677,19759,0,0.005668,0
138358,26315,0,0.017945,0
189063,13627,0,0.096533,0
1722,15964,0,0.022222,0
40738,8518,0,0.021501,0
90539,24925,0,0.023089,0
68639,6104,0,0.375648,1
83780,3318,0,0.02991,0
153372,19508,0,0.009629,0
177988,45002,0,0.00483,0
7578,2596,0,0.003607,0
107888,33810,0,0.026438,0
127124,7723,0,0.144207,0
172977,45056,0,0.01349,0
60396,21137,0,0.007364,0
71883,32293,0,0.136856,0
166016,16185,1,0.018616,0
139285,1354,0,0.046487,0
17478,25637,0,0.03838,0
130852,6473,0,0.011613,0
73155,48732,1,0.040478,0
88973,39928,0,0.04414,0
32863,1818,0,0.001397,0
47257,30950,0,0.017814,0
78443,37208,0,0.02951,0
27536,43352,0,0.003332,0
120862,33274,0,0.011139,0
165364,8993,0,0.064458,0
28314,6615,0,0.018431,0
49875,5262,0,0.256807,1
183334,34165,0,0.014848,0
128010,15290,0,0.02084,0
103262,6101,0,0.012734,0
97309,25466,0,0.012163,0
95565,36962,0,0.008811,0
80428,46799,0,0.001723,0
73441,46749,0,0.147453,0
35441,45386,0,0.004158,0
138519,48957,0,0.030676,0
52479,14947,0,0.054179,0
66808,43569,0,0.006807,0
30829,13259,0,0.20845,0
35269,9595,0,0.007678,0
52647,33127,0,0.033308,0
91925,5025,0,0.011176,0
23998,43452,0,0.016857,0
120273,45535,0,0.006947,0
162777,12341,0,0.026264,0
3677,32573,1,0.044015,0
94119,21225,0,0.006732,0
29297,4675,0,0.004448,0
61772,27966,1,0.064197,0
144443,19057,0,0.046847,0
60604,22935,0,0.017,0
14865,26317,0,0.017976,0
5655,22825,0,0.028758,0
147066,15610,0,0.001379,0
24104,17341,0,0.01128,0
44209,49683,0,0.079839,0
168985,27796,0,0.005912,0
8028,13351,0,0.039831,0
202920,35072,0,0.011288,0
53075,47532,0,0.026771,0
165175,17872,0,0.038501,0
141657,24838,0,0.12726,0
148351,37665,0,0.038328,0
173032,14992,0,0.019118,0
133789,26209,0,0.003498,0
180531,19706,0,0.016466,0
173675,4205,0,0.025322,0
167263,43086,0,0.005965,0
150488,18531,1,0.205793,0
84851,34429,0,0.018819,0
202252,28289,0,0.019434,0
163036,22750,1,0.056044,0
27895,32030,0,0.014272,0
150695,37766,0,0.005429,0
104721,33718,0,0.009599,0
158077,27243,1,0.015655,0
103991,8424,0,0.006818,0
52482,20957,0,0.024472,0
103129,9092,0,0.007098,0
175284,25466,0,0.046226,0
25051,42699,0,0.120394,0
27923,29487,0,0.005251,0
178250,2717,0,0.007947,0
44618,35866,0,0.003832,0
9799,28204,0,0.021466,0
31875,17807,0,0.00472,0
62555,32757,0,0.003708,0
27495,29382,0,0.011495,0
167357,28204,0,0.107699,0
144908,34530,0,0.023648,0
69684,39922,0,0.080537,0
129711,8460,0,0.0146,0
29967,36693,0,0.004329,0
41295,34584,0,0.013907,0
95063,3761,0,0.00163,0
126038,23400,0,0.004352,0
90216,31506,0,0.125188,0
164325,24830,0,0.028866,0
162722,23215,0,0.013621,0
51111,19057,0,0.020836,0
165611,7297,0,0.045084,0
183428,12206,0,0.010123,0
146856,11163,0,0.206724,0
196391,13396,0,0.006225,0
22911,27845,1,0.453206,1
92618,32655,0,0.046267,0
177676,196,0,0.041364,0
24257,24852,0,0.159408,0
148999,3260,0,0.036032,0
43524,17794,0,0.080944,0
169013,27796,0,0.097982,0
105019,47042,0,0.001867,0
39903,4913,0,0.006522,0
196650,12834,0,0.001283,0
146263,5451,0,0.030173,0
47460,31553,0,0.012115,0
79285,18441,0,0.004436,0
79570,5484,0,0.008516,0
22849,12409,0,0.032934,0
167308,3390,0,0.001807,0
152928,23537,0,0.015134,0
33284,13176,0,0.425447,1
187954,19057,0,0.142116,0
196639,19846,0,0.042191,0
167308,28380,0,0.003551,0
182327,6361,0,0.04529,0
91470,47209,0,0.102623,0
143307,13409,0,0.108797,0
171125,38834,0,0.013841,0
40650,48395,0,0.030959,0
67847,11512,0,0.081174,0
15229,3339,0,0.004092,0
82834,47348,0,0.00163,0
158977,45007,0,0.015555,0
47682,14898,0,0.026784,0
113591,14084,0,0.078648,0
40604,37107,0,0.005977,0
99979,44014,0,0.005392,0
140999,30057,0,0.009073,0
201011,20940,1,0.313849,1
90414,19711,0,0.053588,0
173011,24852,0,0.568215,1
191135,35748,0,0.013076,0
194802,43743,0,0.039129,0
43718,37518,0,0.007636,0
27837,7948,0,0.016135,0
30496,44359,0,0.009888,0
115659,16254,0,0.118807,0
187337,21376,0,0.00937,0
173414,27521,0,0.135993,0
32690,26863,0,0.014026,0
109474,30827,0,0.066182,0
179824,48364,0,0.153935,0
192289,48595,0,0.007913,0
84280,17341,0,0.004808,0
192931,28883,0,0.024516,0
13927,32655,0,0.425809,1
191300,22935,0,0.01548,0
141124,36695,0,0.045725,0
35323,42768,0,0.045781,0
75148,29277,0,0.026659,0
180130,9076,0,0.084969,0
126302,36086,1,0.216309,0
180158,9510,0,0.00916,0
112426,46692,1,0.114718,0
137798,27288,0,0.040743,0
128263,17794,0,0.017016,0
70647,41149,1,0.090226,0
153785,16837,0,0.251696,1
1538,19604,0,0.011567,0
96267,8277,0,0.221517,0
71128,6046,0,0.080588,0
103599,4455,0,0.02018,0
50113,18175,0,0.014802,0
160005,23265,0,0.047359,0
34816,160,0,0.002819,0
86802,11961,0,0.009338,0
77362,34448,0,0.025338,0
36257,37849,0,0.02548,0
68986,26604,0,0.015267,0
110358,33000,0,0.016652,0
43299,24852,0,0.043342,0
126986,32566,0,0.360258,1
88154,48015,0,0.017853,0
42746,44008,0,0.004354,0
47912,49075,0,0.024197,0
82847,19478,0,0.011249,0
37283,25745,0,0.330253,1
164020,28798,0,0.118582,0
88027,42014,0,0.005067,0
99495,41540,0,0.019411,0
106407,19734,0,0.040423,0
86224,12127,0,0.02222,0
84178,47223,0,0.006792,0
177263,49496,0,0.005988,0
152664,37524,0,0.021493,0
20454,21938,0,0.003778,0
202849,47966,0,0.002835,0
184085,46990,0,0.054526,0
101645,13252,0,0.015163,0
184599,13182,0,0.021123,0
71259,31238,0,0.002167,0
114558,36185,0,0.343293,1
162386,22395,0,0.019654,0
59038,14653,0,0.022998,0
36740,8518,0,0.062522,0
194395,37119,0,0.016558,0
160672,41950,0,0.012227,0
70147,13176,0,0.025274,0
53690,12183,0,0.015333,0
137789,3740,0,0.015487,0
99268,24964,0,0.086995,0
166171,35430,0,0.031863,0
97821,37511,0,0.009883,0
12586,18625,0,0.00177,0
82461,26312,0,0.008802,0
199369,45574,0,0.039538,0
3320,28934,0,0.028907,0
187504,44895,0,0.028434,0
182059,27044,0,0.009299,0
119091,45535,0,0.01067,0
91862,2966,0,0.012574,0
97977,2974,0,0.005625,0
40592,5646,0,0.020394,0
41308,12686,0,0.009357,0
183158,1529,0,0.001676,0
177633,37354,1,0.361298,1
42401,36878,0,0.00588,0
97031,34126,0,0.025609,0
55924,41220,0,0.009806,0
107074,10108,0,0.031442,0
188171,25890,0,0.052939,0
114070,18883,0,0.011771,0
34414,48717,0,0.001284,0
139412,38622,0,0.021888,0
69643,42458,0,0.059725,0
159714,33990,0,0.027595,0
198013,42352,0,0.008804,0
101207,38768,0,0.477969,1
83648,22166,0,0.002547,0
72817,41629,0,0.031594,0
158387,49488,0,0.094977,0
90628,23178,0,0.006196,0
15710,651,0,0.011794,0
98664,46802,0,0.042133,0
54698,13452,0,0.190159,0
45930,41387,0,0.008486,0
46715,31915,0,0.042071,0
109942,29487,0,0.017342,0
173050,26209,0,0.074001,0
128184,27973,0,0.001834,0
140844,34497,0,0.006508,0
83524,23341,0,0.011621,0
163814,48679,0,0.03388,0
138242,14867,0,0.050506,0
161337,19681,0,0.001405,0
758,4451,0,0.008058,0
58226,48297,0,0.01562,0
16339,38693,0,0.009584,0
120997,28849,0,0.024057,0
143736,40002,0,0.092006,0
146234,21938,0,0.009868,0
110963,37188,0,0.004969,0
173751,19653,0,0.025746,0
49030,4605,0,0.003396,0
103448,32047,0,0.148396,0
29227,47766,0,0.029011,0
151259,22031,0,0.023587,0
112305,42030,1,0.377527,1
160317,46222,0,0.012601,0
201825,16616,0,0.148389,0
140777,48549,0,0.008487,0
16418,26856,0,0.181321,0
203924,19895,0,0.168418,0
205106,37257,0,0.083561,0
110835,31981,1,0.485549,1
104705,25588,0,0.01585,0
8545,16349,0,0.008195,0
32321,43295,0,0.057003,0
162140,21513,0,0.007866,0
29449,44944,0,0.003116,0
157542,24739,1,0.2434,1
188588,19156,0,0.006534,0
59137,7751,0,0.009689,0
173608,40516,0,0.016646,0
154726,49235,0,0.167934,0
78240,33065,0,0.001387,0
19627,16797,0,0.026497,0
22451,17830,0,0.012251,0
133919,30720,0,0.0024,0
46708,26895,0,0.014225,0
109227,18531,0,0.005355,0
29327,14461,0,0.004173,0
122833,44548,0,0.010007,0
71653,31248,0,0.004943,0
53996,22944,0,0.084969,0
190356,40604,0,0.004109,0
56886,16290,0,0.006312,0
121926,4461,0,0.004953,0
7713,45061,0,0.008082,0
72761,21405,0,0.18058,0
46041,7644,0,0.005838,0
204736,34358,0,0.059011,0
65284,48556,0,0.030449,0
37897,42736,0,0.082394,0
181597,35853,0,0.006903,0
37526,19478,0,0.065765,0
188565,1438,0,0.004546,0
114434,24320,0,0.03781,0
97886,18465,0,0.006512,0
6774,20842,0,0.006179,0
174559,40604,0,0.0623,0
162242,41950,0,0.031685,0
44089,39408,0,0.020139,0
121695,18288,0,0.236829,1
141517,33819,0,0.01581,0
42555,14129,0,0.002449,0
89795,365,0,0.005752,0
31216,5327,0,0.259267,1
29368,41319,0,0.046801,0
168530,26168,0,0.055477,0
66808,44661,0,0.005427,0
92699,13176,0,0.796142,1
202168,13740,0,0.122499,0
118374,25640,0,0.001698,0
199347,40992,0,0.009052,0
145444,42315,0,0.012872,0
91760,42719,0,0.052494,0
13950,22859,0,0.020025,0
153907,17560,0,0.001865,0
201797,35416,0,0.001603,0
161782,8382,0,0.017987,0
134216,43365,0,0.012926,0
49551,13673,0,0.004381,0
170144,35665,0,0.027187,0
124893,10749,0,0.034671,0
83512,4605,0,0.024789,0
128533,4269,0,0.001831,0
50264,21292,0,0.049233,0
152122,204,0,0.034438,0
4100,651,0,0.008122,0
110149,9844,0,0.011155,0
76309,31433,0,0.009197,0
115476,16797,1,0.503722,1
29775,43713,0,0.022557,0
24709,28289,0,0.005891,0
1654,38944,1,0.190838,0
77285,20837,0,0.005816,0
39928,6061,0,0.057356,0
35061,13997,0,0.012759,0
31200,21616,0,0.01053,0
109698,6274,0,0.025566,0
112976,41610,0,0.031125,0
92486,13774,0,0.013402,0
93772,30406,0,0.025872,0
195632,42183,0,0.009967,0
187507,31506,1,0.088963,0
163772,28427,0,0.082575,0
132217,31759,0,0.105738,0
158355,44880,0,0.002983,0
171281,27238,0,0.033223,0
5507,34024,0,0.047854,0
152410,46172,0,0.004383,0
99821,12099,0,0.115891,0
71151,7658,0,0.014283,0
193065,16797,0,0.042074,0
187564,20345,0,0.058321,0
33059,27949,0,0.004811,0
85070,46528,0,0.064557,0
93452,31601,0,0.038248,0
202776,37220,0,0.068298,0
42532,35451,0,0.023636,0
91289,32946,0,0.005955,0
160556,41223,0,0.007704,0
93504,35420,0,0.109042,0
17941,2763,0,0.005035,0
44272,33129,0,0.00714,0
166877,29405,0,0.033168,0
97011,22035,0,0.200757,0
127896,35363,0,0.016896,0
31307,34534,1,0.114677,0
10237,24708,0,0.179995,0
175316,45296,0,0.144448,0
199776,38312,0,0.080932,0
188559,12845,0,0.003867,0
10592,31486,0,0.006259,0
131973,9175,0,0.002349,0
54843,48726,0,0.010958,0
42059,1516,0,0.005145,0
31939,13984,0,0.001785,0
108684,30795,0,0.179306,0
1579,25640,0,0.018821,0
204348,39981,0,0.031526,0
98346,40516,0,0.282405,1
146625,21010,0,0.020576,0
63538,16797,0,0.008339,0
152573,46505,0,0.014855,0
164471,21019,0,0.001567,0
78900,12667,0,0.041123,0
176545,31701,0,0.059725,0
854,35231,0,0.006449,0
94525,31371,0,0.013734,0
62161,26242,0,0.030296,0
32551,17487,0,0.121579,0
206015,21616,0,0.146107,0
23217,46755,0,0.002977,0
60724,35004,0,0.014205,0
37979,45774,0,0.168967,0
115277,45007,0,0.125911,0
186311,10252,0,0.053084,0
76900,31605,0,0.155161,0
143219,47141,0,0.008261,0
72901,29987,0,0.009596,0
148409,23234,0,0.034448,0
170346,40868,0,0.048156,0
858,48193,0,0.011363,0
202990,28604,0,0.003763,0
23241,41220,0,0.001952,0
88375,24830,0,0.024969,0
133707,23801,0,0.101707,0
8744,45398,0,0.037893,0
101239,43889,0,0.042619,0
111999,18370,0,0.02725,0
64893,46906,0,0.069477,0
24105,47380,0,0.004728,0
171827,10032,0,0.008479,0
68484,26751,0,0.007897,0
204751,47626,0,0.013244,0
148097,2327,0,0.040553,0
35783,19508,0,0.008233,0
157312,28156,1,0.111717,0
73804,9550,0,0.073119,0
193896,7021,0,0.002593,0
50688,21903,0,0.151042,0
179775,44683,0,0.015107,0
93266,17151,0,0.039488,0
118273,6348,1,0.118669,0
167684,20767,0,0.014627,0
147199,8277,0,0.019549,0
146431,13457,0,0.011828,0
42344,10599,0,0.018394,0
21780,29640,0,0.021138,0
148707,38312,0,0.192192,0
205091,46022,0,0.0832,0
94268,46827,0,0.041586,0
53360,8670,0,0.008226,0
167497,35921,0,0.013089,0
55911,49215,0,0.10979,0
73160,33754,1,0.529998,1
74847,48229,0,0.009472,0
83668,38527,0,0.010452,0
1694,9547,0,0.097594,0
11986,44126,0,0.03321,0
24562,9794,0,0.008479,0
65120,30720,1,0.10388,0
176062,39199,0,0.17029,0
65524,37711,0,0.020288,0
199553,21903,0,0.203253,0
139301,664,0,0.001169,0
66500,7156,0,0.039508,0
128001,7644,0,0.176034,0
55136,19508,0,0.035342,0
129271,49605,1,0.134951,0
189600,25890,1,0.241404,1
192051,31927,0,0.155423,0
158758,25890,0,0.175472,0
2862,43504,0,0.161295,0
134621,43483,0,0.016675,0
93720,44683,0,0.016999,0
189455,20738,0,0.009094,0
178970,26209,0,0.186709,0
194628,27509,0,0.003464,0
162281,39984,0,0.083826,0
75243,21083,0,0.014909,0
170050,21903,0,0.041831,0
29381,39275,0,0.021954,0
148739,907,0,0.085684,0
146721,1511,0,0.037854,0
192027,34034,0,0.031836,0
4967,424,0,0.010474,0
108828,27845,0,0.063975,0
183200,31015,0,0.068956,0
202830,48205,0,0.009403,0
94150,12986,0,0.044704,0
170386,47492,0,0.109842,0
47379,25357,1,0.034941,0
153786,27093,0,0.037605,0
136097,5652,0,0.002577,0
93370,40709,0,0.016646,0
109765,3777,1,0.047322,0
73016,32700,0,0.082915,0
125128,9431,1,0.108022,0
44235,15144,0,0.013112,0
77052,7969,0,0.003639,0
52868,30759,0,0.001825,0
77489,26002,0,0.017551,0
117493,4232,0,0.01547,0
154060,277,0,0.011165,0
151120,43631,1,0.129836,0
52550,35708,0,0.017773,0
56048,23594,0,0.019677,0
39614,6994,0,0.017361,0
91303,19713,0,0.003383,0
171827,23740,0,0.021261,0
105428,31506,0,0.002086,0
159620,19677,0,0.07971,0
168938,3631,0,0.001747,0
130890,16254,0,0.03034,0
136402,21009,0,0.010231,0
14078,36287,0,0.023238,0
23789,4044,0,0.078595,0
106238,28248,0,0.02092,0
1461,13176,0,0.322334,1
184881,36550,0,0.058113,0
110633,46979,0,0.23547,1
96206,41831,0,0.010536,0
200589,21174,0,0.009337,0
68510,13702,0,0.020377,0
185322,47866,0,0.009161,0
18970,38984,0,0.010943,0
66997,34862,0,0.003612,0
17341,24857,0,0.035443,0
62670,34680,0,0.027582,0
61148,42240,0,0.004265,0
121463,12075,0,0.01853,0
149685,9839,0,0.019214,0
28558,13702,0,0.053483,0
119091,47626,0,0.034826,0
51198,27729,0,0.194019,0
179072,30907,0,0.033849,0
145849,44479,1,0.289482,1
145076,8518,0,0.047463,0
95676,7992,0,0.011025,0
195320,25659,0,0.091143,0
4418,23347,1,0.023874,0
39249,49198,0,0.037471,0
55369,26972,0,0.007249,0
46333,31096,1,0.496563,1
133057,14766,0,0.017417,0
174712,4605,0,0.055885,0
204759,5025,0,0.009094,0
43216,4462,0,0.018173,0
144268,38383,0,0.094488,0
31743,13924,0,0.003988,0
70675,19003,0,0.081078,0
103981,21447,0,0.016446,0
103211,47865,0,0.015997,0
190676,44632,0,0.010366,0
14263,34940,0,0.004733,0
65898,38182,0,0.030205,0
66699,8277,0,0.037725,0
25459,41665,0,0.017964,0
108231,4605,1,0.190169,0
101239,44422,0,0.050521,0
37993,35132,0,0.068634,0
121051,18572,0,0.044142,0
67026,31717,0,0.048543,0
202695,29328,0,0.016306,0
181491,14168,0,0.007986,0
30064,29487,0,0.006,0
130514,9825,0,0.036678,0
45042,8838,1,0.11834,0
29621,38159,0,0.006339,0
106994,17334,0,0.064213,0
39832,6721,0,0.027027,0
146840,26604,0,0.008356,0
169280,44359,0,0.019996,0
102034,6274,0,0.120589,0
147292,37658,0,0.025585,0
894,23734,0,0.002498,0
83544,21798,0,0.027155,0
64131,6829,0,0.033284,0
170600,46256,0,0.021012,0
16473,22492,0,0.074848,0
60425,13870,0,0.007969,0
47137,4957,0,0.135918,0
60084,28720,0,0.003314,0
126857,31528,0,0.005292,0
73375,36695,0,0.031473,0
59948,3104,0,0.028213,0
68651,44156,0,0.02474,0
188295,6328,0,0.031943,0
61395,30633,0,0.132581,0
56880,26604,0,0.015727,0
87398,31564,0,0.02763,0
128328,27845,0,0.060826,0
81261,42110,0,0.01078,0
181262,10108,0,0.24429,1
6427,30756,0,0.005243,0
4534,38760,0,0.090071,0
175890,26714,0,0.03063,0
36328,42736,0,0.024977,0
148252,24018,0,0.006816,0
99601,28985,0,0.095319,0
140359,11777,0,0.01406,0
30696,22298,1,0.563705,1
206201,25422,0,0.003621,0
92574,23805,0,0.04269,0
117435,30784,0,0.002229,0
115580,459,0,0.073802,0
161493,5460,0,0.018009,0
72281,13517,0,0.003675,0
146885,18889,0,0.001287,0
9982,7419,0,0.071268,0
98847,49683,0,0.268892,1
169444,31557,0,0.004623,0
182391,12427,0,0.023827,0
52707,38176,0,0.001749,0
32887,22228,1,0.706233,1
17514,24372,0,0.00554,0
30348,1160,1,0.776848,1
7006,9038,0,0.540649,1
8839,22995,0,0.03427,0
18247,27104,0,0.043265,0
160245,10644,0,0.008362,0
44842,5646,0,0.091817,0
34797,48726,0,0.001864,0
183129,24506,0,0.011763,0
91452,2086,0,0.115021,0
190919,31683,0,0.074218,0
168809,35561,0,0.013199,0
173972,23716,0,0.01462,0
49453,22046,1,0.41904,1
97526,13627,0,0.001463,0
178638,13176,0,0.058935,0
100926,28666,1,0.670795,1
52167,34605,0,0.024207,0
136861,10151,0,0.053182,0
111864,14678,0,0.00374,0
39068,11926,0,0.009413,0
57264,38291,0,0.046204,0
33204,29694,0,0.012148,0
30568,35887,0,0.064925,0
201609,13176,1,0.294135,1
18344,37524,0,0.027184,0
183101,27676,0,0.007016,0
159210,43713,0,0.028635,0
96955,44628,0,0.016967,0
67081,2450,0,0.0154,0
69324,432,0,0.007887,0
73235,13702,0,0.084633,0
38268,44560,0,0.032182,0
15503,49082,0,0.022659,0
205784,23064,0,0.004438,0
103791,12260,0,0.012018,0
105845,33000,0,0.1016,0
142559,47672,0,0.10156,0
43848,28985,0,0.07208,0
36245,27521,0,0.138325,0
129489,36058,0,0.002419,0
70561,16052,0,0.020488,0
62790,31808,0,0.021887,0
198020,9766,0,0.050312,0
144058,37836,0,0.051169,0
86896,41950,0,0.009368,0
95657,13512,0,0.087186,0
179310,18337,0,0.1057,0
86121,25659,0,0.01391,0
111443,13920,0,0.010115,0
25724,21405,1,0.310544,1
192693,8671,0,0.09952,0
57570,21938,0,0.078238,0
95129,11866,0,0.037205,0
78050,38293,0,0.009765,0
95953,49247,0,0.01736,0
87524,32691,0,0.06293,0
107972,6980,0,0.008175,0
74767,47209,0,0.027756,0
82265,41220,0,0.19573,0
154895,23243,0,0.024027,0
54707,28888,0,0.013554,0
196131,38159,0,0.074009,0
96936,46802,0,0.008352,0
26485,10602,1,0.092499,0
170222,24852,0,0.274205,1
115233,8518,0,0.040378,0
183250,49615,0,0.064624,0
132919,27796,0,0.009677,0
156096,39884,1,0.267901,1
135658,23537,0,0.002925,0
60406,1752,0,0.005814,0
63665,46853,0,0.047323,0
137624,29594,0,0.012396,0
121669,44142,0,0.005457,0
58841,42240,1,0.170767,0
199743,46138,0,0.003881,0
158552,39066,0,0.006762,0
59413,44479,0,0.020276,0
155910,48205,0,0.031602,0
112005,2295,0,0.028745,0
40202,44731,0,0.04815,0
175615,32842,0,0.228134,0
47436,26209,0,0.072644,0
112497,34262,0,0.027673,0
202334,45511,0,0.008818,0
192412,16145,0,0.003892,0
19102,41005,0,0.022855,0
57469,32480,0,0.020693,0
184197,47209,0,0.032178,0
25667,16859,0,0.01945,0
65294,34668,0,0.015938,0
45400,12338,0,0.018244,0
181620,24534,0,0.003698,0
102610,35951,0,0.019539,0
16559,46667,0,0.009219,0
88675,38693,0,0.034791,0
107208,23383,0,0.048777,0
54597,5621,0,0.01146,0
138085,22428,0,0.094775,0
25766,45123,0,0.018258,0
104167,47966,0,0.029788,0
188876,9755,0,0.065975,0
59108,22472,0,0.015914,0
94624,3045,0,0.011485,0
123815,38777,0,0.033359,0
166784,13176,0,0.200719,0
205091,40338,0,0.059853,0
161485,4461,0,0.005414,0
78292,46979,0,0.08713,0
160695,4675,0,0.005044,0
181167,21137,0,0.03827,0
179677,45106,0,0.008283,0
124240,278,0,0.015245,0
61298,48527,0,0.004696,0
51820,44570,0,0.401273,1
31189,45316,0,0.004651,0
95751,23898,0,0.121735,0
6036,22035,0,0.024634,0
41534,30146,0,0.002297,0
203692,11776,0,0.011465,0
33388,16479,0,0.013084,0
22749,17525,0,0.040549,0
187966,13225,0,0.025357,0
102831,30692,0,0.004356,0
127064,41437,0,0.026596,0
22410,38067,0,0.025065,0
81261,19706,0,0.013154,0
116031,38293,0,0.00226,0
154725,2309,0,0.003265,0
146271,46692,0,0.011841,0
5479,19527,0,0.038766,0
52852,3318,0,0.085548,0
57430,20940,0,0.118099,0
27830,7175,0,0.033108,0
142761,7969,0,0.063617,0
71961,47284,0,0.015903,0
179774,30442,0,0.215905,0
76527,15290,0,0.012711,0
164304,3486,0,0.005676,0
149066,15424,0,0.027932,0
200355,2322,0,0.142118,0
134985,40208,0,0.048602,0
63915,36765,0,0.004494,0
66057,4793,0,0.076726,0
130137,49605,0,0.030812,0
43612,44787,0,0.017134,0
32194,44570,0,0.010446,0
37723,34358,1,0.519213,1
51542,32312,0,0.158524,0
192544,28204,0,0.013027,0
13749,24583,0,0.013687,0
7440,39303,0,0.012058,0
136979,39224,0,0.219018,0
39757,46669,0,0.01318,0
186544,19283,0,0.024312,0
132653,23029,0,0.002878,0
42124,16525,0,0.029197,0
171216,8808,0,0.023318,0
5453,4920,0,0.019312,0
35531,23734,0,0.008076,0
87305,24852,0,0.265248,1
200416,39527,0,0.015484,0
16395,14332,0,0.001581,0
47566,28199,0,0.02109,0
73099,41463,0,0.019969,0
1297,14218,0,0.188524,0
191379,49191,0,0.034537,0
151822,45063,0,0.003672,0
179805,20119,1,0.216342,0
74361,45002,0,0.00298,0
48143,24489,0,0.012626,0
9879,23341,0,0.105018,0
187467,39792,0,0.092949,0
101383,31506,0,0.026065,0
107844,14077,0,0.0604,0
15192,40604,0,0.013304,0
93535,13995,0,0.008532,0
111073,3243,0,0.00144,0
87530,1999,0,0.18485,0
28628,33497,0,0.04116,0
14828,4056,0,0.233948,1
164383,39252,0,0.010681,0
195727,48364,0,0.052621,0
166196,28330,0,0.029889,0
200616,33651,0,0.131459,0
160334,39275,0,0.04172,0
157523,28985,0,0.302995,1
151304,11513,0,0.00341,0
26344,626,0,0.008633,0
127351,48395,0,0.004461,0
21889,11068,0,0.01338,0
474,41220,0,0.007096,0
32124,43768,0,0.403512,1
51329,47766,0,0.007121,0
108854,29675,0,0.012469,0
97660,36268,0,0.036112,0
199102,16995,0,0.007022,0
167573,15000,0,0.006933,0
36691,4605,1,0.225111,0
68500,34866,0,0.005418,0
49905,23634,0,0.012396,0
31751,45002,0,0.004589,0
149313,14726,0,0.028508,0
42481,47912,0,0.576741,1
131848,34530,0,0.023464,0
19185,9637,0,0.019935,0
47971,48225,0,0.018096,0
163156,39265,0,0.003871,0
135571,34259,0,0.046184,0
57352,2708,1,0.448686,1
84288,13249,0,0.013227,0
99555,31433,0,0.198032,0
120840,2314,0,0.041817,0
175437,37220,0,0.017786,0
195781,8699,0,0.055775,0
137545,31506,0,0.007742,0
97401,37646,0,0.004067,0
106655,21405,0,0.015668,0
149994,8193,0,0.051492,0
91937,40254,0,0.026314,0
102733,45492,0,0.041104,0
97764,248,0,0.011812,0
3794,2855,0,0.012263,0
152174,41844,0,0.020345,0
163023,27845,0,0.603222,1
69731,41220,0,0.015763,0
44202,32433,0,0.062436,0
163916,46540,0,0.031456,0
93126,28851,0,0.007824,0
4622,23236,0,0.003732,0
156233,37710,0,0.048484,0
150125,18828,0,0.145444,0
1579,31288,0,0.020335,0
61126,41273,0,0.081022,0
34091,22395,0,0.052646,0
6968,495,0,0.013762,0
27790,39475,0,0.345073,1
124721,29328,0,0.001745,0
34757,15902,1,0.535433,1
163484,16334,0,0.030873,0
113715,7559,0,0.00964,0
135690,15392,0,0.025203,0
83074,8021,1,0.252375,1
70867,39984,0,0.011472,0
77534,581,1,0.227134,0
90020,7021,0,0.019809,0
80883,14157,0,0.010254,0
164484,19161,0,0.023469,0
90334,17592,0,0.029576,0
97595,43568,0,0.002985,0
163189,47500,0,0.035754,0
183974,28204,0,0.097023,0
116287,27156,1,0.124444,0
33227,11058,0,0.030277,0
34025,23233,0,0.007597,0
32420,48364,0,0.10496,0
68160,5550,0,0.011127,0
33517,14734,0,0.017289,0
80100,49609,0,0.062624,0
113990,22825,0,0.100764,0
205712,28682,0,0.003557,0
85903,19057,0,0.007924,0
145281,23400,0,0.015014,0
67987,1158,0,0.028912,0
24201,2966,0,0.012551,0
127487,14870,0,0.003855,0
14910,38918,0,0.008733,0
201447,21614,0,0.038834,0
48590,33947,0,0.034524,0
157817,26209,0,0.019046,0
186225,32478,0,0.019652,0
140184,11090,0,0.020108,0
27671,14715,0,0.013907,0
58919,20947,0,0.231846,1
88254,20549,0,0.00621,0
113704,39475,0,0.055478,0
167509,21616,0,0.07536,0
47677,14862,0,0.009071,0
68081,43094,0,0.027397,0
126122,15575,0,0.001542,0
104710,41229,0,0.077842,0
171720,141,0,0.016205,0
85188,2024,0,0.019438,0
56301,5876,0,0.009136,0
195066,45581,0,0.013804,0
184722,29893,0,0.037624,0
95490,26029,0,0.003879,0
182060,22290,0,0.152658,0
181360,7952,0,0.00214,0
134621,260,0,0.03278,0
30429,14704,0,0.002351,0
101069,47766,0,0.1633,0
13546,26599,0,0.008867,0
29476,20782,0,0.006614,0
82516,39682,0,0.012354,0
179511,42625,0,0.071323,0
42072,7963,0,0.010982,0
115124,36315,0,0.035011,0
76323,44632,0,0.012284,0
126111,37096,0,0.02423,0
111887,11777,0,0.121349,0
121910,7898,0,0.011165,0
113726,9051,0,0.003301,0
150831,27344,0,0.122958,0
35441,37374,0,0.003133,0
17189,18418,0,0.002843,0
14407,17948,0,0.020711,0
94374,1902,0,0.017864,0
18957,42445,0,0.002345,0
186428,5605,0,0.002354,0
6672,148,0,0.00287,0
152139,31717,0,0.004967,0
162991,40706,0,0.009285,0
108341,40706,0,0.003721,0
49056,42633,0,0.193836,0
2100,13870,0,0.00196,0
106061,27356,0,0.020379,0
112022,21162,0,0.008887,0
187050,12206,0,0.035885,0
13533,46979,0,0.017401,0
205652,27544,0,0.04234,0
190011,22767,0,0.031687,0
136573,28204,0,0.004638,0
199780,35734,0,0.006642,0
117440,21501,0,0.0014,0
87024,23537,0,0.029322,0
162620,45954,0,0.015616,0
55979,26148,0,0.003503,0
30042,45063,0,0.018899,0
145705,6975,0,0.002326,0
149963,22948,0,0.044518,0
138164,46900,1,0.098516,0
106127,6031,0,0.062217,0
88273,12276,0,0.002138,0
76916,19173,0,0.029496,0
43326,39059,0,0.010376,0
73101,19565,0,0.289738,1
30599,43352,0,0.001965,0
71436,19801,0,0.002595,0
106556,10467,0,0.109768,0
77257,4605,0,0.111611,0
145262,21616,0,0.02045,0
71595,31343,0,0.012031,0
79216,33747,0,0.0197,0
199584,24852,0,0.500332,1
32887,44632,1,0.78691,1
139743,18656,0,0.004002,0
57119,34063,0,0.140751,0
59783,4855,0,0.244963,1
7965,47857,0,0.031579,0
35593,8536,0,0.047496,0
27418,20843,0,0.030165,0
204316,46257,0,0.016786,0
188161,41149,0,0.039366,0
138160,3172,0,0.006659,0
165835,48205,0,0.023125,0
74516,16830,0,0.004079,0
156825,35221,0,0.002788,0
61607,35004,0,0.080444,0
86555,44628,0,0.017028,0
34907,19878,0,0.010479,0
184212,8479,0,0.071171,0
155921,4605,0,0.259761,1
193280,41787,0,0.006293,0
195652,24010,0,0.049365,0
37511,40992,0,0.020777,0
104399,16607,0,0.008866,0
120296,44097,0,0.018177,0
158110,12714,0,0.095296,0
48936,11520,0,0.110833,0
32610,9755,0,0.018751,0
202100,18359,0,0.016683,0
115617,5097,0,0.012808,0
119781,25169,0,0.093905,0
104330,10369,0,0.048468,0
169064,39108,0,0.010816,0
179810,36086,0,0.007678,0
1358,39657,0,0.050746,0
161710,38772,0,0.016152,0
146612,39275,0,0.086856,0
139107,15143,0,0.001635,0
132846,32931,0,0.034918,0
188177,25763,1,0.025699,0
193980,19981,0,0.005461,0
71731,39425,0,0.003102,0
75551,40199,0,0.016264,0
30429,44142,0,0.005472,0
459,27966,0,0.054038,0
17472,23650,0,0.007558,0
72558,11580,0,0.110562,0
12160,25890,0,0.033536,0
145953,10662,0,0.022621,0
134723,49352,0,0.004225,0
130071,2846,0,0.015683,0
202500,4749,0,0.001967,0
94997,2846,0,0.015088,0
100584,41212,0,0.05876,0
8683,32578,0,0.04502,0
128648,6972,0,0.053235,0
201330,22518,0,0.009601,0
154757,20114,0,0.057488,0
41703,20163,0,0.179277,0
91193,29487,0,0.008564,0
109244,8203,0,0.004154,0
117090,30950,0,0.009981,0
35421,30489,0,0.025464,0
104721,18963,0,0.009402,0
188284,10246,1,0.139334,0
76735,44133,0,0.05348,0
42131,21582,0,0.067788,0
34598,47900,1,0.045561,0
81823,42315,0,0.016474,0
38219,13176,0,0.147783,0
119157,10749,0,0.004238,0
195254,45721,0,0.009489,0
51911,33731,0,0.063547,0
189949,23909,0,0.079825,0
59732,1633,0,0.027844,0
88424,14627,0,0.00701,0
136097,39475,0,0.005949,0
147130,47977,0,0.041722,0
104626,35951,1,0.182375,0
48661,42495,0,0.014317,0
130552,40706,0,0.21616,0
144523,21100,0,0.038885,0
197110,42557,0,0.076341,0
112935,30635,0,0.011132,0
108335,11121,0,0.010314,0
33128,14678,0,0.008377,0
4649,11782,0,0.022017,0
191004,13866,0,0.011811,0
162960,42736,0,0.053152,0
82369,9387,0,0.111071,0
201975,25569,0,0.004614,0
167132,32079,0,0.002835,0
149256,18565,0,0.064298,0
187627,10500,0,0.002245,0
193589,31845,0,0.029126,0
62329,14459,0,0.011689,0
47625,8075,0,0.037768,0
65243,13070,0,0.006309,0
124089,13194,0,0.12318,0
128068,20118,0,0.009589,0
30944,41242,0,0.025724,0
170624,3896,0,0.028964,0
66996,18534,0,0.097085,0
195398,33791,0,0.232408,1
140460,13176,0,0.017201,0
199304,20980,0,0.010804,0
130741,17691,0,0.082523,0
143118,47626,0,0.011177,0
62399,17487,0,0.232671,1
101858,42535,0,0.06599,0
147503,37947,0,0.051205,0
5960,11777,0,0.001856,0
81495,47059,0,0.500903,1
105845,15392,0,0.01633,0
93504,12290,0,0.04951,0
67975,13143,0,0.003757,0
23461,26861,0,0.008018,0
203844,25305,0,0.078371,0
179973,24489,0,0.019073,0
111976,34039,0,0.005801,0
190344,47209,0,0.068413,0
90006,17461,0,0.059916,0
70048,43760,0,0.001847,0
199334,3807,0,0.017115,0
111000,39427,0,0.016443,0
58040,21616,1,0.252153,1
7202,47658,0,0.011906,0
191355,44422,0,0.001994,0
64470,3207,0,0.03772,0
156105,20580,0,0.02297,0
141227,8615,0,0.027316,0
15243,36956,0,0.039396,0
15454,37552,0,0.024963,0
93287,5067,0,0.025039,0
150437,38944,0,0.014561,0
166456,11535,0,0.013001,0
77749,47144,0,0.156265,0
16103,47804,0,0.017421,0
189077,7419,0,0.152984,0
179415,22963,0,0.033362,0
7592,17435,0,0.015077,0
45762,21938,0,0.011197,0
198807,48377,0,0.098674,0
96233,10429,0,0.042477,0
13194,26165,0,0.006567,0
117435,48679,0,0.005282,0
49432,47144,1,0.090891,0
114944,23197,0,0.006982,0
74530,8955,0,0.009783,0
25067,283,0,0.003229,0
191789,5077,0,0.335565,1
129680,41808,0,0.051504,0
15843,28493,0,0.011592,0
51213,12796,0,0.00727,0
34054,21709,0,0.415785,1
132687,7563,0,0.027722,0
120713,10780,0,0.001422,0
203244,1357,0,0.003772,0
64808,17872,0,0.00923,0
67858,28842,0,0.020734,0
125368,27377,0,0.006458,0
68528,36865,0,0.022122,0
82347,28710,0,0.205363,0
8179,812,0,0.059557,0
184815,43352,0,0.325363,1
98317,15016,0,0.295426,1
14228,13176,0,0.166668,0
106708,30007,0,0.003357,0
56240,32099,0,0.235333,1
146023,17454,0,0.007116,0
20083,6218,0,0.002402,0
198372,44142,0,0.05196,0
51498,19766,0,0.267681,1
194026,37065,0,0.012066,0
89149,40516,0,0.002519,0
120862,23140,0,0.049599,0
157302,18599,0,0.015302,0
136131,2024,0,0.00277,0
169300,38400,0,0.194993,0
77751,45535,1,0.274485,1
7719,2124,0,0.027873,0
193746,3358,0,0.005316,0
200607,31717,1,0.121227,0
116693,9387,0,0.283973,1
18166,36956,0,0.022122,0
102555,9759,0,0.003604,0
48320,40256,0,0.002762,0
52008,11733,0,0.020904,0
155035,1263,0,0.065726,0
85460,46359,0,0.0293,0
195023,12961,0,0.028717,0
69942,20919,0,0.046585,0
139107,27311,0,0.001623,0
136266,18599,0,0.066426,0
83157,34969,0,0.014317,0
171771,19046,0,0.021791,0
194674,9839,0,0.088879,0
86865,38656,0,0.015398,0
195146,21137,0,0.008387,0
123237,18923,0,0.007645,0
129856,4081,0,0.034446,0
137076,22035,0,0.403387,1
99201,40388,0,0.030245,0
166508,7500,0,0.030213,0
161564,38837,0,0.132465,0
22451,39275,0,0.003925,0
35221,500,0,0.022945,0
72517,30450,0,0.088623,0
131663,22569,0,0.009708,0
195527,24964,0,0.266441,1
190497,3599,0,0.018027,0
203421,760,0,0.024449,0
180045,9411,0,0.144636,0
47331,8872,0,0.011743,0
14279,4524,0,0.267475,1
136998,36011,0,0.006727,0
45145,27179,0,0.003478,0
69521,35417,0,0.311098,1
77503,46075,0,0.092947,0
142252,36956,0,0.146707,0
130374,18918,0,0.003005,0
81221,35503,0,0.12221,0
120356,19359,0,0.076894,0
21163,32717,0,0.001585,0
79471,25043,0,0.015347,0
125774,40982,0,0.002685,0
5856,15102,0,0.026586,0
197351,44014,0,0.004545,0
17553,46673,1,0.031201,0
203416,3098,0,0.014628,0
51861,24838,0,0.133027,0
64317,44632,0,0.014499,0
41632,26374,0,0.029952,0
36740,24737,0,0.05631,0
155396,1468,1,0.018778,0
206012,15386,0,0.008784,0
85444,8518,0,0.073259,0
1021,49,0,0.009149,0
152763,36601,0,0.009436,0
15418,27336,0,0.026197,0
8843,39491,0,0.007964,0
84148,5212,0,0.058599,0
200607,32666,0,0.02312,0
87350,25305,0,0.024152,0
105198,4210,0,0.312174,1
139765,31960,0,0.061305,0
165577,44457,0,0.005941,0
127584,40342,0,0.022443,0
140653,32744,0,0.278655,1
46715,17794,0,0.0087,0
53944,23414,0,0.004266,0
111611,15134,0,0.020944,0
177476,22586,0,0.002174,0
34479,34969,0,0.459583,1
20239,4920,0,0.024077,0
166066,8048,0,0.023718,0
65849,8976,0,0.005917,0
95863,7705,0,0.008095,0
27959,8301,0,0.005804,0
31785,5373,0,0.006112,0
19274,19821,0,0.103806,0
61626,46817,0,0.041234,0
160595,24313,0,0.025208,0
63612,26553,0,0.021519,0
97992,47734,0,0.033922,0
77330,44245,0,0.120053,0
82121,33342,1,0.050551,0
26785,31506,0,0.020065,0
198258,7901,0,0.011581,0
28605,21616,0,0.015213,0
86669,32828,0,0.003701,0
162798,43772,0,0.075188,0
176690,30233,0,0.094011,0
197107,15200,0,0.00184,0
153826,3856,0,0.015885,0
63195,26369,0,0.097809,0
115561,22275,1,0.027676,0
96996,36498,0,0.034122,0
57633,46941,0,0.180904,0
178412,17704,0,0.016687,0
29799,20748,0,0.048615,0
12402,31618,0,0.007663,0
46631,27966,0,0.100414,0
91610,16853,0,0.011205,0
174074,48551,0,0.005252,0
61045,24838,0,0.036168,0
199834,20253,0,0.015486,0
149199,46676,1,0.034834,0
86558,1025,0,0.001477,0
8581,26209,0,0.041791,0
104843,30960,0,0.004262,0
7279,31948,0,0.002801,0
11253,42710,0,0.009605,0
137789,28311,0,0.008522,0
75632,20549,0,0.007188,0
165699,23405,0,0.003591,0
98317,18926,0,0.07894,0
98622,24852,0,0.239392,1
97013,20631,0,0.02439,0
78867,5612,0,0.017948,0
199665,2966,0,0.058609,0
49120,43490,0,0.006233,0
104121,18465,0,0.062928,0
161474,33129,0,0.276025,1
79235,19073,0,0.01068,0
168802,24373,0,0.098104,0
191172,17835,0,0.016606,0
78240,26209,0,0.002465,0
163506,24852,0,0.062303,0
173543,7500,0,0.004599,0
195632,13176,1,0.273839,1
172088,18072,0,0.006181,0
52404,41844,0,0.01056,0
78888,41787,0,0.063335,0
24326,20099,0,0.010291,0
19794,24852,0,0.028603,0
114229,5098,0,0.044321,0
89126,31147,0,0.022777,0
149717,8986,0,0.007596,0
171358,31997,0,0.004338,0
110739,24254,0,0.020413,0
143118,31066,0,0.008896,0
74157,41950,0,0.017304,0
142644,39024,0,0.014843,0
140433,26728,0,0.006741,0
64781,3631,0,0.003002,0
66925,35951,0,0.09959,0
88254,21903,0,0.028573,0
124329,3599,0,0.010951,0
35493,713,0,0.004947,0
187832,35171,0,0.089319,0
135479,9472,0,0.01355,0
13620,42736,0,0.002548,0
101886,41842,1,0.081414,0
678,9152,0,0.006458,0
171390,48583,0,0.007005,0
75109,6664,0,0.003806,0
45235,26665,0,0.057681,0
181135,21616,0,0.037146,0
68639,28986,0,0.021883,0
59784,46667,0,0.008296,0
133605,21903,0,0.004787,0
75182,17027,0,0.016877,0
43148,44486,0,0.043519,0
113855,40706,0,0.052549,0
196413,20211,0,0.009209,0
77362,36924,0,0.003754,0
98518,20460,0,0.009335,0
99653,43463,0,0.005185,0
84896,28432,0,0.003557,0
112783,16535,0,0.027246,0
63812,29944,0,0.013497,0
12177,38400,0,0.019484,0
11747,45002,0,0.003269,0
54843,37220,0,0.085311,0
150865,432,0,0.016546,0
115176,8475,0,0.038775,0
164766,39620,0,0.048546,0
58936,890,0,0.034695,0
168889,5516,0,0.031938,0
189669,13755,0,0.015126,0
42883,48555,0,0.330663,1
41094,30696,0,0.024561,0
188334,9601,0,0.002969,0
174373,16521,0,0.018156,0
192064,23236,0,0.002299,0
58522,1460,0,0.025131,0
13979,8174,0,0.160659,0
138826,47788,0,0.117329,0
140749,44987,0,0.038736,0
75707,4086,0,0.031173,0
47866,45007,0,0.062186,0
15537,47297,0,0.001757,0
129843,3970,0,0.017555,0
9342,23363,0,0.033721,0
191817,16953,0,0.00924,0
181483,17924,0,0.159692,0
38763,24698,0,0.008377,0
110636,21249,0,0.003243,0
86099,49026,1,0.073538,0
184716,33095,0,0.009897,0
15656,20876,1,0.377193,1
11752,25623,0,0.016832,0
167313,15902,0,0.025404,0
66501,40706,0,0.106814,0
189129,48364,0,0.021304,0
50043,46676,0,0.417123,1
116129,16617,0,0.012455,0
125780,24622,0,0.010239,0
163732,45946,0,0.013755,0
128635,20995,0,0.038292,0
194877,48628,0,0.023045,0
204814,27845,0,0.015845,0
128210,33129,0,0.002106,0
203731,22227,0,0.025829,0
145228,41665,0,0.015314,0
83652,21938,1,0.044376,0
118629,7948,0,0.034881,0
26041,40706,0,0.122009,0
134233,26131,0,0.088316,0
18922,35004,0,0.054493,0
60577,43352,0,0.020446,0
40437,29176,0,0.060344,0
92343,24852,0,0.028014,0
36269,14498,0,0.001877,0
169471,18471,0,0.001923,0
92856,37710,0,0.014109,0
147475,34458,0,0.014681,0
111968,26209,0,0.020379,0
3561,6046,0,0.182075,0
157708,12845,0,0.029036,0
50008,16083,0,0.037259,0
130115,19660,0,0.012317,0
75664,38298,0,0.139697,0
164448,2954,0,0.006906,0
193708,46616,0,0.003074,0
111495,17872,0,0.325742,1
110018,30169,0,0.002932,0
44862,18288,0,0.01516,0
199336,11594,0,0.017412,0
42031,47042,0,0.032755,0
182179,8239,0,0.046985,0
140008,22035,0,0.015077,0
33111,44817,0,0.004031,0
67684,3098,0,0.006084,0
33564,5085,0,0.008327,0
176160,38067,0,0.021052,0
112176,2611,0,0.008955,0
82621,22888,0,0.025428,0
34861,48057,0,0.002189,0
202188,12997,0,0.02076,0
150458,14966,0,0.018543,0
196413,10212,0,0.018738,0
72097,43654,0,0.012422,0
198629,49300,0,0.003342,0
21528,9532,0,0.005611,0
53525,31886,0,0.056957,0
12435,15290,0,0.053505,0
89000,22935,0,0.020142,0
146337,47803,0,0.103546,0
191729,7303,0,0.025558,0
55894,34849,0,0.004307,0
32632,47766,0,0.027595,0
167188,49401,0,0.050667,0
195117,4799,0,0.092624,0
193650,46515,0,0.001556,0
91957,127,0,0.018012,0
188914,41220,0,0.010921,0
163117,25704,1,0.278345,1
199299,7948,0,0.056918,0
172153,42356,0,0.009789,0
36190,39832,0,0.003043,0
36599,40405,0,0.201964,0
27529,10673,0,0.004323,0
14705,42828,0,0.009465,0
166467,11576,0,0.066276,0
149093,45282,0,0.003329,0
64258,5566,0,0.002327,0
46874,34004,0,0.021669,0
46810,17747,0,0.041003,0
149784,5876,0,0.014377,0
113230,18023,0,0.023582,0
150090,7901,0,0.040352,0
136337,46906,0,0.352341,1
56308,36962,0,0.019543,0
14077,10132,0,0.013879,0
175033,3962,0,0.027139,0
191483,45,0,0.006709,0
162657,12797,0,0.004032,0
78071,44142,0,0.215416,0
70209,21137,1,0.534963,1
184893,46667,0,0.03065,0
62382,43772,0,0.02036,0
148755,18362,0,0.499238,1
7310,33316,0,0.064638,0
185681,6915,0,0.041715,0
18524,21137,0,0.32224,1
23787,39450,0,0.023308,0
174177,26209,0,0.004921,0
129909,9076,0,0.54679,1
44582,19677,1,0.850895,1
144058,27871,0,0.206057,0
117554,12254,0,0.006979,0
107992,5621,0,0.029695,0
194121,28079,0,0.007563,0
172671,4605,0,0.245333,1
141606,18331,0,0.00182,0
173850,32958,0,0.034455,0
136568,14864,0,0.016183,0
103327,20352,0,0.014135,0
185008,16953,0,0.005424,0
47968,34358,0,0.024235,0
139869,27521,0,0.020721,0
171956,46688,0,0.003089,0
118548,3957,1,0.464132,1
54112,23233,0,0.282021,1
132793,7349,1,0.06008,0
32895,29487,0,0.351364,1
158933,41055,0,0.003706,0
84586,48551,0,0.057898,0
10666,40545,0,0.071581,0
28513,17663,1,0.047906,0
90548,16953,0,0.014607,0
197683,14814,0,0.005942,0
93608,37606,0,0.031261,0
50843,49533,0,0.012985,0
13960,36111,0,0.038544,0
185920,26283,0,0.006191,0
201694,24852,0,0.057774,0
174050,2452,0,0.121739,0
41335,11827,0,0.038692,0
153234,46906,0,0.036905,0
16882,37108,0,0.036893,0
56115,12284,0,0.018514,0
84569,5621,0,0.004701,0
27109,20583,0,0.402176,1
131702,22890,1,0.033878,0
150313,26648,0,0.023198,0
60778,31040,0,0.018087,0
163096,13866,1,0.271177,1
38185,37487,0,0.002369,0
189958,10358,1,0.534431,1
203072,38984,0,0.011178,0
140880,6184,1,0.23822,1
90030,24838,0,0.15203,0
41498,10673,0,0.018401,0
145953,49236,0,0.023219,0
186270,31066,0,0.00454,0
92721,31717,0,0.009988,0
154001,15995,0,0.010899,0
174342,32299,0,0.005148,0
166508,29622,0,0.012374,0
35473,24852,0,0.052649,0
198629,8075,0,0.005731,0
110569,19057,0,0.223129,0
80445,27521,0,0.041306,0
164808,46906,0,0.032425,0
178265,21137,0,0.029603,0
4531,18272,0,0.012232,0
94764,24764,0,0.006108,0
56187,28601,0,0.015852,0
160006,25985,0,0.003731,0
59848,329,1,0.037563,0
141547,32689,1,0.183171,0
48342,44987,0,0.007459,0
151994,17634,0,0.0022,0
72213,45535,0,0.015528,0
188559,8056,0,0.002466,0
89402,8076,0,0.025393,0
101069,49169,0,0.015452,0
20744,28849,0,0.008638,0
51934,29252,0,0.018772,0
50385,4054,0,0.01052,0
34616,39094,0,0.003179,0
155015,457,0,0.024046,0
47624,13143,1,0.495406,1
90911,35713,0,0.009928,0
203399,7622,0,0.006017,0
139370,22935,0,0.031452,0
145890,33294,0,0.008979,0
6307,40723,0,0.02237,0
119851,15475,0,0.004883,0
67661,6543,0,0.015719,0
151378,28985,0,0.050665,0
81651,23219,0,0.023646,0
11813,49644,1,0.025193,0
177097,37642,0,0.006485,0
4646,37538,0,0.124305,0
147575,9337,0,0.004797,0
106964,33731,0,0.02487,0
48370,3947,0,0.121681,0
109563,25286,0,0.035255,0
146239,6462,0,0.034038,0
136573,8203,0,0.001641,0
111191,42625,0,0.00951,0
89126,10794,1,0.587286,1
184629,45063,0,0.004515,0
154895,10518,0,0.096437,0
71601,7021,0,0.015834,0
140395,8021,0,0.080547,0
11813,26209,0,0.02232,0
5936,40377,0,0.00199,0
124230,39719,0,0.054327,0
80923,18681,0,0.017524,0
206113,3599,0,0.109946,0
31776,11798,0,0.004296,0
106804,8670,0,0.004701,0
40093,17794,0,0.038059,0
198633,39040,0,0.014578,0
68157,33136,0,0.094724,0
95422,46789,1,0.275068,1
2192,12419,0,0.008106,0
27774,18341,0,0.003971,0
57829,27887,0,0.001781,0
155632,49306,0,0.080595,0
128132,47759,1,0.163952,0
45736,26350,0,0.035297,0
142375,41674,0,0.004899,0
7313,5938,0,0.291494,1
124158,36426,0,0.010411,0
188674,20246,0,0.01207,0
120704,24970,0,0.005634,0
133597,28970,0,0.011842,0
69368,40332,0,0.058933,0
82605,7419,0,0.035499,0
128068,17530,0,0.013732,0
172102,13176,0,0.037582,0
175083,920,0,0.033991,0
9079,46361,0,0.087434,0
180804,26604,0,0.029121,0
25471,2482,0,0.027833,0
45861,35176,0,0.087468,0
149568,10132,0,0.017969,0
51034,22610,0,0.193427,0
20872,43772,0,0.027271,0
98586,49621,0,0.113218,0
111789,20919,0,0.00413,0
110549,39719,0,0.006314,0
196458,19678,1,0.125167,0
97661,1062,0,0.005124,0
182194,40598,0,0.007157,0
155421,46069,0,0.02236,0
107666,9076,0,0.060692,0
8627,33862,0,0.045554,0
34240,13176,1,0.635833,1
124104,7158,0,0.1294,0
166968,17679,0,0.007392,0
121910,24838,0,0.012926,0
185841,27486,1,0.018316,0
50604,28931,0,0.00927,0
72817,5436,0,0.003236,0
78502,36082,0,0.018037,0
21819,14287,0,0.001471,0
45582,33515,0,0.018495,0
51872,47977,0,0.002442,0
40270,5597,0,0.150113,0
25303,19643,0,0.155409,0
110102,6274,0,0.006765,0
97095,11837,0,0.002867,0
164637,31716,0,0.009499,0
181920,19019,0,0.011032,0
101465,13852,0,0.045202,0
26913,37141,0,0.057586,0
197082,6343,0,0.027246,0
205976,24852,0,0.033394,0
182302,31945,1,0.464211,1
145025,16726,0,0.017286,0
29642,33825,0,0.004819,0
47746,17149,0,0.011929,0
15389,35898,0,0.03702,0
188805,10685,0,0.111857,0
135241,28381,0,0.034407,0
204039,37646,0,0.014969,0
46448,13083,0,0.118744,0
147475,31717,0,0.048895,0
98881,5450,0,0.053326,0
138165,31727,0,0.007927,0
46761,33080,0,0.032863,0
176886,45788,1,0.060649,0
200300,16797,0,0.0361,0
88303,37288,0,0.009407,0
172677,42263,0,0.010024,0
129758,36606,0,0.052877,0
60875,11941,0,0.02066,0
72583,13176,0,0.299091,1
121148,45664,0,0.026348,0
179440,9829,0,0.019514,0
144475,28204,0,0.043785,0
51253,13829,0,0.088553,0
114111,49131,0,0.014775,0
96770,22699,0,0.019178,0
93921,24184,0,0.020783,0
170970,42903,0,0.017186,0
61519,5973,0,0.021265,0
202530,15094,0,0.023909,0
138588,33352,0,0.21913,0
164907,11440,0,0.012335,0
147836,48697,0,0.0338,0
44331,4966,0,0.003172,0
62242,49615,0,0.099854,0
89832,8732,0,0.028832,0
182620,46552,0,0.004144,0
184962,32714,0,0.015842,0
114311,39850,0,0.005323,0
163916,39844,0,0.130009,0
123256,16083,0,0.526049,1
184197,42736,1,0.030927,0
110159,32981,0,0.025956,0
51921,43271,0,0.0055,0
49475,46979,0,0.155704,0
43427,30489,1,0.426575,1
92825,49260,0,0.030555,0
7843,20512,0,0.002913,0
81502,38797,0,0.033907,0
21088,24903,0,0.012834,0
110739,34220,0,0.010536,0
161425,31737,0,0.01275,0
100780,6531,0,0.413122,1
90066,24427,0,0.043896,0
34994,49191,0,0.019593,0
82525,30471,0,0.002679,0
179871,33950,0,0.011313,0
178391,30057,0,0.007881,0
188790,23909,0,0.031652,0
18524,27750,0,0.010111,0
31057,3142,0,0.009262,0
155289,40009,1,0.148147,0
134489,31915,0,0.013218,0
143581,40332,0,0.495481,1
51831,45064,0,0.15592,0
110894,43798,0,0.027593,0
172717,47280,0,0.046237,0
57992,44394,0,0.040059,0
127954,22922,0,0.035775,0
198769,28476,0,0.057829,0
36785,8053,0,0.048138,0
44320,47766,0,0.048688,0
180905,34310,0,0.006237,0
149548,28553,0,0.173743,0
78240,29610,0,0.00186,0
135386,2024,0,0.012082,0
132872,7746,0,0.008134,0
74202,30391,0,0.006331,0
8418,7021,0,0.008517,0
123943,24010,0,0.034772,0
111073,40293,0,0.004596,0
7852,34551,0,0.049998,0
2474,15591,0,0.001948,0
92486,23291,0,0.032958,0
155492,1217,0,0.012692,0
194219,25588,0,0.005629,0
81221,32304,0,0.022071,0
21171,5322,0,0.029126,0
203706,16802,0,0.00569,0
69410,24852,0,0.055647,0
55255,26317,0,0.061188,0
89411,21386,0,0.147187,0
1986,21100,1,0.217645,0
193576,25217,0,0.09376,0
193743,21903,1,0.267664,1
66242,9804,0,0.004595,0
91789,25172,0,0.041976,0
154202,32734,0,0.043489,0
152199,46979,0,0.164444,0
69656,18740,0,0.003749,0
161563,41645,0,0.001312,0
102232,28936,0,0.02095,0
147628,30849,0,0.060874,0
37809,28771,0,0.011368,0
11121,30639,0,0.020139,0
82166,34824,0,0.18814,0
184039,12597,0,0.009297,0
89520,10509,0,0.002875,0
76025,17461,0,0.376927,1
68923,5422,0,0.008761,0
20606,27544,0,0.003934,0
134725,39002,0,0.002141,0
38164,26717,0,0.00163,0
119710,5785,0,0.039719,0
33169,42193,0,0.002455,0
80924,2752,0,0.042717,0
161717,48726,0,0.002646,0
156077,8506,0,0.085112,0
199705,32655,0,0.05556,0
126233,32647,0,0.044789,0
25185,43713,0,0.018605,0
23430,28968,0,0.033958,0
182859,8192,0,0.013992,0
201112,33493,0,0.006302,0
161457,23719,0,0.003917,0
15047,16521,0,0.148666,0
108052,14553,0,0.127625,0
23949,21137,0,0.005493,0
172083,26298,0,0.005875,0
164622,20995,0,0.02711,0
174081,35510,0,0.006866,0
167075,23734,0,0.05228,0
58337,24830,0,0.018663,0
151770,13198,0,0.081949,0
22767,43765,0,0.009376,0
167848,36487,0,0.096028,0
23822,36086,0,0.043295,0
16118,5785,0,0.013658,0
105521,39275,1,0.603918,1
91339,432,1,0.696209,1
107867,35708,0,0.010367,0
108939,36389,0,0.008065,0
139086,11777,0,0.077293,0
46485,48229,1,0.014677,0
36497,28204,0,0.019668,0
112943,8193,0,0.020015,0
140408,17550,0,0.118712,0
131610,19484,0,0.013911,0
88945,32839,1,0.392408,1
103541,21405,0,0.006342,0
133661,31683,0,0.127028,0
23797,1935,1,0.081785,0
151334,19468,0,0.001638,0
4027,22935,0,0.00796,0
4192,30391,0,0.021277,0
190923,32605,0,0.023486,0
54889,44368,0,0.094044,0
204181,7129,0,0.029087,0
72971,35209,0,0.001637,0
4663,47156,0,0.146027,0
26356,15570,0,0.056651,0
47805,47626,0,0.203403,0
61925,24852,0,0.021037,0
54283,17838,0,0.014463,0
195416,49236,0,0.002644,0
9377,31041,0,0.109774,0
92138,11462,0,0.008599,0
162860,5103,0,0.004502,0
29046,11199,0,0.031263,0
101261,39561,0,0.072231,0
93992,25886,0,0.029216,0
192761,37067,0,0.165511,0
93902,27963,0,0.066969,0
205240,42680,0,0.045021,0
91035,32177,0,0.052052,0
67568,21544,0,0.034969,0
162654,13851,0,0.046079,0
88896,32467,0,0.006341,0
29888,9995,0,0.028723,0
43815,31878,0,0.026011,0
4754,46346,0,0.07316,0
165027,22474,0,0.006116,0
194395,32281,0,0.001606,0
134048,47570,0,0.096309,0
65798,39716,0,0.036622,0
186140,27845,0,0.694717,1
92991,16083,0,0.155425,0
57328,27086,0,0.008587,0
138190,21405,0,0.065466,0
19353,11448,1,0.022654,0
30827,37317,0,0.009588,0
152938,28785,0,0.002361,0
3233,24838,0,0.316183,1
154306,47766,0,0.064988,0
57380,16696,0,0.00609,0
155596,11827,0,0.002351,0
186225,12164,0,0.013912,0
124611,47986,0,0.037699,0
179070,18127,0,0.006144,0
30527,21038,0,0.032947,0
33343,42633,0,0.00936,0
9282,19906,0,0.029352,0
176545,49683,0,0.047679,0
30857,3646,0,0.063918,0
104235,1939,0,0.034306,0
95126,4595,0,0.017499,0
67388,45007,0,0.046769,0
44331,12914,0,0.00198,0
17560,44912,0,0.020624,0
194153,8195,0,0.048315,0
153246,37460,0,0.066595,0
55768,10246,0,0.002271,0
60754,44368,0,0.032479,0
39006,26683,0,0.007502,0
170697,6473,0,0.004927,0
84716,4806,0,0.006404,0
120888,32446,0,0.009358,0
77410,26924,0,0.016606,0
1297,42768,0,0.025384,0
183575,26152,0,0.027422,0
85450,48057,0,0.050035,0
10925,48205,0,0.053426,0
188169,47463,0,0.006845,0
169183,26315,1,0.093476,0
107840,11737,0,0.190743,0
53868,5097,0,0.01423,0
176427,31343,0,0.052808,0
13841,44337,0,0.032316,0
37358,7131,0,0.042683,0
17048,8153,0,0.027157,0
178958,5456,0,0.016608,0
177016,15937,0,0.002405,0
180067,31040,0,0.037406,0
137212,44500,0,0.34902,1
99614,40706,1,0.169616,0
80603,38365,0,0.208023,0
32229,5586,0,0.014167,0
55856,33754,0,0.002809,0
131903,26800,0,0.009988,0
136195,18792,0,0.010412,0
97031,21903,0,0.016121,0
114778,1359,0,0.019868,0
33240,35068,0,0.002055,0
123981,26347,0,0.004437,0
113176,4855,0,0.006074,0
9576,39380,0,0.010097,0
77435,34450,0,0.018753,0
81912,6199,0,0.001413,0
4788,13064,0,0.003977,0
110089,41950,0,0.017681,0
192020,11949,0,0.147603,0
167313,42265,1,0.082155,0
154081,35510,0,0.399626,1
133597,29095,0,0.00748,0
33217,28264,0,0.05694,0
176208,18281,0,0.006887,0
34703,23192,0,0.01102,0
115958,42252,0,0.328566,1
159240,36691,0,0.446954,1
197581,4920,0,0.027999,0
140329,13176,0,0.350344,1
7479,27243,1,0.034972,0
114359,33741,0,0.004323,0
49938,5449,0,0.002239,0
150785,27658,0,0.012031,0
139633,20527,0,0.001692,0
105599,26604,0,0.016821,0
135543,42677,0,0.017248,0
188600,21903,0,0.027884,0
67542,27966,0,0.051412,0
2477,48368,0,0.051586,0
142523,1244,0,0.057831,0
67568,9092,0,0.003312,0
151304,35951,0,0.003209,0
33265,28204,0,0.017634,0
48138,3550,0,0.021964,0
157542,23025,0,0.025634,0
181920,13640,0,0.004217,0
91370,21267,0,0.014004,0
173050,18383,0,0.209144,0
140040,38944,0,0.005105,0
5960,42888,0,0.001672,0
75300,21019,0,0.012813,0
201436,25890,0,0.013318,0
192731,31506,0,0.023301,0
61899,6228,0,0.001805,0
198258,43772,0,0.003291,0
36573,48210,1,0.131037,0
98968,45650,0,0.02073,0
31118,45103,0,0.001799,0
189898,19048,0,0.026324,0
115235,37053,0,0.024377,0
32597,21292,0,0.01466,0
27520,5258,0,0.396213,1
2783,20114,0,0.075653,0
108643,27292,0,0.005136,0
117393,30776,1,0.687506,1
1563,29326,0,0.00164,0
141567,4591,0,0.018493,0
33302,12341,0,0.047784,0
28139,24561,0,0.010627,0
4383,33343,0,0.004288,0
193106,21996,0,0.02678,0
189034,29582,0,0.020931,0
38622,39861,0,0.012164,0
135172,47280,1,0.011216,0
170349,49478,0,0.010702,0
38910,37524,0,0.015046,0
138623,45210,0,0.040491,0
87638,34850,0,0.057295,0
174085,12409,0,0.002332,0
67890,12018,0,0.002117,0
110363,44375,1,0.009868,0
46145,40199,0,0.020544,0
64761,116,0,0.010898,0
46450,9710,0,0.003621,0
32718,21137,0,0.35247,1
57640,22935,0,0.013022,0
167190,2611,0,0.001902,0
39802,4853,0,0.036294,0
79887,5505,0,0.01001,0
37526,39922,0,0.087161,0
191930,35182,0,0.024327,0
64319,17461,1,0.116437,0
199817,18079,0,0.01917,0
16487,5223,0,0.066742,0
153321,27845,0,0.202878,0
23797,34448,0,0.009524,0
88697,8424,0,0.114518,0
183334,19348,0,0.048256,0
62558,21709,0,0.029156,0
46367,5514,0,0.025066,0
34755,47144,0,0.631773,1
32980,21478,0,0.068376,0
134776,34134,0,0.004515,0
71128,22935,0,0.043944,0
400,14924,0,0.051555,0
181383,44475,0,0.056862,0
17356,26648,0,0.008314,0
156640,28199,0,0.011523,0
24984,10246,0,0.009571,0
202124,22260,0,0.017329,0
116416,9932,0,0.007488,0
144802,29987,0,0.006499,0
186444,16445,0,0.002055,0
86558,32689,0,0.002711,0
52819,7065,0,0.010441,0
134078,42701,0,0.026014,0
43125,23035,0,0.048993,0
32781,21938,0,0.067339,0
17956,29615,1,0.190615,0
30910,42557,0,0.040799,0
171735,44830,0,0.040028,0
14401,36180,0,0.027142,0
63687,24130,0,0.006318,0
202529,3512,0,0.119669,0
200101,25087,0,0.013014,0
54517,39275,0,0.013254,0
116209,27086,1,0.249822,1
107159,21793,0,0.001915,0
15994,48720,0,0.016026,0
165716,10132,0,0.021599,0
155120,12932,0,0.229963,0
155421,18479,0,0.012619,0
178915,49111,0,0.007212,0
106812,5618,0,0.003342,0
124446,39858,0,0.006895,0
158603,10385,0,0.026614,0
135492,15689,0,0.032689,0
150528,18471,0,0.004335,0
151204,25133,0,0.075864,0
63559,42783,0,0.001515,0
124286,29327,0,0.033374,0
171542,41544,0,0.010317,0
38485,16290,0,0.053677,0
179696,44661,0,0.008889,0
34211,3405,0,0.018873,0
152938,9043,0,0.00297,0
122352,30291,0,0.004371,0
93375,21019,0,0.045142,0
83469,21903,0,0.016383,0
142590,23001,0,0.057495,0
138214,13838,0,0.014124,0
95460,37948,0,0.006366,0
139730,11461,0,0.010477,0
76171,26728,0,0.018224,0
107983,1529,0,0.029593,0
117335,12409,0,0.020366,0
101711,42680,0,0.03059,0
24777,35750,0,0.00495,0
109494,3835,1,0.113495,0
185919,13085,0,0.002502,0
180930,13176,0,0.008717,0
404,13176,0,0.164461,0
153372,26369,0,0.080356,0
16014,19516,0,0.019433,0
157775,3480,0,0.152763,0
128979,18286,0,0.026912,0
150746,1111,0,0.012026,0
37244,31717,0,0.389242,1
165919,31573,0,0.015764,0
50778,33819,0,0.045016,0
43836,33757,0,0.034688,0
162712,19711,0,0.002796,0
191270,13409,0,0.031951,0
196729,25035,0,0.013753,0
173753,42495,1,0.796637,1
2628,42971,0,0.01066,0
136640,27104,0,0.042274,0
108888,23537,0,0.002018,0
85389,31683,0,0.109255,0
152464,20533,0,0.027983,0
77772,38185,0,0.007367,0
72571,3696,0,0.011449,0
19760,18441,0,0.025563,0
172188,8362,0,0.053703,0
102846,13870,0,0.075615,0
155687,27845,1,0.174682,0
142137,1649,0,0.006646,0
190211,9426,0,0.263102,1
83505,25824,0,0.005114,0
80647,33198,0,0.144415,0
193455,26209,0,0.144784,0
528,27689,0,0.015319,0
39571,28842,0,0.020762,0
173580,41674,0,0.012516,0
111611,34433,0,0.018708,0
50227,27177,0,0.002892,0
196639,8424,1,0.278345,1
107946,42719,0,0.026448,0
167649,42828,0,0.014194,0
119710,42736,0,0.034157,0
118686,44811,0,0.012616,0
165703,5646,0,0.027491,0
55353,21095,0,0.009066,0
82433,20607,0,0.010749,0
25030,18027,0,0.068344,0
76527,43789,0,0.087707,0
69991,42221,0,0.02299,0
148980,44570,0,0.009707,0
15062,39275,0,0.005513,0
10765,2611,0,0.21459,0
50174,47025,0,0.004224,0
103042,26456,0,0.012814,0
127202,20119,0,0.152616,0
68203,24852,1,0.117633,0
23280,33451,0,0.004497,0
53267,20082,0,0.283035,1
51723,30391,0,0.012386,0
153703,9389,0,0.017849,0
113129,39812,0,0.003398,0
49606,46962,0,0.008897,0
85426,19200,0,0.06718,0
34793,24852,0,0.047193,0
68852,35887,0,0.010775,0
28078,30391,0,0.016422,0
63149,39928,0,0.004116,0
181528,32655,0,0.702453,1
202940,12074,0,0.003902,0
25276,8854,0,0.030471,0
145618,41406,0,0.0193,0
34946,1819,0,0.002249,0
124872,781,0,0.091274,0
21554,40469,0,0.001564,0
15586,2180,0,0.015695,0
170970,27156,0,0.031523,0
141174,10872,0,0.001716,0
100822,15937,0,0.323394,1
172493,13176,0,0.018635,0
4131,2800,0,0.002397,0
124643,12481,0,0.012252,0
50817,3787,0,0.009075,0
137850,35594,0,0.309842,1
85665,12907,0,0.004523,0
52672,46175,0,0.087491,0
165117,32655,0,0.188375,0
32073,33000,0,0.006699,0
88348,15447,0,0.00236,0
95332,22472,0,0.042958,0
166205,29311,0,0.023757,0
170509,8903,0,0.063285,0
112176,11513,0,0.034538,0
77416,21949,0,0.136773,0
205861,40516,0,0.05414,0
153463,21793,0,0.003051,0
161844,23955,1,0.19001,0
116480,32734,0,0.071644,0
194451,20947,0,0.011439,0
85622,31486,0,0.005584,0
177468,27243,0,0.001276,0
20067,49144,0,0.013266,0
101527,15765,1,0.048585,0
132640,27086,0,0.033528,0
204654,46257,0,0.014413,0
30143,19272,0,0.016653,0
152107,21137,0,0.029765,0
56280,18988,0,0.005879,0
159047,47000,0,0.062529,0
37521,3896,0,0.027528,0
199829,25931,1,0.319155,1
7279,2002,0,0.005671,0
139890,8277,0,0.164021,0
94141,47626,0,0.084587,0
110394,5067,0,0.033595,0
10404,8091,0,0.016681,0
25480,40214,0,0.008739,0
170822,26173,0,0.065195,0
185546,35476,0,0.015841,0
170282,17303,0,0.11429,0
137689,18963,0,0.001733,0
67817,30286,0,0.047527,0
171236,33294,0,0.006138,0
100389,5491,1,0.029971,0
26523,14678,0,0.038638,0
90081,24901,0,0.004741,0
135429,38033,0,0.122203,0
37010,7632,0,0.016455,0
114362,24852,0,0.030001,0
128570,33845,0,0.016435,0
184990,5450,1,0.621706,1
175495,25146,0,0.057324,0
121115,27307,0,0.025996,0
621,40709,0,0.032376,0
131974,8596,0,0.115105,0
72699,25890,0,0.009252,0
11888,16797,0,0.008841,0
153777,4544,0,0.003901,0
16969,47626,0,0.004515,0
168386,37066,0,0.017826,0
109953,34584,0,0.020715,0
63812,11520,0,0.123888,0
29227,26209,0,0.03971,0
184128,27216,0,0.152717,0
95068,36036,0,0.038778,0
155723,49555,0,0.002142,0
119471,3098,0,0.059761,0
4850,22620,0,0.010939,0
69476,31955,0,0.00729,0
3753,27413,0,0.011356,0
191446,38288,0,0.002794,0
142746,26679,0,0.002517,0
24362,210,0,0.001556,0
117090,6758,0,0.580358,1
19319,40063,0,0.044854,0
189895,15937,0,0.008274,0
176390,4221,0,0.03141,0
24529,46906,0,0.012943,0
188942,43920,0,0.001785,0
145265,46650,0,0.054024,0
189226,13431,0,0.018899,0
103370,19478,0,0.024039,0
202844,14218,1,0.014357,0
63955,18963,0,0.00238,0
74920,49520,0,0.040052,0
101340,17795,0,0.003421,0
1240,40411,0,0.001876,0
32487,22802,0,0.403481,1
83145,9065,0,0.005767,0
160468,30489,0,0.299601,1
190156,6313,0,0.012434,0
134153,44811,0,0.013461,0
11576,39275,0,0.19055,0
23189,6667,0,0.003381,0
127868,40923,0,0.035346,0
4916,7969,1,0.296196,1
11161,24852,0,0.049267,0
95984,35167,1,0.046175,0
102860,26800,0,0.026302,0
80475,46654,0,0.14251,0
81641,32303,0,0.055029,0
50352,35494,0,0.009239,0
154631,46175,0,0.044724,0
127291,32650,0,0.23779,1
164075,28441,0,0.003542,0
158166,28670,0,0.026599,0
199325,13575,0,0.05905,0
203267,12986,0,0.052249,0
191587,1468,0,0.14439,0
132103,44008,0,0.184288,0
107314,12419,0,0.004023,0
68751,9225,0,0.031727,0
191191,20549,0,0.016771,0
26843,27801,0,0.006252,0
64573,33225,0,0.263647,1
85534,37876,0,0.003889,0
198104,29874,0,0.003913,0
20091,48946,0,0.010305,0
9530,38456,0,0.009801,0
91043,28465,0,0.009093,0
127589,14571,0,0.045467,0
6977,7963,0,0.00447,0
188687,17905,0,0.003268,0
39682,5618,0,0.024817,0
205091,2498,0,0.160365,0
188441,49239,0,0.005423,0
42971,28202,0,0.06487,0
188188,5025,0,0.012706,0
44513,15632,0,0.070879,0
50377,49139,0,0.04014,0
6774,34137,0,0.001439,0
165754,47766,0,0.036655,0
13824,48364,1,0.203469,0
66599,26384,0,0.057863,0
136266,21295,0,0.036713,0
181277,4799,1,0.219126,0
59604,43122,0,0.048275,0
113989,24852,1,0.679285,1
5384,2832,0,0.037975,0
168812,9038,0,0.019284,0
110736,10673,0,0.005903,0
83336,16560,0,0.04859,0
33098,18908,0,0.061238,0
112552,27247,0,0.117715,0
127743,33626,0,0.002485,0
198261,25393,0,0.001463,0
14692,11520,0,0.111001,0
79570,26201,0,0.003541,0
78750,45763,0,0.012579,0
73352,4210,0,0.176515,0
17031,28862,0,0.002314,0
180188,13823,0,0.012478,0
202332,42356,0,0.051395,0
160328,44683,0,0.415288,1
138255,32851,0,0.006437,0
168597,45603,0,0.180611,0
196604,21906,0,0.003297,0
17566,39348,0,0.050623,0
152847,17159,0,0.021743,0
169489,6104,0,0.032064,0
61794,24964,0,0.066511,0
206101,42796,0,0.031933,0
163794,17747,0,0.003724,0
400,19508,0,0.00426,0
158808,29388,0,0.032591,0
196047,9339,0,0.045069,0
117422,45447,0,0.014496,0
145890,7940,0,0.004767,0
84842,43789,0,0.129349,0
89205,1940,0,0.027807,0
65974,19868,0,0.005353,0
163822,32553,0,0.002876,0
180437,40706,0,0.008336,0
125441,8643,0,0.017948,0
75664,44776,0,0.018728,0
154146,46906,0,0.019174,0
99221,22395,0,0.004335,0
113532,18761,0,0.020018,0
20064,33471,0,0.050295,0
95565,16975,0,0.011995,0
5479,23612,0,0.014448,0
86537,39662,0,0.024024,0
135569,24852,0,0.221523,0
67689,40790,0,0.002968,0
26086,47990,0,0.005981,0
85750,46720,0,0.010783,0
41875,8153,0,0.005636,0
35723,42460,1,0.22342,0
177415,16797,0,0.151164,0
187969,47209,1,0.380912,1
96355,24852,0,0.281935,1
17448,45822,0,0.018121,0
78856,30442,0,0.076056,0
191058,16137,0,0.100064,0
18047,12576,0,0.101612,0
90850,15003,0,0.01056,0
90450,21050,0,0.009801,0
145342,39351,0,0.007316,0
51116,12212,0,0.107266,0
152357,40545,0,0.05333,0
99958,5077,0,0.202782,0
204848,6288,0,0.003935,0
36010,1035,1,0.235166,1
45178,13176,0,0.02608,0
196704,41757,0,0.011194,0
5784,6615,0,0.06037,0
154581,29112,0,0.118697,0
63748,39408,0,0.03616,0
107936,9647,0,0.006781,0
145355,45007,0,0.071748,0
27429,18471,0,0.00655,0
156893,5479,0,0.008141,0
79008,31562,1,0.054607,0
188564,2536,0,0.013167,0
172880,9159,0,0.004489,0
54020,2390,0,0.00589,0
2077,3233,0,0.037841,0
53130,24956,0,0.009272,0
67178,46667,0,0.013677,0
77549,48745,0,0.060215,0
125102,13926,0,0.00962,0
119225,7249,0,0.003259,0
143831,13914,0,0.009971,0
21331,46638,0,0.036273,0
167091,27730,0,0.093353,0
154556,49478,0,0.008753,0
35,42625,0,0.013282,0
8792,33847,0,0.01162,0
54191,29127,0,0.027092,0
180344,44142,0,0.028678,0
148396,46886,0,0.09175,0
101032,30406,0,0.093221,0
88487,48825,0,0.083737,0
185191,47229,1,0.01783,0
98295,1203,1,0.086123,0
166772,24489,0,0.010006,0
149595,26915,0,0.025137,0
64761,19415,0,0.0233,0
90009,4799,0,0.091597,0
30172,33433,0,0.023015,0
185529,8277,0,0.075292,0
148834,4146,0,0.121478,0
193134,43961,0,0.106048,0
148730,25351,0,0.026841,0
69970,26767,0,0.012988,0
19794,37940,0,0.004863,0
18159,20152,0,0.015309,0
178701,38508,0,0.027935,0
12514,12409,0,0.00576,0
138115,45356,0,0.020116,0
88278,42585,0,0.011543,0
35169,28038,0,0.00424,0
42345,26283,0,0.015686,0
178612,44229,0,0.21224,0
182010,8638,0,0.002847,0
172153,28156,0,0.020807,0
137699,24852,0,0.055483,0
134699,5303,0,0.007194,0
47737,45681,0,0.0078,0
123309,45965,0,0.012524,0
4543,18880,0,0.009578,0
50076,24852,0,0.070695,0
17555,27402,0,0.031548,0
115659,48093,0,0.028317,0
49868,44932,0,0.001927,0
43868,26790,0,0.052373,0
203599,48697,0,0.036323,0
8774,49198,0,0.214209,0
158411,41844,0,0.005986,0
111322,45544,0,0.007729,0
59709,3539,0,0.008373,0
31118,5250,0,0.002489,0
180360,20691,0,0.04094,0
151050,41674,0,0.062816,0
183259,31577,0,0.024789,0
24539,47668,0,0.003951,0
56402,24363,0,0.055885,0
52327,33198,0,0.059658,0
7974,15872,0,0.021339,0
38820,427,0,0.004568,0
40391,49683,0,0.042333,0
204799,37472,0,0.009874,0
161079,18498,0,0.010537,0
93106,1783,0,0.00592,0
168525,30183,1,0.260973,1
53897,7358,0,0.06069,0
97401,6774,0,0.01064,0
180884,45965,0,0.081643,0
51312,5876,0,0.066833,0
78785,38949,1,0.024755,0
125707,4591,0,0.024058,0
60994,32689,0,0.036813,0
89753,42265,0,0.024268,0
197470,40516,0,0.009367,0
204548,19508,0,0.038338,0
16032,48679,0,0.149322,0
196314,39692,0,0.006405,0
83544,35535,0,0.061176,0
187814,28836,0,0.029752,0
182216,8535,0,0.009996,0
82574,38928,0,0.040644,0
167873,33394,0,0.005519,0
54912,6987,0,0.001849,0
37041,28985,0,0.120506,0
17922,48205,0,0.015858,0
181080,18918,0,0.004264,0
175398,21938,1,0.687665,1
112872,15386,0,0.013628,0
117037,29270,0,0.005056,0
133316,24028,0,0.010477,0
65790,1940,1,0.550655,1
158244,20595,0,0.289909,1
24719,27845,1,0.867399,1
29563,33135,0,0.009883,0
149412,9871,0,0.009866,0
33059,39247,0,0.001329,0
51118,23025,0,0.008613,0
40627,46979,0,0.025084,0
38032,13646,0,0.006551,0
183640,9799,0,0.025201,0
177544,26497,0,0.007802,0
102622,38996,0,0.040831,0
59340,43654,0,0.020028,0
115567,9175,0,0.147541,0
164679,30489,0,0.012865,0
50747,20583,0,0.00237,0
1791,40571,0,0.025729,0
64203,24964,1,0.225091,0
34131,43961,0,0.01766,0
152561,2039,0,0.004615,0
56406,117,0,0.007863,0
119037,28825,0,0.014363,0
113459,8277,0,0.171615,0
118428,37371,0,0.052465,0
622,2120,0,0.024517,0
174836,8087,0,0.00272,0
33947,28709,0,0.002916,0
25730,9210,0,0.006691,0
72143,36051,0,0.117424,0
52227,24190,1,0.213954,0
44631,13077,0,0.009139,0
186556,16185,0,0.004923,0
76435,21938,0,0.05517,0
195573,15630,0,0.001319,0
102104,49683,0,0.107942,0
55557,37552,1,0.239631,1
88481,49075,0,0.048219,0
88804,47229,1,0.140945,0
183286,22640,0,0.038322,0
32627,49520,0,0.028659,0
10443,11146,0,0.006921,0
148396,31642,0,0.067342,0
23207,17948,0,0.01707,0
64873,8518,0,0.025431,0
15454,44195,0,0.038665,0
173751,4920,0,0.04337,0
200156,17284,0,0.023963,0
62194,13176,0,0.355995,1
83616,46720,0,0.088045,0
73328,18987,0,0.04514,0
23070,40706,0,0.066898,0
131860,28226,0,0.502368,1
60430,23715,0,0.007388,0
127547,2519,0,0.002834,0
18505,47626,0,0.168628,0
6069,34126,0,0.024625,0
100687,16423,0,0.011625,0
170825,48933,1,0.317567,1
199743,13170,0,0.001854,0
49657,34126,0,0.075742,0
80032,37849,0,0.063365,0
148237,41844,0,0.005077,0
61820,15404,0,0.039115,0
184406,38159,0,0.005933,0
20083,38734,0,0.001993,0
187817,32864,0,0.216975,0
127896,44142,0,0.019476,0
157036,21903,1,0.127836,0
76666,23763,1,0.1581,0
18986,44368,0,0.089572,0
67731,21288,0,0.197762,0
19220,36685,0,0.035418,0
66096,42009,0,0.002847,0
199337,16797,0,0.016736,0
51496,21626,1,0.084956,0
25830,22920,0,0.003856,0
188225,15987,0,0.163193,0
46023,48697,0,0.018522,0
99845,36192,0,0.00195,0
12739,30561,0,0.600124,1
178125,5460,0,0.061494,0
135847,20840,0,0.02945,0
123960,44051,0,0.043165,0
95573,19322,0,0.330363,1
149981,39275,0,0.065535,0
32922,39465,0,0.00333,0
91276,27000,0,0.007515,0
197767,27953,0,0.003494,0
103189,18594,0,0.02022,0
183504,28985,0,0.04804,0
112111,48745,0,0.011856,0
35017,7645,0,0.006736,0
31118,16911,0,0.001315,0
80842,31040,0,0.056497,0
150983,34126,0,0.162586,0
59721,42441,0,0.048578,0
106281,42110,0,0.078456,0
162111,32108,0,0.008708,0
188318,45066,1,0.475306,1
99520,11087,0,0.002429,0
73122,47610,0,0.020089,0
64168,21903,0,0.028098,0
47252,29127,0,0.028781,0
91180,5769,0,0.034837,0
69252,7952,0,0.002754,0
158210,45194,0,0.045939,0
18170,41950,0,0.048497,0
58321,43768,0,0.01221,0
23023,4658,0,0.002745,0
154350,3481,0,0.009994,0
16032,43647,0,0.016783,0
9710,14650,0,0.036607,0
28496,21333,0,0.007786,0
51489,8479,0,0.050215,0
151994,44142,0,0.030084,0
138921,26604,0,0.015536,0
132793,522,0,0.025993,0
127178,2567,0,0.004743,0
51841,32403,0,0.025636,0
152477,45774,0,0.001454,0
173125,44632,0,0.633623,1
106267,39977,0,0.01331,0
31319,37208,0,0.004208,0
14315,14444,0,0.045454,0
198385,22935,0,0.014405,0
127202,29763,0,0.241458,1
181090,28985,0,0.006136,0
123920,16521,0,0.018062,0
31880,14553,0,0.004548,0
11171,40706,0,0.017178,0
171343,10106,0,0.023564,0
142782,5785,0,0.164336,0
87818,43961,0,0.028036,0
167310,47900,0,0.020278,0
181729,22025,0,0.003393,0
121596,311,0,0.001795,0
183782,21403,0,0.009991,0
66044,45747,0,0.040339,0
186631,29640,0,0.032836,0
13225,23405,0,0.013623,0
142100,1440,0,0.003046,0
105241,38544,0,0.020412,0
34370,47196,0,0.033195,0
25730,7628,0,0.005285,0
98917,12157,0,0.001941,0
156640,22825,0,0.009122,0
175151,16479,0,0.00709,0
145536,24518,0,0.038561,0
127412,18354,0,0.010239,0
66249,34969,0,0.030092,0
42113,10874,0,0.010091,0
108776,32665,0,0.001392,0
119883,23178,0,0.049637,0
174899,49628,0,0.146948,0
63073,46511,0,0.002213,0
22914,25588,0,0.001743,0
115006,30353,0,0.021555,0
88422,26756,0,0.001462,0
65981,19048,0,0.009986,0
25855,26800,0,0.013643,0
203170,20943,0,0.008176,0
833,44628,0,0.021419,0
150049,25890,0,0.004522,0
1563,14678,0,0.005763,0
182240,13380,0,0.010728,0
140183,33401,0,0.206217,0
98917,15304,0,0.003306,0
152792,43768,0,0.005762,0
140113,45249,0,0.016297,0
31216,38856,0,0.005692,0
174342,35939,0,0.011705,0
77466,41355,0,0.003665,0
41782,10473,0,0.00642,0
25634,30382,0,0.011644,0
168367,27848,0,0.006106,0
198238,46496,0,0.01792,0
136340,27663,0,0.030424,0
152587,14651,0,0.034484,0
172087,40199,0,0.018048,0
41467,26283,0,0.020266,0
203009,40706,1,0.11586,0
89694,5240,0,0.032251,0
42264,13988,0,0.012836,0
76180,20011,0,0.054476,0
190075,14386,0,0.025663,0
5848,27690,0,0.003362,0
148358,37552,0,0.017752,0
11726,18337,0,0.063211,0
177053,32839,0,0.006014,0
97965,14633,0,0.032034,0
66599,24186,0,0.042105,0
164403,34034,0,0.015305,0
192186,37276,0,0.013432,0
192521,30827,0,0.234501,1
168449,13733,0,0.056408,0
77636,4097,0,0.012713,0
22781,397,0,0.027076,0
55857,17794,0,0.006308,0
159002,29034,0,0.006284,0
34990,41375,0,0.015774,0
183352,47541,0,0.010274,0
40273,25938,0,0.094226,0
22928,35333,0,0.030419,0
100730,47526,0,0.266012,1
144121,14897,0,0.02103,0
163857,38508,0,0.010804,0
103344,21326,0,0.009643,0
41095,5818,0,0.016506,0
69975,5031,1,0.246995,1
83624,8193,0,0.02315,0
15691,10761,0,0.147501,0
204067,13885,0,0.003287,0
50714,816,0,0.006383,0
116693,4421,0,0.007666,0
145094,7140,0,0.037074,0
67959,49158,0,0.003187,0
43125,38374,0,0.034211,0
102846,9076,0,0.145079,0
78785,5077,0,0.157174,0
99469,9385,0,0.018879,0
27678,26369,0,0.016381,0
47354,24852,1,0.480809,1
168137,11277,0,0.045297,0
69029,29650,0,0.011815,0
138211,12320,0,0.046795,0
180693,9839,0,0.023346,0
141704,41375,0,0.043248,0
155102,5785,0,0.009272,0
12660,22952,0,0.022802,0
91827,30480,0,0.007514,0
34406,24852,0,0.071847,0
152288,1712,0,0.014807,0
62825,49401,0,0.024616,0
84805,49520,0,0.006416,0
195434,45916,0,0.024634,0
130987,19906,0,0.025347,0
131763,31562,0,0.007889,0
175879,1158,0,0.004572,0
106708,8277,0,0.017095,0
19844,37065,0,0.017014,0
141844,5746,0,0.002793,0
190676,7179,0,0.001127,0
198544,15664,0,0.024264,0
87719,7325,0,0.026243,0
57980,23484,0,0.019018,0
59721,22124,1,0.444228,1
141606,34308,0,0.001328,0
65862,32104,0,0.00524,0
24268,35166,0,0.001587,0
194038,7736,0,0.057249,0
80311,12614,0,0.002519,0
171040,32519,0,0.02182,0
68901,48894,0,0.043654,0
43072,30557,0,0.003283,0
23619,24184,0,0.003486,0
19185,41387,0,0.004956,0
154163,47990,0,0.021366,0
143905,14633,0,0.005192,0
113532,21616,0,0.086178,0
24777,4656,0,0.00199,0
204763,10568,0,0.019672,0
112968,456,0,0.007177,0
160556,37055,0,0.040474,0
60396,4562,0,0.007441,0
137808,21009,0,0.050796,0
44184,45965,0,0.064997,0
97699,43129,0,0.005486,0
139597,12756,0,0.007663,0
139633,43351,0,0.003935,0
72122,41549,0,0.015337,0
167728,33842,1,0.070732,0
26652,44580,0,0.012241,0
68206,2120,0,0.023167,0
165357,7693,0,0.476384,1
147112,32412,0,0.002713,0
182347,8153,0,0.060085,0
204496,29389,0,0.048579,0
44941,11943,0,0.114663,0
70512,29926,0,0.215214,0
190345,39275,0,0.059454,0
46993,40584,0,0.028401,0
106841,36591,0,0.002995,0
71545,1541,0,0.050779,0
61216,12063,0,0.008312,0
14279,79,0,0.14088,0
110077,7175,0,0.113357,0
144785,8424,0,0.008258,0
194438,41480,0,0.004442,0
147910,18339,0,0.054319,0
108361,4154,0,0.02708,0
106161,5876,0,0.040059,0
74805,3990,0,0.008162,0
65300,13113,0,0.011828,0
151805,812,0,0.00401,0
167190,19508,0,0.00193,0
27470,10867,0,0.003606,0
165980,30450,0,0.085362,0
120253,24062,0,0.014311,0
24296,4759,0,0.026092,0
147885,32812,0,0.0077,0
50143,18370,0,0.009696,0
184373,36551,0,0.048376,0
160646,13575,0,0.007409,0
205047,8670,0,0.001458,0
163761,35121,0,0.014185,0
47968,31066,0,0.016127,0
87835,24622,0,0.025917,0
54154,25767,0,0.010035,0
139077,38490,0,0.040315,0
192731,24964,0,0.052675,0
101279,28967,0,0.012138,0
205905,10421,0,0.08924,0
77788,16578,0,0.002882,0
70076,35951,0,0.087435,0
52438,25223,0,0.00715,0
85464,38185,0,0.005823,0
72160,4422,0,0.046351,0
28284,30290,0,0.025271,0
60049,5114,0,0.010108,0
96276,30827,0,0.414065,1
11981,28123,0,0.123923,0
68,29987,0,0.009562,0
176560,39832,0,0.051555,0
14573,37357,0,0.01124,0
162745,32433,0,0.003138,0
204613,4942,0,0.048773,0
126636,2121,0,0.103468,0
95242,38995,0,0.061206,0
194400,2078,0,0.301408,1
148402,44359,1,0.502321,1
54831,24009,0,0.006262,0
20779,9403,0,0.055369,0
13562,49383,0,0.109229,0
84056,40490,0,0.02,0
86637,38425,0,0.05093,0
96999,31002,0,0.002548,0
170743,33439,0,0.004061,0
34635,40867,0,0.031062,0
154202,2002,0,0.085715,0
142614,22071,0,0.043961,0
61012,13431,0,0.003677,0
173298,22849,0,0.064159,0
52878,37687,0,0.0802,0
45930,31404,0,0.006127,0
146130,11921,0,0.025018,0
133555,11777,0,0.026226,0
155309,39984,0,0.181428,0
40045,24852,0,0.243014,1
172783,10193,0,0.120079,0
177645,41950,0,0.010795,0
160556,38334,0,0.028245,0
163861,33768,0,0.035436,0
67263,4210,0,0.034005,0
167097,38344,0,0.006231,0
174624,27388,0,0.059681,0
179296,28123,0,0.02165,0
77614,45224,0,0.007603,0
68121,38563,0,0.00225,0
50477,28826,0,0.007829,0
74264,47766,0,0.017144,0
29951,23541,0,0.00406,0
93226,34969,0,0.023172,0
87941,48142,0,0.042863,0
178990,31785,0,0.073247,0
11725,46145,0,0.032728,0
145962,38274,0,0.017306,0
165364,45208,0,0.038259,0
176119,22124,1,0.489963,1
98303,41844,0,0.002954,0
105318,18987,0,0.002831,0
164826,9076,0,0.004386,0
121022,48720,0,0.029095,0
170459,9076,0,0.050966,0
108927,35914,0,0.160711,0
9786,26604,0,0.014828,0
163532,160,0,0.03791,0
80864,7673,0,0.017725,0
40019,35946,0,0.023455,0
177927,32096,0,0.012166,0
150049,34358,0,0.015449,0
78768,8277,0,0.116371,0
93119,19508,0,0.006654,0
28628,48287,0,0.003168,0
122326,35752,0,0.101688,0
46388,17377,0,0.025652,0
168186,4656,0,0.00718,0
118611,33055,0,0.003206,0
190678,41787,0,0.014439,0
41389,41950,0,0.008968,0
134063,41319,0,0.007368,0
22970,31801,0,0.06468,0
8817,27344,0,0.112,0
29621,31915,0,0.003979,0
139106,277,1,0.209345,0
26817,49113,0,0.031995,0
81175,11030,0,0.022539,0
204387,24906,0,0.06798,0
199785,29079,0,0.012818,0
133397,34249,0,0.047793,0
97345,29127,0,0.002108,0
182406,23554,0,0.020315,0
183173,2228,0,0.011432,0
198629,8239,0,0.003274,0
37053,45870,0,0.003481,0
65243,43961,0,0.087159,0
173982,4793,0,0.009618,0
38622,33731,0,0.02564,0
47563,4715,0,0.03422,0
151511,22935,0,0.004968,0
97188,45066,0,0.533885,1
70265,29487,0,0.012213,0
94953,39097,0,0.024656,0
74671,27086,0,0.048764,0
146847,16797,0,0.008949,0
74878,3177,1,0.031366,0
193627,18150,0,0.027117,0
68445,37203,0,0.004843,0
117674,1244,0,0.051872,0
200792,47209,0,0.223427,0
37282,21174,0,0.005206,0
131505,15739,0,0.004701,0
82573,28593,0,0.046382,0
5057,29662,0,0.028523,0
52068,17807,0,0.01753,0
15664,39534,0,0.02291,0
205601,27845,0,0.390117,1
103523,22952,0,0.004557,0
158402,47209,0,0.015002,0
70562,49496,0,0.367284,1
126065,11526,0,0.04351,0
99687,23565,0,0.011982,0
119687,35769,0,0.001953,0
93308,35989,0,0.017143,0
809,329,0,0.037314,0
86020,12872,0,0.011915,0
185215,26209,1,0.321064,1
6168,24184,0,0.061653,0
113870,42701,0,0.065209,0
71257,38167,0,0.021094,0
119508,47681,0,0.032431,0
58701,5355,0,0.030426,0
105058,13423,0,0.006852,0
64246,26683,0,0.003675,0
66776,27966,0,0.037615,0
42430,29812,0,0.02875,0
3514,3703,0,0.004285,0
40170,29987,0,0.034513,0
50650,2120,0,0.021796,0
84805,16797,0,0.045059,0
91287,35217,0,0.028689,0
12822,6789,0,0.06804,0
163247,30391,1,0.232371,1
36611,24964,0,0.343114,1
129050,260,0,0.019067,0
72310,30442,0,0.523312,1
68495,46475,0,0.027583,0
106342,15902,0,0.054903,0
177487,3464,0,0.192573,0
113246,10623,0,0.057844,0
193576,9781,0,0.010934,0
104249,30406,0,0.008785,0
2646,160,0,0.011416,0
27090,14197,0,0.004087,0
29291,47766,0,0.378572,1
175208,18849,0,0.004748,0
156941,43961,0,0.064624,0
165337,30442,0,0.100932,0
177936,37892,0,0.01224,0
62988,13877,0,0.0018,0
93591,44949,0,0.085681,0
16158,34829,0,0.268585,1
153694,3765,0,0.027529,0
24449,35951,0,0.036577,0
52797,40516,0,0.005916,0
13927,30117,0,0.011909,0
48538,7026,0,0.077755,0
43182,47325,0,0.02466,0
184334,17638,0,0.475725,1
109477,48726,0,0.036843,0
39920,703,0,0.004852,0
102110,3869,0,0.00268,0
86537,27690,0,0.252595,1
74893,2295,0,0.097992,0
187339,5475,0,0.042616,0
40425,5605,0,0.003266,0
36369,46688,0,0.007741,0
189034,23537,0,0.006428,0
6427,10749,0,0.011826,0
11980,45646,0,0.002883,0
153730,40893,0,0.004881,0
126818,12206,0,0.03756,0
153149,43129,0,0.004442,0
199382,20406,1,0.417682,1
112258,11440,0,0.056947,0
1722,365,0,0.189274,0
178080,18926,0,0.124423,0
59341,44661,0,0.01125,0
128904,13176,1,0.445674,1
194566,20734,0,0.009551,0
191648,20674,0,0.006807,0
106639,34862,0,0.002878,0
44205,25368,0,0.027871,0
68315,25577,0,0.002604,0
191019,22453,0,0.091663,0
97852,42265,0,0.026422,0
95975,33590,0,0.074925,0
97436,27196,0,0.014296,0
105935,13877,0,0.037338,0
2278,31040,0,0.090604,0
136491,44292,0,0.008992,0
152454,2091,0,0.006196,0
27605,27801,0,0.018362,0
112176,12576,0,0.01338,0
190899,28264,1,0.406601,1
66808,46206,0,0.004126,0
78879,2748,0,0.43904,1
167830,34543,0,0.058384,0
139415,436,0,0.012128,0
187186,21815,0,0.03986,0
162677,5886,0,0.009477,0
159702,48119,0,0.021462,0
62734,40910,0,0.070642,0
173850,23601,0,0.006424,0
179783,42265,0,0.0272,0
138520,44449,0,0.043647,0
1465,3177,0,0.059748,0
12103,20828,0,0.004574,0
95978,24097,0,0.048891,0
81280,8467,0,0.002317,0
191648,17931,0,0.001297,0
90367,10602,0,0.047198,0
159524,10749,0,0.003071,0
203033,31506,0,0.021344,0
23542,30353,0,0.022546,0
81762,44632,0,0.036182,0
22970,35688,0,0.032742,0
178638,24964,1,0.354926,1
22169,4933,0,0.006197,0
164718,43101,0,0.028841,0
77891,22298,0,0.018864,0
69582,1463,0,0.064108,0
122554,17329,0,0.025074,0
195499,2855,1,0.050231,0
165010,9839,0,0.069166,0
68716,23367,0,0.007744,0
24293,6104,0,0.007579,0
66736,48785,0,0.00863,0
2589,19734,0,0.124026,0
174051,32842,0,0.030158,0
13378,42265,0,0.011362,0
161678,45066,1,0.44684,1
117502,21841,0,0.008317,0
189223,49005,0,0.013825,0
85037,28985,0,0.1389,0
205939,38288,0,0.00647,0
25920,45613,0,0.006976,0
92044,40709,0,0.008766,0
199334,42526,0,0.212473,0
5017,22825,0,0.002689,0
11588,38985,0,0.014924,0
94499,14992,0,0.026366,0
66522,34449,0,0.040477,0
161421,1202,0,0.271247,1
154063,26373,0,0.010992,0
95003,47586,0,0.035402,0
137331,13176,1,0.424702,1
191018,23291,0,0.032167,0
190663,9597,0,0.047972,0
92916,46680,0,0.013183,0
26813,31640,0,0.426959,1
38015,49284,0,0.003808,0
119334,12206,0,0.055856,0
201504,19370,0,0.045318,0
90292,10243,0,0.023789,0
168701,19678,0,0.287408,1
155621,23253,0,0.009255,0
170078,7131,0,0.01209,0
49376,274,0,0.060438,0
146431,31683,0,0.020713,0
206053,4125,0,0.020112,0
145055,32139,0,0.011767,0
86640,7781,0,0.067096,0
18791,36554,0,0.006565,0
148441,45535,0,0.017333,0
186448,24852,1,0.547393,1
66973,32433,0,0.060707,0
169659,35336,0,0.319183,1
111267,39303,0,0.015162,0
96162,34126,0,0.064008,0
179438,26587,0,0.076568,0
39035,27845,0,0.161616,0
193650,31660,0,0.003132,0
60649,46654,1,0.316254,1
3387,40261,0,0.003552,0
82573,2314,0,0.048598,0
129098,12409,0,0.128045,0
32067,23001,0,0.006539,0
131385,23679,0,0.037417,0
173675,23726,0,0.02696,0
111000,24852,1,0.827013,1
165534,42188,0,0.044771,0
151595,38159,0,0.01614,0
7385,22316,0,0.008745,0
37676,12572,0,0.008233,0
141637,46931,0,0.009654,0
88303,29672,0,0.01165,0
145868,40706,0,0.012622,0
120865,47196,0,0.014502,0
1427,6346,0,0.018934,0
67722,28204,1,0.047749,0
92421,21616,0,0.005159,0
62718,39663,0,0.017467,0
77012,48775,0,0.049577,0
113901,28634,0,0.092608,0
42896,40878,0,0.004326,0
25624,47652,0,0.044921,0
57659,45249,0,0.002604,0
4529,49175,0,0.045493,0
61808,29629,0,0.074479,0
12642,8193,0,0.018903,0
67752,31215,0,0.482518,1
87842,28214,0,0.015874,0
174388,2876,0,0.015811,0
51277,17315,0,0.037416,0
42345,13517,0,0.018581,0
97886,20114,0,0.01605,0
15374,32177,0,0.141088,0
86615,45066,0,0.031011,0
11584,8380,0,0.050934,0
195869,25861,0,0.004218,0
118047,14127,0,0.056996,0
25871,15536,0,0.002936,0
122240,45646,0,0.031511,0
28340,6518,0,0.063066,0
134891,15650,0,0.028017,0
115193,33129,0,0.146623,0
2870,34717,0,0.068524,0
46231,32655,1,0.316718,1
28673,2433,0,0.013229,0
54324,15937,0,0.020026,0
203635,38159,0,0.010367,0
190449,29778,0,0.017988,0
7161,8025,1,0.294484,1
167996,8518,0,0.014823,0
79213,21616,0,0.014466,0
77208,18609,0,0.001858,0
64666,34092,0,0.007821,0
173177,17819,0,0.037916,0
148917,25715,0,0.006594,0
52478,14819,0,0.013386,0
21882,39877,1,0.336689,1
192321,8518,0,0.084306,0
33351,8518,0,0.014808,0
158241,42479,0,0.038614,0
67975,26968,0,0.010586,0
31620,32955,0,0.089351,0
108832,19240,0,0.010399,0
161647,26604,0,0.193305,0
186243,44961,0,0.012617,0
94786,15902,0,0.002785,0
131340,7474,0,0.040892,0
135829,24390,0,0.024192,0
94847,39928,0,0.021578,0
140145,30247,0,0.005154,0
94764,46962,0,0.001664,0
34874,28849,0,0.003942,0
76461,31506,0,0.004543,0
53136,33953,0,0.041334,0
76025,47008,1,0.182437,0
103242,22935,0,0.31911,1
43815,28204,0,0.109869,0
16103,33640,0,0.112227,0
94750,31557,0,0.135724,0
158657,33120,0,0.243196,1
174720,33764,0,0.080391,0
110795,47209,0,0.291817,1
32707,32768,0,0.005479,0
186469,4739,0,0.168721,0
173517,37354,0,0.001976,0
83562,45948,0,0.004147,0
138727,39275,1,0.19824,0
487,24390,0,0.108732,0
32854,4455,0,0.067927,0
62080,27344,0,0.287387,1
53776,4920,0,0.026371,0
31308,4314,0,0.078028,0
56343,35530,0,0.017604,0
11904,11759,0,0.017423,0
106900,43987,0,0.004649,0
34999,20842,0,0.051539,0
93596,10571,0,0.003574,0
76435,47790,0,0.009525,0
97855,8900,0,0.106769,0
97405,45066,0,0.019194,0
57246,33636,0,0.006227,0
88553,3721,0,0.028348,0
28496,4363,0,0.003831,0
95769,20691,0,0.004234,0
203126,18288,0,0.002066,0
170773,34530,0,0.005195,0
110121,12144,0,0.308091,1
55911,37630,0,0.038381,0
134164,39947,0,0.013381,0
78752,6336,1,0.22717,0
133811,2091,0,0.069257,0
49277,25341,0,0.017484,0
56089,28999,0,0.01345,0
59107,23060,0,0.001175,0
48409,1347,1,0.095951,0
47647,22227,0,0.001176,0
186919,10793,0,0.003183,0
94746,49113,0,0.032682,0
198261,13740,0,0.002694,0
150628,9208,0,0.037778,0
96214,44628,0,0.027563,0
23455,42508,0,0.017912,0
87270,43662,0,0.00602,0
173058,17140,0,0.207887,0
65597,7559,0,0.032532,0
199862,31717,0,0.013509,0
47959,35594,0,0.005127,0
111281,24413,0,0.079792,0
122102,10070,0,0.089136,0
37409,28993,0,0.014532,0
177926,28993,0,0.009118,0
44718,49478,0,0.062602,0
44226,31618,0,0.017609,0
125955,22031,0,0.003248,0
188327,47766,0,0.341763,1
14059,44129,0,0.182009,0
150237,28805,0,0.045569,0
4999,5077,0,0.050397,0
159800,20520,0,0.010931,0
83860,11136,0,0.005634,0
86441,25187,0,0.002604,0
169176,32655,0,0.025745,0
32540,41220,0,0.011969,0
75664,43772,0,0.171922,0
24304,2379,0,0.045205,0
46033,24852,1,0.572111,1
75968,11941,0,0.002777,0
143111,7185,0,0.048302,0
28630,21195,0,0.004409,0
123335,31725,0,0.024417,0
88441,22963,0,0.069727,0
171083,41787,0,0.187876,0
88932,19816,0,0.005025,0
55236,28985,0,0.048414,0
151418,41196,0,0.004735,0
146426,33560,0,0.025716,0
63226,45445,0,0.00848,0
9710,30720,0,0.104644,0
40422,45946,0,0.0167,0
165878,34940,1,0.035111,0
149770,47734,0,0.003897,0
100682,18432,1,0.088192,0
22312,15622,0,0.046791,0
123330,6244,0,0.004451,0
103121,28199,0,0.024344,0
117767,41570,0,0.027143,0
122897,31717,0,0.503244,1
26373,28373,0,0.165777,0
175732,6046,1,0.347344,1
69839,23815,0,0.023147,0
10237,20607,0,0.182318,0
174446,21095,0,0.181388,0
201314,5550,0,0.019197,0
101664,7628,0,0.025236,0
9765,47962,0,0.017687,0
4144,43129,0,0.004152,0
104920,22893,0,0.004444,0
137448,28785,0,0.012746,0
53868,24765,0,0.017209,0
126302,5158,0,0.016544,0
34211,38650,0,0.012603,0
26533,21621,0,0.031784,0
11230,33911,0,0.099309,0
72548,23296,0,0.034202,0
102038,31553,0,0.006309,0
85970,27737,0,0.007047,0
182739,7189,0,0.02447,0
85908,2368,0,0.002574,0
84477,18849,0,0.052142,0
115364,43049,0,0.012264,0
45222,38200,0,0.248449,1
102939,24954,0,0.001921,0
89395,14239,0,0.00872,0
10738,3142,0,0.006991,0
114410,34969,0,0.026932,0
162039,7751,0,0.006769,0
154100,19048,0,0.026041,0
101244,13198,0,0.135226,0
162729,10358,0,0.020022,0
82506,27086,0,0.759892,1
19094,39549,0,0.026788,0
191458,40992,0,0.027775,0
27578,40571,0,0.120491,0
180572,49098,0,0.004859,0
157744,48142,0,0.019364,0
194614,2010,0,0.006761,0
112281,35264,0,0.008015,0
116217,41609,0,0.003959,0
5453,13212,0,0.021143,0
15919,29487,1,0.511734,1
188688,15453,0,0.005054,0
123158,28348,0,0.120898,0
121506,6348,0,0.114606,0
141774,28199,0,0.075663,0
138440,38557,0,0.020344,0
46233,9409,0,0.002277,0
137022,5785,0,0.115076,0
10506,9387,0,0.034115,0
163431,33911,0,0.036277,0
136888,40001,0,0.012591,0
53925,35425,0,0.020994,0
86224,37694,0,0.002279,0
49266,29783,0,0.017085,0
85791,11182,0,0.008094,0
191983,24852,0,0.374091,1
134598,17616,0,0.001585,0
154022,2151,0,0.015114,0
71762,20062,0,0.005668,0
41546,47000,0,0.024916,0
164723,16042,0,0.01656,0
50095,36793,0,0.005701,0
168658,6242,0,0.019752,0
140098,39160,0,0.007393,0
28179,8424,0,0.016153,0
199549,7484,0,0.00814,0
9699,34614,0,0.051341,0
51710,890,0,0.036686,0
173301,25085,0,0.012143,0
152550,6192,0,0.066002,0
55128,30340,0,0.01576,0
150695,8362,0,0.008489,0
82753,4305,0,0.057491,0
131232,6348,0,0.022473,0
146101,24852,0,0.058913,0
70009,5024,0,0.006688,0
118942,38028,0,0.002163,0
29479,42356,0,0.016358,0
26787,14901,0,0.060355,0
90027,34584,0,0.019308,0
184187,38777,0,0.002948,0
135928,8193,1,0.550586,1
79285,45633,0,0.010875,0
197991,4698,0,0.010279,0
114535,18523,0,0.022209,0
166330,22935,0,0.301483,1
104749,39275,0,0.148138,0
124,42625,0,0.073048,0
51260,13176,1,0.182204,0
63659,3807,0,0.008689,0
41564,28842,1,0.258184,1
115019,5450,0,0.13261,0
8675,48742,0,0.014415,0
148698,20395,0,0.016123,0
43749,28204,0,0.04597,0
46145,21576,0,0.009735,0
168546,30639,0,0.070626,0
175732,10193,0,0.152139,0
105165,11068,0,0.005284,0
98808,21366,0,0.046029,0
76451,8433,0,0.056506,0
142756,43726,0,0.021088,0
169471,17706,0,0.001716,0
162534,14466,0,0.027755,0
67975,41618,0,0.002065,0
148539,4605,0,0.029868,0
124187,20114,1,0.12053,0
159412,26842,0,0.178218,0
94993,116,0,0.077569,0
133113,12797,0,0.061283,0
126823,27544,0,0.045837,0
63195,12499,0,0.04117,0
86878,35898,0,0.046857,0
5157,18362,0,0.0175,0
30967,13966,0,0.012687,0
96331,24527,0,0.005848,0
131763,28058,0,0.086289,0
18943,44422,0,0.057451,0
61899,22041,0,0.001462,0
137602,32557,0,0.003485,0
144974,20144,0,0.004724,0
185011,28985,0,0.058213,0
72573,38838,0,0.008059,0
29444,26977,0,0.014043,0
32307,42768,0,0.008773,0
155921,13076,0,0.008588,0
100584,21616,0,0.01307,0
52698,30709,0,0.012423,0
120890,2875,0,0.018746,0
67443,7987,0,0.090596,0
30755,12069,0,0.082906,0
131010,22220,1,0.292222,1
136944,11782,0,0.001908,0
203235,21810,0,0.020499,0
54375,22882,0,0.053954,0
194026,21936,0,0.011249,0
20487,45767,0,0.104632,0
186767,9434,0,0.014962,0
66465,21468,0,0.326741,1
57021,36010,0,0.004109,0
132872,9058,0,0.010354,0
68001,43743,0,0.003204,0
49830,4879,0,0.046369,0
29041,26427,0,0.008491,0
81912,43891,0,0.001394,0
44916,32689,0,0.089172,0
205747,49644,0,0.070958,0
154442,29801,0,0.009908,0
186868,42736,0,0.029934,0
155370,43183,0,0.01021,0
110404,46515,0,0.038285,0
24054,40706,0,0.009033,0
92024,41220,1,0.110832,0
94507,10132,0,0.066582,0
103217,19678,0,0.020365,0
51561,19048,0,0.209613,0
102835,29553,0,0.00494,0
40231,18434,0,0.01505,0
123207,27966,0,0.206465,0
205442,13314,1,0.293123,1
183955,46979,1,0.131424,0
146484,18471,0,0.002801,0
4442,33825,0,0.001554,0
130284,12432,0,0.00375,0
187799,38511,1,0.212924,0
48969,3683,0,0.011312,0
106778,43768,0,0.014077,0
17416,3990,0,0.05223,0
100427,37193,0,0.023755,0
68293,4855,0,0.00664,0
58936,4086,0,0.038379,0
27828,13303,0,0.018473,0
104598,33055,1,0.073461,0
202457,10866,0,0.065132,0
94432,43295,0,0.007083,0
65379,5258,0,0.044817,0
149863,13834,0,0.02607,0
112725,41870,0,0.023717,0
130925,32515,1,0.452669,1
162714,28031,0,0.008073,0
23430,27360,0,0.035476,0
160409,45896,0,0.01071,0
74518,24657,0,0.030743,0
34552,37538,0,0.101216,0
199249,33000,0,0.136772,0
187734,12980,0,0.070612,0
31691,40849,0,0.580696,1
152660,26679,0,0.022723,0
8790,27555,0,0.007176,0
194249,9594,0,0.019234,0
147292,39858,0,0.029912,0
170247,42051,0,0.05047,0
49785,34350,0,0.017287,0
43072,36287,0,0.005624,0
193686,2408,1,0.008252,0
25427,47329,0,0.022427,0
166972,19019,0,0.039636,0
44646,20414,0,0.061062,0
109999,14966,0,0.019415,0
190860,28985,0,0.106172,0
65718,43112,0,0.021747,0
141606,4006,0,0.001368,0
16056,28842,0,0.241723,1
27425,46005,0,0.0017,0
189519,8518,0,0.012024,0
63739,38777,0,0.043869,0
9276,2210,0,0.037715,0
91182,13176,0,0.026541,0
157489,25832,0,0.00203,0
158627,10749,0,0.037907,0
22640,44628,0,0.029009,0
53555,22007,0,0.022567,0
44423,46377,0,0.012746,0
11037,5618,0,0.00521,0
12659,43632,0,0.006149,0
169728,43629,0,0.003376,0
176510,23932,0,0.046427,0
33030,41456,0,0.089213,0
2997,27992,0,0.017838,0
16219,2901,1,0.034213,0
19958,46802,0,0.014266,0
2460,1215,0,0.065492,0
14399,38120,0,0.006145,0
126192,11408,0,0.021177,0
141225,33399,0,0.13134,0
72110,30950,0,0.001954,0
21761,11526,0,0.02182,0
161379,10492,0,0.011263,0
47095,18479,0,0.024288,0
1264,42828,0,0.002134,0
72507,33990,0,0.070306,0
149548,31338,1,0.065414,0
180443,38241,0,0.015626,0
50367,9076,0,0.004564,0
111846,7948,0,0.01115,0
203364,28985,0,0.057695,0
121463,41480,0,0.005332,0
190329,26209,0,0.014126,0
164351,38289,1,0.096442,0
180531,27958,0,0.017446,0
189545,20370,0,0.00597,0
37773,45761,1,0.036858,0
64035,31433,0,0.025109,0
88830,45007,0,0.026194,0
168541,24852,0,0.029202,0
128377,35383,0,0.02879,0
177680,36361,0,0.536443,1
40437,47144,0,0.375274,1
197181,31596,0,0.018509,0
159591,2460,0,0.022046,0
27924,18134,0,0.027601,0
179650,8047,0,0.003114,0
125587,34244,0,0.128212,0
18011,42598,0,0.015291,0
5847,45066,0,0.003943,0
51900,6975,0,0.014751,0
40425,1529,0,0.003242,0
7856,31066,0,0.034066,0
162758,42265,0,0.055044,0
117606,39275,0,0.02732,0
16989,21195,0,0.002502,0
40422,37825,0,0.008726,0
77208,27363,0,0.012057,0
200073,40396,0,0.281288,1
198202,32463,0,0.036417,0
8656,21938,0,0.003491,0
140607,30489,1,0.066452,0
109374,8732,0,0.051018,0
96996,39149,0,0.034312,0
102059,43876,0,0.02291,0
82516,31066,0,0.014884,0
203651,35629,0,0.010446,0
163207,46041,0,0.012163,0
74201,33401,0,0.008416,0
94691,3339,1,0.466565,1
94009,7862,0,0.172726,0
174663,12290,0,0.005404,0
64470,7628,0,0.015225,0
141195,18531,0,0.02979,0
30127,1935,0,0.237148,1
142300,39108,0,0.053661,0
183244,46804,0,0.033942,0
59604,260,0,0.011307,0
101636,6528,0,0.015418,0
79351,45007,0,0.096037,0
138839,5876,0,0.350228,1
55173,48527,0,0.021476,0
159571,48775,1,0.073444,0
47232,16965,0,0.007198,0
168993,36070,0,0.012595,0
77171,34745,0,0.015978,0
132112,17008,0,0.13077,0
151305,24964,0,0.150947,0
170143,28521,0,0.004328,0
85539,14851,0,0.022856,0
203721,11140,0,0.040235,0
157755,40310,0,0.030997,0
143078,48075,0,0.032951,0
111128,20327,0,0.01331,0
161860,3957,0,0.022562,0
128637,7693,0,0.04533,0
182576,37474,1,0.21286,0
75589,40910,0,0.028743,0
198465,42699,0,0.072205,0
187153,24184,0,0.018361,0
107418,20854,0,0.007857,0
30723,34243,0,0.205407,0
155266,9387,0,0.021975,0
142195,48450,0,0.002924,0
38264,44471,0,0.011705,0
158188,2519,0,0.182617,0
182194,14875,0,0.098304,0
138716,45535,0,0.011534,0
78965,18963,0,0.023654,0
190947,29675,0,0.007447,0
133192,49478,0,0.120632,0
165749,28934,1,0.057211,0
58617,17794,0,0.013814,0
38469,31066,0,0.024346,0
71879,26620,0,0.019396,0
189545,18381,0,0.004825,0
47897,12276,0,0.015004,0
64698,27336,0,0.010997,0
143228,46676,0,0.014649,0
136888,35629,0,0.001723,0
142195,8277,0,0.02051,0
71622,26032,0,0.002519,0
93803,23177,0,0.017559,0
111596,8927,0,0.004125,0
135497,44988,0,0.019311,0
35493,21260,0,0.005061,0
82686,13870,0,0.019095,0
17031,21436,0,0.003096,0
157345,23622,0,0.002186,0
160260,33852,0,0.109258,0
14913,10613,0,0.131007,0
70102,31477,1,0.541503,1
67911,2480,0,0.100076,0
168133,24386,0,0.072848,0
153077,9314,0,0.019935,0
1992,4138,0,0.00149,0
201712,39275,0,0.013081,0
117571,18278,0,0.017032,0
173118,4692,1,0.565817,1
59552,6844,0,0.004181,0
169590,16837,0,0.214455,0
109332,31553,0,0.081337,0
129926,20524,0,0.004238,0
191789,17706,0,0.275045,1
181706,21903,0,0.023877,0
105286,7401,0,0.002841,0
67975,25223,0,0.003167,0
144737,19677,0,0.257432,1
185527,31371,0,0.029574,0
108311,38456,0,0.01215,0
87333,14211,0,0.14822,0
26400,10453,0,0.062453,0
173520,38200,0,0.040466,0
43742,46226,0,0.012357,0
50571,42612,0,0.06391,0
36478,3459,0,0.018939,0
32676,33352,0,0.003343,0
83934,21982,0,0.007418,0
158072,40760,0,0.027858,0
79837,8251,0,0.200398,0
148776,35750,0,0.048548,0
101121,39408,1,0.041554,0
83934,15290,0,0.05507,0
152355,7948,0,0.01001,0
90669,8518,0,0.024207,0
101895,48174,0,0.006873,0
163506,34876,0,0.01493,0
143824,41844,0,0.009474,0
15647,6593,0,0.011981,0
79838,4957,0,0.078983,0
30086,43789,0,0.010902,0
157716,23554,0,0.025756,0
91975,31553,0,0.110552,0
148298,8277,0,0.054962,0
135932,35973,0,0.003749,0
21267,36393,0,0.011054,0
37954,22935,0,0.08075,0
4794,22281,1,0.513123,1
55988,24267,0,0.015184,0
145844,40604,0,0.009081,0
61049,34234,0,0.016268,0
34089,39180,1,0.690475,1
183523,45194,0,0.009512,0
82475,27416,0,0.029814,0
131,890,0,0.060528,0
155310,13176,0,0.492992,1
93303,49478,0,0.106798,0
85406,13212,0,0.038619,0
62387,10749,1,0.701071,1
142871,13250,0,0.009107,0
145786,45622,0,0.130198,0
145495,1260,0,0.043738,0
10665,46352,0,0.057985,0
168843,16278,0,0.005699,0
9109,32538,0,0.038098,0
78670,1723,0,0.016928,0
56115,27344,0,0.017121,0
119687,32839,0,0.00327,0
14039,16617,0,0.00916,0
68343,8859,0,0.052613,0
16527,5077,0,0.066492,0
137435,19678,0,0.011617,0
155788,27978,0,0.002198,0
98755,17872,0,0.020518,0
176476,26360,0,0.012927,0
181080,43999,0,0.033261,0
69821,39468,0,0.021972,0
188528,23995,0,0.023681,0
150785,11821,1,0.189604,0
84516,29272,0,0.013373,0
98856,13802,0,0.006009,0
184597,30064,0,0.029111,0
350,31683,0,0.02216,0
147979,38775,0,0.017583,0
203235,13212,1,0.007086,0
200527,25544,1,0.034977,0
115665,39275,1,0.134592,0
74767,38777,0,0.042294,0
66790,35042,0,0.032413,0
190887,16185,0,0.149227,0
121370,20720,0,0.002977,0
100564,29669,0,0.039543,0
49791,5876,0,0.091664,0
155723,26940,0,0.002334,0
176063,4691,0,0.004198,0
25425,22935,0,0.068846,0
92042,27104,0,0.032063,0
202789,26283,0,0.026473,0
134015,20032,0,0.028717,0
99177,1335,1,0.375031,1
77827,5438,0,0.065728,0
28137,28993,0,0.052294,0
7474,47448,0,0.0191,0
45154,47890,1,0.483953,1
34628,8006,0,0.040007,0
203538,16083,0,0.064894,0
59557,27179,0,0.090962,0
27937,48144,0,0.029344,0
129563,43961,0,0.016071,0
151334,24797,0,0.004135,0
125586,24964,0,0.027352,0
206101,28123,0,0.324031,1
33313,40545,0,0.022661,0
22510,26209,0,0.005568,0
81574,29127,0,0.016945,0
1659,8103,0,0.002496,0
66460,45221,0,0.006696,0
147695,43915,0,0.11231,0
47073,15618,0,0.036477,0
19177,44949,0,0.126536,0
23138,8866,0,0.040026,0
62549,42117,0,0.007091,0
158385,4846,0,0.168206,0
15421,24583,0,0.005829,0
157716,21616,0,0.355969,1
150459,31131,1,0.063989,0
154674,49075,0,0.081695,0
134493,3298,0,0.029283,0
198189,25236,0,0.005764,0
11848,8204,0,0.004105,0
14321,17310,0,0.018649,0
183329,2270,0,0.019485,0
28439,130,0,0.082106,0
186319,33184,0,0.033746,0
777,31759,0,0.137751,0
34684,28601,0,0.03937,0
9084,31043,0,0.022102,0
32464,43662,0,0.023427,0
157520,31995,0,0.019432,0
121825,3856,0,0.03229,0
76695,27966,0,0.05461,0
123308,33554,0,0.013025,0
70971,378,0,0.00195,0
77901,36361,0,0.424811,1
162610,11361,0,0.115146,0
150050,17216,0,0.021984,0
200372,23333,0,0.016871,0
78879,33728,0,0.026124,0
140908,33122,0,0.021438,0
47785,33731,0,0.013832,0
162610,26904,0,0.111682,0
187049,311,0,0.03576,0
24290,48679,1,0.453023,1
189669,5374,0,0.008986,0
59033,20632,1,0.065571,0
166467,22400,0,0.02918,0
174737,18362,0,0.022095,0
111443,12128,0,0.017153,0
76168,5886,0,0.081513,0
71086,12941,0,0.002043,0
49133,46667,0,0.007061,0
174084,21295,0,0.01003,0
20242,24852,0,0.063904,0
49342,48595,0,0.006769,0
196823,11075,0,0.007844,0
72526,31577,0,0.040602,0
79135,10385,0,0.04127,0
91917,36695,0,0.002435,0
92611,30668,1,0.142114,0
36804,43445,0,0.024298,0
94957,14766,0,0.008321,0
22400,41950,0,0.020718,0
26846,33041,0,0.017989,0
20814,4920,0,0.006583,0
29276,16174,0,0.036126,0
90084,23215,0,0.010353,0
120163,35221,0,0.01182,0
123234,2435,0,0.044528,0
24670,45007,0,0.112183,0
37526,27531,0,0.017221,0
40619,42913,0,0.006641,0
77964,2966,1,0.140019,0
189176,2328,0,0.006178,0
109526,3698,0,0.008004,0
204641,45190,0,0.032605,0
26693,44995,0,0.052613,0
95473,46346,0,0.061582,0
3794,20119,0,0.06361,0
74097,5315,0,0.055281,0
72517,20392,0,0.367615,1
185023,29127,0,0.180669,0
151569,35467,1,0.06781,0
124732,25659,0,0.011109,0
53821,26754,0,0.005715,0
103262,39527,0,0.02069,0
126896,43352,0,0.028888,0
21203,37011,0,0.017515,0
37178,21405,0,0.0822,0
178250,29529,0,0.008598,0
206053,29370,0,0.016032,0
81765,24852,0,0.115064,0
142620,32691,1,0.1128,0
58075,13176,0,0.013734,0
63550,16570,0,0.00708,0
104079,39982,0,0.090872,0
47104,33926,1,0.029555,0
22646,33827,0,0.018468,0
48411,10305,0,0.006338,0
113211,45679,0,0.033077,0
146511,18601,0,0.005899,0
40029,39408,0,0.005415,0
107381,19125,0,0.002061,0
106287,17630,0,0.026438,0
187574,48679,0,0.14362,0
136258,35951,0,0.011308,0
34013,27156,0,0.039844,0
105583,13042,0,0.002483,0
159792,45037,0,0.015856,0
56864,36146,0,0.055695,0
141500,13740,0,0.020673,0
27210,6128,0,0.160912,0
168864,16396,0,0.159128,0
120253,3192,0,0.019553,0
75177,47766,0,0.640006,1
107596,34590,0,0.066624,0
179361,24345,0,0.039511,0
75191,19488,0,0.001941,0
167763,22154,0,0.014681,0
61899,21903,0,0.019547,0
140762,47058,0,0.030588,0
48026,13643,0,0.046089,0
198475,9669,0,0.038708,0
154581,19061,0,0.022831,0
91453,25544,0,0.067372,0
25432,16616,0,0.24,1
20545,37733,0,0.234276,1
70799,24968,0,0.026655,0
5446,26559,0,0.068785,0
53976,40518,0,0.024945,0
145401,38078,0,0.0228,0
30064,35140,0,0.002027,0
25871,16797,0,0.003804,0
202166,12,0,0.007597,0
97965,32691,0,0.019812,0
46118,40604,0,0.151129,0
197762,30396,0,0.016358,0
154826,43961,0,0.24786,1
190947,28464,0,0.006147,0
80094,25304,0,0.050241,0
46691,5212,0,0.019168,0
64203,27104,0,0.284664,1
142559,14727,0,0.069524,0
21267,20021,0,0.012775,0
62470,14142,0,0.033871,0
174420,49517,0,0.036091,0
92747,27695,0,0.030067,0
105507,3967,0,0.002774,0
113905,46313,0,0.062358,0
9158,44628,0,0.001635,0
52746,10084,0,0.004954,0
90259,7704,0,0.007622,0
126028,28785,0,0.0141,0
156018,47740,0,0.005659,0
196174,2350,0,0.004747,0
19627,16349,0,0.003645,0
135010,42988,0,0.007962,0
151446,34255,0,0.025124,0
26092,30831,0,0.02509,0
183129,35336,0,0.003235,0
27474,21903,0,0.12121,0
41501,28476,0,0.004344,0
57330,8174,0,0.740034,1
166419,46361,0,0.010695,0
47231,34126,0,0.052227,0
27637,27663,0,0.007904,0
179206,12230,0,0.011596,0
114492,19450,0,0.00812,0
176282,44142,0,0.072395,0
172769,38456,0,0.058018,0
113462,43908,0,0.072327,0
110880,37131,0,0.127272,0
101706,39055,0,0.03652,0
192954,16797,0,0.014906,0
16173,22151,0,0.095228,0
146754,29987,0,0.018436,0
39788,40467,0,0.005419,0
134380,23368,0,0.002,0
20146,17794,0,0.0594,0
182358,20119,1,0.523784,1
74009,48553,0,0.020178,0
146393,22556,0,0.063323,0
73191,6522,0,0.015824,0
106247,31477,1,0.512263,1
30579,15772,0,0.078545,0
137984,37993,0,0.024846,0
143768,16325,0,0.006569,0
25193,18660,0,0.009982,0
166061,13948,0,0.008258,0
69334,39448,0,0.00246,0
5891,274,0,0.009672,0
121860,38777,0,0.038737,0
145699,39993,0,0.009851,0
150767,10749,0,0.010587,0
204823,2775,0,0.010114,0
138795,18537,0,0.001706,0
23039,14074,0,0.001538,0
162055,22312,0,0.098706,0
60642,48645,0,0.005197,0
30411,39459,0,0.003931,0
61800,42768,0,0.005181,0
76393,25199,0,0.027663,0
114592,28985,0,0.086388,0
9434,29801,0,0.014872,0
120628,26648,0,0.019209,0
162856,32463,0,0.037957,0
203762,33000,0,0.021124,0
137854,9808,0,0.046659,0
38268,2537,0,0.007027,0
52399,11576,0,0.021456,0
176846,13976,0,0.065409,0
18838,4605,0,0.192563,0
103831,27171,0,0.002683,0
129856,44787,0,0.192244,0
23992,29307,0,0.054982,0
183244,17794,0,0.073454,0
37001,27676,0,0.019014,0
74053,15453,0,0.002966,0
165491,20670,1,0.286845,1
92451,44359,0,0.102632,0
168357,2335,0,0.023422,0
107211,32227,0,0.037955,0
127234,33206,0,0.012328,0
75853,36866,1,0.263007,1
114935,1468,0,0.009255,0
33466,5785,0,0.019959,0
128218,25034,0,0.001118,0
178538,43891,0,0.035125,0
1671,22935,0,0.024591,0
82296,41665,0,0.181927,0
138712,18441,0,0.010755,0
40374,34448,0,0.014353,0
121860,23554,0,0.013258,0
67750,37113,0,0.027235,0
43256,7021,0,0.003967,0
138214,14355,0,0.010069,0
164341,47766,0,0.027067,0
64684,46667,0,0.041253,0
198886,45646,0,0.009219,0
95934,32689,0,0.032086,0
8290,16759,0,0.013572,0
5907,39475,0,0.013018,0
114562,21709,0,0.063651,0
135172,6292,0,0.188142,0
51118,27665,0,0.008834,0
145925,39619,0,0.00882,0
25507,17872,0,0.005716,0
154227,19003,1,0.031902,0
64855,6552,0,0.005458,0
117635,17948,1,0.42397,1
153843,28985,0,0.039729,0
139107,25753,0,0.011088,0
185026,46022,0,0.018274,0
22504,5339,0,0.02048,0
46100,38426,0,0.035841,0
140090,30391,1,0.475376,1
63377,47369,0,0.059542,0
191535,39327,0,0.038422,0
13201,8292,0,0.017039,0
18307,8021,0,0.005885,0
204768,42115,0,0.250173,1
176688,4605,0,0.026166,0
199776,23385,0,0.014369,0
205691,8571,0,0.297453,1
114612,13176,0,0.012109,0
95136,15592,0,0.016348,0
120009,8631,0,0.008605,0
28958,28836,0,0.022512,0
185909,8057,0,0.043049,0
161518,41065,0,0.017087,0
14737,34525,0,0.083581,0
176232,46676,0,0.021552,0
186111,38974,0,0.059179,0
14448,22886,0,0.022536,0
38,40706,0,0.16962,0
163373,13373,0,0.041572,0
156784,38233,0,0.002539,0
61332,37158,0,0.013796,0
171658,9558,0,0.019212,0
47484,22935,0,0.013779,0
15007,26216,0,0.005105,0
79382,38273,0,0.080575,0
165291,33731,0,0.010972,0
135439,12481,0,0.016716,0
24029,10246,1,0.174477,0
62784,21616,0,0.003316,0
164637,4317,0,0.028941,0
122268,25199,0,0.374788,1
71863,26497,0,0.031055,0
115659,19005,0,0.005248,0
71482,47654,0,0.04965,0
144307,12797,0,0.017838,0
43868,15576,0,0.055695,0
168206,29180,0,0.021363,0
7139,40723,0,0.002362,0
132967,15063,0,0.277681,1
138537,15040,0,0.006048,0
76734,5876,0,0.133526,0
190235,35951,0,0.015688,0
168724,11913,0,0.006236,0
190304,42821,0,0.001749,0
133381,1234,0,0.092096,0
187727,4966,0,0.006725,0
131763,24184,0,0.014502,0
143311,3265,0,0.030315,0
173779,20114,0,0.010035,0
191342,21668,0,0.072732,0
168460,18370,0,0.003926,0
203811,47912,0,0.010636,0
182778,13595,0,0.015997,0
158310,43122,0,0.042884,0
72281,10761,0,0.002076,0
122781,44000,0,0.002201,0
111295,34969,0,0.0168,0
15181,30958,0,0.005177,0
62156,30953,0,0.012404,0
84774,5716,0,0.05573,0
61145,8048,0,0.044614,0
146586,34126,0,0.008503,0
84758,14063,0,0.012842,0
111846,45445,0,0.014818,0
117945,49674,0,0.321667,1
83722,42699,0,0.023826,0
72177,34134,0,0.023665,0
86537,2314,0,0.030309,0
193330,13380,0,0.005065,0
99149,29987,0,0.023076,0
103677,40171,0,0.009281,0
26097,43227,0,0.107382,0
109709,25623,0,0.041368,0
157730,49284,0,0.031387,0
85114,36724,0,0.069169,0
81962,6324,0,0.046059,0
55146,47766,0,0.042264,0
131849,7963,0,0.00715,0
190159,27999,0,0.049415,0
45061,39040,0,0.011386,0
150669,46969,0,0.165644,0
127144,8277,0,0.255507,1
56403,43389,0,0.064912,0
135758,29901,0,0.01078,0
31597,11777,0,0.070516,0
58306,39275,0,0.144953,0
168724,33198,0,0.007087,0
655,31343,0,0.010712,0
109095,45150,0,0.018566,0
143768,14332,0,0.037849,0
98343,2537,0,0.001389,0
147745,17482,0,0.007441,0
93977,25199,0,0.037255,0
197242,11714,0,0.005228,0
132851,41960,1,0.211669,0
93883,25930,0,0.015978,0
8715,43768,0,0.012956,0
186032,22888,0,0.004105,0
122652,3957,0,0.217932,0
37313,5646,0,0.013538,0
97013,23822,0,0.031202,0
120633,44912,0,0.002629,0
97703,48364,0,0.026777,0
128068,4957,0,0.100631,0
32675,24362,0,0.114575,0
186681,27363,0,0.006497,0
38002,21115,0,0.009132,0
115711,48624,0,0.005286,0
187564,13457,0,0.022566,0
23057,30839,0,0.015961,0
183263,33294,0,0.001625,0
155421,5612,0,0.243741,1
107494,14462,0,0.001687,0
186078,21927,0,0.002005,0
2273,37220,0,0.052569,0
68294,23029,0,0.004979,0
59830,47418,0,0.070972,0
94995,42557,0,0.056541,0
99767,44570,0,0.004889,0
12581,40198,0,0.117281,0
168990,4396,0,0.015293,0
27265,34584,0,0.012647,0
191871,30908,0,0.007302,0
202676,28985,0,0.031349,0
188674,46802,0,0.051687,0
125774,5231,0,0.001784,0
160226,21727,0,0.009624,0
15835,11461,0,0.009509,0
182297,10883,0,0.004665,0
124329,23165,0,0.013965,0
122059,38504,0,0.011555,0
119039,10504,0,0.020249,0
130925,17419,0,0.019565,0
61498,29439,0,0.027397,0
129005,14567,0,0.109566,0
65572,10621,0,0.020356,0
177305,33352,0,0.228055,0
130235,22765,1,0.370628,1
142779,32433,0,0.004885,0
201473,4942,0,0.135267,0
92574,5456,0,0.052143,0
76734,16349,0,0.048196,0
153965,21614,1,0.345516,1
189600,44375,0,0.070977,0
94058,16797,1,0.811547,1
100070,37754,0,0.00298,0
154204,47717,0,0.001451,0
196623,38557,0,0.001993,0
92508,35321,0,0.129135,0
23202,1181,0,0.002859,0
54181,25017,0,0.019057,0
76461,46069,0,0.003549,0
78218,34166,0,0.014128,0
167122,35939,0,0.118903,0
17521,39990,0,0.090909,0
112680,15290,0,0.047344,0
144846,39275,0,0.023074,0
204928,4347,0,0.004772,0
158409,13870,0,0.014466,0
192652,33351,0,0.024992,0
8513,36606,0,0.012127,0
162053,2962,0,0.017947,0
101465,39928,0,0.054527,0
169800,12916,0,0.007768,0
43155,26914,0,0.149988,0
197100,13885,0,0.008301,0
20980,47209,1,0.453766,1
115659,13536,0,0.005751,0
143552,20995,1,0.09297,0
125745,22825,0,0.006456,0
8352,48697,0,0.004989,0
144121,13984,0,0.104303,0
109043,44683,0,0.021682,0
122382,16864,0,0.064511,0
165291,5646,0,0.024504,0
80623,15414,0,0.053994,0
158077,11071,0,0.015317,0
135429,35547,0,0.522761,1
83362,38694,0,0.038116,0
44091,37229,0,0.023758,0
101250,42117,0,0.002458,0
43982,43525,0,0.023569,0
194026,35207,0,0.015362,0
25504,26209,0,0.015712,0
76712,2444,0,0.003836,0
51496,46720,0,0.086719,0
23283,15290,0,0.005416,0
113482,39275,1,0.281419,1
74437,42342,0,0.008946,0
201845,44142,0,0.004573,0
92397,23322,0,0.012143,0
72917,25223,0,0.004631,0
93673,48041,0,0.038636,0
181999,45066,0,0.080368,0
152970,13629,1,0.150839,0
8458,45208,0,0.003376,0
160005,8174,0,0.021523,0
19574,27845,0,0.035198,0
145332,5912,0,0.00523,0
41210,5646,0,0.027167,0
83634,5564,0,0.14113,0
205161,26500,1,0.174292,0
8027,17794,0,0.005905,0
127837,34126,0,0.035815,0
152052,6647,0,0.02219,0
59852,35321,0,0.033954,0
101603,46667,0,0.002663,0
182469,42650,0,0.003831,0
74570,27966,0,0.023772,0
164881,34459,0,0.031859,0
59535,3296,0,0.015126,0
154407,43122,0,0.032182,0
197543,45007,0,0.043836,0
42358,44717,0,0.010134,0
179294,30962,0,0.221657,0
173050,26369,0,0.296502,1
201585,19660,0,0.006325,0
77713,24964,0,0.027473,0
181055,38456,0,0.004367,0
159567,4658,0,0.011008,0
148560,29487,0,0.052462,0
117577,36591,0,0.004561,0
114761,8912,0,0.197075,0
95676,42258,0,0.001652,0
128561,6332,0,0.032218,0
192923,29506,0,0.004805,0
203757,19003,0,0.004581,0
69794,43689,0,0.027202,0
114285,26940,0,0.042184,0
159812,41950,0,0.045619,0
151158,14159,0,0.024727,0
186533,30057,0,0.005205,0
106474,16797,0,0.246023,1
16032,21773,0,0.045234,0
119270,25745,0,0.001866,0
48680,4274,0,0.038228,0
60501,9862,0,0.011915,0
122239,5322,0,0.031452,0
180158,25854,0,0.003336,0
77664,37284,0,0.022798,0
150313,36333,0,0.006451,0
94406,24852,0,0.534734,1
201787,43749,0,0.003539,0
79816,39097,0,0.002845,0
50683,38465,0,0.002265,0
153819,37977,0,0.055273,0
85141,2113,0,0.00705,0
103471,26604,0,0.020575,0
20656,17759,0,0.019436,0
26447,40055,0,0.052723,0
10901,16797,0,0.014568,0
7821,46347,0,0.019953,0
77365,43394,0,0.045939,0
104193,7179,0,0.09866,0
157562,33568,0,0.001724,0
66173,24852,0,0.021057,0
68788,35403,0,0.004108,0
167540,13176,0,0.083249,0
180397,49235,0,0.013664,0
110898,27695,1,0.236881,1
151394,38777,0,0.034733,0
173466,3007,0,0.039084,0
109213,27294,1,0.785524,1
22005,13287,0,0.002947,0
187684,22842,0,0.007533,0
108979,33352,0,0.041244,0
105169,10390,0,0.215751,0
34370,16797,0,0.017667,0
70212,17341,0,0.013622,0
64127,47141,0,0.04203,0
40381,22180,0,0.008823,0
30411,46651,0,0.0496,0
166479,13541,0,0.022101,0
180456,41290,0,0.044815,0
135492,33198,0,0.02149,0
58244,11030,0,0.357359,1
72573,27845,0,0.031664,0
103217,27454,0,0.010298,0
139495,11520,0,0.033411,0
122439,1514,0,0.170029,0
174134,6104,0,0.021882,0
202283,28281,0,0.009849,0
103937,45965,0,0.002212,0
88963,37528,0,0.009053,0
89684,4516,0,0.034363,0
92751,44201,0,0.219983,0
22267,48183,0,0.053165,0
58788,41433,0,0.003423,0
119985,17706,0,0.008768,0
12097,46688,0,0.013825,0
190304,21162,0,0.002615,0
5301,29995,1,0.230935,1
57630,4321,0,0.103246,0
182508,21938,1,0.284913,1
71427,17794,0,0.010475,0
160352,24097,0,0.034163,0
47968,38996,0,0.007147,0
72137,34407,0,0.018068,0
64356,44912,0,0.019848,0
107949,35842,0,0.069537,0
9566,16818,0,0.01678,0
146504,5746,0,0.056646,0
138214,13535,0,0.011326,0
128332,22245,0,0.155953,0
203692,44912,0,0.016374,0
68160,5337,0,0.001681,0
133126,37687,1,0.630224,1
43982,42959,0,0.04302,0
204923,8277,0,0.11415,0
170518,20840,0,0.034089,0
15662,23400,0,0.035047,0
183224,26165,0,0.047046,0
68888,32833,0,0.261751,1
196619,6292,0,0.077309,0
95,27142,0,0.026663,0
42904,6197,0,0.004825,0
39682,8467,0,0.073244,0
191504,40593,0,0.005139,0
63306,29447,0,0.052595,0
172755,40999,0,0.044375,0
45465,42913,0,0.312512,1
39054,35951,0,0.073528,0
187945,39984,0,0.025974,0
152717,40415,0,0.039142,0
15072,45447,0,0.001808,0
84392,24852,0,0.041495,0
44473,45862,0,0.018904,0
169798,48205,1,0.766261,1
168436,47912,0,0.00576,0
186979,34608,0,0.037982,0
184589,28601,0,0.185041,0
104936,4844,0,0.013102,0
176793,37642,0,0.003676,0
148352,33280,0,0.011512,0
68344,18926,0,0.02299,0
119226,24852,0,0.238721,1
128446,27554,0,0.00957,0
112550,15091,0,0.025056,0
63752,20723,0,0.037692,0
79056,21524,0,0.032478,0
119214,33214,0,0.025242,0
89832,37504,0,0.022833,0
100536,42284,0,0.016445,0
41746,35085,0,0.137531,0
38469,36956,0,0.225081,0
155135,5922,0,0.01517,0
165611,6167,0,0.038151,0
176229,48726,0,0.022692,0
25495,43662,0,0.204348,0
66765,7987,0,0.082006,0
149412,13110,0,0.013109,0
99175,33462,0,0.020075,0
182821,33862,0,0.001532,0
198629,10173,0,0.003682,0
5002,2311,0,0.001834,0
200004,34619,0,0.209793,0
138512,6046,0,0.023606,0
36484,39363,0,0.002564,0
69685,17395,0,0.018969,0
168983,9759,0,0.024065,0
166058,1006,0,0.051557,0
6774,46802,0,0.001383,0
65464,20518,0,0.046685,0
117191,45296,0,0.247981,1
33051,23339,0,0.026163,0
74925,5597,0,0.007402,0
175905,38490,0,0.075347,0
201630,48383,0,0.005193,0
131586,18465,0,0.037507,0
36712,7175,0,0.101292,0
65862,20244,0,0.018722,0
56833,27156,0,0.04771,0
159847,13176,0,0.082841,0
3286,36695,0,0.017163,0
192931,29153,0,0.018905,0
66060,17284,0,0.139542,0
64120,26497,0,0.058418,0
106637,23322,0,0.009658,0
196492,47766,0,0.038615,0
52472,2651,0,0.011714,0
102520,46672,0,0.005673,0
196184,30406,0,0.028004,0
85886,9387,0,0.030186,0
135439,34752,0,0.019474,0
41560,14168,0,0.011034,0
20239,22957,0,0.007347,0
41556,27783,0,0.003861,0
72395,10145,0,0.247306,1
161264,9159,0,0.016376,0
140433,28123,0,0.030903,0
170888,6128,0,0.019972,0
15459,27197,0,0.017397,0
185060,28204,0,0.008728,0
14923,3204,0,0.031194,0
8179,8424,0,0.172853,0
108794,10310,0,0.022213,0
147836,46206,0,0.008227,0
129694,33875,0,0.113578,0
189034,10234,0,0.00818,0
82810,9839,0,0.050438,0
190814,48116,0,0.047601,0
199851,34203,0,0.121136,0
148441,48682,0,0.006031,0
129767,24184,0,0.020996,0
97764,44717,0,0.010376,0
46089,30021,0,0.003129,0
138115,38777,0,0.027381,0
11236,34969,0,0.020142,0
57980,20734,0,0.002845,0
119107,26940,0,0.012536,0
203009,42356,0,0.033004,0
102059,38797,0,0.013737,0
78958,29307,0,0.015863,0
122428,28849,0,0.005835,0
76025,7948,1,0.044583,0
143845,11782,0,0.010571,0
201545,14715,0,0.007076,0
72507,49533,0,0.026533,0
164900,44632,0,0.153403,0
52404,34584,0,0.006178,0
15624,16797,0,0.017402,0
47777,35419,0,0.056798,0
49145,9689,0,0.010914,0
44149,30672,0,0.002362,0
55155,16570,0,0.416183,1
154247,35171,0,0.035834,0
139966,26315,0,0.033691,0
30579,32455,0,0.163203,0
50675,30776,0,0.016229,0
48427,12276,0,0.010316,0
125916,18090,0,0.008372,0
180043,46691,0,0.005688,0
95953,33919,0,0.012979,0
142439,28204,0,0.09955,0
100115,3044,0,0.029717,0
157113,29307,1,0.16683,0
109474,38395,0,0.080587,0
74861,28993,0,0.017159,0
116422,38159,0,0.196154,0
77941,11759,0,0.019914,0
109823,38558,0,0.039575,0
125975,27086,0,0.016004,0
19753,17835,0,0.210158,0
132737,30489,0,0.020418,0
192218,27156,0,0.004477,0
200254,38266,0,0.002732,0
26027,26384,0,0.037454,0
55100,5750,0,0.071128,0
155816,22782,0,0.095967,0
193677,26172,0,0.028252,0
25304,28443,0,0.008191,0
21978,24184,0,0.012792,0
137083,31252,0,0.016301,0
190866,20583,0,0.00536,0
82525,13292,0,0.001716,0
118649,30855,0,0.045462,0
147628,8174,0,0.12339,0
146000,44683,0,0.312796,1
61111,13727,0,0.044689,0
70738,32691,0,0.01207,0
69929,18234,0,0.012074,0
36383,25817,0,0.276836,1
154766,11712,0,0.04183,0
197683,34128,0,0.013002,0
201420,11323,0,0.162852,0
95129,26976,0,0.01369,0
17121,13083,0,0.099446,0
65322,22882,0,0.035377,0
153657,44479,0,0.152826,0
19353,14267,0,0.033137,0
95565,8536,0,0.012232,0
92249,5794,0,0.030253,0
123386,34005,0,0.453631,1
25245,22218,0,0.00133,0
94786,39945,0,0.015507,0
45930,8490,0,0.003054,0
172983,26881,0,0.060195,0
172875,6873,0,0.030795,0
94764,15233,0,0.002371,0
31963,43545,0,0.010375,0
90652,939,0,0.006207,0
88247,4792,1,0.081614,0
80981,10291,0,0.05561,0
85316,1529,0,0.003307,0
61832,36179,0,0.110548,0
3858,19048,0,0.030453,0
190688,41523,0,0.01312,0
191500,35163,0,0.019078,0
68150,48900,0,0.03348,0
58245,3957,0,0.003044,0
40753,27548,0,0.114245,0
104993,41621,0,0.066966,0
55897,45608,0,0.006515,0
36268,45646,0,0.023301,0
170144,26456,0,0.05966,0
85124,28289,0,0.149785,0
67501,33783,1,0.041478,0
102020,21683,0,0.060924,0
113885,44371,0,0.04859,0
178491,25464,0,0.293485,1
92048,30233,0,0.169943,0
171673,23165,0,0.006371,0
177088,26209,0,0.220729,0
61448,44864,0,0.061803,0
187378,45646,1,0.038732,0
54285,39024,0,0.481209,1
41877,16283,0,0.04518,0
35649,12075,0,0.001533,0
26092,27104,0,0.01629,0
50095,46979,0,0.031461,0
188184,651,0,0.018508,0
157416,40604,0,0.018942,0
32487,12075,0,0.332963,1
121669,21616,0,0.005238,0
79216,5782,0,0.063774,0
98816,32939,0,0.010585,0
78154,35752,0,0.001255,0
181336,47209,0,0.146917,0
98163,46886,1,0.332189,1
162248,9075,0,0.114554,0
191676,41711,0,0.032261,0
106407,35855,0,0.078783,0
169632,28842,0,0.003047,0
80122,21137,0,0.015936,0
7665,13424,0,0.014259,0
113241,13370,0,0.012985,0
10287,27521,0,0.011449,0
43277,45177,0,0.018188,0
152781,44051,0,0.033758,0
3387,48907,0,0.003083,0
171386,35939,0,0.013856,0
23946,19732,0,0.006461,0
193880,31585,0,0.088207,0
150655,28976,0,0.098104,0
75791,30696,0,0.051221,0
101038,37103,0,0.056169,0
109904,25295,0,0.005423,0
42123,23516,0,0.008571,0
20561,40516,0,0.024764,0
36986,37912,0,0.003247,0
53589,9076,0,0.016724,0
151102,14161,0,0.00703,0
115912,41149,0,0.062046,0
31711,47521,0,0.028713,0
193051,38703,0,0.005353,0
194290,15902,0,0.018131,0
74081,18811,0,0.017666,0
74840,37518,0,0.002952,0
176190,44910,0,0.025276,0
109634,35633,0,0.057422,0
174607,42958,0,0.445577,1
43326,39844,0,0.002724,0
59866,35221,0,0.109618,0
23542,26882,0,0.052074,0
150834,36640,0,0.089727,0
53925,47845,0,0.003984,0
140458,13763,0,0.014293,0
56890,26790,0,0.231107,1
117356,31888,0,0.043177,0
195019,44533,0,0.026794,0
166479,39558,0,0.009013,0
62746,47209,0,0.056611,0
8100,9339,0,0.039028,0
42209,44525,0,0.005327,0
63742,14032,0,0.0324,0
178045,15290,0,0.008519,0
30222,9648,0,0.001913,0
5936,48679,0,0.014478,0
97264,19614,0,0.012582,0
65974,40992,0,0.010357,0
44234,5077,0,0.12333,0
147874,44628,0,0.015524,0
118040,18599,0,0.039475,0
58010,24954,1,0.323594,1
77033,19057,0,0.021829,0
90006,36695,1,0.564633,1
157278,11837,0,0.009808,0
118430,44449,0,0.044192,0
140192,44359,0,0.007935,0
61402,5782,0,0.009504,0
23207,3583,0,0.024116,0
31963,47546,0,0.014594,0
179939,24852,0,0.346281,1
157314,853,1,0.066086,0
39610,43867,0,0.059911,0
17957,29274,0,0.02651,0
80381,14332,0,0.003212,0
193659,18140,0,0.002667,0
122613,20119,0,0.127602,0
124194,42404,0,0.015924,0
183334,38241,0,0.013306,0
33906,16254,0,0.002539,0
110708,7314,0,0.002011,0
153850,42522,0,0.010469,0
182761,18880,0,0.017235,0
136976,500,0,0.018452,0
17939,24097,0,0.175282,0
20082,47225,0,0.00161,0
73075,737,0,0.012529,0
126475,23892,0,0.007548,0
69052,45007,0,0.075766,0
180188,1465,0,0.171889,0
43848,11520,1,0.362019,1
104079,41351,0,0.029403,0
197181,22890,0,0.015964,0
138463,30233,0,0.020691,0
20377,7722,0,0.008194,0
80505,27243,0,0.006866,0
5315,22825,0,0.145196,0
199421,2519,0,0.014026,0
31367,7500,0,0.031613,0
52435,5618,0,0.005083,0
165154,16407,0,0.004078,0
18307,30707,0,0.001785,0
54729,22782,0,0.008616,0
89636,42265,0,0.041362,0
108702,35042,0,0.026166,0
122968,8518,0,0.105396,0
153372,41690,0,0.013743,0
53719,1181,0,0.025983,0
1095,8834,0,0.031632,0
133707,46665,0,0.007543,0
94792,45656,0,0.002131,0
40732,41169,0,0.017506,0
174798,46802,0,0.046236,0
184755,24852,0,0.07847,0
28835,31015,1,0.02252,0
94260,17758,0,0.006937,0
66621,37046,0,0.014472,0
27090,30584,0,0.009647,0
127786,2536,0,0.018594,0
188318,45007,0,0.023377,0
146431,8940,0,0.013341,0
156258,21903,1,0.358849,1
69365,35004,0,0.014671,0
195986,7628,0,0.02958,0
90073,19019,0,0.015022,0
155687,14647,0,0.051505,0
191,31853,0,0.076206,0
162960,8004,0,0.028636,0
131526,8174,0,0.002094,0
125980,30928,0,0.004412,0
52255,18799,0,0.003906,0
74279,432,0,0.010957,0
192827,5792,0,0.038492,0
86479,11520,0,0.02301,0
103950,41480,0,0.011621,0
110103,24903,0,0.014333,0
200095,13423,0,0.043267,0
171027,39190,0,0.019224,0
42385,47766,0,0.013275,0
91772,1057,0,0.014879,0
95594,32478,0,0.174518,0
49537,37552,1,0.374448,1
48412,42620,0,0.011277,0
130004,10644,0,0.017141,0
152121,4209,0,0.001846,0
109625,6177,0,0.041909,0
177234,42265,0,0.004828,0
135968,23410,0,0.24306,1
64433,18281,0,0.01,0
69124,28132,0,0.013187,0
59007,3265,0,0.058105,0
35169,14394,0,0.006352,0
162620,3526,0,0.009011,0
6806,9601,0,0.007921,0
198699,31343,0,0.132303,0
49684,5618,0,0.0055,0
51814,8888,0,0.011829,0
187378,162,1,0.028265,0
82573,2237,0,0.229354,0
63002,7241,0,0.06394,0
64589,2101,0,0.00131,0
51841,35518,0,0.01292,0
128839,5642,0,0.130452,0
92432,39475,0,0.561577,1
16580,39057,0,0.119493,0
13057,10424,0,0.005535,0
25818,17224,0,0.057451,0
79394,43087,0,0.291647,1
60755,24964,0,0.134572,0
123134,47672,0,0.009027,0
160780,18432,0,0.041421,0
20452,38236,0,0.034086,0
73514,11926,0,0.038813,0
180622,260,0,0.032782,0
17034,10957,0,0.390662,1
3294,13085,0,0.067379,0
201585,40501,0,0.001785,0
147226,20824,0,0.027686,0
194628,5932,0,0.002447,0
188184,49215,0,0.001312,0
76886,31506,0,0.045178,0
59545,47734,0,0.018601,0
8162,40377,0,0.024973,0
74804,17299,0,0.01296,0
71257,21050,0,0.027436,0
104692,33768,0,0.005621,0
142476,21709,0,0.314072,1
163569,39558,0,0.114948,0
70561,5077,0,0.050885,0
108286,27288,0,0.075888,0
144702,8494,0,0.003443,0
52870,36070,1,0.025772,0
204613,30489,0,0.011874,0
204390,28204,0,0.029281,0
137318,32467,0,0.087826,0
138845,20448,0,0.024505,0
41959,38164,0,0.017321,0
6268,48642,0,0.028369,0
175728,30489,0,0.004857,0
187763,196,0,0.620842,1
143555,39469,0,0.004695,0
82007,23848,0,0.201237,0
160342,47962,0,0.013496,0
197404,35951,0,0.0291,0
111495,44325,0,0.037133,0
2895,4920,0,0.129549,0
4442,16185,0,0.00327,0
5296,17284,0,0.003602,0
781,33065,0,0.059094,0
148809,24759,0,0.032545,0
13449,41748,0,0.014156,0
28924,32134,0,0.192842,0
178430,19048,0,0.058887,0
59545,13431,0,0.031178,0
126397,37119,0,0.00592,0
173707,46692,0,0.054101,0
138164,18127,1,0.082493,0
57097,33198,0,0.028972,0
144965,9739,0,0.028496,0
162046,46510,0,0.010223,0
16191,4799,0,0.046619,0
142904,45116,0,0.081323,0
37174,17866,0,0.005739,0
171861,12290,0,0.171497,0
137669,9531,0,0.054829,0
111281,39561,0,0.039558,0
97975,20114,0,0.031467,0
127006,30461,0,0.007192,0
65188,4605,0,0.572608,1
155725,38456,0,0.030828,0
104692,42071,0,0.003479,0
92124,35108,0,0.079696,0
105724,4565,0,0.006408,0
34994,34816,0,0.010374,0
55281,16823,0,0.054825,0
144846,26994,0,0.001723,0
114215,4966,0,0.003304,0
37531,35547,0,0.031144,0
104638,39787,0,0.029594,0
77598,260,0,0.049257,0
92401,16616,0,0.021724,0
153850,37766,0,0.021597,0
198099,34134,0,0.024383,0
30692,6859,0,0.033684,0
121311,16759,0,0.027116,0
124534,27104,0,0.029569,0
66925,5251,0,0.046228,0
112416,31090,0,0.033219,0
4527,23165,0,0.002738,0
33042,21769,0,0.136925,0
103831,27243,0,0.010185,0
197196,46167,0,0.027468,0
140656,29307,0,0.153342,0
50779,9871,0,0.078902,0
177691,6573,0,0.023309,0
124464,5097,0,0.0701,0
13960,10492,0,0.02091,0
51797,22760,0,0.026045,0
188933,20883,0,0.007378,0
67755,18370,0,0.24544,1
127124,40470,0,0.0199,0
108482,19982,0,0.020806,0
147301,8277,0,0.141598,0
135394,24852,0,0.041323,0
203851,36082,0,0.107198,0
147482,23892,0,0.046285,0
150225,3840,0,0.00177,0
46345,24964,0,0.22075,0
92960,33915,0,0.252913,1
50000,32463,1,0.028906,0
135167,33493,0,0.038802,0
105788,33731,0,0.085632,0
52814,6046,0,0.103191,0
127202,37687,0,0.047832,0
66072,34126,0,0.02721,0
24157,23888,0,0.003323,0
200529,1313,0,0.004988,0
176752,28515,0,0.006067,0
107338,41771,0,0.065589,0
41525,11513,0,0.006522,0
159269,8277,0,0.183236,0
165330,11532,0,0.178062,0
30172,40709,0,0.031393,0
66808,19268,0,0.004582,0
85791,13988,0,0.004281,0
180437,40852,0,0.011506,0
132310,15280,0,0.00206,0
196952,46979,0,0.019489,0
29450,39462,0,0.021601,0
151429,6615,0,0.01359,0
5263,27695,0,0.260942,1
196163,26292,0,0.0113,0
83934,28278,0,0.009557,0
165173,24082,0,0.087856,0
78927,44910,1,0.070483,0
31590,42888,0,0.001695,0
197880,42617,1,0.011607,0
91467,21405,0,0.08377,0
93885,34590,0,0.052818,0
191706,19570,0,0.131662,0
117575,38313,0,0.184121,0
95013,29487,0,0.012338,0
139923,3399,0,0.003996,0
19528,38374,0,0.001215,0
92749,6046,1,0.585309,1
64624,42585,0,0.019725,0
2659,48395,0,0.003351,0
51984,45906,0,0.060572,0
142084,47734,1,0.046218,0
127540,22935,0,0.20911,0
3990,16823,0,0.01629,0
150340,23313,0,0.052443,0
275,2452,0,0.027852,0
163156,35887,0,0.014566,0
84995,39174,0,0.004102,0
150983,1787,0,0.047971,0
40131,47977,1,0.215946,0
30348,27801,0,0.026887,0
52203,5884,0,0.018901,0
129716,18441,0,0.028534,0
46508,36736,0,0.003898,0
41231,30489,0,0.01133,0
114098,40063,0,0.048172,0
51121,36766,1,0.77176,1
131478,35269,0,0.03017,0
89607,45633,0,0.031466,0
41501,42585,0,0.020478,0
52975,31553,0,0.045322,0
49120,9871,0,0.006937,0
125123,17630,0,0.030409,0
95477,42974,0,0.017223,0
189951,2078,0,0.095058,0
130304,33527,0,0.079666,0
178738,40310,0,0.008691,0
1206,45066,0,0.374534,1
116855,46131,0,0.023977,0
122239,7622,0,0.007808,0
198885,22000,0,0.014976,0
169064,8017,0,0.020894,0
67689,17002,0,0.002182,0
105879,16830,0,0.03224,0
191972,49683,0,0.072748,0
72973,39928,0,0.088771,0
142756,2326,0,0.015768,0
64047,9608,0,0.014853,0
119273,12341,0,0.095797,0
65617,38383,0,0.093428,0
95714,38051,0,0.017003,0
32052,14678,0,0.012358,0
124341,3919,0,0.02576,0
36030,46667,0,0.004972,0
70213,3868,0,0.002111,0
119697,25903,0,0.028725,0
193406,21137,1,0.407756,1
65253,633,0,0.006192,0
5870,5876,0,0.098648,0
41142,27093,1,0.044855,0
100830,31717,0,0.004471,0
192731,45633,0,0.026904,0
24290,34126,1,0.478676,1
157916,29327,0,0.043399,0
100854,24852,0,0.030603,0
174583,10460,0,0.068983,0
184028,28185,0,0.007932,0
165212,10673,0,0.008594,0
91691,13176,0,0.073923,0
131273,39636,0,0.023396,0
136782,21459,0,0.016219,0
79850,10246,0,0.003322,0
64223,7781,0,0.039046,0
120440,32099,0,0.090349,0
119322,48628,0,0.103144,0
22316,45198,0,0.027588,0
102632,25330,0,0.021891,0
25151,39275,0,0.028258,0
106229,26800,0,0.144655,0
69324,22959,0,0.44733,1
97345,43662,0,0.004184,0
42124,14780,0,0.041373,0
102622,14580,0,0.038043,0
143989,9366,0,0.010439,0
11137,42625,0,0.079608,0
84515,14161,0,0.016632,0
165684,4137,0,0.187103,0
41728,27959,0,0.134977,0
129806,26604,0,0.21258,0
27952,46616,0,0.002444,0
138774,19003,0,0.006321,0
101674,47792,1,0.154319,0
200437,36332,0,0.018237,0
204152,25197,0,0.002138,0
103552,26604,0,0.025788,0
59321,31585,0,0.109606,0
21016,13885,0,0.206868,0
3593,26629,0,0.028425,0
189034,47042,0,0.009747,0
5848,8193,0,0.004468,0
3990,41950,0,0.238385,1
121824,40706,0,0.077167,0
153778,35217,0,0.032523,0
40425,38903,0,0.001838,0
18511,13170,0,0.012515,0
14332,21137,0,0.180755,0
45061,48057,0,0.012685,0
199167,11798,0,0.003049,0
140340,49325,0,0.021977,0
59364,32338,0,0.015225,0
156301,3376,0,0.010573,0
149560,11182,0,0.016853,0
198259,21903,1,0.562029,1
190075,4541,0,0.021818,0
44463,41400,0,0.264879,1
17112,18594,0,0.038328,0
59354,8053,0,0.023673,0
34393,43967,0,0.002234,0
54607,7088,0,0.042765,0
94123,21903,1,0.447506,1
47862,24181,0,0.033654,0
147181,45083,0,0.017447,0
145147,31066,0,0.049195,0
29046,25659,0,0.231678,1
54523,15660,0,0.00824,0
9726,17429,0,0.026629,0
79235,10749,0,0.016693,0
106797,24810,0,0.06689,0
112057,49247,0,0.063694,0
58146,41290,1,0.768185,1
79417,48679,0,0.006088,0
20583,19453,0,0.003929,0
189771,27440,0,0.010681,0
190513,21137,0,0.051175,0
191717,47144,0,0.147639,0
73318,41970,0,0.226986,0
145536,27845,1,0.063687,0
86054,41950,0,0.03843,0
200427,47418,0,0.002016,0
150720,40706,1,0.080259,0
26830,47209,0,0.01414,0
89388,30352,0,0.002019,0
180074,32390,0,0.00249,0
139464,26604,0,0.015918,0
46752,35221,0,0.030587,0
168396,13198,0,0.141125,0
22053,23765,0,0.004604,0
102018,34448,0,0.022074,0
5471,3339,0,0.108081,0
195169,30994,0,0.029023,0
204920,1076,0,0.008197,0
37690,5876,0,0.039253,0
59107,17902,0,0.001848,0
95888,33043,0,0.027534,0
155613,6348,1,0.300556,1
16175,14992,0,0.022113,0
24197,275,0,0.024664,0
95630,16641,0,0.014627,0
63448,46572,0,0.040468,0
48539,30720,0,0.072479,0
55708,24561,0,0.034007,0
197169,31066,0,0.005156,0
168374,41844,0,0.133746,0
53628,38596,0,0.01947,0
15626,22058,0,0.01034,0
21247,30489,1,0.485269,1
66173,26017,0,0.001955,0
159573,204,0,0.038191,0
54627,25642,0,0.01454,0
107418,30463,0,0.011948,0
106819,43768,0,0.014382,0
13310,33956,0,0.131632,0
127584,44193,0,0.005164,0
26225,10343,0,0.035548,0
151994,22015,0,0.001457,0
81126,43867,0,0.021265,0
112426,47626,1,0.477052,1
155582,823,0,0.027546,0
170086,32864,0,0.149887,0
160579,34448,0,0.057705,0
52212,48745,0,0.012026,0
32479,4824,0,0.005424,0
200792,21783,0,0.030419,0
131525,48697,1,0.029983,0
108985,14992,0,0.130769,0
15229,38596,0,0.00288,0
158142,5449,0,0.182511,0
148159,40604,0,0.002557,0
65300,42536,0,0.098046,0
68439,42134,0,0.016813,0
116961,25931,1,0.23891,1
142394,20277,0,0.083831,0
118811,37250,1,0.590925,1
37610,24125,0,0.028642,0
165330,31717,0,0.23925,1
105883,42677,0,0.003191,0
139495,15200,0,0.009966,0
32540,16911,0,0.155586,0
7923,34466,0,0.017983,0
153270,41950,1,0.21347,0
79556,45011,0,0.05002,0
91159,41273,0,0.00269,0
71549,47626,0,0.019795,0
82446,11182,0,0.055085,0
98917,31388,0,0.001445,0
96441,28058,0,0.006792,0
164266,22268,0,0.037358,0
74774,1160,0,0.18449,0
151584,40691,0,0.045126,0
73425,43122,0,0.179504,0
178803,46676,0,0.012596,0
107581,43961,0,0.017327,0
12011,18232,0,0.004971,0
29775,26209,0,0.018477,0
60011,24852,0,0.027765,0
75001,20995,0,0.029967,0
82392,44303,0,0.014575,0
136957,31528,0,0.04286,0
55825,14147,0,0.009892,0
46303,5019,0,0.00161,0
76758,24759,0,0.011535,0
44461,44122,0,0.25378,1
60661,41787,0,0.694267,1
127365,43279,0,0.127274,0
194566,47781,0,0.016759,0
136708,16759,0,0.012661,0
2659,29363,0,0.006244,0
94348,16978,0,0.069198,0
46257,12499,0,0.013,0
48913,39370,0,0.011395,0
131426,8518,0,0.039708,0
34907,44426,0,0.014016,0
51719,28785,0,0.03385,0
153224,36386,0,0.004972,0
43448,27365,0,0.001786,0
122736,46347,0,0.012713,0
189813,19691,0,0.031718,0
119771,21333,1,0.117392,0
15012,35976,0,0.00595,0
50143,32788,0,0.002036,0
115369,47626,0,0.205904,0
157437,45646,0,0.004022,0
93287,40338,0,0.056049,0
52075,28849,0,0.050891,0
36990,10333,0,0.035118,0
86377,21150,0,0.061029,0
57707,16139,0,0.05854,0
175565,14142,0,0.007868,0
102484,11755,0,0.028066,0
128601,46041,0,0.009202,0
21553,19111,0,0.066511,0
137857,38657,0,0.03849,0
46055,196,0,0.012027,0
143278,10826,0,0.00212,0
23949,9444,0,0.001704,0
91840,5863,0,0.060064,0
30527,16986,0,0.17612,0
89980,24009,0,0.00705,0
169889,25513,0,0.027541,0
78217,38164,0,0.013819,0
198343,45608,0,0.030654,0
80163,29622,0,0.065875,0
194379,43768,0,0.113818,0
41508,30165,0,0.003403,0
103490,39812,0,0.0599,0
136661,42719,0,0.011452,0
197992,10749,1,0.278347,1
74097,18987,0,0.141356,0
179420,12772,0,0.013934,0
90995,37065,0,0.005692,0
131501,10017,0,0.027589,0
139110,27392,0,0.116929,0
127202,41437,0,0.232914,1
173491,14669,0,0.009643,0
43393,20114,0,0.013834,0
170327,10504,0,0.010213,0
47802,23909,0,0.297464,1
95975,28199,1,0.025746,0
195678,29694,0,0.017121,0
159563,12899,0,0.04027,0
113356,10453,0,0.027727,0
120303,4932,0,0.01166,0
177764,25890,0,0.138448,0
68996,15285,0,0.162903,0
133368,19734,0,0.040896,0
15316,48775,0,0.022734,0
46623,8169,0,0.005069,0
135292,10504,0,0.013475,0
200893,13176,1,0.762054,1
132594,20887,0,0.100523,0
44676,32864,0,0.115006,0
139877,6873,0,0.009592,0
67975,6638,0,0.001377,0
109757,15937,0,0.007455,0
36369,7358,0,0.00754,0
168795,5696,0,0.006598,0
143753,14992,0,0.076567,0
135658,8113,0,0.00519,0
182406,23499,0,0.029902,0
127111,22159,0,0.026892,0
113885,39275,0,0.029971,0
70613,26165,1,0.404345,1
85303,10616,0,0.013511,0
201524,10621,0,0.023063,0
43305,6142,0,0.00334,0
119173,7014,0,0.005385,0
149525,10248,0,0.210192,0
165918,39877,0,0.130202,0
62244,27544,0,0.011945,0
194466,39877,1,0.410461,1
8334,6385,0,0.003575,0
98895,162,0,0.002158,0
192130,40397,0,0.03263,0
166530,24852,0,0.379946,1
6672,1947,0,0.002274,0
176919,7146,0,0.009355,0
194417,18534,1,0.213701,0
56422,47732,0,0.061118,0
163962,12381,0,0.001203,0
147379,35042,0,0.013532,0
153446,23622,0,0.019955,0
38826,32139,0,0.005786,0
21175,37033,0,0.033087,0
155541,3020,0,0.004238,0
55911,42110,0,0.056284,0
80108,48440,1,0.194163,0
49778,43428,0,0.059794,0
172932,48453,0,0.061205,0
28140,22180,0,0.04402,0
119867,22035,0,0.305457,1
193148,24484,0,0.032731,0
69942,43129,0,0.01815,0
183683,40706,0,0.09378,0
48408,48395,0,0.003998,0
71,37973,1,0.011739,0
110774,30489,0,0.034386,0
181210,36082,0,0.016309,0
54272,48290,0,0.074103,0
15357,25146,0,0.106598,0
142163,8695,0,0.029462,0
121990,27355,0,0.012818,0
92645,30668,0,0.01285,0
185537,19488,1,0.092277,0
3601,48205,0,0.020203,0
51295,31553,0,0.012266,0
136518,21903,0,0.051549,0
102643,13802,0,0.173777,0
26813,5652,0,0.0842,0
76374,13176,0,0.308935,1
189212,7559,0,0.026918,0
184906,311,0,0.013719,0
28470,16198,0,0.017179,0
120691,46758,0,0.006449,0
58218,46812,0,0.007201,0
119521,44359,0,0.046299,0
58271,49683,0,0.011024,0
87333,2097,0,0.02257,0
196463,27521,0,0.022927,0
61592,40571,0,0.006484,0
1834,12333,0,0.059552,0
116584,1629,0,0.074555,0
150406,9007,0,0.009774,0
114560,8174,0,0.06115,0
145844,2635,0,0.007527,0
119315,43352,0,0.033527,0
62530,24489,0,0.004521,0
114423,48679,0,0.01256,0
67632,22504,0,0.007863,0
51496,35939,0,0.063047,0
203757,36170,0,0.004943,0
94187,22825,0,0.065531,0
51172,17083,0,0.005157,0
5285,2326,0,0.132094,0
15229,27104,0,0.002348,0
203910,36316,0,0.292717,1
106443,29487,0,0.002426,0
199805,18382,0,0.003438,0
104668,5912,0,0.001982,0
24840,33704,1,0.031974,0
182005,29285,0,0.098819,0
178953,34745,0,0.094494,0
6895,4462,0,0.067556,0
60041,16894,0,0.058542,0
12835,28465,0,0.010292,0
160860,15398,0,0.093955,0
92258,49683,0,0.325094,1
27575,40593,0,0.010699,0
34226,5031,0,0.015044,0
190665,46620,0,0.009109,0
87438,2361,0,0.017143,0
6451,28985,0,0.046507,0
123000,41103,0,0.005393,0
66137,32734,0,0.178464,0
129795,432,0,0.058922,0
79699,6244,0,0.118008,0
195169,26488,0,0.018455,0
59635,36082,0,0.023144,0
87489,4210,0,0.039302,0
114166,30233,0,0.224762,0
47079,32951,0,0.047607,0
171982,4086,0,0.008569,0
30599,4347,0,0.003578,0
188536,12409,0,0.005289,0
40424,21386,0,0.047292,0
182406,28715,0,0.054095,0
142211,43263,0,0.167568,0
83797,44500,1,0.19368,0
200977,26620,0,0.015956,0
151763,1979,0,0.036314,0
201515,18117,0,0.038495,0
126613,44683,0,0.013883,0
149334,40925,0,0.017269,0
169284,10246,0,0.009181,0
80710,4920,0,0.035843,0
76142,32360,0,0.006563,0
14923,10314,0,0.001583,0
136679,23252,0,0.035516,0
154119,23165,0,0.068285,0
102494,44632,0,0.047147,0
104424,22788,0,0.005275,0
148352,19653,0,0.020283,0
170224,44825,0,0.0443,0
88201,23958,0,0.003279,0
2970,21903,0,0.009733,0
182778,32605,0,0.12919,0
42385,16185,0,0.014083,0
109017,27456,0,0.052358,0
40741,18956,0,0.017571,0
14094,19706,0,0.077708,0
96577,18670,0,0.007951,0
156517,42327,0,0.120815,0
68910,343,0,0.015444,0
47954,20520,0,0.019759,0
74300,16524,0,0.044435,0
115083,13176,1,0.423864,1
48669,23288,0,0.018723,0
109812,7228,0,0.045696,0
114225,25096,0,0.018504,0
128671,6274,0,0.009575,0
76360,47884,0,0.00591,0
183173,40706,0,0.018501,0
29344,9839,0,0.01495,0
53775,22790,0,0.043735,0
109634,32650,0,0.041724,0
34393,29660,0,0.00593,0
22893,11182,0,0.174805,0
115750,45066,0,0.002706,0
10703,21376,0,0.16052,0
60113,41351,0,0.146255,0
114841,22247,0,0.004328,0
42718,42701,0,0.002373,0
16669,9390,0,0.001821,0
54307,32478,1,0.447829,1
51982,28985,0,0.010208,0
16850,17706,0,0.044585,0
97975,22736,0,0.015067,0
178016,5013,0,0.070116,0
93325,2240,0,0.013383,0
2862,27966,1,0.15431,0
49130,4799,0,0.006049,0
136998,48135,0,0.003729,0
89842,49192,0,0.079983,0
179199,12845,0,0.003835,0
158870,41909,0,0.022709,0
157279,21288,0,0.133251,0
47271,33439,0,0.003365,0
184781,10473,0,0.024948,0
87331,27514,0,0.184919,0
177369,47626,0,0.205131,0
85838,43713,0,0.185072,0
29014,46820,0,0.003338,0
188627,14917,0,0.143369,0
193100,5322,0,0.058264,0
4512,13712,0,0.073751,0
171827,22025,0,0.2215,0
20723,19731,0,0.008588,0
108231,44014,0,0.028306,0
160321,5025,0,0.139293,0
85534,47209,0,0.013584,0
105564,10036,0,0.078157,0
80353,1185,0,0.004799,0
205747,7453,0,0.391992,1
15763,5991,0,0.007534,0
97013,5479,0,0.332562,1
43634,9623,0,0.029129,0
146347,26209,0,0.121225,0
69312,14332,0,0.091618,0
187714,8277,0,0.046674,0
102655,47734,0,0.007147,0
19889,3376,0,0.07049,0
151133,20114,0,0.09169,0
205383,28999,0,0.028617,0
25855,5114,0,0.101216,0
60764,23288,1,0.208235,0
148439,823,0,0.005807,0
95676,20358,0,0.001817,0
171320,2966,0,0.072263,0
52698,1559,0,0.008567,0
58731,34465,0,0.015169,0
105939,23744,0,0.019609,0
108702,7175,0,0.141701,0
142363,18792,0,0.018122,0
37207,2794,0,0.007467,0
186853,47189,0,0.001866,0
42520,2320,0,0.006671,0
123817,30406,0,0.013916,0
96649,28204,0,0.086277,0
96424,38108,0,0.00322,0
142943,47626,0,0.082192,0
150049,32843,0,0.002118,0
78666,264,0,0.024452,0
109709,138,0,0.009322,0
171519,34370,0,0.009926,0
112680,19272,0,0.046244,0
91355,17794,0,0.218213,0
80565,19453,0,0.004187,0
118629,21903,1,0.464339,1
144497,22920,0,0.008977,0
105566,15746,0,0.006348,0
24670,17795,0,0.221876,0
22393,10685,0,0.401601,1
194379,41348,0,0.019616,0
103806,26209,0,0.061338,0
132207,4799,0,0.070137,0
138212,13984,0,0.03337,0
837,22959,0,0.037492,0
121575,40199,0,0.013493,0
6729,16797,0,0.021142,0
148582,3459,0,0.037965,0
63236,41787,0,0.00936,0
126687,25340,0,0.00238,0
140742,26002,0,0.096771,0
105950,40358,0,0.141218,0
118430,42579,0,0.016448,0
184365,43271,0,0.049043,0
150992,18382,0,0.033474,0
24399,19513,0,0.025898,0
168785,24852,0,0.042664,0
60431,34551,0,0.003263,0
70871,18020,0,0.006949,0
111846,41570,0,0.003191,0
38364,45290,0,0.035379,0
41398,21174,0,0.010084,0
77973,34789,0,0.095286,0
29065,3952,0,0.022009,0
18462,12206,0,0.019701,0
107936,40002,0,0.007845,0
75259,32864,0,0.072284,0
72059,23375,0,0.082963,0
41022,49401,0,0.003509,0
141557,38770,0,0.012651,0
75140,7669,0,0.005936,0
58576,17316,0,0.022383,0
102247,30391,0,0.059722,0
41185,44987,0,0.052288,0
175151,27695,0,0.004241,0
79426,25551,0,0.01938,0
113299,43871,0,0.052943,0
112300,23537,0,0.009163,0
200821,7751,0,0.003484,0
115130,5782,0,0.042801,0
179870,25010,0,0.036765,0
97551,48094,0,0.030314,0
196138,32747,0,0.025756,0
30808,4472,0,0.079472,0
130543,45664,0,0.001386,0
87323,9839,0,0.012498,0
108202,28745,0,0.036848,0
124806,30406,0,0.014453,0
129634,27104,0,0.011251,0
84211,48205,0,0.003422,0
63073,24086,0,0.002362,0
153616,42736,0,0.006449,0
75175,34262,0,0.013454,0
131570,22372,1,0.027999,0
147841,4421,0,0.017561,0
16668,27966,0,0.03465,0
185005,26604,0,0.17911,0
4525,516,0,0.010119,0
186310,45066,0,0.014023,0
150420,10998,0,0.002331,0
87992,5042,0,0.024281,0
77964,15902,0,0.093066,0
155135,21417,0,0.052945,0
201586,14491,1,0.327225,1
177691,33787,0,0.172487,0
138520,47209,0,0.046181,0
18836,6016,0,0.384622,1
155589,40268,0,0.021754,0
147918,27336,0,0.008151,0
51430,21304,0,0.020897,0
172119,30549,0,0.017021,0
6334,4605,0,0.00925,0
87438,1090,0,0.003231,0
15072,36372,0,0.003048,0
36650,21951,0,0.005088,0
108346,20449,0,0.067224,0
182761,47209,0,0.038998,0
66193,25691,0,0.05894,0
30760,4618,0,0.002198,0
59877,21782,0,0.03398,0
34945,38291,1,0.022911,0
132976,5933,0,0.023482,0
190713,21338,0,0.013862,0
12855,10749,0,0.009543,0
111561,17123,0,0.014396,0
197496,43986,0,0.036014,0
135916,9808,0,0.003283,0
116603,14147,1,0.483986,1
26812,23322,0,0.208711,0
84805,10460,0,0.004419,0
23898,35973,0,0.030896,0
198330,44359,0,0.025239,0
26688,10337,0,0.011588,0
75770,38383,0,0.013939,0
167366,34134,0,0.006607,0
42454,39247,0,0.159317,0
43334,5646,0,0.008774,0
132163,21292,0,0.048724,0
63767,8670,0,0.050844,0
204326,37766,0,0.006037,0
134880,12397,0,0.029485,0
149966,36664,0,0.058377,0
44990,47848,0,0.019325,0
1814,21349,0,0.085293,0
14865,18465,0,0.054687,0
177942,7806,0,0.022908,0
152276,44142,0,0.078129,0
175555,38739,1,0.492773,1
36614,39275,0,0.010746,0
72712,34092,0,0.010936,0
93046,3798,0,0.48292,1
165708,13263,0,0.015606,0
165694,15622,0,0.026459,0
179181,27705,0,0.030256,0
88230,36070,0,0.023352,0
57097,8479,0,0.001854,0
170489,21769,0,0.049562,0
2316,13629,1,0.346391,1
186065,31506,0,0.063266,0
133592,23165,0,0.124042,0
8337,25493,0,0.128113,0
25495,27858,0,0.018342,0
94729,35866,0,0.058737,0
125847,43565,0,0.017767,0
200101,21137,0,0.028508,0
54724,40229,0,0.009064,0
10765,42719,0,0.058405,0
44955,23516,0,0.014979,0
134927,9092,0,0.005515,0
118885,30850,0,0.254643,1
64223,27323,0,0.018892,0
95455,5031,0,0.021037,0
34531,36746,0,0.00631,0
96555,5161,0,0.056307,0
199776,21137,1,0.224547,0
132971,22656,0,0.043845,0
111040,31553,0,0.00937,0
156455,23545,0,0.007373,0
58990,40706,0,0.009897,0
55509,47672,0,0.01506,0
186720,12980,0,0.068516,0
144863,13280,0,0.014934,0
71126,23849,0,0.097904,0
30634,14853,0,0.291183,1
169455,7781,0,0.005345,0
141829,28373,0,0.096105,0
55658,36005,0,0.078653,0
194451,23288,0,0.017272,0
154830,9339,0,0.014372,0
41026,13541,0,0.00789,0
105599,9550,0,0.18238,0
128530,28531,0,0.071398,0
43982,260,0,0.092368,0
206045,38456,0,0.00198,0
56866,20957,0,0.001889,0
97699,12079,0,0.055382,0
139355,651,0,0.28951,1
18,36861,0,0.052561,0
155794,3007,0,0.009302,0
8953,11845,0,0.012584,0
179224,14161,1,0.239091,1
205024,49191,0,0.239937,1
82545,11261,0,0.026752,0
3320,30700,0,0.064601,0
203779,44142,0,0.167628,0
194819,43705,0,0.004183,0
59588,21903,0,0.048195,0
101356,17758,0,0.035561,0
184659,2535,0,0.007748,0
143687,43122,0,0.017611,0
23198,44570,0,0.073235,0
8670,329,1,0.624365,1
109106,13113,0,0.016881,0
142332,36135,0,0.030433,0
148882,4138,0,0.0098,0
96316,26476,0,0.004418,0
200607,43086,0,0.124642,0
81529,12797,0,0.043379,0
26877,18288,0,0.153651,0
172631,42221,0,0.015001,0
29012,22035,0,0.055113,0
138480,7969,0,0.02173,0
80114,5258,0,0.077331,0
19829,48848,0,0.01543,0
42971,41127,0,0.003407,0
102038,8174,0,0.021003,0
168282,35951,0,0.036865,0
106903,48123,0,0.002491,0
139049,29447,0,0.047764,0
103648,32958,0,0.023648,0
72738,18531,0,0.161478,0
77365,23931,0,0.010502,0
37859,4605,0,0.011374,0
13192,12481,0,0.033808,0
48945,44170,0,0.023258,0
200254,27966,0,0.007127,0
46691,47193,0,0.018787,0
55794,41999,0,0.00648,0
34505,27845,1,0.241696,1
51533,13528,0,0.045449,0
76115,26768,0,0.076363,0
175035,47854,0,0.14226,0
148198,24852,0,0.203209,0
64941,34503,0,0.00375,0
67890,21174,0,0.004616,0
193393,29662,0,0.00822,0
27017,19382,0,0.002541,0
133919,29363,0,0.002727,0
20048,11233,0,0.118196,0
204613,26604,0,0.064099,0
72971,33401,0,0.002107,0
141756,41950,0,0.042155,0
16341,1215,0,0.006241,0
92580,13176,0,0.139547,0
143022,47792,0,0.020893,0
113299,2447,0,0.005637,0
132310,19048,0,0.009369,0
172102,17461,0,0.008773,0
40425,12898,0,0.021377,0
1021,26307,0,0.012173,0
113336,21137,1,0.127048,0
18413,13535,0,0.053679,0
160595,39428,0,0.26451,1
69821,35461,0,0.023318,0
159219,13176,0,0.21625,0
186829,15407,0,0.041105,0
11193,44632,0,0.037072,0
78785,13740,0,0.017656,0
58827,30391,0,0.050275,0
152005,24720,0,0.003605,0
155989,37158,0,0.0338,0
145333,29307,0,0.012097,0
114532,28782,0,0.004208,0
18275,2081,0,0.028444,0
138603,46676,0,0.008204,0
102568,3114,0,0.027639,0
39544,37687,0,0.015059,0
105865,44843,0,0.004783,0
57971,38527,0,0.049644,0
174434,7736,0,0.015958,0
13950,11454,0,0.056139,0
56599,47119,0,0.397402,1
113300,17485,0,0.011362,0
99767,6403,0,0.017195,0
156082,39954,0,0.004578,0
68308,19625,0,0.002072,0
99575,9464,0,0.017499,0
186761,47117,0,0.019497,0
119167,39984,0,0.008973,0
111618,45169,0,0.018071,0
74430,27796,0,0.005485,0
136015,4606,0,0.026948,0
155884,11265,0,0.002589,0
203811,12845,0,0.04752,0
130369,31805,0,0.210336,0
73227,246,0,0.008748,0
146696,24203,0,0.311768,1
141592,39491,0,0.002222,0
52410,17600,0,0.026481,0
123330,41171,0,0.008998,0
189760,15223,0,0.017027,0
153512,7631,0,0.062287,0
146540,48186,0,0.002956,0
60431,32035,0,0.002521,0
71106,27243,0,0.005862,0
55367,13780,0,0.006245,0
60661,41463,0,0.0465,0
7407,9387,0,0.004847,0
164237,17149,0,0.0126,0
124489,34300,0,0.077771,0
36149,16768,0,0.008137,0
192008,27966,1,0.36719,1
101777,43483,0,0.243858,1
135149,14011,0,0.021921,0
91452,15261,0,0.055087,0
94150,4366,1,0.137238,0
141007,20930,0,0.378819,1
15064,30695,0,0.056056,0
87811,890,0,0.004175,0
1887,21137,0,0.04512,0
37732,30391,0,0.158091,0
161795,43352,0,0.082818,0
1912,27475,0,0.003326,0
194135,22935,0,0.00288,0
178547,5621,0,0.028998,0
53628,18531,0,0.021959,0
4057,19982,0,0.004738,0
170062,31573,0,0.201312,0
174264,48259,0,0.002588,0
3127,5693,0,0.038807,0
87638,28204,0,0.010141,0
52008,19348,0,0.072732,0
60049,43076,0,0.001124,0
90256,45061,0,0.025008,0
17757,11390,0,0.207059,0
173207,16797,0,0.065609,0
157244,21903,1,0.38787,1
26204,36854,0,0.028436,0
80537,40332,0,0.062272,0
12574,27286,0,0.00663,0
139106,32237,0,0.028401,0
127154,18027,0,0.081752,0
50867,6025,0,0.019902,0
143992,7781,0,0.012247,0
2518,23291,0,0.065915,0
61597,48726,0,0.018245,0
113230,21573,0,0.03409,0
186768,10246,0,0.01778,0
74730,16864,1,0.086081,0
125138,7781,0,0.027029,0
183912,9177,1,0.069306,0
166734,29987,0,0.005504,0
169314,35163,0,0.005475,0
157894,24005,0,0.069131,0
114799,48103,0,0.026866,0
52814,33401,0,0.054234,0
159137,6115,1,0.044999,0
95908,34638,0,0.003544,0
97773,432,0,0.024339,0
136130,16415,0,0.023252,0
8567,13176,0,0.069858,0
88872,27522,0,0.006495,0
5036,13076,0,0.142417,0
199392,10912,0,0.004413,0
107000,24002,0,0.009743,0
102930,46692,0,0.023724,0
180850,36130,0,0.017274,0
79895,2295,0,0.006349,0
187026,29503,0,0.079206,0
165120,33957,0,0.013923,0
198885,4605,1,0.037595,0
201929,33245,1,0.160332,0
10009,37646,0,0.172095,0
51069,43087,0,0.001811,0
107494,581,0,0.001391,0
22704,12312,0,0.007791,0
87589,43961,0,0.017658,0
136679,46050,0,0.286616,1
92574,46962,0,0.033609,0
151259,38985,0,0.012209,0
78298,27966,0,0.019796,0
181094,206,0,0.001446,0
188318,22474,0,0.010787,0
89427,24235,0,0.150634,0
81126,26172,0,0.129395,0
118626,42556,0,0.020675,0
58919,22474,0,0.043673,0
66250,43464,0,0.006831,0
50784,26604,0,0.027412,0
144504,35750,0,0.006113,0
52220,28553,0,0.005109,0
28284,48442,0,0.009716,0
42868,21616,0,0.041332,0
14493,16973,0,0.009314,0
194188,2198,0,0.149983,0
185155,47223,0,0.007672,0
191484,40709,0,0.064006,0
3006,24221,0,0.010704,0
168866,3957,0,0.016376,0
199815,22825,1,0.337233,1
7549,38889,0,0.017158,0
81519,48119,0,0.017963,0
168874,31717,0,0.186716,0
155500,46906,0,0.010866,0
124074,49683,0,0.009855,0
34757,13176,1,0.629389,1
162856,49401,0,0.031131,0
139463,20549,0,0.038086,0
26755,46676,0,0.033258,0
140846,24852,0,0.030723,0
158066,38548,0,0.06939,0
81324,31506,0,0.080428,0
111025,41290,0,0.030593,0
78941,12620,0,0.226942,0
21537,46616,0,0.007524,0
137037,18382,0,0.009637,0
105574,47042,0,0.00169,0
11888,14540,0,0.008548,0
191210,26756,0,0.007943,0
66137,45002,0,0.01411,0
40424,26088,0,0.05989,0
32825,37158,0,0.02127,0
93153,37460,0,0.065488,0
113612,7090,0,0.073543,0
126965,21131,0,0.045319,0
28340,35600,0,0.059179,0
109946,48437,0,0.001815,0
9042,13708,0,0.061127,0
53762,13718,0,0.122118,0
120997,26805,0,0.259434,1
154915,15377,0,0.017193,0
173440,47209,0,0.020631,0
173868,8322,0,0.044766,0
122957,13249,0,0.154197,0
21666,11526,0,0.004436,0
115233,24964,0,0.08698,0
43334,9387,0,0.019746,0
162348,3305,0,0.003759,0
186509,15704,0,0.007369,0
84005,11777,0,0.088846,0
25801,12637,0,0.034144,0
28336,10749,0,0.025863,0
12232,37065,0,0.133289,0
119770,21572,0,0.022479,0
192218,48953,0,0.020691,0
58186,18963,0,0.004777,0
81527,8518,0,0.01161,0
205442,32041,0,0.008461,0
12587,7835,0,0.023276,0
131125,19904,0,0.001703,0
172744,4422,0,0.008163,0
77453,33401,0,0.004848,0
59685,27177,0,0.004298,0
57097,24629,0,0.00178,0
102807,24489,0,0.068841,0
89175,14467,0,0.002122,0
5386,46979,0,0.140148,0
55281,36646,0,0.026051,0
86789,47042,0,0.1744,0
200087,24390,0,0.005376,0
120342,26701,0,0.031982,0
4442,37067,0,0.004946,0
61101,30489,0,0.028726,0
59309,39162,0,0.013129,0
179053,4595,0,0.0266,0
60875,581,0,0.01662,0
43697,24093,0,0.022407,0
175654,11804,0,0.004486,0
94710,7021,0,0.147052,0
113238,9076,0,0.02596,0
157980,19508,0,0.01284,0
198372,24184,0,0.137919,0
186878,28085,0,0.005512,0
85070,29307,0,0.028643,0
12319,38293,0,0.001957,0
59783,34276,0,0.023614,0
188221,13380,0,0.09601,0
90668,20114,0,0.011952,0
4352,21707,0,0.002381,0
6761,83,0,0.011033,0
33919,10246,0,0.056678,0
81344,28156,0,0.225833,0
62355,18881,0,0.050875,0
104208,42710,0,0.186033,0
50531,31717,0,0.006454,0
102038,36618,0,0.003668,0
65526,30620,0,0.088552,0
155788,37549,0,0.00462,0
99788,27690,0,0.072961,0
52167,41751,0,0.00609,0
123392,34243,1,0.05872,0
162817,43772,0,0.015539,0
21679,6061,0,0.006434,0
126438,18567,0,0.014813,0
92991,9422,0,0.119185,0
40352,32246,0,0.012113,0
79285,17795,0,0.031243,0
77365,10017,0,0.14802,0
76154,23375,0,0.109309,0
85571,26124,0,0.032047,0
91942,30040,0,0.003839,0
34989,36550,1,0.157226,0
129824,39469,0,0.002222,0
7481,10106,0,0.011098,0
117161,31371,0,0.012216,0
31239,41787,0,0.024973,0
100206,32717,0,0.037053,0
179818,18761,0,0.02189,0
64658,34551,0,0.029811,0
81588,22912,0,0.007744,0
145942,28918,0,0.012816,0
124578,40593,0,0.012803,0
108287,723,0,0.042191,0
134985,18449,0,0.038226,0
73947,2228,0,0.003018,0
97661,23894,0,0.016469,0
74840,18601,0,0.001404,0
74818,34565,0,0.013427,0
82749,46047,0,0.021937,0
147009,17284,0,0.083376,0
24712,46984,0,0.005601,0
63430,22935,0,0.009885,0
171690,33255,0,0.020639,0
32186,6871,0,0.011619,0
188576,27275,0,0.004781,0
64480,44987,0,0.116147,0
87274,36856,0,0.045054,0
37268,9154,0,0.084798,0
132919,12011,0,0.050126,0
28338,11090,0,0.051852,0
11716,23985,1,0.236545,1
109861,17948,0,0.031725,0
154100,40604,0,0.085602,0
166255,22849,0,0.006233,0
166060,11440,0,0.010869,0
115434,34126,0,0.006481,0
44646,6046,1,0.12343,0
80565,19660,0,0.038883,0
143954,30450,0,0.004353,0
7843,26604,0,0.009573,0
74532,44008,0,0.017475,0
19080,23576,0,0.006822,0
123620,12020,0,0.021276,0
194379,49610,1,0.272694,1
38741,31422,0,0.010317,0
34772,5825,0,0.002079,0
187156,29403,0,0.012371,0
152051,13646,0,0.003051,0
54294,16953,0,0.006986,0
756,20632,0,0.033607,0
61094,10110,1,0.148399,0
104902,39993,0,0.012144,0
21331,19311,0,0.153146,0
180850,20457,0,0.003743,0
119708,22959,1,0.834977,1
82545,10737,0,0.061325,0
188755,42719,0,0.02545,0
17782,18908,0,0.03828,0
158650,24372,0,0.019173,0
10786,37807,0,0.363082,1
93612,32167,0,0.009952,0
51784,43789,0,0.091937,0
106154,48119,0,0.093333,0
63318,35168,0,0.229053,0
150438,47216,0,0.005064,0
152198,32079,1,0.05165,0
160810,49605,1,0.052084,0
140766,34969,0,0.208866,0
57841,48183,0,0.011025,0
30086,27156,0,0.004335,0
73080,10492,0,0.001783,0
30003,39812,0,0.003254,0
71113,26800,0,0.07725,0
164507,38777,0,0.01286,0
127461,41445,0,0.00703,0
194996,26668,0,0.003339,0
161469,25584,0,0.034535,0
203492,40396,0,0.19314,0
719,21051,0,0.00686,0
48018,26882,0,0.004118,0
101604,37835,0,0.025895,0
82605,28466,1,0.06465,0
153819,15097,0,0.026802,0
13459,17122,1,0.171207,0
137387,9839,0,0.181238,0
185316,7896,0,0.047045,0
101784,25588,0,0.022047,0
135479,9477,0,0.008153,0
167359,19660,0,0.162331,0
169113,10145,0,0.057066,0
88281,14678,1,0.134346,0
803,44628,0,0.030714,0
131641,21267,0,0.045601,0
5325,21903,0,0.006277,0
4534,32691,0,0.055719,0
163493,13176,0,0.05754,0
91339,23537,0,0.009221,0
55236,31506,0,0.019415,0
15899,48057,0,0.002202,0
82164,12572,0,0.069572,0
155289,2735,0,0.007584,0
95332,2295,0,0.013129,0
56599,5973,0,0.05844,0
168456,48720,0,0.010661,0
58129,18370,0,0.015016,0
163221,5373,0,0.015333,0
112139,14514,0,0.010373,0
73769,49583,1,0.455412,1
83524,40199,0,0.003572,0
52819,8744,0,0.061811,0
110102,48118,0,0.005325,0
52327,40261,0,0.014655,0
56718,26698,0,0.359769,1
65617,27156,0,0.079501,0
153789,36724,0,0.025316,0
17448,30450,0,0.001749,0
76685,35124,0,0.006078,0
73427,3952,0,0.017317,0
200536,47226,0,0.104859,0
87983,33894,0,0.088854,0
78079,39619,0,0.01376,0
132856,7500,0,0.010485,0
54991,16361,0,0.008778,0
196445,13444,0,0.004511,0
73680,13517,0,0.081248,0
153935,19677,0,0.337406,1
74589,18479,0,0.004621,0
60040,47890,0,0.022523,0
63119,3607,0,0.068457,0
27348,20520,0,0.042235,0
87479,44422,0,0.036391,0
130296,46724,0,0.017296,0
70212,27413,0,0.010737,0
32953,48357,0,0.011077,0
7209,13176,1,0.650158,1
148162,49520,0,0.012406,0
157524,41198,0,0.028182,0
74908,46294,0,0.053638,0
35492,44142,0,0.011029,0
174868,46796,0,0.013223,0
80236,21616,1,0.113989,0
66497,46294,0,0.007188,0
63656,40706,0,0.014489,0
169608,35213,0,0.0024,0
201213,2481,0,0.071308,0
30261,26047,0,0.060689,0
126319,19482,0,0.050603,0
959,8012,0,0.01165,0
175407,14364,0,0.16603,0
155286,43904,0,0.00389,0
121867,17704,0,0.002582,0
86148,8803,0,0.151336,0
123870,31698,0,0.009327,0
161557,26790,0,0.030111,0
151893,40587,0,0.021318,0
2100,29363,0,0.001213,0
38588,40545,0,0.011486,0
169534,47766,0,0.028473,0
168938,12276,0,0.003843,0
25604,35951,0,0.006021,0
43983,11520,1,0.348871,1
199298,25466,1,0.18741,0
156882,4656,0,0.001511,0
78670,17931,0,0.023592,0
84147,8903,1,0.047933,0
31880,34706,0,0.004068,0
135653,12395,0,0.006701,0
54597,5212,0,0.003977,0
93808,36180,0,0.003881,0
83473,49417,0,0.004609,0
94653,18609,0,0.015138,0
134726,44413,1,0.054175,0
144434,18090,0,0.016324,0
88860,7076,0,0.030039,0
37871,20021,0,0.033474,0
51452,44912,0,0.00535,0
67259,29627,0,0.051291,0
2850,49131,0,0.061921,0
65456,45763,0,0.015664,0
73182,43760,0,0.124352,0
171175,18531,0,0.026301,0
158758,44566,0,0.053223,0
169131,44142,0,0.008025,0
203181,5699,0,0.027272,0
88810,22959,0,0.121868,0
146710,13176,1,0.659969,1
47305,11869,1,0.323449,1
111439,14947,0,0.03299,0
146575,24852,0,0.193149,0
177934,31640,0,0.084416,0
44392,30664,0,0.059598,0
61838,26701,0,0.045237,0
111815,21847,0,0.005043,0
188575,5450,0,0.660568,1
13081,37029,0,0.005049,0
201975,23540,0,0.013924,0
59107,45681,0,0.001357,0
132872,7371,0,0.003618,0
131911,22963,0,0.011001,0
30655,26394,0,0.011623,0
22666,13914,0,0.211969,0
58125,2596,0,0.076121,0
139456,43662,0,0.28901,1
47801,23734,0,0.005255,0
198488,17957,0,0.015307,0
79945,32455,0,0.007721,0
186111,29327,0,0.050695,0
151334,2275,0,0.002272,0
47727,29176,0,0.088904,0
194011,5460,0,0.004986,0
66973,46022,0,0.018378,0
18097,25689,0,0.017867,0
190267,18072,0,0.004494,0
96441,49383,0,0.001424,0
89699,21225,0,0.004621,0
23199,33364,0,0.005549,0
188390,48702,0,0.015659,0
167404,39636,0,0.011052,0
204215,760,0,0.14999,0
176216,10504,0,0.006744,0
68405,6201,0,0.046873,0
41653,13976,0,0.063637,0
174084,41950,0,0.107493,0
146881,25154,0,0.070003,0
113698,30962,0,0.169941,0
62244,34969,0,0.024823,0
159573,8021,0,0.122554,0
185464,44142,0,0.084857,0
190692,877,0,0.06227,0
90719,12341,0,0.027571,0
75590,47672,0,0.137396,0
167613,581,0,0.008996,0
163202,9387,0,0.006033,0
197184,36307,0,0.007832,0
10525,39922,0,0.018217,0
89409,11414,0,0.026388,0
183569,14084,0,0.044028,0
35,43789,0,0.007829,0
195401,4799,0,0.539847,1
22169,24852,0,0.056048,0
63428,40261,0,0.011346,0
204757,29095,0,0.011314,0
37402,6975,0,0.005672,0
4850,17835,0,0.024349,0
194558,24382,0,0.02303,0
172968,13536,0,0.021626,0
92991,41220,0,0.017096,0
80988,39928,0,0.013588,0
127786,28466,0,0.00321,0
131634,19310,0,0.001766,0
29429,31683,1,0.503328,1
181094,19765,0,0.001684,0
6726,23291,0,0.139151,0
179437,8467,0,0.002676,0
160010,21621,0,0.02891,0
38501,30021,0,0.01669,0
67722,19006,0,0.180729,0
92873,4186,0,0.041981,0
157339,27966,0,0.036155,0
45930,47136,0,0.001258,0
190887,40427,0,0.006321,0
167366,49026,0,0.156582,0
60778,25588,0,0.007434,0
12184,33957,0,0.009909,0
138298,3740,0,0.004176,0
113453,18272,0,0.095239,0
143491,42736,0,0.037438,0
179711,26348,0,0.010623,0
125694,14126,0,0.017558,0
143707,38772,0,0.005864,0
37252,6402,0,0.01719,0
107217,41623,1,0.051744,0
162665,4600,0,0.228414,0
132872,26635,0,0.001895,0
176131,17454,0,0.222637,0
168064,25439,0,0.018273,0
30380,17248,0,0.004206,0
148505,19653,0,0.030296,0
41126,18159,0,0.004692,0
52721,29344,0,0.236473,1
165372,11182,0,0.014087,0
97105,38400,0,0.011817,0
56269,30489,0,0.014744,0
106865,4163,0,0.010669,0
94374,9290,0,0.018928,0
87878,12209,0,0.079807,0
62517,11282,0,0.016354,0
187945,10112,0,0.020141,0
195596,29441,0,0.110141,0
168943,46906,0,0.265276,1
82768,30918,0,0.004615,0
45008,49383,0,0.006452,0
55160,39911,0,0.019874,0
102494,27683,0,0.006749,0
144763,12078,0,0.054625,0
125143,32453,0,0.009159,0
86865,47962,0,0.022621,0
91543,38919,0,0.004566,0
161737,29826,0,0.005398,0
126671,36923,1,0.121684,0
89586,40216,0,0.09622,0
81762,15937,0,0.014341,0
185142,7952,0,0.051901,0
3534,46062,0,0.026041,0
90520,45106,0,0.022089,0
96623,34969,0,0.016112,0
68081,9544,0,0.004817,0
32860,47766,0,0.058243,0
31394,37999,0,0.129403,0
174205,38293,0,0.020564,0
122377,39558,0,0.002932,0
128659,6522,0,0.021185,0
72124,16797,0,0.039359,0
49317,19677,1,0.216532,0
154771,2228,0,0.057021,0
39896,13641,0,0.005162,0
88358,898,0,0.00221,0
7489,16096,0,0.060558,0
135653,5991,0,0.005751,0
89387,43221,0,0.029245,0
25183,3473,0,0.028152,0
157847,8277,0,0.293192,1
114883,7628,0,0.006886,0
181333,196,0,0.208504,0
64470,13838,0,0.003361,0
110413,30391,0,0.014631,0
162988,43789,0,0.033007,0
95063,12060,0,0.022914,0
204813,18531,0,0.097841,0
38756,33198,0,0.005699,0
193627,21903,0,0.337919,1
130070,6291,0,0.063117,0
19528,30720,0,0.001377,0
32066,49683,0,0.006043,0
159563,48667,0,0.155568,0
85773,20549,0,0.007848,0
147435,26209,0,0.10863,0
143911,14143,0,0.035017,0
23808,43165,1,0.1898,0
121860,8900,0,0.014615,0
128614,21198,0,0.045065,0
147374,22935,0,0.01356,0
169950,16797,0,0.00334,0
204799,21137,0,0.253541,1
26994,23296,0,0.027182,0
69058,45645,0,0.001774,0
170335,31264,1,0.373187,1
137857,24852,0,0.259226,1
135188,22825,0,0.033743,0
154442,38223,0,0.021399,0
7039,33198,0,0.002491,0
99598,31371,0,0.003718,0
177166,18200,0,0.16079,0
202166,15846,0,0.019649,0
79349,34358,0,0.100012,0
162744,18409,0,0.011661,0
115374,83,0,0.026798,0
64055,24382,0,0.004328,0
114582,19991,0,0.029918,0
13939,27845,0,0.056252,0
89383,21195,0,0.007864,0
94648,33220,0,0.034976,0
158400,9480,0,0.020711,0
113571,1958,0,0.003661,0
85908,45535,0,0.003922,0
22294,16145,0,0.010934,0
168300,8380,0,0.008628,0
202919,18202,0,0.058088,0
51295,6532,0,0.019422,0
129198,276,0,0.018339,0
72683,49576,0,0.010983,0
171352,44632,1,0.719971,1
93821,44667,0,0.005063,0
80639,17872,0,0.37124,1
31939,34969,0,0.004365,0
80494,46642,0,0.00524,0
113241,25608,0,0.00996,0
86761,6287,0,0.157483,0
21889,17985,0,0.045019,0
119155,21903,0,0.171209,0
155042,39947,0,0.002697,0
144023,33000,0,0.007068,0
845,31040,1,0.095377,0
178033,18625,0,0.003832,0
7665,10831,0,0.022889,0
31716,47145,0,0.011619,0
13378,48790,0,0.004739,0
47949,24221,0,0.021185,0
127124,23405,0,0.025017,0
74818,46906,0,0.014209,0
82013,26165,0,0.075332,0
4820,43986,0,0.003917,0
178775,12614,0,0.133015,0
111997,14875,1,0.038452,0
117975,48140,0,0.006321,0
67263,14536,1,0.008903,0
177063,1117,1,0.042572,0
155596,14432,0,0.015275,0
113067,24093,0,0.040091,0
113871,41351,0,0.019134,0
22767,329,0,0.266788,1
28460,29439,0,0.018503,0
175809,9007,0,0.270512,1
9615,30062,0,0.036194,0
57027,16797,0,0.020805,0
78934,9634,0,0.034413,0
171877,24382,0,0.030139,0
184881,40604,0,0.011972,0
204206,38248,0,0.016371,0
143789,26604,0,0.027481,0
53775,9387,0,0.061164,0
102494,4957,0,0.015844,0
41094,29095,0,0.010532,0
57177,13431,0,0.031354,0
119705,41844,1,0.04807,0
79606,4163,0,0.062199,0
145086,27613,0,0.01842,0
56795,44518,0,0.045314,0
70797,41637,0,0.005606,0
148055,44628,0,0.017144,0
182587,36287,0,0.061125,0
151016,14385,0,0.008524,0
27414,1104,0,0.035405,0
117380,12144,0,0.001416,0
52721,46979,1,0.221254,0
169906,21083,1,0.217056,0
109858,46222,0,0.008674,0
139770,23165,0,0.010004,0
178765,19261,0,0.109101,0
140079,42625,0,0.022611,0
102655,35939,0,0.137301,0
116314,35042,0,0.001088,0
203318,15455,0,0.002053,0
179581,49355,0,0.061419,0
63038,16518,0,0.081355,0
153721,46514,1,0.100636,0
49348,41072,0,0.006221,0
6427,37385,0,0.014815,0
190713,37358,0,0.013092,0
9699,44969,0,0.016709,0
197007,35147,0,0.007375,0
72814,21900,0,0.001451,0
8954,19691,0,0.012798,0
53259,4421,0,0.047325,0
38057,17461,0,0.010116,0
89152,19167,0,0.051015,0
108702,21137,0,0.096925,0
571,42342,0,0.200598,0
53925,40396,0,0.025496,0
151994,10193,0,0.004598,0
182406,30788,0,0.201934,0
58410,35894,0,0.009144,0
148213,35247,0,0.003508,0
35385,19389,0,0.006344,0
29261,9076,0,0.009717,0
61772,43014,0,0.09364,0
125039,44142,0,0.023288,0
176769,19051,0,0.027098,0
109979,24933,0,0.016799,0
33741,35973,0,0.013031,0
95986,7606,0,0.011346,0
8596,34197,0,0.017312,0
18838,4853,0,0.254474,1
153973,1559,0,0.039777,0
117945,45356,0,0.050705,0
99400,14852,0,0.003369,0
76678,2314,0,0.017497,0
112176,5876,0,0.005943,0
24465,22627,0,0.019394,0
188575,22332,0,0.049321,0
67632,41118,0,0.172806,0
162937,40880,0,0.026534,0
167653,28420,0,0.052175,0
202217,8193,0,0.192585,0
188510,16752,0,0.02742,0
74157,32691,0,0.004039,0
147575,34448,0,0.008536,0
156145,27355,0,0.002667,0
176791,3072,0,0.013836,0
158072,10235,0,0.062739,0
135188,397,0,0.00535,0
26727,26638,0,0.017105,0
164491,41276,0,0.182383,0
71677,27966,0,0.067531,0
79995,40706,0,0.017199,0
1982,4605,1,0.072165,0
103748,20827,0,0.013287,0
10863,32566,0,0.020386,0
134421,9076,0,0.007409,0
79555,45646,0,0.040694,0
71028,16561,0,0.080571,0
40781,36315,0,0.005378,0
164186,35530,0,0.050373,0
122059,4086,0,0.019226,0
161488,1540,0,0.002076,0
162657,2452,0,0.005977,0
95387,21724,0,0.022116,0
195416,49110,0,0.00138,0
30804,46516,0,0.046932,0
112281,42585,0,0.011424,0
138584,19424,0,0.018588,0
151986,38456,0,0.017895,0
127111,42735,0,0.031058,0
162039,44219,0,0.011755,0
146904,28842,0,0.16047,0
77968,23165,0,0.001581,0
75202,4957,0,0.013459,0
91905,27344,0,0.021644,0
18307,17791,0,0.003756,0
151925,39877,0,0.023557,0
47733,38293,0,0.046,0
197924,37449,1,0.213182,0
52498,17122,1,0.168028,0
34087,26104,0,0.19049,0
115020,21174,0,0.159903,0
77503,9409,0,0.010927,0
26250,26384,0,0.132609,0
95982,42585,0,0.08476,0
9469,18531,0,0.558895,1
36422,7559,0,0.036667,0
196157,38777,0,0.005512,0
21705,29346,0,0.017711,0
181210,23165,0,0.042704,0
75578,22312,0,0.004078,0
201545,46260,0,0.006809,0
59471,5322,0,0.047588,0
97973,24964,0,0.117569,0
49574,19057,0,0.027055,0
168843,36793,0,0.00555,0
102015,26859,0,0.032036,0
112402,46022,0,0.00279,0
62523,3798,1,0.331114,1
64131,42265,0,0.049915,0
174256,25157,0,0.012834,0
7398,48246,0,0.019953,0
85038,43662,0,0.32371,1
124400,36437,0,0.010688,0
53694,21150,0,0.298422,1
149008,47766,0,0.044841,0
82573,4920,0,0.178062,0
99346,18309,0,0.005965,0
132294,39581,0,0.120884,0
171002,32251,0,0.074557,0
84146,21405,0,0.027605,0
146654,8153,0,0.083075,0
94437,4546,0,0.012539,0
178284,34635,0,0.021213,0
8367,20495,0,0.004213,0
62074,1398,0,0.02445,0
129470,43607,0,0.002692,0
143768,1025,0,0.029642,0
83568,24964,0,0.022695,0
80468,2228,0,0.001862,0
183842,1747,0,0.021628,0
77943,2002,1,0.159508,0
37266,5086,0,0.105658,0
89541,12554,0,0.011651,0
36374,17584,0,0.003543,0
69173,49383,0,0.01712,0
76179,25005,0,0.023887,0
123256,17579,1,0.848982,1
145503,14036,0,0.275233,1
83284,33000,0,0.061868,0
148671,47209,1,0.162335,0
31970,38275,0,0.057144,0
4129,581,1,0.598858,1
74682,49565,0,0.006423,0
141321,21019,0,0.035119,0
168108,40229,0,0.177546,0
175982,45007,0,0.017294,0
203392,14144,0,0.047215,0
141952,11265,0,0.029135,0
2734,48706,0,0.005798,0
134177,44359,0,0.008112,0
99845,5120,0,0.008544,0
185475,30135,0,0.008953,0
23023,27966,0,0.004177,0
34757,2855,1,0.22199,0
77403,46229,0,0.001651,0
145618,27985,0,0.342851,1
35228,22142,0,0.01366,0
193987,26606,0,0.006628,0
63912,27959,0,0.152764,0
118177,34446,0,0.040335,0
41900,41751,0,0.00692,0
170034,38135,0,0.018402,0
156257,33352,0,0.035915,0
101032,44683,0,0.06405,0
153702,33028,0,0.007849,0
12230,21903,0,0.263778,1
173512,40723,0,0.020188,0
61499,33722,0,0.051553,0
136473,8424,0,0.138234,0
161563,47209,0,0.041694,0
127255,40063,0,0.006896,0
56659,32139,0,0.013681,0
28767,39430,0,0.256274,1
6668,43086,0,0.034612,0
93293,6948,0,0.006336,0
90652,26128,0,0.013992,0
125319,16521,0,0.006471,0
106016,8079,0,0.122113,0
50264,20468,0,0.008163,0
33345,812,0,0.036117,0
24179,46906,0,0.028876,0
143962,30901,0,0.002339,0
146218,43713,0,0.019659,0
163745,20255,0,0.003712,0
827,4792,0,0.008677,0
22386,23029,0,0.005321,0
171175,15965,0,0.0407,0
164408,23405,0,0.004919,0
127746,16616,0,0.012143,0
194326,21775,0,0.002123,0
97852,3899,0,0.011367,0
188930,5258,0,0.027685,0
188810,10246,0,0.005963,0
64342,48492,0,0.305047,1
177305,8736,1,0.367488,1
185896,45066,0,0.077017,0
7474,23375,0,0.034591,0
68651,44683,0,0.020983,0
150293,29265,0,0.046258,0
13314,10308,0,0.020258,0
54599,2966,1,0.102114,0
91924,37576,0,0.005308,0
85125,13166,0,0.054394,0
59031,11456,0,0.080595,0
167994,10819,0,0.03693,0
90414,30406,0,0.034765,0
71056,37825,0,0.016801,0
154973,9065,0,0.014397,0
182333,16797,0,0.438583,1
68339,32163,0,0.217714,0
128777,39041,1,0.051831,0
193616,14867,0,0.040264,0
80995,41534,0,0.051798,0
163624,7173,0,0.033706,0
118134,26790,0,0.043347,0
59447,31506,0,0.025993,0
102366,38693,0,0.102083,0
175535,25670,0,0.019107,0
174422,35973,0,0.002297,0
174063,25659,0,0.065749,0
35269,24497,0,0.065997,0
175168,44987,0,0.00453,0
155827,46166,0,0.007994,0
79438,30064,0,0.004038,0
46372,34448,0,0.00997,0
60824,40268,0,0.069716,0
68293,16987,0,0.020591,0
152177,37453,0,0.027127,0
137930,6519,0,0.001369,0
38482,12686,0,0.114241,0
177706,5275,0,0.041929,0
119638,27801,0,0.092657,0
120713,8409,0,0.002235,0
50867,5077,0,0.022727,0
156718,33796,0,0.047939,0
75897,41055,0,0.00129,0
200463,46479,0,0.028498,0
62108,49120,0,0.007404,0
50183,42565,0,0.024249,0
105789,14148,0,0.103602,0
181528,15392,0,0.045758,0
171043,33682,0,0.037131,0
133021,44371,0,0.213189,0
55139,27715,0,0.029621,0
95991,5621,0,0.011138,0
28603,38490,0,0.004724,0
3473,17207,0,0.291966,1
26218,41665,0,0.064099,0
97074,19863,0,0.139316,0
174459,48812,1,0.044641,0
96267,5818,0,0.03419,0
149383,14553,0,0.022668,0
100330,7179,0,0.013168,0
86481,41400,0,0.03868,0
200281,32475,0,0.170778,0
116558,46842,0,0.015519,0
178607,13249,0,0.114559,0
22983,27451,0,0.005345,0
79002,9203,0,0.06797,0
42971,35286,0,0.001149,0
2934,12916,0,0.016627,0
21311,46359,0,0.021945,0
151334,1969,0,0.001595,0
68450,48204,0,0.243679,1
205877,38444,0,0.00161,0
187771,40723,0,0.023887,0
104433,18747,0,0.032517,0
30722,46049,0,0.013661,0
50604,38871,0,0.001849,0
90166,43352,0,0.5857,1
64246,28985,0,0.014159,0
124802,27429,1,0.396299,1
8717,19766,0,0.046339,0
4776,27960,0,0.049092,0
133426,46782,0,0.005481,0
143122,14129,0,0.036549,0
87419,31717,0,0.020027,0
43742,24852,0,0.052452,0
189528,30220,0,0.262651,1
111405,8091,0,0.001916,0
148237,44987,0,0.003538,0
91957,4605,1,0.04353,0
80364,9687,0,0.12113,0
186727,26283,0,0.013777,0
29908,46666,0,0.006447,0
65460,38996,0,0.014247,0
118942,38248,0,0.00497,0
202252,19048,0,0.027041,0
128529,24964,0,0.051011,0
193700,48364,1,0.010237,0
28307,48808,0,0.005465,0
75175,22935,0,0.09041,0
63208,25513,0,0.002398,0
132803,11757,0,0.017701,0
77587,11865,0,0.080935,0
167060,23569,0,0.009722,0
87178,13610,0,0.026261,0
136158,36070,0,0.05639,0
22662,11182,0,0.014069,0
47436,27104,0,0.109098,0
162734,28993,0,0.019287,0
38820,24838,0,0.04032,0
117009,16589,0,0.003969,0
164262,30252,0,0.002289,0
127124,23180,0,0.01507,0
134074,46522,0,0.076492,0
156650,47940,0,0.210286,0
171557,44739,0,0.001158,0
737,18855,0,0.022089,0
136192,11494,0,0.042343,0
126993,29898,0,0.008218,0
55902,4853,0,0.153817,0
148632,11511,0,0.131913,0
34873,22227,0,0.00838,0
53057,26124,0,0.001688,0
85773,25802,0,0.007976,0
112,6656,0,0.025054,0
126337,19678,0,0.022522,0
191210,40199,0,0.002588,0
55445,45161,0,0.001708,0
166738,36550,0,0.3326,1
127487,10305,0,0.001776,0
138721,16759,0,0.041995,0
89954,37460,0,0.010437,0
95437,4162,0,0.103073,0
61738,43210,0,0.019303,0
162657,38293,0,0.003977,0
171600,21903,0,0.020994,0
171699,7388,0,0.036986,0
111064,35629,0,0.007089,0
134597,27845,0,0.02859,0
50276,39578,0,0.002103,0
163031,15498,0,0.017565,0
94596,27544,0,0.040455,0
23054,43014,0,0.076904,0
191148,25588,0,0.070703,0
93229,9178,0,0.008534,0
100619,5068,0,0.01056,0
143457,46175,0,0.041074,0
73584,48023,0,0.086117,0
120273,30620,0,0.004751,0
70703,42768,1,0.281631,1
201314,48004,0,0.019397,0
168436,2846,0,0.013649,0
80259,7008,0,0.029482,0
23701,26620,0,0.036671,0
135724,44359,0,0.006827,0
60649,33731,0,0.019119,0
100149,31717,0,0.327509,1
118629,41220,1,0.063451,0
15662,39877,1,0.187938,0
193424,16290,0,0.02523,0
67661,47766,0,0.596006,1
182574,2966,0,0.01311,0
91331,7485,0,0.030685,0
99191,12916,0,0.012418,0
181827,26250,0,0.017858,0
160342,21829,0,0.021344,0
1090,21195,0,0.10345,0
135836,4269,0,0.097691,0
62824,13548,0,0.009565,0
155289,14159,0,0.007787,0
182761,37029,0,0.012087,0
119544,27156,0,0.043022,0
127584,48205,0,0.002559,0
159573,25890,1,0.178507,0
46131,49605,0,0.006035,0
59348,48015,0,0.01387,0
126541,4137,0,0.103635,0
24655,27104,0,0.006245,0
153965,35939,0,0.015353,0
109017,37825,0,0.013035,0
159214,44413,0,0.061707,0
3230,2164,0,0.017067,0
27592,34881,0,0.033084,0
64134,23054,0,0.011605,0
39693,20842,0,0.006905,0
190449,17616,0,0.003559,0
28168,20904,0,0.021084,0
202044,33086,0,0.004,0
25116,13851,0,0.003008,0
34995,47865,0,0.031893,0
48466,39275,0,0.011436,0
113931,37803,0,0.060731,0
205451,5398,0,0.058927,0
111377,39113,0,0.006998,0
1992,14161,0,0.001675,0
26934,22281,0,0.040213,0
125081,43122,0,0.393714,1
147291,41540,0,0.002002,0
23053,21137,0,0.035219,0
79092,29616,0,0.379475,1
138214,7936,0,0.122685,0
186509,29898,0,0.003515,0
171405,27845,1,0.269788,1
36190,35072,0,0.006634,0
139408,44039,0,0.002536,0
73208,4037,0,0.003814,0
34225,1377,0,0.018095,0
191531,17794,0,0.004953,0
58015,22825,0,0.012742,0
91904,8539,0,0.029876,0
2186,8104,0,0.02782,0
152403,33007,0,0.022119,0
87656,26604,0,0.058322,0
120633,13852,0,0.001981,0
84189,3529,1,0.19321,0
72571,13536,0,0.002251,0
99346,45066,0,0.012962,0
47894,46900,0,0.027669,0
38635,21938,0,0.065318,0
3580,9825,0,0.04149,0
190267,2078,0,0.008733,0
22599,24838,0,0.012927,0
2066,26604,0,0.03526,0
23283,2519,0,0.003643,0
59225,25765,0,0.014873,0
157608,2063,0,0.006682,0
19220,13976,0,0.035409,0
189895,47912,1,0.680322,1
159932,5819,0,0.01908,0
7074,2047,0,0.002776,0
144161,40332,0,0.165604,0
46150,10768,0,0.049351,0
74975,35336,1,0.232571,1
194938,46593,0,0.033077,0
101246,17044,0,0.025204,0
144015,20607,0,0.072268,0
76360,27690,0,0.008524,0
181492,24852,1,0.578601,1
68293,38777,0,0.022258,0
111731,17079,0,0.057075,0
69803,26348,0,0.079103,0
81066,19005,0,0.004157,0
142866,41844,0,0.004066,0
99154,44628,0,0.010702,0
105914,13709,0,0.002126,0
47931,25152,0,0.00767,0
180122,45343,0,0.002955,0
107232,39108,0,0.006072,0
13783,26648,0,0.200886,0
72619,2716,0,0.094244,0
46621,37645,0,0.034225,0
126965,37849,0,0.061372,0
21171,25072,0,0.246301,1
183948,34953,0,0.01247,0
193406,34497,0,0.182556,0
202529,14992,0,0.055029,0
2490,38739,0,0.09329,0
137022,8518,0,0.053532,0
159015,5491,0,0.007526,0
115396,8104,0,0.05635,0
75376,20791,0,0.005335,0
85038,25965,0,0.020634,0
94460,33120,0,0.040148,0
206113,42659,0,0.111119,0
6334,4487,0,0.007553,0
149022,40198,0,0.01244,0
112511,9387,0,0.006911,0
190521,31231,0,0.331239,1
195169,41117,0,0.011543,0
91678,7503,0,0.039319,0
103714,28204,0,0.062459,0
142427,39877,0,0.002212,0
136379,4293,0,0.01466,0
166056,23959,0,0.092762,0
127247,32700,0,0.126358,0
53548,22825,0,0.006816,0
196222,7500,0,0.033339,0
152958,8204,0,0.004298,0
107459,26586,0,0.004151,0
51213,47438,0,0.001821,0
64353,5077,0,0.014895,0
206178,26283,0,0.013265,0
140395,6182,0,0.008109,0
167517,28175,0,0.093417,0
183229,14429,0,0.005551,0
153097,29398,0,0.006219,0
164404,34126,0,0.011826,0
151081,31288,0,0.117709,0
170533,40706,0,0.01662,0
90334,32734,0,0.024999,0
44623,38124,0,0.031478,0
145067,19519,0,0.005511,0
172993,26940,0,0.003657,0
147280,34214,0,0.04273,0
111864,32369,0,0.007134,0
12580,30850,0,0.095645,0
167039,37642,0,0.00412,0
153727,39837,0,0.064221,0
173011,47626,0,0.231421,1
146624,16953,0,0.086776,0
132976,34590,0,0.025954,0
82810,31372,0,0.020786,0
110263,4175,0,0.136111,0
99227,48104,0,0.012898,0
160200,28547,0,0.099361,0
179437,47042,0,0.01299,0
10344,36746,0,0.009041,0
136646,45007,0,0.069224,0
7341,42190,0,0.178948,0
110737,46697,0,0.007002,0
23735,33731,0,0.006704,0
88441,3382,0,0.071774,0
136978,3957,0,0.043385,0
114664,1025,0,0.002638,0
168938,49621,0,0.003034,0
42712,30795,1,0.014436,0
147575,45646,0,0.029175,0
173525,39180,0,0.027125,0
33108,48523,0,0.041341,0
180868,27104,0,0.093774,0
168535,49027,0,0.02325,0
115415,33756,0,0.062773,0
35490,8479,0,0.010658,0
143586,45368,0,0.104976,0
3810,25877,0,0.038591,0
110141,2091,0,0.008958,0
68883,11755,0,0.033118,0
97855,39739,0,0.057066,0
36189,35042,0,0.021635,0
40658,10246,0,0.072079,0
158762,40001,1,0.13513,0
82223,47766,0,0.005288,0
108202,41950,0,0.027598,0
14321,30928,0,0.019617,0
93608,27196,1,0.006479,0
3549,8021,1,0.089873,0
15521,42869,0,0.010995,0
205007,12409,0,0.017929,0
142661,19048,0,0.036347,0
29630,34557,0,0.063112,0
71482,45064,1,0.266747,1
138875,24964,0,0.042678,0
102539,12341,0,0.019853,0
150919,2240,0,0.020531,0
41185,49683,0,0.050723,0
122426,28682,0,0.101344,0
73206,48925,0,0.011403,0
155291,11136,1,0.080741,0
158372,23579,0,0.08456,0
121968,14161,0,0.132461,0
49508,29623,0,0.022143,0
200214,38689,0,0.05475,0
181305,6184,1,0.193804,0
140292,20964,0,0.005192,0
105002,21508,0,0.004253,0
83752,46842,0,0.009408,0
84340,34126,0,0.032436,0
20887,43488,0,0.003927,0
85351,39182,0,0.048093,0
144865,11968,0,0.027702,0
8925,44910,0,0.022651,0
14208,3020,0,0.196529,0
137946,32446,0,0.101227,0
23219,36777,0,0.015552,0
78223,17872,0,0.004645,0
30137,18027,1,0.29929,1
161649,5646,1,0.098181,0
154235,10749,0,0.015731,0
186363,43654,0,0.016361,0
61067,41540,0,0.019875,0
40235,22678,0,0.004009,0
88441,18362,1,0.087538,0
130326,22802,1,0.79155,1
185815,41621,0,0.014808,0
199884,6187,0,0.307869,1
15242,2295,0,0.091204,0
49917,1447,0,0.041225,0
83780,16859,0,0.027622,0
164723,18587,0,0.008163,0
140183,39040,0,0.012273,0
112036,37646,0,0.007823,0
140375,28628,0,0.00355,0
36781,43647,0,0.027315,0
4262,34969,0,0.075557,0
50,40709,0,0.017495,0
52478,6615,0,0.045595,0
891,40310,0,0.026282,0
14201,13629,1,0.302922,1
141305,26384,0,0.049373,0
34356,45063,0,0.0393,0
11904,26115,0,0.08714,0
57119,47877,1,0.398805,1
5016,4920,0,0.122994,0
115325,1214,0,0.024131,0
153640,29447,0,0.056713,0
41703,8169,0,0.020366,0
84411,2053,0,0.001389,0
11330,32964,0,0.031713,0
67086,13198,0,0.007351,0
128606,36923,0,0.012997,0
41485,4920,0,0.211033,0
188507,49247,0,0.007714,0
137274,35561,0,0.040997,0
175841,36872,0,0.003623,0
29543,47601,0,0.001936,0
183129,11452,0,0.002126,0
153097,5002,0,0.011559,0
91610,24867,0,0.004323,0
78110,45613,0,0.044298,0
123000,31663,0,0.011838,0
78724,44632,0,0.030807,0
145272,41352,0,0.027693,0
9451,19240,0,0.031667,0
32998,43829,0,0.021317,0
129191,6104,0,0.014149,0
127161,27356,0,0.012653,0
28481,4495,0,0.009574,0
101279,33462,0,0.044108,0
136097,37141,0,0.002411,0
74840,48179,0,0.00117,0
38377,46676,0,0.193847,0
102576,27454,0,0.057524,0
102052,15887,0,0.023139,0
185689,18339,0,0.002655,0
202853,28020,0,0.035608,0
27210,41316,0,0.039839,0
118869,12341,0,0.003939,0
161094,39922,0,0.012973,0
29688,42342,0,0.090894,0
39394,3466,0,0.013885,0
195946,24852,0,0.053799,0
36740,13874,0,0.005647,0
189432,14032,0,0.088412,0
157688,18625,0,0.022412,0
168226,13732,0,0.004939,0
58647,44422,0,0.040058,0
200372,16185,0,0.098889,0
198262,6719,0,0.023195,0
35061,43519,0,0.009091,0
47044,36736,0,0.022909,0
174134,1999,0,0.047222,0
28345,42194,0,0.036971,0
67890,12395,0,0.018377,0
33957,24214,0,0.127075,0
80163,38827,0,0.014699,0
199195,26709,0,0.013794,0
47869,14028,0,0.001203,0
3465,14161,0,0.006993,0
159903,16254,0,0.020063,0
25611,41844,0,0.018367,0
138074,29993,0,0.018724,0
61603,5077,0,0.099369,0
58245,24964,0,0.023631,0
21509,43014,0,0.024839,0
73662,31915,0,0.002931,0
132052,36443,0,0.019128,0
20028,39108,0,0.003209,0
21891,8416,0,0.003315,0
59237,8736,0,0.040547,0
153025,17283,0,0.012016,0
39919,28571,0,0.01249,0
2475,12276,0,0.021158,0
41054,29088,0,0.011865,0
94406,6473,0,0.008219,0
203752,22204,0,0.013558,0
190542,44282,0,0.001821,0
184047,31964,0,0.133762,0
25900,9510,0,0.039963,0
281,29650,0,0.001953,0
203523,6111,0,0.153359,0
116487,46049,0,0.016756,0
11588,781,0,0.006076,0
13781,6828,0,0.025014,0
199780,21527,0,0.059863,0
154513,25569,0,0.605616,1
90763,1217,0,0.161889,0
30559,35242,0,0.025242,0
96192,4210,0,0.279865,1
126217,44566,0,0.028344,0
142150,11323,0,0.007633,0
81603,48356,0,0.033328,0
19063,16127,0,0.00218,0
201831,47526,0,0.052449,0
124110,9128,0,0.004814,0
183158,49448,0,0.005813,0
110141,5161,0,0.008279,0
124178,3682,0,0.019788,0
102018,34050,0,0.00895,0
127837,38684,0,0.01152,0
139820,14922,0,0.014371,0
114111,13646,0,0.077968,0
92604,33871,0,0.028421,0
37995,25753,0,0.016807,0
85072,1919,0,0.010478,0
100737,1347,1,0.128361,0
51480,45200,0,0.014367,0
131526,9741,0,0.00642,0
91377,47042,0,0.018561,0
184847,33731,0,0.01126,0
190887,37646,0,0.463599,1
176870,28199,0,0.026543,0
41906,45544,0,0.137665,0
3580,37766,0,0.009679,0
25871,7346,0,0.041514,0
77410,1819,0,0.013636,0
12764,44632,1,0.179726,0
83508,30482,0,0.140047,0
158142,25242,0,0.01053,0
38400,18918,0,0.007276,0
58102,9327,0,0.012371,0
14800,27801,0,0.195227,0
20906,22144,0,0.002966,0
97821,11865,0,0.001468,0
181317,32237,0,0.024363,0
52449,44878,0,0.022449,0
166282,10749,0,0.08103,0
112343,21903,1,0.439117,1
125364,24810,0,0.052484,0
187748,27663,0,0.007105,0
189338,4269,0,0.029495,0
108162,39465,0,0.03782,0
143175,46434,0,0.030742,0
205219,49113,0,0.006259,0
29387,13176,0,0.028045,0
7314,16147,0,0.010554,0
145001,25659,0,0.031449,0
61597,2966,0,0.005348,0
184942,26369,0,0.018413,0
66522,20955,0,0.074324,0
34552,30450,0,0.055059,0
8162,47630,0,0.111129,0
180275,16695,0,0.011363,0
113138,9849,0,0.108945,0
72571,11614,0,0.002079,0
2311,30482,0,0.080041,0
158554,7999,0,0.101762,0
97699,39794,0,0.005646,0
95069,27344,0,0.137348,0
16579,44375,0,0.015661,0
9694,13139,0,0.01344,0
132115,21914,0,0.015144,0
13216,34214,0,0.035813,0
1264,38777,0,0.002656,0
138212,27966,0,0.009466,0
146203,21131,0,0.383183,1
15012,32700,1,0.134613,0
146819,14852,0,0.190162,0
41205,47626,0,0.003242,0
20962,30391,0,0.044881,0
164123,28842,0,0.00875,0
190354,16664,0,0.040437,0
148184,19660,0,0.014966,0
14564,5068,0,0.010525,0
101394,29079,0,0.002417,0
104400,18411,0,0.034648,0
9628,12260,0,0.001566,0
19794,14811,0,0.003885,0
128808,6740,0,0.014011,0
160961,8518,0,0.113155,0
49778,31338,0,0.011246,0
7006,25466,1,0.670277,1
205357,47672,0,0.18366,0
64246,38751,0,0.007363,0
117410,23764,0,0.031451,0
111864,4562,0,0.00973,0
203523,19938,0,0.005232,0
70648,42318,0,0.211968,0
49201,9337,0,0.00208,0
58745,3397,0,0.027823,0
78866,9755,0,0.007334,0
194234,34243,0,0.091223,0
78785,36900,0,0.016427,0
37933,190,0,0.013447,0
199619,23782,0,0.039809,0
89577,45104,0,0.02032,0
28029,45771,0,0.024139,0
62824,40660,0,0.013717,0
67689,4357,0,0.003126,0
167997,18918,0,0.024795,0
37665,45671,0,0.004393,0
188013,44142,0,0.026774,0
102632,29007,0,0.015005,0
110358,26384,0,0.029551,0
56198,5134,0,0.143899,0
53096,5746,0,0.019628,0
183470,26209,0,0.008141,0
107972,21810,0,0.00737,0
151778,44359,0,0.141773,0
95780,28842,1,0.252106,1
188514,19611,0,0.046754,0
127622,43154,0,0.041119,0
14470,8021,0,0.048377,0
1246,22210,0,0.014301,0
130082,46720,0,0.007288,0
2886,17981,0,0.079056,0
170318,13176,0,0.269661,1
70409,44688,0,0.05507,0
168164,17264,0,0.043203,0
48897,15261,0,0.005556,0
132559,33129,0,0.021369,0
147047,36865,0,0.025608,0
7069,3550,0,0.001817,0
132958,16696,0,0.020036,0
163914,31717,0,0.046127,0
162921,13870,0,0.006261,0
186653,38849,0,0.094771,0
197897,27966,0,0.123347,0
5296,48204,0,0.002329,0
25253,47626,0,0.017378,0
36781,16154,0,0.048398,0
12435,12169,0,0.007289,0
61807,5467,0,0.01321,0
135843,9092,0,0.031923,0
121990,14429,0,0.033671,0
14293,37029,1,0.223702,0
185909,20280,0,0.050162,0
41603,16748,1,0.041321,0
135386,47766,0,0.289073,1
66304,25146,0,0.253621,1
71762,43758,0,0.003681,0
183303,24759,0,0.119932,0
152146,1940,0,0.296165,1
131203,3762,0,0.017914,0
126551,31506,0,0.088933,0
131690,36591,0,0.010148,0
86962,39812,0,0.006714,0
136649,44142,0,0.119259,0
100205,27959,0,0.021902,0
151986,4605,0,0.159719,0
125780,39097,0,0.016333,0
39583,22825,0,0.155318,0
131093,31790,0,0.004231,0
180273,34295,0,0.024245,0
8683,7632,0,0.004207,0
10425,12232,0,0.024135,0
169640,16174,0,0.025714,0
151158,13032,0,0.06333,0
185537,9284,0,0.019918,0
183101,18751,0,0.006881,0
196138,24184,0,0.023604,0
26447,18286,0,0.082208,0
71198,21137,0,0.38633,1
4405,19218,0,0.068294,0
24081,23322,0,0.011027,0
188221,40758,0,0.023276,0
160961,4062,0,0.014939,0
175365,23622,0,0.002787,0
20779,21137,1,0.216987,0
65149,46785,0,0.020747,0
65294,9018,0,0.016115,0
108003,47875,0,0.002587,0
203404,38248,0,0.044522,0
63144,12395,0,0.004615,0
94059,43154,0,0.055795,0
80603,34594,0,0.013003,0
46753,26800,0,0.031395,0
67941,14881,0,0.002998,0
150050,21953,0,0.028345,0
10538,14837,0,0.034164,0
195032,1380,1,0.230848,1
192085,30975,0,0.022921,0
201456,31506,0,0.076459,0
88017,22935,0,0.050741,0
78110,744,0,0.047296,0
61169,49621,0,0.068007,0
135247,39475,0,0.018712,0
185360,24852,0,0.076542,0
191563,9142,0,0.035543,0
143769,9092,0,0.004337,0
39508,21573,1,0.04391,0
51813,17264,0,0.010421,0
91789,17518,0,0.062388,0
61605,13400,0,0.024706,0
193074,38647,0,0.018664,0
175040,35140,0,0.073595,0
139205,29734,0,0.026473,0
181210,46575,0,0.080485,0
101954,26369,0,0.009046,0
160951,19348,0,0.057345,0
118974,47601,0,0.063029,0
59817,46059,0,0.063914,0
28345,28785,1,0.010082,0
167689,397,0,0.006752,0
2396,10909,0,0.011008,0
3298,45007,0,0.023095,0
96824,10807,0,0.063552,0
31119,23181,0,0.002541,0
69252,7515,0,0.00243,0
40440,48071,0,0.041909,0
177650,21347,0,0.062746,0
42124,45007,0,0.281539,1
77937,7911,0,0.069019,0
6417,47990,0,0.008608,0
78733,17224,0,0.329112,1
131979,2512,0,0.001775,0
56262,33276,0,0.017728,0
37973,19678,0,0.118132,0
165281,31888,0,0.005933,0
109743,11507,0,0.006673,0
124806,26209,0,0.026293,0
132472,27683,0,0.218936,0
193858,48736,0,0.032665,0
185638,4086,0,0.009216,0
6672,24830,0,0.002952,0
131108,40944,0,0.017523,0
202408,30604,0,0.023157,0
22133,2947,0,0.019837,0
128372,9290,0,0.023237,0
50583,27845,0,0.037585,0
56343,27328,0,0.019303,0
146349,46740,0,0.01998,0
107012,11495,0,0.01506,0
42345,28993,0,0.077815,0
10246,33548,0,0.051871,0
180122,8518,0,0.004672,0
83326,47209,0,0.056493,0
93064,1463,0,0.034084,0
16152,7413,0,0.016379,0
201449,48079,0,0.033881,0
185441,45767,0,0.002932,0
31396,18234,0,0.010825,0
125881,31506,0,0.009876,0
152985,22646,0,0.081274,0
123608,31717,0,0.027561,0
101557,9839,0,0.336718,1
98491,43471,0,0.007873,0
85026,16348,0,0.09328,0
166425,17704,0,0.021384,0
77987,32935,0,0.03896,0
203825,30756,0,0.030828,0
127946,9913,0,0.008251,0
65770,22888,0,0.005245,0
137671,21902,0,0.183491,0
156869,25146,0,0.140061,0
190978,32689,1,0.316379,1
57800,45633,0,0.022851,0
199213,28301,0,0.026053,0
30042,21616,0,0.009929,0
125741,11361,0,0.283701,1
98953,34556,0,0.005807,0
65994,24239,0,0.098684,0
179545,16797,0,0.020433,0
1912,22719,0,0.003369,0
68809,16283,0,0.04412,0
130018,4957,1,0.585849,1
49791,22935,0,0.069352,0
76631,32655,0,0.057005,0
120645,43744,0,0.023744,0
112445,35132,0,0.020549,0
181452,28842,0,0.03234,0
193391,19051,0,0.081442,0
164237,27177,0,0.028815,0
37283,1398,0,0.098345,0
21305,2965,0,0.011168,0
66286,38382,0,0.022878,0
107159,5233,0,0.012828,0
1545,7461,0,0.01198,0
205905,38944,1,0.050676,0
192834,11658,0,0.041207,0
148179,30406,0,0.006905,0
115052,44632,0,0.018683,0
1424,38159,0,0.006513,0
101409,5415,0,0.031746,0
81603,4037,0,0.008605,0
108979,24231,0,0.010201,0
60467,432,0,0.367294,1
845,421,0,0.045133,0
58571,29223,0,0.166545,0
96770,5716,1,0.107347,0
164558,21616,0,0.530175,1
59405,18987,1,0.194092,0
186681,34126,0,0.019719,0
184028,29698,0,0.011232,0
94068,46979,0,0.006534,0
102608,1463,0,0.204611,0
111513,21543,0,0.084711,0
1629,35200,0,0.017657,0
71767,19519,0,0.013727,0
22377,31076,0,0.070813,0
14523,28745,0,0.01251,0
125968,37982,1,0.355122,1
153599,13176,0,0.019087,0
165041,42265,0,0.067842,0
123322,8518,0,0.05857,0
159840,32839,0,0.086055,0
180250,21137,0,0.199488,0
43836,29989,0,0.044728,0
66285,33198,0,0.011631,0
84905,24964,0,0.014475,0
95768,43662,0,0.181319,0
23386,7751,0,0.018353,0
40305,28238,0,0.079698,0
124341,1940,0,0.255111,1
105204,21553,0,0.01895,0
129262,13733,0,0.109864,0
157113,23594,0,0.050691,0
201692,33819,0,0.012027,0
75226,25659,0,0.011033,0
112968,28380,0,0.019576,0
58274,11782,0,0.057238,0
62355,17794,0,0.022194,0
160245,6933,1,0.347721,1
194802,11837,0,0.017201,0
37225,44091,0,0.027306,0
163102,15673,0,0.030088,0
58936,46979,0,0.150322,0
154631,47439,0,0.012875,0
61197,46802,0,0.018626,0
196156,8570,0,0.033502,0
181652,30340,0,0.001842,0
66231,31717,0,0.021343,0
157739,41355,0,0.026862,0
65188,33709,0,0.034724,0
168985,23067,0,0.006997,0
12132,11182,0,0.019896,0
128004,25023,0,0.081109,0
93893,22035,0,0.022391,0
171236,37464,0,0.013314,0
59685,16797,0,0.013405,0
158052,21903,0,0.21808,0
21762,20127,0,0.004328,0
37122,28204,0,0.012861,0
89513,47345,0,0.006715,0
175833,18418,0,0.041103,0
9982,14508,0,0.022029,0
87680,40581,0,0.037627,0
116823,23106,1,0.215745,0
60078,27610,0,0.007097,0
84467,43269,0,0.084453,0
34414,16518,0,0.001302,0
77468,30720,0,0.005053,0
18573,8563,0,0.004607,0
178547,22935,0,0.107124,0
163828,20889,0,0.022197,0
96710,34949,0,0.003202,0
102971,24852,1,0.357817,1
66379,1581,0,0.009373,0
17684,6740,0,0.0179,0
132952,13176,0,0.095174,0
117788,38763,0,0.004344,0
63373,5876,0,0.039183,0
11808,25659,0,0.01495,0
137921,28842,0,0.307276,1
8150,790,0,0.017334,0
68257,46627,0,0.001651,0
165534,41950,0,0.099546,0
77935,16494,0,0.004159,0
37941,31343,0,0.104301,0
42563,16797,0,0.198504,0
13979,28465,0,0.181112,0
93676,13640,0,0.038397,0
82434,14634,0,0.040639,0
57893,30036,0,0.041423,0
171358,38293,0,0.00598,0
80553,14084,0,0.115567,0
171861,29274,0,0.011005,0
114261,33720,0,0.005382,0
172783,28572,1,0.203334,0
14856,12481,0,0.052405,0
94406,36316,0,0.048285,0
41039,40186,0,0.02346,0
57005,42733,0,0.027788,0
16804,24535,0,0.00682,0
7264,30406,0,0.003325,0
193896,41055,0,0.002631,0
72827,28842,1,0.43403,1
97074,34892,0,0.204272,0
15048,16759,0,0.009543,0
36647,33647,0,0.017501,0
29473,29176,1,0.105851,0
62158,10749,0,0.003741,0
128585,9871,0,0.016643,0
155617,39275,0,0.100416,0
42087,1321,0,0.04073,0
179353,39216,0,0.069491,0
87473,45200,0,0.001702,0
74948,36695,0,0.014451,0
113322,36107,0,0.061381,0
136782,17334,0,0.185789,0
183141,11925,0,0.013864,0
42652,878,0,0.008825,0
193721,42193,0,0.188272,0
170924,6184,0,0.013401,0
120240,15950,0,0.061541,0
82909,47766,1,0.302067,1
191012,1804,0,0.006333,0
82227,31477,0,0.058591,0
147546,397,0,0.002388,0
49881,3235,0,0.049839,0
125609,18159,0,0.035187,0
48306,44008,0,0.085686,0
23174,21777,0,0.035792,0
177274,9092,0,0.047678,0
101691,12427,0,0.029607,0
130948,44479,0,0.13109,0
116017,24184,0,0.004872,0
151120,5025,0,0.050489,0
184111,7376,0,0.039584,0
199327,29617,0,0.01279,0
123330,7103,0,0.005179,0
151157,45037,1,0.028677,0
15626,44142,0,0.1544,0
17162,1556,0,0.00653,0
131505,47672,0,0.00425,0
7718,24852,0,0.233182,1
178046,44142,0,0.078458,0
19449,47626,0,0.044438,0
202304,46108,0,0.012916,0
140548,1057,0,0.019488,0
159927,34565,0,0.020457,0
50352,22935,0,0.036187,0
100519,34134,0,0.207005,0
10501,21757,0,0.002387,0
120768,22922,0,0.024906,0
24539,40008,0,0.00475,0
444,21938,1,0.556598,1
164089,17858,0,0.022885,0
132846,49505,0,0.026277,0
169468,46294,0,0.009406,0
105566,47042,0,0.009677,0
202280,42724,0,0.00458,0
28328,48179,0,0.041924,0
105019,45840,0,0.00559,0
182898,47626,0,0.012228,0
43734,3318,1,0.017345,0
19882,46656,0,0.008538,0
6248,47698,0,0.002596,0
33711,15923,0,0.006717,0
157267,9337,0,0.038538,0
193650,16696,0,0.002712,0
89679,43961,0,0.064653,0
12325,39242,0,0.002696,0
98456,30406,0,0.081876,0
76155,19173,0,0.014506,0
205406,40568,0,0.016863,0
98868,21506,0,0.006767,0
16840,40278,0,0.033339,0
93703,21709,0,0.01405,0
138150,28431,0,0.089785,0
100330,47866,0,0.015166,0
36694,24214,0,0.002221,0
151924,34448,0,0.02126,0
32837,8382,0,0.034108,0
15295,45161,0,0.004612,0
133546,17468,0,0.01476,0
94838,11068,0,0.015111,0
127482,16866,1,0.100908,0
142113,37409,0,0.00211,0
147197,25272,1,0.752055,1
118866,45608,0,0.004451,0
88831,32227,0,0.122533,0
126101,41787,0,0.009042,0
102494,49520,0,0.02784,0
2965,44142,0,0.004843,0
167255,32553,0,0.023474,0
147244,41096,0,0.018811,0
179968,19653,0,0.00324,0
62838,46346,0,0.001452,0
169728,43295,0,0.008967,0
50796,859,0,0.017571,0
34819,43205,0,0.029524,0
131403,48205,0,0.003681,0
108519,37047,0,0.040319,0
52493,30635,0,0.008026,0
106142,40706,1,0.158821,0
300,42737,0,0.022176,0
148352,36075,0,0.055893,0
114480,47766,0,0.039288,0
114818,26278,0,0.015206,0
21936,25086,0,0.004224,0
172210,44560,0,0.201543,0
197103,48317,0,0.01906,0
166508,21709,1,0.022195,0
198929,3944,0,0.008788,0
104292,5449,0,0.004961,0
203114,37825,0,0.065577,0
96180,14867,0,0.002921,0
170086,14204,1,0.149817,0
192384,16797,0,0.07732,0
75853,36326,0,0.01986,0
72302,42828,0,0.143729,0
60421,18498,0,0.001282,0
51069,44449,0,0.001773,0
11857,48697,0,0.006759,0
91406,35939,0,0.150293,0
68050,25087,0,0.017776,0
82633,37557,0,0.035307,0
99229,45642,0,0.05551,0
28992,42265,0,0.186311,0
93252,47156,0,0.019054,0
92149,3616,0,0.004183,0
85952,26911,0,0.010548,0
188561,3464,0,0.0172,0
195058,29311,0,0.020828,0
5328,40516,0,0.008907,0
28906,24859,0,0.015542,0
105404,691,0,0.069818,0
32916,9076,0,0.058825,0
195030,15100,0,0.009042,0
104919,36978,0,0.015345,0
53685,41220,0,0.055294,0
5090,34551,0,0.037772,0
160117,25146,0,0.056219,0
31191,39136,0,0.022062,0
178851,44142,0,0.002803,0
44202,41273,0,0.016323,0
121860,3339,0,0.006253,0
143118,204,0,0.056935,0
161094,15162,0,0.014155,0
87106,29553,0,0.037439,0
59209,10054,0,0.01941,0
172469,3865,0,0.003229,0
38763,33076,0,0.01426,0
1890,5450,0,0.497409,1
92521,7500,0,0.006806,0
188224,22922,0,0.025056,0
30982,13176,0,0.033924,0
200092,7715,0,0.087343,0
140767,8955,0,0.004276,0
85060,9431,0,0.061017,0
74419,22129,0,0.136745,0
81872,32734,0,0.005256,0
190891,13176,0,0.021228,0
139877,3376,0,0.012794,0
128102,34688,0,0.028175,0
148258,29487,0,0.015822,0
169036,20920,0,0.04681,0
34990,21810,0,0.00864,0
62690,21288,0,0.023265,0
167118,9913,0,0.033477,0
157730,40723,0,0.065333,0
104417,29849,0,0.015955,0
47834,43129,0,0.018896,0
193606,42625,0,0.006226,0
157038,10752,0,0.033206,0
54668,7099,0,0.002744,0
5471,3376,0,0.025167,0
47076,11599,0,0.00168,0
101279,13765,0,0.003891,0
156171,47626,0,0.049157,0
104369,11688,0,0.012982,0
81872,15527,0,0.004577,0
193353,15271,0,0.044223,0
66000,37358,0,0.004387,0
183512,12456,0,0.067007,0
104746,45094,0,0.021129,0
154003,20217,0,0.032143,0
156304,7054,0,0.219865,0
117806,11087,0,0.076121,0
146565,26471,0,0.061022,0
77807,37634,0,0.03431,0
86224,26631,0,0.011941,0
45689,7308,0,0.10492,0
142687,40604,0,0.071603,0
158741,43908,0,0.009072,0
158768,33522,0,0.032707,0
12661,40758,0,0.043976,0
149063,45123,1,0.148735,0
126533,34449,0,0.059895,0
90652,16131,0,0.134483,0
137705,27344,0,0.005513,0
200214,44961,0,0.002259,0
36404,5451,0,0.065588,0
152296,22070,1,0.423152,1
174717,34530,0,0.003578,0
69,45364,0,0.008165,0
32440,19767,0,0.005253,0
66781,47011,0,0.189442,0
108993,23288,0,0.016837,0
185011,39075,0,0.041665,0
30094,46049,0,0.056927,0
74578,13423,0,0.032673,0
40196,36418,0,0.008658,0
84515,17794,0,0.004579,0
104894,24100,0,0.004757,0
1656,46041,0,0.034602,0
140612,29077,0,0.049886,0
1538,7186,0,0.232934,1
163925,7381,0,0.027672,0
91178,21511,0,0.258201,1
81762,45965,0,0.02649,0
99402,48364,0,0.113853,0
60862,24841,0,0.013857,0
144696,32360,0,0.014233,0
113246,47000,0,0.008805,0
91519,3023,1,0.093218,0
108245,21385,1,0.06889,0
126800,23765,0,0.009329,0
104920,9547,0,0.008821,0
205140,24852,0,0.673404,1
84755,21288,0,0.054802,0
124885,7019,0,0.017469,0
8418,27683,0,0.046557,0
146047,18986,0,0.018945,0
26785,46729,0,0.113593,0
162612,34993,0,0.008932,0
161240,20658,0,0.015675,0
200960,37646,0,0.025072,0
40128,260,0,0.005373,0
120226,21863,0,0.003017,0
60716,22849,0,0.006594,0
78334,3957,0,0.006406,0
138722,40706,0,0.019469,0
24940,23607,0,0.003159,0
204759,19691,0,0.018093,0
177544,18471,0,0.007151,0
201640,3732,0,0.004798,0
190623,35108,0,0.11454,0
181892,47672,0,0.046108,0
191368,39877,0,0.012051,0
137494,7821,0,0.004871,0
52196,6567,0,0.001305,0
55027,12479,0,0.031482,0
128068,35986,0,0.014626,0
174624,46595,0,0.024969,0
80639,42110,0,0.035809,0
90112,31766,1,0.064863,0
165879,4897,0,0.037477,0
160527,22034,0,0.004252,0
92574,20520,0,0.042426,0
168320,20192,0,0.017208,0
200475,39475,0,0.013315,0
193764,36735,1,0.072756,0
203546,32413,1,0.672358,1
184215,16797,0,0.012157,0
133866,21288,0,0.039785,0
148836,46022,0,0.0297,0
69652,27104,0,0.004145,0
91345,44987,0,0.017792,0
78240,5884,0,0.001988,0
53976,38291,0,0.069316,0
21528,2151,0,0.004114,0
162077,7485,0,0.004286,0
204499,37276,0,0.01647,0
17983,18465,0,0.021224,0
27944,10749,0,0.344795,1
2357,28934,0,0.047163,0
50174,49533,0,0.002919,0
105939,44728,0,0.015216,0
183865,25072,0,0.02529,0
25982,46979,0,0.014223,0
167599,40991,0,0.019354,0
6865,17157,0,0.006362,0
70598,45123,0,0.01369,0
136696,37468,0,0.005587,0
32860,42768,0,0.010547,0
106704,36523,0,0.022253,0
178556,1382,0,0.013985,0
179438,5710,0,0.021495,0
183860,19459,1,0.066468,0
64529,27683,1,0.063256,0
47549,14364,0,0.024287,0
91766,31506,0,0.007191,0
107778,3826,0,0.309223,1
56117,10312,0,0.011919,0
99167,40571,0,0.013213,0
116387,22035,0,0.172878,0
100919,28204,0,0.027465,0
130102,40516,0,0.166892,0
23168,32047,0,0.005774,0
35061,49324,0,0.082497,0
198273,35124,0,0.007883,0
180353,7559,0,0.031132,0
133262,33043,0,0.004214,0
63204,39947,0,0.71714,1
159797,24561,1,0.372494,1
119024,4261,0,0.008879,0
45638,22469,0,0.029135,0
136874,45633,0,0.110305,0
37596,5854,0,0.025946,0
85352,1025,0,0.0422,0
30854,28733,0,0.021911,0
31945,35510,0,0.050641,0
110159,48278,0,0.020149,0
122343,13911,0,0.002487,0
157975,8193,0,0.002985,0
100789,45860,0,0.025805,0
31484,16994,0,0.014272,0
2077,34129,0,0.096119,0
188684,48017,0,0.012225,0
20566,24830,0,0.00619,0
101713,42356,0,0.028314,0
89168,21249,0,0.033412,0
118868,10108,0,0.057373,0
92873,4920,0,0.101362,0
66193,25804,0,0.025447,0
106865,5785,0,0.01296,0
157523,13380,0,0.04294,0
151253,24852,0,0.251094,1
15792,36606,0,0.014056,0
203801,49683,0,0.118486,0
141791,14897,0,0.070122,0
152103,33642,0,0.069156,0
38382,37192,0,0.013833,0
69766,31394,1,0.136485,0
102254,47209,0,0.010313,0
165246,2175,0,0.018985,0
56629,24382,0,0.017321,0
119636,45258,0,0.013116,0
106093,20323,0,0.002116,0
199619,22882,0,0.016104,0
88460,47990,0,0.029415,0
29396,44408,0,0.013824,0
57343,26668,0,0.002679,0
34531,39812,0,0.01067,0
17036,28204,0,0.046097,0
5641,66,0,0.004094,0
44842,47766,0,0.032196,0
42358,24734,0,0.012347,0
82692,27978,0,0.043608,0
98410,19862,0,0.062238,0
124464,46522,0,0.013163,0
111486,40919,0,0.00276,0
78947,19173,0,0.018615,0
172768,594,1,0.219799,0
171386,29397,0,0.018333,0
45565,20119,0,0.170135,0
97101,47993,0,0.061619,0
13774,6343,0,0.061235,0
95572,35650,0,0.078171,0
26475,38228,0,0.026883,0
3894,27325,0,0.008349,0
112988,39984,0,0.009809,0
65061,13629,0,0.008165,0
18449,39561,0,0.016853,0
65157,41351,0,0.008939,0
156304,40174,0,0.01192,0
8090,48310,0,0.004839,0
199619,5456,0,0.013042,0
129674,46903,0,0.158641,0
179424,33754,0,0.030711,0
56736,5782,1,0.102019,0
169636,11007,1,0.404653,1
42430,33812,0,0.017459,0
206037,20734,0,0.032124,0
175465,40706,1,0.362342,1
63477,10305,0,0.004507,0
96418,37053,0,0.005844,0
32922,49139,0,0.003455,0
41764,6184,1,0.242762,1
192130,28785,0,0.00895,0
108465,17741,0,0.074339,0
200536,3384,0,0.021098,0
98755,5373,0,0.02067,0
70048,28842,0,0.002304,0
35880,21019,0,0.006254,0
136940,7948,0,0.003437,0
204524,14742,0,0.003888,0
173551,24518,0,0.015908,0
33189,40706,0,0.122681,0
57026,9358,0,0.569834,1
190012,18880,0,0.030745,0
106708,1891,0,0.001747,0
96770,7419,0,0.008985,0
166291,44855,0,0.005529,0
89795,36064,0,0.014233,0
154762,37738,0,0.113922,0
40422,31066,0,0.012577,0
35404,3896,1,0.536772,1
74156,33493,0,0.022722,0
134984,30233,0,0.512978,1
171557,37490,0,0.001195,0
173850,32691,0,0.022318,0
119424,34497,0,0.00305,0
55284,36351,0,0.002772,0
129843,46676,0,0.014243,0
198183,23484,0,0.008036,0
140381,4920,0,0.042853,0
58982,32563,1,0.050738,0
14641,18828,0,0.020233,0
57343,7948,0,0.003338,0
12146,22935,0,0.019343,0
131791,40877,0,0.013682,0
134754,36956,0,0.051983,0
36226,33462,0,0.055962,0
26613,32538,0,0.02649,0
132579,28829,0,0.003474,0
60119,27865,0,0.107087,0
129390,11136,0,0.004097,0
43156,28579,0,0.037905,0
177403,42944,0,0.025329,0
144160,41290,0,0.013159,0
139231,43961,0,0.074586,0
48136,47626,0,0.008541,0
203013,13176,0,0.24775,1
70671,13629,0,0.108605,0
168282,21903,0,0.029055,0
124110,31683,0,0.003028,0
58308,24852,1,0.663173,1
61311,45246,0,0.001841,0
157028,44422,0,0.161839,0
86099,37067,1,0.322866,1
139086,4329,0,0.015853,0
114558,17122,0,0.036113,0
10427,23594,0,0.04546,0
195061,6549,0,0.006674,0
203924,15485,0,0.017042,0
57695,17734,0,0.030481,0
135571,26679,0,0.040807,0
120157,35430,0,0.019278,0
185883,5477,0,0.002732,0
13922,4787,0,0.036319,0
199669,24184,0,0.007902,0
60430,20995,0,0.012559,0
78073,41238,0,0.024046,0
12612,3836,0,0.109949,0
138246,37524,1,0.503415,1
110809,19348,0,0.124076,0
124737,10193,0,0.006514,0
134691,5913,0,0.016082,0
66256,34,0,0.011234,0
129806,21783,0,0.124348,0
28481,45177,0,0.007873,0
89681,28289,0,0.021157,0
150285,8277,0,0.141562,0
83157,35939,0,0.013014,0
118879,13304,0,0.031647,0
76295,22247,0,0.001278,0
154341,41149,0,0.054466,0
10440,28985,1,0.134444,0
50644,3172,0,0.083143,0
74094,8204,0,0.019792,0
193409,40587,0,0.179431,0
59225,11078,0,0.006351,0
73662,32177,0,0.010631,0
22779,43295,1,0.111288,0
137930,47492,0,0.001966,0
32421,26138,0,0.071278,0
32597,9434,0,0.004848,0
22591,40120,0,0.210838,0
88250,29672,0,0.041088,0
182839,22227,0,0.002841,0
91565,5077,0,0.401034,1
86434,12204,0,0.032359,0
107914,3991,1,0.543634,1
27017,27471,0,0.003941,0
156614,48109,0,0.108951,0
69580,9808,0,0.081385,0
110404,48241,0,0.029655,0
182308,31338,0,0.018843,0
29088,1217,0,0.2465,1
115537,4920,1,0.118622,0
170970,5876,0,0.066755,0
148228,11512,0,0.026859,0
136097,34673,0,0.010546,0
73755,23405,0,0.005332,0
70463,43295,0,0.039388,0
36690,6948,0,0.028304,0
37462,10032,0,0.030413,0
199421,148,0,0.014619,0
169064,274,0,0.007382,0
15235,605,0,0.023933,0
49131,32864,0,0.002591,0
181460,30117,0,0.02727,0
62430,26606,0,0.005141,0
86297,9604,0,0.003467,0
51853,15438,0,0.01948,0
205363,24852,1,0.679108,1
146951,27796,0,0.027881,0
131482,35217,0,0.004556,0
82173,2497,1,0.041703,0
125128,20955,1,0.175119,0
20289,26369,0,0.024899,0
98614,12212,0,0.002726,0
12740,21010,0,0.001968,0
170099,40696,0,0.008199,0
53303,20126,0,0.071098,0
203507,1678,0,0.058116,0
79767,47379,0,0.003266,0
195948,27104,0,0.128785,0
11146,21614,1,0.660923,1
27741,5908,0,0.192049,0
2156,26209,0,0.115703,0
118529,19505,0,0.136489,0
50418,29650,0,0.020239,0
29915,48745,0,0.09272,0
83655,23360,0,0.060867,0
2970,16349,0,0.004049,0
25290,9561,0,0.001511,0
131246,581,0,0.021237,0
145386,28199,0,0.166526,0
59784,38456,0,0.012014,0
18937,39275,0,0.104583,0
50863,38154,0,0.020623,0
197081,47766,0,0.002546,0
59274,13176,1,0.627394,1
40231,45834,0,0.102309,0
103742,43768,0,0.009405,0
73769,24964,0,0.168327,0
81783,21938,0,0.019276,0
196374,44359,0,0.002359,0
184780,4142,0,0.039795,0
65369,42216,0,0.003219,0
1360,24184,0,0.01418,0
25245,26094,0,0.024423,0
25276,9322,0,0.00959,0
197103,48720,0,0.040795,0
131723,21929,0,0.093358,0
132123,27022,0,0.049718,0
117426,33543,0,0.00829,0
7911,21195,0,0.023684,0
16945,18908,0,0.003471,0
99173,39475,0,0.32218,1
62792,22025,0,0.003094,0
168456,12703,0,0.024236,0
98386,24850,0,0.002389,0
181081,46662,0,0.004765,0
146796,11629,0,0.011471,0
169284,1406,0,0.003345,0
191789,12016,0,0.050972,0
141982,26172,0,0.011321,0
2449,6878,0,0.119732,0
205947,890,0,0.006391,0
95399,4966,0,0.018546,0
201371,29848,0,0.040846,0
118626,18625,0,0.011221,0
89607,15200,0,0.069008,0
24989,47766,0,0.032945,0
64131,45747,0,0.033572,0
160171,6046,0,0.041025,0
188235,49683,0,0.010625,0
122352,24946,0,0.002433,0
101496,31102,0,0.01649,0
58040,38456,0,0.011268,0
232,70,0,0.012183,0
121333,27521,1,0.18232,0
170366,35752,0,0.066166,0
76115,260,0,0.017915,0
197865,12545,0,0.012597,0
201572,38456,1,0.178925,0
60476,38928,0,0.0115,0
56162,27796,0,0.171413,0
51116,40663,0,0.078732,0
178236,4421,0,0.00982,0
127247,10241,1,0.032502,0
79844,13984,0,0.002374,0
8258,24622,0,0.029988,0
191004,5460,0,0.006386,0
100133,35584,0,0.039219,0
143627,47766,0,0.039033,0
64698,42183,0,0.003585,0
126986,22890,0,0.026722,0
141564,31196,0,0.14784,0
124014,30558,0,0.058842,0
18482,46041,0,0.041738,0
95377,25659,0,0.005361,0
162798,14197,0,0.046484,0
48245,207,0,0.043343,0
115481,24184,0,0.017157,0
54014,3464,0,0.005093,0
12254,17313,1,0.472247,1
5453,13176,1,0.197144,0
161649,29007,0,0.038885,0
200388,3481,0,0.031134,0
29715,9339,0,0.008917,0
120590,32407,0,0.005943,0
159983,27782,0,0.109879,0
4802,12872,0,0.037624,0
205721,26493,1,0.072496,0
63073,20995,0,0.00377,0
97708,27355,0,0.003822,0
47076,5134,0,0.013136,0
7543,1582,0,0.089261,0
22169,43768,0,0.015972,0
69583,9299,0,0.010838,0
23591,39432,0,0.002439,0
198933,6201,0,0.014861,0
127757,45835,0,0.018352,0
156953,22950,0,0.003117,0
15192,18471,0,0.004245,0
127773,3648,0,0.003263,0
32319,36813,0,0.018036,0
54915,18180,0,0.002365,0
80090,7898,0,0.024571,0
84758,10795,0,0.004508,0
74081,10885,0,0.049623,0
17521,13733,0,0.046446,0
52123,22035,0,0.33765,1
85682,41220,0,0.051903,0
113877,47668,0,0.009186,0
66183,26495,0,0.004794,0
110774,28985,0,0.024324,0
51063,21846,0,0.019751,0
164262,32656,0,0.002674,0
115200,30696,0,0.246949,1
75791,15134,0,0.005765,0
193785,21663,0,0.164551,0
39006,9177,0,0.005823,0
142345,20842,0,0.026328,0
196540,38444,0,0.105029,0
172755,24852,0,0.215431,0
145444,44449,0,0.003272,0
151994,30524,0,0.002679,0
134947,25903,0,0.200304,0
10105,15290,1,0.186134,0
180198,16797,0,0.050097,0
52721,15861,0,0.020789,0
170970,9906,0,0.015254,0
167076,47144,0,0.055008,0
190070,44229,0,0.005619,0
156674,28413,0,0.03845,0
122502,41588,0,0.02983,0
163507,35195,0,0.152961,0
144800,11130,0,0.01027,0
76860,29926,0,0.003031,0
139869,27845,0,0.065604,0
108464,21709,0,0.023129,0
155838,27055,0,0.003659,0
13227,43957,0,0.005735,0
21463,26620,0,0.006048,0
198789,31992,0,0.067781,0
77777,7177,0,0.026167,0
37059,34217,1,0.709788,1
159407,15495,0,0.01746,0
144023,20127,0,0.012505,0
84337,46104,0,0.080137,0
11224,22150,0,0.017393,0
190513,45007,1,0.345467,1
53200,33015,0,0.088291,0
35763,16257,0,0.178156,0
19336,41073,0,0.033913,0
132713,33206,0,0.033489,0
6448,26419,0,0.006435,0
144211,38456,0,0.054883,0
53343,34262,0,0.003446,0
97409,22247,0,0.050602,0
145674,32251,0,0.530046,1
14097,5876,0,0.006487,0
22510,30305,0,0.0013,0
32014,1485,0,0.043052,0
159975,43654,0,0.020412,0
124132,36070,0,0.01367,0
77459,7054,0,0.091564,0
134598,12406,0,0.00165,0
181108,36425,0,0.145869,0
173580,27196,1,0.261755,1
189455,25762,0,0.009002,0
128973,33731,0,0.33924,1
39023,3382,0,0.004009,0
93045,46654,0,0.0028,0
176000,10151,0,0.083979,0
132958,27730,0,0.011789,0
25192,27104,0,0.101627,0
58384,22656,0,0.014357,0
159563,9387,0,0.185387,0
110400,12033,0,0.009486,0
127525,2022,0,0.008477,0
112176,18444,0,0.022947,0
25440,32537,0,0.011591,0
64470,12044,0,0.003629,0
145114,26497,0,0.004167,0
197007,34216,0,0.016496,0
102064,21292,0,0.178058,0
4144,4388,0,0.004391,0
64138,43504,0,0.031322,0
26533,14651,0,0.028312,0
98867,5566,0,0.018489,0
194011,39491,0,0.003667,0
15229,27171,0,0.001485,0
101250,25824,0,0.001427,0
70809,1261,1,0.032534,0
37995,6992,0,0.015053,0
120290,20842,0,0.039991,0
137684,6576,0,0.092091,0
104244,10388,0,0.0188,0
19141,34243,0,0.017103,0
122210,43829,0,0.009355,0
116085,24759,0,0.051394,0
81,11365,0,0.040932,0
60119,17949,0,0.119394,0
34542,6348,0,0.116295,0
100869,46802,0,0.106867,0
102199,48144,0,0.00456,0
161831,39561,0,0.013393,0
142746,45007,0,0.029037,0
165505,12312,0,0.003517,0
152668,44625,0,0.007698,0
7103,31471,0,0.010658,0
121370,43961,0,0.009995,0
5971,15937,0,0.002171,0
159004,48679,0,0.077328,0
99495,5240,0,0.020703,0
113429,23909,0,0.10301,0
71051,44948,0,0.04087,0
182069,30489,0,0.015126,0
154562,16759,0,0.042881,0
2228,9774,0,0.068479,0
105204,22782,0,0.017566,0
139691,7559,0,0.022892,0
63285,43192,0,0.005824,0
44715,47759,0,0.00646,0
31716,37051,0,0.028728,0
110312,15008,0,0.013486,0
187984,32959,0,0.011107,0
138528,17619,0,0.011023,0
177537,44172,0,0.352172,1
106819,30727,0,0.005963,0
198271,27086,0,0.027153,0
120253,20607,0,0.027121,0
203507,39132,0,0.050331,0
91808,19660,0,0.027518,0
191786,7408,0,0.008183,0
205982,45161,0,0.042524,0
97595,43488,0,0.002308,0
97011,23165,0,0.088771,0
150670,14429,1,0.076716,0
10606,18382,0,0.055311,0
17806,42736,0,0.010849,0
193295,34827,0,0.093959,0
53693,43768,1,0.051925,0
104981,19730,0,0.011716,0
43305,29095,0,0.006002,0
203009,7503,0,0.020415,0
184212,24852,0,0.436283,1
178633,9472,0,0.04136,0
46089,34407,0,0.006363,0
119884,36107,0,0.012729,0
149287,24631,0,0.002804,0
17474,2927,0,0.006824,0
117053,28836,0,0.003929,0
198288,12392,0,0.020322,0
129430,22031,0,0.002238,0
19318,21938,0,0.003286,0
143768,2593,0,0.024579,0
18505,19068,1,0.238289,1
154231,17634,0,0.020435,0
105626,21616,0,0.004374,0
95428,5438,0,0.072198,0
50326,42265,0,0.049966,0
166973,29392,0,0.004829,0
203343,38456,0,0.005855,0
29108,990,0,0.011323,0
38582,1176,1,0.078934,0
120029,37317,0,0.036212,0
185278,35206,0,0.003629,0
95558,1313,0,0.004363,0
26145,38567,0,0.013545,0
61581,26346,0,0.02166,0
194709,40354,0,0.031542,0
106231,37940,0,0.075603,0
98830,19895,0,0.011455,0
204200,44786,0,0.034021,0
107608,47766,0,0.021815,0
4512,5353,0,0.069268,0
146047,22414,0,0.007134,0
13190,21213,0,0.042571,0
147841,14332,0,0.020807,0
202516,45593,0,0.004243,0
134216,45125,0,0.004899,0
88996,19559,0,0.008767,0
143687,31528,0,0.023279,0
106450,39180,0,0.04305,0
104373,5251,0,0.061178,0
157488,9839,0,0.021815,0
115665,11945,0,0.294277,1
104904,13733,0,0.024804,0
92196,20973,0,0.168618,0
126425,8277,0,0.006081,0
51322,29926,0,0.031855,0
78879,40604,0,0.014275,0
137356,31343,0,0.083822,0
96422,13838,0,0.005147,0
25978,1883,0,0.042643,0
33101,25498,0,0.012517,0
2984,19678,0,0.055733,0
63375,23375,0,0.048505,0
139495,47547,0,0.001404,0
65369,27548,0,0.005704,0
70278,36766,0,0.005764,0
88281,3464,0,0.014751,0
22069,10246,0,0.04927,0
132916,25533,0,0.065943,0
195765,29565,0,0.005043,0
167730,4562,0,0.009889,0
190457,22236,0,0.00434,0
196413,30391,0,0.019315,0
25208,41540,1,0.526222,1
54245,6047,0,0.001593,0
70048,36695,0,0.003115,0
157847,24279,1,0.077003,0
84403,18963,0,0.016685,0
48125,12118,1,0.226957,0
12249,20583,0,0.140294,0
13595,6691,0,0.197971,0
182757,22827,0,0.025801,0
133617,2657,0,0.015025,0
100123,8174,0,0.03105,0
103003,18362,0,0.02206,0
108939,24099,0,0.008646,0
146886,23775,0,0.018249,0
178214,8571,0,0.316796,1
14051,7559,0,0.034496,0
104570,1446,0,0.00507,0
95374,43960,0,0.040747,0
85970,43789,0,0.011667,0
81300,27548,0,0.017061,0
27648,8424,0,0.030977,0
134756,47144,0,0.049084,0
172153,34049,0,0.032168,0
106502,29926,0,0.023038,0
120865,41665,0,0.015674,0
195338,9430,0,0.036945,0
97473,4071,0,0.020772,0
134045,46979,0,0.149037,0
124347,17794,0,0.028482,0
103553,30561,0,0.027602,0
73579,49416,0,0.04782,0
179375,14862,0,0.004629,0
54158,45104,0,0.076223,0
62242,28560,0,0.046944,0
66823,33198,0,0.029,0
197668,30776,0,0.030296,0
90924,49026,0,0.050788,0
12663,28613,0,0.271595,1
140340,44570,0,0.075342,0
4722,20463,0,0.006014,0
36486,3798,0,0.056599,0
50294,24964,0,0.063988,0
37773,32020,0,0.052269,0
132872,25352,0,0.001948,0
86130,23645,0,0.072045,0
75961,20842,0,0.037663,0
26107,48481,0,0.005592,0
57573,29311,0,0.058352,0
203523,25623,0,0.006616,0
21184,6047,0,0.197736,0
11799,12741,0,0.020696,0
149542,37825,0,0.008322,0
198103,17224,0,0.090038,0
80428,49235,0,0.027186,0
81703,19449,0,0.016005,0
169903,27791,0,0.257156,1
182327,45007,1,0.040719,0
77072,5771,0,0.030818,0
152763,36789,0,0.008816,0
49200,27105,0,0.016808,0
113016,26620,0,0.004139,0
59156,17789,0,0.005571,0
21267,35440,0,0.083167,0
108341,13870,0,0.015057,0
73214,21850,0,0.137543,0
53925,39332,0,0.032078,0
193254,23734,0,0.012052,0
199669,12206,0,0.003731,0
18332,47042,0,0.026717,0
184174,12341,1,0.064657,0
65927,945,0,0.006409,0
14231,39275,0,0.003977,0
103189,23233,0,0.160895,0
171173,27509,1,0.210864,0
39083,5876,0,0.010925,0
32282,42701,0,0.005229,0
150741,6457,0,0.008407,0
102906,45003,0,0.050835,0
134602,27104,0,0.184021,0
147816,16290,1,0.119208,0
78721,2838,0,0.006273,0
158572,27845,0,0.050934,0
146836,44292,0,0.00587,0
98026,27307,0,0.0027,0
168154,49201,0,0.025991,0
19626,44557,1,0.142607,0
17817,47990,0,0.024444,0
197558,17946,0,0.015294,0
125420,34448,0,0.083292,0
52643,29223,1,0.157732,0
133697,14719,0,0.008827,0
117238,34048,0,0.274153,1
135569,12207,0,0.022332,0
91826,26604,0,0.041465,0
75126,890,1,0.034998,0
175809,44570,0,0.025225,0
125782,13595,0,0.004943,0
163966,39715,0,0.013168,0
172673,5684,1,0.068009,0
183504,3061,0,0.004625,0
189034,31066,0,0.007598,0
145390,35167,0,0.006419,0
98867,23405,0,0.010891,0
165308,42241,0,0.002993,0
756,10761,0,0.011891,0
122361,13535,0,0.009882,0
188561,3738,0,0.002148,0
145010,4210,0,0.386705,1
124681,3023,0,0.149171,0
117871,123,0,0.003792,0
130262,39415,0,0.002891,0
185702,7916,0,0.117886,0
17474,121,0,0.007165,0
61084,37521,0,0.012322,0
81490,34203,1,0.090536,0
41137,15617,0,0.058656,0
46078,15392,0,0.038195,0
81808,27695,0,0.08314,0
74361,38118,0,0.011044,0
11377,27069,0,0.043018,0
163308,13176,0,0.079089,0
758,16965,0,0.012552,0
168450,24427,0,0.01828,0
99344,79,0,0.001499,0
198929,7559,0,0.002308,0
92848,32605,0,0.003643,0
105063,12207,0,0.003135,0
150264,12299,0,0.007564,0
151734,2295,0,0.012486,0
100830,13176,0,0.01278,0
77849,47766,1,0.411806,1
14153,18881,0,0.288042,1
64035,34199,0,0.00621,0
174063,29598,0,0.007337,0
143627,23165,0,0.006293,0
132075,19324,0,0.124208,0
57765,42637,0,0.010929,0
181970,39984,0,0.007668,0
44878,22935,0,0.094902,0
113697,21543,0,0.024729,0
179438,343,0,0.009524,0
109531,15455,0,0.016185,0
111429,26283,0,0.02169,0
84828,6871,0,0.008527,0
157431,28842,0,0.05249,0
196064,30707,0,0.034842,0
63426,34584,0,0.014781,0
64981,48309,0,0.00204,0
67438,12638,0,0.082478,0
51353,33957,0,0.032095,0
154582,36315,0,0.006077,0
192186,24009,0,0.003335,0
870,46906,0,0.006735,0
49522,27811,0,0.016483,0
192064,47672,0,0.004181,0
125287,14335,0,0.040486,0
155273,11673,0,0.004032,0
22089,47209,0,0.025146,0
103344,44359,0,0.026207,0
105127,27778,0,0.006337,0
92914,14573,0,0.027936,0
197581,5020,0,0.016226,0
125586,22993,0,0.006744,0
151447,2562,0,0.101932,0
89402,22935,0,0.03496,0
201408,43961,0,0.009542,0
133638,15510,0,0.002255,0
153345,4605,0,0.084461,0
9823,46802,0,0.045438,0
143487,10613,0,0.123731,0
201135,46916,0,0.136249,0
82516,26629,0,0.037669,0
121990,46169,0,0.01855,0
168855,3583,0,0.102563,0
195254,26351,0,0.030647,0
56485,31338,0,0.003751,0
36663,32864,1,0.187306,0
69584,46979,0,0.005207,0
164346,11777,0,0.028349,0
60619,45613,0,0.027906,0
129016,7021,0,0.003702,0
88100,45582,0,0.011446,0
16295,49683,0,0.011278,0
159549,36273,0,0.023419,0
163195,20955,0,0.040909,0
168839,39619,1,0.605713,1
155102,3957,0,0.005522,0
196704,19057,0,0.021323,0
7718,31717,0,0.032236,0
169352,23794,0,0.008217,0
20188,35989,0,0.020671,0
69704,27104,0,0.027345,0
4939,24235,0,0.038152,0
29227,25623,0,0.019485,0
140287,46363,0,0.283139,1
169530,25705,0,0.116635,0
137423,46616,0,0.576469,1
184614,5621,0,0.015155,0
26250,10292,0,0.087835,0
48370,16797,0,0.167078,0
204605,18641,0,0.002244,0
150533,19706,0,0.04114,0
191180,2350,0,0.003665,0
186448,6177,0,0.010638,0
128933,13176,0,0.027641,0
199575,20211,0,0.006,0
10780,4781,0,0.009962,0
136998,34126,0,0.00649,0
138244,11281,0,0.11819,0
95265,21070,0,0.006537,0
191484,29698,0,0.06338,0
70236,11005,0,0.007334,0
16437,14678,0,0.044093,0
25507,28713,0,0.004525,0
160713,39236,0,0.024927,0
121635,12324,0,0.05862,0
8100,48775,0,0.006362,0
38720,26364,0,0.006969,0
119617,13212,0,0.034301,0
176804,21709,0,0.078963,0
84995,47177,0,0.005786,0
99698,46149,0,0.159888,0
101694,1203,0,0.038261,0
92353,39185,0,0.507446,1
69949,24964,0,0.137341,0
83780,2151,0,0.016046,0
191563,1408,1,0.027065,0
44610,38694,0,0.068959,0
82778,17634,0,0.004534,0
133759,23288,0,0.119103,0
179460,38996,0,0.0016,0
71345,29027,0,0.006928,0
110469,34584,0,0.01265,0
7913,25613,0,0.060513,0
79789,39921,0,0.658432,1
33169,47766,0,0.006199,0
54744,29848,0,0.226646,0
143672,42557,0,0.089377,0
138826,39479,0,0.015201,0
86697,5876,1,0.654062,1
164144,24425,1,0.026128,0
89162,32773,0,0.146214,0
120328,18372,0,0.006482,0
161079,49492,0,0.011339,0
15229,27664,0,0.001731,0
71709,45638,0,0.03447,0
42316,26915,0,0.004128,0
187748,14917,0,0.009149,0
84048,19732,0,0.048184,0
20494,34690,0,0.004718,0
34945,15810,0,0.049188,0
160649,41970,1,0.303199,1
151328,36750,0,0.007296,0
148686,2359,0,0.020552,0
98760,45586,0,0.014576,0
196391,14161,0,0.009205,0
50188,23165,1,0.21826,0
117575,24852,0,0.696247,1
150237,14280,0,0.002049,0
131959,18709,0,0.051955,0
141490,5646,0,0.02851,0
131677,8277,0,0.017314,0
117762,41544,0,0.006799,0
170506,27796,1,0.098873,0
193134,49217,0,0.071711,0
116537,12817,0,0.116054,0
52237,13979,0,0.017279,0
94764,28473,0,0.01225,0
75584,32689,0,0.004285,0
196174,14381,0,0.008304,0
103599,31351,0,0.002407,0
193291,39408,0,0.088285,0
93424,37374,0,0.019656,0
137900,20995,1,0.055745,0
112968,40182,0,0.006594,0
94374,22892,0,0.004967,0
125128,30731,0,0.008208,0
92419,5045,0,0.023593,0
38501,19779,0,0.012055,0
165273,42550,0,0.053321,0
74969,48679,0,0.003395,0
30060,5670,0,0.005248,0
44814,47365,0,0.125669,0
11772,21576,0,0.001463,0
15213,21910,0,0.038788,0
179526,12218,0,0.001934,0
131846,43129,0,0.025145,0
153695,43488,0,0.006156,0
102991,21938,0,0.174164,0
72715,46107,0,0.004118,0
38910,33942,0,0.030037,0
72610,44987,1,0.409047,1
188059,20448,0,0.004906,0
27474,3060,0,0.07497,0
179268,43692,0,0.056004,0
85088,160,0,0.007726,0
113697,16986,0,0.002969,0
97319,9421,0,0.002006,0
126416,25646,0,0.046815,0
131899,6340,0,0.08401,0
14509,24706,0,0.022198,0
89768,44926,0,0.001231,0
129589,27966,0,0.054402,0
135298,43961,0,0.152563,0
14792,34355,0,0.019426,0
101356,45007,0,0.17497,0
90884,38274,0,0.021869,0
17980,18880,0,0.034248,0
100183,39408,0,0.004008,0
120270,35786,0,0.007073,0
141456,28918,0,0.003237,0
158355,40376,0,0.003095,0
124376,16570,0,0.057426,0
66304,46572,0,0.014052,0
205805,97,0,0.005155,0
32218,48205,0,0.015709,0
177544,18889,0,0.004716,0
150034,31469,0,0.072605,0
155490,5025,0,0.061363,0
73701,47209,0,0.059543,0
118871,41319,0,0.006905,0
9158,26882,0,0.001634,0
26523,47209,0,0.076133,0
194262,21137,0,0.191159,0
130741,6568,0,0.006503,0
166112,8025,0,0.126139,0
168982,26509,0,0.038156,0
72756,23,1,0.062572,0
59387,25952,0,0.004205,0
199005,18610,0,0.001585,0
185857,13924,0,0.014338,0
117814,33198,0,0.016953,0
81228,46979,0,0.171753,0
183974,21903,0,0.205241,0
6,48679,0,0.02058,0
8337,36086,0,0.009554,0
158639,13070,0,0.001884,0
43454,39705,0,0.017678,0
157269,11773,0,0.111171,0
18047,7500,0,0.019636,0
143018,33636,0,0.01028,0
3238,39886,0,0.004029,0
114990,28985,0,0.014041,0
177995,31553,0,0.007402,0
160953,46309,0,0.004489,0
167684,46720,0,0.023266,0
137833,46667,0,0.016216,0
130509,7778,1,0.07101,0
46993,4472,0,0.04051,0
6274,27999,0,0.109391,0
50171,18740,0,0.034289,0
117415,8567,0,0.036754,0
52440,39408,0,0.314812,1
115621,1890,0,0.018045,0
83634,3988,0,0.02535,0
39786,38772,0,0.001513,0
60404,37119,0,0.021955,0
181981,29418,0,0.001111,0
62239,32197,0,0.001396,0
87746,11520,0,0.145974,0
102443,47915,0,0.051531,0
12294,21115,0,0.024015,0
180888,28252,0,0.013235,0
177988,22504,0,0.001498,0
179606,33468,0,0.038068,0
91519,45645,0,0.02842,0
36413,24799,0,0.079489,0
199518,20114,0,0.018814,0
52787,349,0,0.028079,0
109805,7401,0,0.007356,0
171439,15383,0,0.007947,0
85844,46992,1,0.115349,0
26146,33527,0,0.021118,0
125134,5115,0,0.041869,0
142332,19348,0,0.074164,0
162350,31215,0,0.024576,0
107588,31886,0,0.011287,0
188128,3855,0,0.024175,0
43927,40931,0,0.154002,0
56892,27881,0,0.006363,0
94113,25659,0,0.115621,0
94465,10305,0,0.007794,0
103890,48205,0,0.016888,0
180610,5093,0,0.101516,0
205886,30106,0,0.029721,0
66713,48679,0,0.011254,0
28440,6448,0,0.054701,0
76640,13176,1,0.587009,1
149159,46558,0,0.033934,0
109676,6550,1,0.178564,0
141363,29987,0,0.004495,0
123089,44487,0,0.020821,0
50352,27023,0,0.0069,0
199039,8501,0,0.046744,0
193045,26839,0,0.010212,0
151910,29592,0,0.003602,0
61551,35395,0,0.005917,0
51411,45633,0,0.009131,0
81069,32652,0,0.016055,0
4316,46567,0,0.061047,0
149452,28849,0,0.069973,0
69369,41596,0,0.041213,0
73844,6187,0,0.357295,1
179511,13984,0,0.091383,0
158355,19389,0,0.00499,0
35067,36011,0,0.051369,0
24179,4576,0,0.035235,0
28370,36403,0,0.023678,0
34620,32225,0,0.003982,0
53694,5438,0,0.066099,0
52410,9020,0,0.01784,0
70356,38890,0,0.00908,0
57752,8903,0,0.022925,0
183948,27196,0,0.010896,0
97286,9390,1,0.029691,0
7483,1999,0,0.005251,0
166942,5876,0,0.016469,0
137612,20175,0,0.031553,0
136022,38456,0,0.060961,0
196602,6166,0,0.044391,0
109588,43920,0,0.016284,0
191988,24759,0,0.004427,0
182612,13733,0,0.042376,0
132836,47766,0,0.225276,0
56622,20738,0,0.161432,0
117767,9327,0,0.028044,0
108776,47209,0,0.006521,0
121982,39374,0,0.003859,0
52618,39877,0,0.055346,0
21045,3098,0,0.005843,0
109625,40571,1,0.104663,0
22316,35042,0,0.079057,0
125155,13176,0,0.032886,0
142986,21506,0,0.005544,0
5055,13914,0,0.02144,0
31234,17795,0,0.031269,0
113426,43903,0,0.187785,0
188679,2780,0,0.004587,0
106824,43154,0,0.016368,0
114667,40723,0,0.008455,0
164262,14992,0,0.002338,0
67012,38662,0,0.007114,0
191944,28199,0,0.009239,0
69402,40396,0,0.150716,0
177169,46642,0,0.042611,0
76950,39190,0,0.037858,0
205886,38739,0,0.014305,0
163843,3515,0,0.016427,0
139301,29960,0,0.008808,0
61128,37374,0,0.075869,0
97586,15599,0,0.008154,0
65495,8105,0,0.018371,0
41420,18923,0,0.072489,0
11156,34658,0,0.095428,0
111094,890,0,0.040777,0
148698,33147,0,0.015159,0
185127,24184,0,0.016173,0
62754,27966,0,0.272305,1
141765,43768,0,0.133583,0
102110,48679,0,0.003807,0
46257,22935,0,0.00857,0
129201,30233,0,0.436641,1
84943,5533,0,0.004454,0
145305,47626,0,0.376078,1
3244,8006,0,0.00383,0
131738,15630,0,0.070993,0
84351,27336,0,0.00864,0
39207,21616,0,0.14296,0
184627,39117,0,0.024942,0
183717,43967,0,0.329194,1
89511,8423,0,0.01347,0
22234,17592,0,0.022486,0
23168,30391,0,0.006842,0
68788,7999,0,0.003261,0
128026,37940,0,0.318359,1
197520,15528,0,0.016332,0
15767,47904,0,0.011876,0
181190,29650,0,0.015131,0
200821,27104,0,0.008253,0
47252,424,0,0.013634,0
42454,46979,0,0.075565,0
163395,14634,0,0.017386,0
203480,12035,0,0.137059,0
188295,25591,1,0.680182,1
117435,45007,0,0.039687,0
200404,43920,0,0.003516,0
173032,18599,0,0.02146,0
153694,21903,0,0.129111,0
47429,18534,0,0.098102,0
118705,26638,0,0.006333,0
95464,40063,0,0.030173,0
57621,22753,0,0.007033,0
30497,39216,0,0.058595,0
101954,38383,0,0.006572,0
107313,46572,0,0.009695,0
46218,4799,0,0.012165,0
61101,47439,0,0.09628,0
167652,28999,0,0.004398,0
174991,44310,0,0.033409,0
144840,19057,0,0.060547,0
183523,47873,0,0.010647,0
189391,17836,0,0.033719,0
161476,22115,0,0.015998,0
114921,6297,0,0.032206,0
188561,24320,0,0.004694,0
91995,25548,0,0.004044,0
29351,38051,0,0.003485,0
129824,25340,0,0.002532,0
130732,38200,0,0.019495,0
143558,19660,0,0.07796,0
132974,21137,0,0.031072,0
21705,41062,0,0.024346,0
62988,40571,0,0.061648,0
19328,4957,0,0.002842,0
161452,24235,0,0.016022,0
175033,14222,0,0.048667,0
23615,40141,0,0.017227,0
67441,22935,0,0.335784,1
32052,32190,0,0.019554,0
87552,12916,0,0.012302,0
191520,17352,0,0.003415,0
87629,1757,0,0.001406,0
163340,9076,0,0.040568,0
142863,23666,1,0.048592,0
127202,25926,0,0.147965,0
87804,45066,0,0.192315,0
147966,13176,0,0.596977,1
24141,5785,0,0.016797,0
197880,27086,1,0.557618,1
131718,28204,0,0.02572,0
27952,47626,0,0.023145,0
24720,9554,0,0.001756,0
185750,45737,0,0.001403,0
183242,35887,0,0.080745,0
80779,49174,0,0.022019,0
206079,17794,0,0.004393,0
91929,21513,0,0.010193,0
92451,21978,0,0.013079,0
45465,2441,1,0.089527,0
163295,28842,0,0.016159,0
194126,12831,0,0.070525,0
49987,8048,0,0.075757,0
74027,4932,0,0.030811,0
143995,37070,0,0.010699,0
53267,32989,0,0.01431,0
129759,46820,0,0.018979,0
50352,43712,0,0.006999,0
130955,19046,0,0.041217,0
34823,27104,0,0.164582,0
115834,35749,0,0.056259,0
90911,2102,0,0.00313,0
58946,41357,0,0.05589,0
205095,16262,0,0.020233,0
57621,21367,0,0.041935,0
108580,39984,0,0.240531,1
21189,8277,0,0.033467,0
83420,4562,0,0.051763,0
190402,39812,0,0.069998,0
199733,33401,0,0.011445,0
31226,7781,0,0.01885,0
124341,5067,0,0.021204,0
110573,41259,0,0.09808,0
65549,17795,0,0.003919,0
173850,12466,0,0.008912,0
122723,8467,0,0.461224,1
52705,26238,0,0.015668,0
192827,40062,0,0.236953,1
102349,11512,0,0.270997,1
171274,23645,0,0.007804,0
11250,20327,0,0.064551,0
159645,34126,0,0.00375,0
12130,5785,0,0.009835,0
170682,42736,0,0.06772,0
171181,8277,0,0.008702,0
183259,26021,0,0.273289,1
62669,49655,0,0.050506,0
109942,25043,0,0.014066,0
108250,7150,0,0.01783,0
139495,19048,0,0.001875,0
190400,49615,1,0.23129,1
117440,6909,0,0.004969,0
8677,23383,0,0.052103,0
63517,15261,0,0.062586,0
42500,26620,0,0.112511,0
156600,13913,0,0.034126,0
205448,8615,0,0.039441,0
103484,47766,0,0.488464,1
48786,26940,0,0.041587,0
143013,24535,0,0.030574,0
203504,6287,0,0.010218,0
37059,15405,0,0.042766,0
102199,17259,0,0.002383,0
180909,47144,0,0.010765,0
5706,8121,0,0.019838,0
71546,24852,0,0.450456,1
41998,24489,0,0.218379,0
144517,15537,0,0.117462,0
37357,30480,1,0.051936,0
16464,28092,0,0.008386,0
153834,3990,0,0.085394,0
69583,17871,0,0.04901,0
103009,28289,0,0.004427,0
4192,30450,0,0.011652,0
120890,28597,0,0.025819,0
52888,24964,0,0.066829,0
200337,13654,0,0.021669,0
129209,34012,0,0.222841,0
197551,27247,0,0.006013,0
61652,19701,0,0.031828,0
7275,40199,0,0.023413,0
97461,10441,0,0.371168,1
14969,5606,0,0.004383,0
204106,10482,0,0.064876,0
68121,5184,0,0.00408,0
130098,28902,0,0.006898,0
40527,42736,0,0.038563,0
164322,33037,0,0.066418,0
28591,9324,0,0.006749,0
59826,39721,0,0.152361,0
199304,22963,0,0.017613,0
200439,44310,0,0.02881,0
78065,3213,0,0.011631,0
146769,29223,0,0.002708,0
73994,5077,0,0.121815,0
147022,34489,0,0.426486,1
103217,10246,0,0.014065,0
200167,49683,1,0.131769,0
204099,49615,0,0.008985,0
92880,10185,0,0.003676,0
123586,5456,0,0.010979,0
129106,44880,0,0.011154,0
56308,22037,0,0.003821,0
170086,46962,0,0.031505,0
169124,47877,1,0.201866,0
185812,27695,0,0.016844,0
145624,28986,0,0.027614,0
47737,47672,0,0.006653,0
56262,21863,0,0.018783,0
168864,16823,0,0.011145,0
132528,17830,0,0.00686,0
189283,13198,0,0.017435,0
119985,2562,0,0.060011,0
142804,45007,0,0.14678,0
50121,14715,0,0.035788,0
89980,8230,0,0.010006,0
148607,38200,0,0.031487,0
172058,26882,0,0.012461,0
83524,47193,0,0.003798,0
18120,28199,0,0.060476,0
4007,13176,0,0.015573,0
97773,47144,0,0.020635,0
78733,33290,0,0.018353,0
144034,48364,0,0.009733,0
70278,47803,0,0.033554,0
63226,46616,0,0.008415,0
53222,43789,0,0.007529,0
141748,8519,0,0.015564,0
189373,43713,0,0.005828,0
72868,44008,0,0.03442,0
183818,5841,0,0.059586,0
192358,33819,0,0.101869,0
127478,45279,0,0.011494,0
95455,49072,0,0.004732,0
139877,37011,0,0.008559,0
80428,32156,0,0.001809,0
2420,6889,0,0.015911,0
22169,28798,0,0.005325,0
72194,10831,0,0.009437,0
119095,25197,0,0.210569,0
114654,2825,0,0.014526,0
46347,28934,0,0.056932,0
116558,31573,0,0.029947,0
51811,18023,0,0.056515,0
139415,9138,0,0.008125,0
15389,12481,0,0.060865,0
146974,47029,0,0.015072,0
99767,1543,0,0.003829,0
25974,6991,0,0.045883,0
145213,44910,0,0.001743,0
47727,196,0,0.03063,0
49230,35221,0,0.036349,0
15441,29307,0,0.00814,0
37881,35217,0,0.004051,0
20887,5449,0,0.004123,0
193216,27429,0,0.016608,0
102790,7762,0,0.067315,0
53307,37739,0,0.005547,0
58368,3988,0,0.009575,0
86745,37710,0,0.118122,0
62450,13176,1,0.23232,1
127390,28465,0,0.086903,0
35155,36848,0,0.162984,0
157314,40436,0,0.107426,0
116750,25659,0,0.007441,0
180550,21405,0,0.139791,0
131702,24524,0,0.061493,0
154814,12811,0,0.257381,1
114229,41865,0,0.008428,0
171540,39993,0,0.039217,0
34630,13176,1,0.366991,1
54549,26250,0,0.065534,0
137331,26209,0,0.29721,1
157590,30192,0,0.042784,0
104659,1025,0,0.03405,0
14321,32655,0,0.027496,0
83652,26497,0,0.047296,0
36605,34969,0,0.021809,0
131946,24489,0,0.003577,0
194395,8239,0,0.011409,0
105659,29363,0,0.158367,0
158420,13870,0,0.013642,0
23808,22425,0,0.016755,0
186227,17725,0,0.003845,0
124187,42315,0,0.049242,0
106527,13083,0,0.043605,0
75584,41588,0,0.002521,0
30382,38266,0,0.03109,0
13681,2780,0,0.007353,0
2921,11773,0,0.004895,0
171216,32256,0,0.033542,0
199833,37011,0,0.05202,0
57354,1214,0,0.00137,0
25632,6489,0,0.015185,0
177927,12481,0,0.019814,0
89905,31506,0,0.013659,0
46485,25544,0,0.101592,0
100205,35132,0,0.009094,0
110617,42637,0,0.01961,0
124840,23985,1,0.028475,0
82945,39812,0,0.00941,0
152540,27292,0,0.060845,0
64433,30489,0,0.011811,0
201990,16953,0,0.022612,0
189920,48933,0,0.036693,0
35529,3546,0,0.007343,0
150789,14332,0,0.001326,0
41205,4428,0,0.001588,0
9158,49215,0,0.003371,0
149417,46820,0,0.011909,0
159488,35167,0,0.002604,0
202050,44683,0,0.062799,0
171661,47503,1,0.021386,0
108583,43961,0,0.156618,0
166115,42969,0,0.024531,0
98664,12115,0,0.034791,0
167584,21850,0,0.039596,0
43718,46802,0,0.109682,0
54283,44449,0,0.012273,0
70009,20015,1,0.167132,0
119467,19376,0,0.0445,0
141331,46802,0,0.008606,0
30599,47366,0,0.014141,0
34763,46900,0,0.018185,0
110089,19938,0,0.014975,0
108924,45453,0,0.015807,0
148256,27012,0,0.015954,0
80057,1439,0,0.003006,0
184636,49247,0,0.035742,0
159240,25825,0,0.071093,0
148161,28248,0,0.048552,0
68743,2635,0,0.005183,0
117684,2864,0,0.040484,0
56199,48812,1,0.273753,1
191314,16797,0,0.024898,0
77361,41950,0,0.104549,0
133737,24964,0,0.171843,0
34606,8594,0,0.018373,0
164904,32585,0,0.002694,0
189293,30214,0,0.13793,0
29444,41213,0,0.012145,0
22255,7325,0,0.011042,0
150269,47209,0,0.051131,0
55229,46820,0,0.016567,0
96038,47042,0,0.01665,0
35169,3020,0,0.003184,0
40907,21137,0,0.099303,0
35180,38920,0,0.004413,0
73364,46473,0,0.001868,0
108052,2770,1,0.464952,1
42786,34126,0,0.058148,0
82865,10172,0,0.043332,0
163399,33352,0,0.012136,0
149287,26620,0,0.029628,0
122781,41290,0,0.002412,0
112943,2974,0,0.035694,0
48097,24197,0,0.028784,0
31956,20976,0,0.104117,0
93308,4461,0,0.01627,0
14779,23888,0,0.0039,0
198175,38596,0,0.005441,0
112628,9076,0,0.039695,0
44106,18489,0,0.011251,0
126159,21903,0,0.024977,0
130561,13198,0,0.005485,0
38828,5876,0,0.035201,0
154884,36899,0,0.006389,0
83028,16754,0,0.003619,0
94437,46990,0,0.011124,0
128089,33206,0,0.050485,0
7371,45066,0,0.014477,0
197668,13176,0,0.103495,0
79231,37425,1,0.613458,1
199884,37766,0,0.049995,0
173042,48523,1,0.104021,0
73470,45134,0,0.00159,0
119887,32153,0,0.03205,0
141328,14723,0,0.055067,0
23949,2295,0,0.009954,0
146643,35547,0,0.117315,0
76243,10749,0,0.101519,0
111163,15269,0,0.003519,0
42718,34036,0,0.004265,0
114301,25576,0,0.023096,0
15286,10199,0,0.012584,0
113410,3798,0,0.065871,0
128275,13984,0,0.037918,0
64319,28985,0,0.444349,1
168879,13269,0,0.004797,0
39111,46802,0,0.280468,1
139561,8744,0,0.004181,0
51747,13977,0,0.041315,0
38885,20995,0,0.007675,0
82950,23763,0,0.008844,0
23997,32655,0,0.017424,0
4892,42404,0,0.004473,0
121090,19003,0,0.001423,0
202983,12872,0,0.011998,0
167507,29830,0,0.007892,0
197683,30011,0,0.004903,0
49002,26486,0,0.03969,0
70443,48808,0,0.008281,0
83885,196,0,0.218248,0
19594,47209,0,0.091374,0
192761,23181,0,0.012032,0
146796,24489,0,0.030285,0
151737,16223,0,0.016533,0
182560,7379,0,0.105343,0
128169,36183,0,0.021272,0
194432,47209,0,0.018873,0
3871,11408,0,0.033486,0
200152,6184,0,0.031754,0
83087,44501,0,0.024992,0
154621,23484,0,0.00372,0
204641,20323,0,0.009272,0
176030,1559,0,0.019278,0
116544,24799,0,0.160322,0
11161,49478,0,0.007474,0
37897,24964,0,0.030486,0
160317,40592,0,0.014131,0
40132,34584,0,0.027127,0
50131,31506,0,0.013047,0
125440,41220,0,0.298745,1
144504,41950,0,0.005209,0
199115,42500,0,0.068566,0
29113,47357,0,0.004932,0
152694,28745,0,0.032203,0
64047,13535,0,0.016313,0
160284,12276,0,0.007257,0
19984,48501,0,0.050315,0
33388,32864,0,0.015135,0
133018,3562,0,0.041892,0
200312,31506,0,0.056271,0
124220,26915,0,0.008944,0
185742,47229,0,0.037972,0
104694,5615,0,0.008896,0
130481,12144,0,0.009034,0
1025,43713,0,0.086889,0
123165,14283,0,0.006302,0
7027,17706,0,0.182095,0
106285,10603,0,0.003025,0
118380,44359,0,0.144149,0
15379,20114,1,0.483349,1
63159,6121,0,0.009005,0
71198,1158,0,0.104684,0
132594,5250,0,0.035682,0
6122,37940,0,0.009963,0
166191,37646,0,0.005416,0
162475,16363,0,0.035332,0
60169,43961,0,0.008663,0
33617,13627,0,0.080337,0
109960,26940,0,0.006518,0
113697,23822,0,0.035795,0
3485,30489,0,0.050127,0
4460,15683,0,0.028048,0
128446,7120,0,0.007921,0
41998,7485,0,0.035723,0
62825,11643,0,0.042733,0
101893,37687,0,0.01043,0
132520,13870,0,0.181534,0
4663,14477,0,0.009578,0
27942,5502,0,0.056887,0
61583,11068,1,0.184909,0
198801,7628,0,0.004329,0
191989,27243,0,0.006811,0
117393,1710,0,0.285923,1
64047,31766,0,0.028096,0
172714,15751,0,0.037332,0
146563,24697,0,0.003422,0
201533,2120,1,0.12588,0
107549,13646,0,0.012609,0
118651,46562,0,0.008492,0
119400,5708,0,0.119854,0
55017,38236,0,0.003669,0
64778,37067,0,0.022076,0
68322,31423,0,0.01225,0
193659,7358,0,0.002359,0
69784,27086,0,0.014131,0
203270,48679,0,0.006037,0
138214,48795,0,0.077252,0
127673,37158,0,0.021044,0
21936,34974,0,0.004321,0
104825,429,0,0.013704,0
152350,47209,0,0.018038,0
150232,16589,1,0.070981,0
161629,34358,1,0.173535,0
33466,42441,0,0.008951,0
38696,22935,0,0.033582,0
67959,31040,0,0.004478,0
60425,42768,1,0.253665,1
189232,5787,0,0.004619,0
65452,17313,0,0.011621,0
197317,13798,0,0.059528,0
21611,10054,0,0.058135,0
29200,2823,0,0.146527,0
89520,14159,0,0.005322,0
142396,29855,0,0.020678,0
84586,47192,0,0.043901,0
25985,26648,0,0.071082,0
107981,25196,0,0.023419,0
156460,44359,0,0.104252,0
185579,15541,0,0.003901,0
168015,16521,0,0.057741,0
35023,30326,0,0.080804,0
22653,37330,0,0.012473,0
4930,37374,0,0.012683,0
150995,44771,0,0.03538,0
8290,1463,0,0.017685,0
201630,44987,0,0.004338,0
181218,44328,1,0.200225,0
7665,41690,0,0.011792,0
52359,29077,0,0.002348,0
203126,4304,0,0.004506,0
170099,46239,0,0.006613,0
9748,49175,0,0.018916,0
194290,44514,0,0.023148,0
195115,48176,0,0.036859,0
154438,8542,0,0.029855,0
190600,24954,1,0.329516,1
80642,10957,0,0.027612,0
114537,14233,0,0.064101,0
147174,28493,0,0.045111,0
107992,13083,0,0.10294,0
16309,49235,0,0.161108,0
205034,8518,0,0.096101,0
151081,47672,0,0.046839,0
20498,21334,0,0.139065,0
68755,46676,0,0.006148,0
145163,260,0,0.020123,0
147244,38049,0,0.018659,0
153976,17572,1,0.279357,1
77275,22124,0,0.369891,1
83427,3645,0,0.053339,0
95565,19226,0,0.01398,0
40574,19048,0,0.001683,0
84555,32211,0,0.078253,0
23650,21903,1,0.1254,0
14153,39411,0,0.030005,0
186696,38273,0,0.032741,0
68737,48679,0,0.014674,0
134540,18441,0,0.022686,0
181920,7700,0,0.007747,0
105355,42834,0,0.11579,0
74908,47717,0,0.170621,0
170131,42265,0,0.005955,0
188777,26201,0,0.209375,0
128387,35669,0,0.027295,0
109504,9366,0,0.011165,0
63026,47717,0,0.006418,0
185791,47967,0,0.03127,0
6291,4045,0,0.045428,0
52870,8174,0,0.029887,0
192545,9431,0,0.005622,0
199299,5120,0,0.394484,1
73182,18140,0,0.047361,0
189770,34195,0,0.04173,0
22914,34969,0,0.014598,0
39254,37449,0,0.019958,0
138721,49235,0,0.085088,0
155098,32909,0,0.140993,0
70297,45946,1,0.183298,0
168164,35948,1,0.227414,0
129880,5535,0,0.028253,0
34020,15630,0,0.040561,0
171761,30489,1,0.100247,0
178817,3217,0,0.005908,0
30005,3951,0,0.109774,0
140742,45761,0,0.032454,0
197827,38455,0,0.008722,0
80057,34380,0,0.005894,0
40045,4350,0,0.052835,0
99934,18370,0,0.063956,0
44024,34829,0,0.037158,0
199213,30567,0,0.007984,0
182587,32177,0,0.140548,0
146173,3957,0,0.00803,0
129454,43483,0,0.213873,0
5301,29312,0,0.273854,1
171353,30561,0,0.016834,0
198183,24852,0,0.428912,1
162463,4920,0,0.019678,0
125346,43352,1,0.363927,1
191133,47209,0,0.029177,0
126993,5449,0,0.032779,0
89298,20900,0,0.042746,0
185941,40778,0,0.003831,0
147745,177,0,0.021273,0
104263,37646,0,0.01544,0
42941,15297,0,0.724522,1
132456,45200,0,0.308333,1
136084,32939,0,0.009599,0
199765,16454,0,0.030146,0
182342,9397,0,0.286196,1
73698,46106,0,0.1902,0
101465,36086,0,0.026923,0
82516,38164,0,0.007729,0
61749,196,1,0.119286,0
86131,1022,0,0.003486,0
66431,47766,0,0.103249,0
147970,45954,0,0.018247,0
89989,14333,0,0.002167,0
93077,31506,0,0.05748,0
42341,43908,0,0.196622,0
20797,26209,1,0.126687,0
199064,18168,0,0.040632,0
24720,37646,0,0.014926,0
61178,6104,0,0.096053,0
70692,35221,0,0.297075,1
59182,42768,0,0.003281,0
171854,45064,1,0.393534,1
96098,26638,0,0.003265,0
13533,24730,0,0.014572,0
98755,14678,0,0.043403,0
33926,12099,0,0.012197,0
181866,3599,0,0.015775,0
102312,44359,0,0.00905,0
127653,20549,0,0.032885,0
47429,37004,0,0.162582,0
135091,283,0,0.169709,0
105039,27845,1,0.207921,0
54549,20244,0,0.045394,0
99705,25903,0,0.00419,0
177274,34552,0,0.02856,0
109861,34551,0,0.012685,0
40210,26882,0,0.178299,0
111811,6187,0,0.013517,0
171020,1359,0,0.024277,0
116921,34040,0,0.008284,0
193514,46359,0,0.020679,0
109472,10241,0,0.033832,0
69667,15100,0,0.004166,0
43352,32691,0,0.029774,0
20064,2846,0,0.180277,0
164723,23630,0,0.144107,0
180208,48614,0,0.159394,0
99285,32622,0,0.057599,0
46374,48183,0,0.015145,0
155551,24838,0,0.051266,0
141844,26604,0,0.004565,0
109661,31553,0,0.013966,0
72013,30192,0,0.016419,0
169198,20114,0,0.068047,0
97228,21295,0,0.090178,0
135466,7021,0,0.087798,0
99229,21010,0,0.011641,0
81062,45954,0,0.112343,0
34124,39963,0,0.021034,0
103401,47877,0,0.019364,0
36369,2350,0,0.014369,0
26475,5077,0,0.118029,0
58962,39910,0,0.01296,0
161849,1449,0,0.03772,0
137410,26497,0,0.188374,0
69966,31477,0,0.04945,0
131478,43136,0,0.080371,0
68444,27665,0,0.014702,0
123340,31528,0,0.018359,0
145401,25584,0,0.017477,0
54662,11182,0,0.015996,0
26031,35886,0,0.024337,0
68788,15703,0,0.003524,0
100737,27881,0,0.022765,0
163166,39275,0,0.063571,0
134166,14947,0,0.031647,0
181052,32315,0,0.07336,0
87366,39275,0,0.025408,0
136322,2846,0,0.004348,0
109709,18370,0,0.082732,0
41906,33043,0,0.044039,0
205784,37328,0,0.003442,0
134020,16185,0,0.012922,0
13989,48364,0,0.013521,0
131903,46802,0,0.01094,0
40035,25659,0,0.064411,0
201987,2426,0,0.011196,0
110103,25525,0,0.005316,0
205617,42240,0,0.009214,0
93266,24291,0,0.005756,0
60816,19340,0,0.008158,0
174318,30583,0,0.004003,0
150393,37215,0,0.008776,0
33504,6473,0,0.047796,0
166467,38273,1,0.04836,0
36781,46257,0,0.010434,0
141628,20865,0,0.024624,0
192427,22654,0,0.004398,0
151160,45066,0,0.019948,0
157416,11046,0,0.003974,0
22429,33000,1,0.110798,0
156860,36144,0,0.019005,0
198885,42585,0,0.008621,0
150879,33198,0,0.147628,0
172197,4163,0,0.020034,0
203844,11777,0,0.018962,0
43724,12254,0,0.001337,0
182359,12986,0,0.018949,0
107217,34584,0,0.139348,0
137048,18670,0,0.016575,0
201787,21009,0,0.011352,0
155469,35430,0,0.008468,0
205273,37687,0,0.198162,0
165858,46654,0,0.004437,0
8615,49098,0,0.006543,0
112216,329,0,0.016546,0
149437,9883,0,0.036969,0
6895,34981,0,0.005242,0
87489,25146,0,0.039048,0
1094,9598,0,0.071741,0
163395,27344,0,0.283245,1
143992,5876,0,0.026822,0
6281,26940,0,0.015339,0
146511,12381,0,0.014336,0
15586,13702,0,0.017559,0
107376,31453,0,0.061244,0
55160,3873,0,0.030449,0
195877,37696,0,0.001309,0
27952,24834,0,0.001317,0
101706,22935,0,0.034159,0
135296,44116,0,0.005043,0
125586,21903,0,0.188679,0
190007,18023,0,0.102439,0
19958,17224,0,0.008565,0
180980,5649,0,0.015819,0
139381,46906,0,0.113619,0
118742,79,0,0.124503,0
115904,14161,0,0.054972,0
60397,18232,0,0.145509,0
199550,30795,1,0.562594,1
57829,35266,0,0.002682,0
92044,49101,0,0.01855,0
10344,33401,0,0.002716,0
132939,35336,0,0.018464,0
34794,23622,0,0.002786,0
118077,45007,0,0.171628,0
157894,47672,0,0.085849,0
140301,21137,0,0.025047,0
190694,6046,0,0.035513,0
40235,2799,0,0.004229,0
168288,7401,0,0.039262,0
91405,47144,0,0.050657,0
77119,5479,0,0.050182,0
190387,24852,0,0.033726,0
26610,48762,0,0.010847,0
148396,9387,0,0.055568,0
20017,27407,0,0.019035,0
184850,32465,0,0.084183,0
116212,46045,0,0.010978,0
85908,13212,0,0.002388,0
34635,49235,0,0.070003,0
154086,5456,0,0.005029,0
130543,1446,0,0.001148,0
92196,47877,0,0.015708,0
138072,28849,0,0.052655,0
195992,449,0,0.005083,0
14397,22089,0,0.004613,0
173481,27759,0,0.011088,0
21773,10758,0,0.065169,0
22130,4920,0,0.016143,0
94252,28427,0,0.016338,0
72089,2593,0,0.004241,0
194614,34940,0,0.009981,0
92747,38896,0,0.064413,0
91377,7559,0,0.021882,0
157899,17795,0,0.125426,0
182899,5022,0,0.058868,0
151994,41602,0,0.019173,0
149717,33990,0,0.002163,0
23099,40310,1,0.189218,0
1137,7195,0,0.010085,0
59721,19949,0,0.03091,0
93325,49621,0,0.02204,0
86040,39877,0,0.058949,0
61253,49383,0,0.010942,0
157357,36848,0,0.01556,0
15433,23644,0,0.040751,0
135019,17553,0,0.015035,0
105935,30776,0,0.180396,0
136029,25985,0,0.013316,0
143992,47766,0,0.033806,0
205905,22175,0,0.035861,0
198004,16185,0,0.031737,0
48563,26683,0,0.008101,0
46708,9766,0,0.015166,0
59405,15976,1,0.110558,0
76154,8174,0,0.114124,0
86865,33127,0,0.01106,0
190075,38508,0,0.121236,0
68679,9047,0,0.001999,0
3549,24841,0,0.123458,0
75089,43772,0,0.022003,0
181383,47516,0,0.040221,0
130284,24768,0,0.001588,0
130362,38399,0,0.235466,1
59182,33401,0,0.003956,0
130651,25199,1,0.49936,1
187743,33569,0,0.034571,0
113115,41301,0,0.00428,0
122096,30391,0,0.007154,0
10638,7353,0,0.045499,0
54910,4392,0,0.011478,0
104311,20280,0,0.004291,0
81790,42768,0,0.023363,0
115518,19057,0,0.194755,0
24309,27104,0,0.039903,0
82834,22035,0,0.018116,0
65807,32537,0,0.001936,0
143274,32151,0,0.001526,0
173771,49383,1,0.085405,0
164648,24662,0,0.012982,0
75532,8424,0,0.200349,0
158690,42828,0,0.024613,0
115162,43394,0,0.096122,0
142794,33314,0,0.00758,0
113482,35163,0,0.061695,0
194426,8736,1,0.179958,0
153139,28601,0,0.118677,0
50026,36618,0,0.156245,0
7665,5134,0,0.042642,0
89175,1695,0,0.019861,0
111536,7008,0,0.089355,0
140925,24852,0,0.164005,0
78271,41787,0,0.17526,0
173117,39933,0,0.051235,0
95457,13176,1,0.440263,1
26785,25466,0,0.012501,0
149863,2131,0,0.015538,0
110573,39275,0,0.30993,1
121427,16759,0,0.058622,0
186303,39993,0,0.002586,0
136404,18171,0,0.002746,0
55504,18811,0,0.03062,0
135601,1711,0,0.068366,0
81170,2309,0,0.013587,0
150048,39699,0,0.003439,0
60261,49235,0,0.489672,1
69242,34069,0,0.248287,1
2410,28054,0,0.026589,0
70786,13966,0,0.010712,0
62103,17403,0,0.006629,0
16669,5769,0,0.001731,0
100389,6317,0,0.012728,0
77275,4429,0,0.246528,1
71164,29615,0,0.07511,0
97155,48095,0,0.367179,1
161703,4920,0,0.028979,0
107457,4920,0,0.145669,0
185961,4664,0,0.033409,0
201797,21137,0,0.026522,0
41517,45104,0,0.010188,0
144455,25340,0,0.201701,0
123147,21573,1,0.094718,0
134782,25659,0,0.018056,0
135984,48538,0,0.010377,0
183352,2350,0,0.006601,0
157611,8143,0,0.009049,0
5090,13176,0,0.524418,1
93370,16797,0,0.045945,0
6532,19046,0,0.001892,0
119874,31338,0,0.035508,0
139570,11046,0,0.004283,0
183782,16254,0,0.024514,0
44060,27104,0,0.042929,0
156314,45987,0,0.009385,0
28269,23819,1,0.124235,0
204039,18288,0,0.001247,0
199991,44631,1,0.174322,0
22637,27966,0,0.008178,0
195543,45,0,0.058672,0
6379,23060,0,0.10383,0
149068,43465,0,0.003246,0
57273,40332,0,0.01455,0
87863,22935,0,0.045374,0
203757,37542,0,0.024322,0
115684,28842,0,0.045522,0
184780,31372,0,0.006546,0
112441,14962,0,0.313052,1
155015,34479,0,0.069839,0
131072,32740,0,0.00739,0
36972,38275,0,0.17556,0
105999,44245,1,0.011329,0
44070,14715,0,0.025013,0
122343,43772,0,0.019433,0
72281,41437,0,0.048692,0
112703,36591,0,0.011132,0
135355,1063,0,0.015691,0
119507,27086,0,0.441709,1
179511,37825,0,0.011783,0
151986,31096,0,0.16365,0
63812,14199,0,0.032464,0
201741,39558,0,0.003897,0
96373,35561,0,0.003463,0
132103,3500,0,0.026148,0
27251,18239,0,0.030673,0
118295,36914,0,0.00161,0
138325,4799,0,0.017386,0
187151,37067,1,0.286333,1
166281,38557,0,0.014227,0
25471,41220,0,0.003189,0
68865,10514,0,0.017241,0
112154,8022,0,0.023663,0
131503,48423,0,0.004892,0
55189,5022,0,0.002421,0
190331,41249,0,0.003003,0
157670,26497,0,0.001899,0
99312,24217,0,0.369341,1
64055,22260,0,0.010849,0
83887,30489,0,0.02348,0
37142,44980,0,0.001597,0
57404,19019,0,0.046559,0
170924,37067,0,0.035856,0
203177,9390,0,0.003975,0
140514,7751,0,0.004684,0
20688,3847,0,0.012919,0
155137,2019,0,0.373244,1
198413,31020,0,0.011956,0
137410,21678,0,0.012422,0
198643,41787,0,0.173546,0
82433,18790,0,0.03685,0
144869,5456,0,0.014448,0
78165,15683,0,0.01565,0
152559,39877,0,0.018353,0
123960,37436,0,0.034056,0
159753,25930,0,0.00475,0
124974,9825,0,0.011011,0
189238,26800,0,0.011448,0
7774,41488,0,0.003556,0
40186,38945,0,0.010367,0
98999,42695,0,0.005115,0
54892,20607,0,0.031554,0
183274,49038,0,0.00228,0
184594,48697,0,0.031055,0
204911,31506,0,0.087914,0
50264,46829,0,0.008354,0
65495,27316,0,0.132028,0
61699,24231,0,0.019405,0
98081,7503,0,0.005972,0
94832,13984,0,0.027419,0
134078,10849,0,0.001993,0
5878,18598,0,0.033148,0
181115,21293,0,0.015619,0
57211,26751,0,0.017756,0
60077,36117,0,0.058516,0
36946,18598,0,0.033072,0
170282,25318,0,0.039005,0
93450,2326,1,0.29626,1
130651,1468,0,0.18515,0
25870,32,0,0.022037,0
170045,18632,0,0.008523,0
123307,9006,0,0.054467,0
37174,33768,0,0.038388,0
150133,47197,0,0.006047,0
166426,29529,0,0.029424,0
104181,29553,0,0.007868,0
72699,22312,0,0.001849,0
46877,25630,0,0.002843,0
108222,18960,0,0.002287,0
32105,40545,0,0.049363,0
35807,5912,1,0.010536,0
19080,46820,0,0.017432,0
91917,45819,0,0.00234,0
103864,15528,0,0.003899,0
64645,47223,0,0.002915,0
42685,28199,0,0.256571,1
54909,27117,0,0.018708,0
169409,16973,0,0.0349,0
8613,29658,0,0.005669,0
10786,2966,0,0.075438,0
74919,21026,0,0.02095,0
163261,9477,0,0.041764,0
160754,8413,0,0.007536,0
35599,16236,0,0.003077,0
190211,33746,0,0.010409,0
111651,17862,0,0.006907,0
139684,36707,0,0.016587,0
99542,8277,0,0.01382,0
203170,13310,0,0.014926,0
98868,17956,0,0.011494,0
24077,15386,0,0.021183,0
138897,14493,0,0.053972,0
30906,4920,0,0.004029,0
48854,9881,0,0.028142,0
27348,3713,0,0.030096,0
25871,5438,0,0.001398,0
18573,33351,0,0.010608,0
125394,31727,0,0.01245,0
129758,39275,0,0.136547,0
10770,25686,0,0.002368,0
166940,26604,1,0.067837,0
129541,47788,0,0.017608,0
93535,2164,0,0.023066,0
156105,44750,0,0.105032,0
34890,48628,0,0.014198,0
121090,17758,0,0.003014,0
19241,20887,0,0.00396,0
50940,49549,0,0.049137,0
8492,19658,0,0.170387,0
7826,42736,1,0.070679,0
95063,2581,0,0.003301,0
110363,28762,0,0.01672,0
45651,9743,0,0.030749,0
158528,34601,0,0.020832,0
184193,28985,0,0.118987,0
168272,19469,1,0.266366,1
121376,15392,0,0.076904,0
133046,28915,1,0.112949,0
76812,10017,0,0.016434,0
80302,32163,0,0.007598,0
32796,21839,0,0.057031,0
183516,25048,0,0.192516,0
131034,35004,0,0.005345,0
53895,28849,0,0.057766,0
191334,5933,0,0.001676,0
28440,14197,0,0.047268,0
38291,44471,0,0.016899,0
171338,15290,0,0.029874,0
6448,8141,0,0.024967,0
172755,2944,0,0.008,0
66032,38883,1,0.095095,0
31403,22794,0,0.026249,0
115302,5876,1,0.528341,1
134985,31529,0,0.022374,0
19472,18301,0,0.032001,0
95460,14951,0,0.006604,0
52676,17794,0,0.011328,0
34242,11576,0,0.030199,0
23023,39503,0,0.002067,0
14765,196,0,0.036359,0
113901,26030,0,0.216614,0
44328,42828,0,0.224107,0
174489,16254,0,0.00549,0
141227,6799,0,0.117374,0
83847,42211,0,0.008013,0
178905,13866,1,0.361526,1
73618,2432,0,0.00351,0
196729,39032,0,0.005666,0
190901,13176,0,0.171776,0
103314,18879,0,0.070127,0
203062,35921,0,0.005803,0
40840,39475,1,0.523438,1
114107,4721,0,0.004541,0
172978,8803,0,0.233276,1
3794,7600,0,0.033614,0
19758,22935,0,0.02283,0
198465,36198,0,0.150401,0
45247,24964,1,0.385964,1
154677,41809,0,0.08427,0
156332,31041,0,0.077445,0
104721,10246,0,0.098105,0
127247,49481,0,0.029055,0
135569,20327,0,0.03049,0
35201,44632,0,0.030307,0
159847,17568,0,0.00352,0
53030,43643,0,0.022172,0
37142,36316,0,0.014975,0
58613,22275,0,0.018097,0
36549,47141,0,0.056374,0
70400,34969,0,0.019627,0
168599,33731,0,0.074565,0
133283,44912,0,0.03191,0
52694,3678,0,0.016925,0
184373,34160,1,0.186536,0
55576,49670,0,0.002354,0
102117,34722,0,0.007456,0
130683,19057,0,0.284617,1
87823,42014,0,0.014594,0
200128,31778,0,0.04823,0
8925,46720,0,0.036215,0
50198,8424,0,0.502393,1
968,26209,0,0.011343,0
180476,21405,0,0.041573,0
120890,28985,0,0.149224,0
59709,22035,0,0.026091,0
142590,36976,0,0.020962,0
121323,8174,0,0.008821,0
46450,43867,0,0.004812,0
178640,33558,0,0.037686,0
67101,1511,0,0.009815,0
36465,43659,0,0.019573,0
8891,42073,1,0.170337,0
201229,11452,0,0.003972,0
135059,5449,0,0.061538,0
138190,43765,0,0.099436,0
145250,36361,0,0.016843,0
193939,44683,0,0.003066,0
165289,36397,0,0.020309,0
137628,20114,0,0.157421,0
150695,21405,0,0.006323,0
78974,33716,1,0.30798,1
148607,21137,0,0.38899,1
201943,47144,0,0.053287,0
177779,7021,0,0.035067,0
56886,33043,0,0.108449,0
54912,15662,0,0.001459,0
189624,5011,0,0.045311,0
111999,26856,0,0.05161,0
154581,26604,0,0.019379,0
205745,38383,0,0.023007,0
135407,48118,0,0.004869,0
36000,11662,0,0.035915,0
103742,18201,0,0.00673,0
180937,5991,0,0.003972,0
38696,21810,0,0.003574,0
146862,20152,0,0.043002,0
137495,14531,0,0.025971,0
165837,20379,0,0.078887,0
33983,41036,0,0.031539,0
69999,47766,1,0.129421,0
186995,47890,0,0.004531,0
15521,20632,0,0.00156,0
168535,14488,0,0.070249,0
99601,5456,0,0.032042,0
125768,25653,0,0.179752,0
69173,39436,0,0.020646,0
98863,22275,0,0.020109,0
130375,24654,0,0.007908,0
59702,44021,0,0.268812,1
120552,26723,0,0.008466,0
155816,24629,0,0.193805,0
190561,13431,0,0.054194,0
69970,26410,0,0.124472,0
132417,7963,0,0.013013,0
153053,28204,0,0.015765,0
82573,28115,0,0.075699,0
196441,28199,0,0.015625,0
180703,11182,0,0.02244,0
44463,36472,0,0.085051,0
105805,22124,0,0.28761,1
50981,11265,0,0.037078,0
164580,23915,1,0.02108,0
12835,39993,0,0.008265,0
47727,8451,0,0.01713,0
168213,8518,0,0.088727,0
125721,48109,0,0.001898,0
19129,4518,0,0.005622,0
168979,24497,0,0.069135,0
72699,36772,0,0.010006,0
60698,42253,0,0.019421,0
102034,9076,0,0.335995,1
166693,8758,0,0.00186,0
101012,8277,0,0.102584,0
138649,16304,0,0.039223,0
61770,17530,0,0.009435,0
9384,24852,1,0.599747,1
85767,8277,0,0.013675,0
59635,24964,0,0.14143,0
6895,20015,0,0.021457,0
86767,29553,0,0.007683,0
147285,49683,0,0.058716,0
149433,6218,0,0.011553,0
113591,43768,0,0.02802,0
205877,44245,0,0.001474,0
98844,16254,0,0.010371,0
172031,9681,1,0.215391,0
149863,16826,0,0.027685,0
19890,28156,0,0.051892,0
38305,42931,0,0.034624,0
79396,46667,0,0.024078,0
31773,49175,0,0.003298,0
52830,41787,0,0.045821,0
179086,37055,0,0.009445,0
5856,25138,0,0.140905,0
132584,39190,0,0.342299,1
191916,31343,0,0.011012,0
3219,12157,0,0.06023,0
95953,38180,0,0.017961,0
93612,3122,0,0.007537,0
121858,14462,0,0.018595,0
163993,17668,0,0.013965,0
124335,47626,0,0.019835,0
105726,25272,0,0.012329,0
186218,27156,0,0.025326,0
116943,27407,0,0.028337,0
100477,22935,0,0.008563,0
7310,47209,0,0.226,0
117923,19057,0,0.229915,0
142643,16478,0,0.201367,0
36691,38400,0,0.007686,0
69312,41220,0,0.100741,0
2940,881,0,0.0497,0
60740,12872,0,0.078117,0
63725,42364,0,0.006858,0
93517,43768,0,0.009965,0
112061,32369,0,0.027234,0
161515,22890,0,0.011107,0
203544,14650,0,0.009641,0
81835,3376,0,0.010336,0
112910,39534,0,0.157052,0
68505,13176,0,0.332592,1
177936,22620,0,0.01126,0
177706,23909,0,0.069168,0
101713,42265,0,0.070622,0
194117,42265,0,0.015149,0
158226,12917,0,0.020094,0
88572,33219,1,0.055196,0
39707,47866,0,0.026268,0
147206,47492,0,0.007861,0
47859,20114,0,0.037781,0
27896,21162,0,0.003767,0
51542,27370,0,0.02497,0
48334,30873,0,0.012798,0
95695,27156,0,0.197819,0
84669,47144,0,0.16254,0
77230,28226,0,0.071169,0
51778,31805,0,0.020025,0
194026,14992,1,0.013561,0
161951,10673,0,0.038867,0
155725,6532,0,0.240308,1
40275,36431,0,0.041385,0
112674,42030,0,0.002763,0
194412,12914,1,0.044461,0
166534,42731,0,0.002021,0
185630,42912,0,0.006053,0
165220,43889,0,0.005576,0
33641,48762,0,0.047851,0
198993,9337,0,0.00583,0
174013,493,0,0.006225,0
127959,9694,0,0.025905,0
20707,15618,0,0.024008,0
160325,17550,1,0.077462,0
152536,5258,1,0.215246,0
52089,39512,0,0.001741,0
81603,37947,0,0.022536,0
13670,26634,0,0.066876,0
70904,2699,0,0.030598,0
160762,4472,0,0.015191,0
148585,8053,0,0.040662,0
160860,32828,0,0.022302,0
89427,42450,0,0.068918,0
112239,21883,0,0.01959,0
187219,31717,1,0.039532,0
152121,20169,0,0.005015,0
69712,7563,0,0.009016,0
24587,8105,0,0.037479,0
10429,6873,0,0.007596,0
7205,33540,0,0.008301,0
107629,17122,0,0.003026,0
119148,22963,0,0.030204,0
142485,8230,0,0.016205,0
143255,16617,0,0.004965,0
7401,24955,0,0.004707,0
134612,45603,1,0.625908,1
60672,22935,1,0.118458,0
150919,14861,0,0.071231,0
37795,37489,0,0.003511,0
13330,13841,0,0.005074,0
96766,42110,0,0.091616,0
184142,37646,0,0.013882,0
125901,9092,0,0.045264,0
124436,37067,0,0.060885,0
132863,28836,0,0.007694,0
1490,19421,0,0.034756,0
160936,39275,0,0.031206,0
134209,35561,0,0.016178,0
60683,44389,0,0.467034,1
59698,19713,0,0.011758,0
172353,7181,0,0.002171,0
106994,4367,0,0.048026,0
144542,47893,0,0.005207,0
60946,13176,1,0.232411,1
150225,26032,0,0.018349,0
39727,39272,0,0.002782,0
65092,8016,0,0.005473,0
55215,47626,0,0.068323,0
74654,32585,0,0.040606,0
105437,40723,1,0.154656,0
192675,23726,0,0.032028,0
53525,16797,1,0.033684,0
134601,34220,0,0.042208,0
173301,46842,0,0.020568,0
194576,40593,0,0.006975,0
140014,262,0,0.003937,0
181920,32463,0,0.002778,0
130747,47626,0,0.22226,0
52332,6593,0,0.002813,0
54337,15937,0,0.041451,0
8656,41874,0,0.001374,0
83369,44107,0,0.01852,0
32508,2979,0,0.007998,0
92022,44779,0,0.189127,0
107580,1117,0,0.002316,0
134218,16994,0,0.045277,0
68888,4210,0,0.153826,0
117009,22935,0,0.020058,0
176660,14366,0,0.027813,0
24404,42265,0,0.045098,0
35023,4559,0,0.039192,0
141592,16363,0,0.007871,0
66713,31869,0,0.00989,0
10252,17794,0,0.016196,0
186585,21938,0,0.071246,0
5287,38456,0,0.007623,0
152074,36082,0,0.01079,0
17872,31343,0,0.002576,0
150021,5769,0,0.013398,0
55367,29675,0,0.01719,0
52519,28842,0,0.010938,0
136998,19508,0,0.001664,0
101321,148,0,0.03036,0
167730,4421,0,0.007012,0
122883,24507,0,0.001602,0
12115,13672,0,0.001303,0
34027,5818,0,0.012564,0
129285,32578,0,0.01712,0
46902,37357,1,0.223182,0
191428,38419,0,0.033928,0
178236,36550,0,0.01327,0
171616,11987,0,0.044205,0
124012,14792,0,0.002123,0
92252,5098,0,0.035015,0
146403,48946,0,0.021367,0
158866,31506,0,0.091824,0
14333,22825,1,0.0187,0
164453,46434,0,0.011648,0
89120,24713,0,0.086816,0
38607,22959,0,0.131692,0
108979,49131,1,0.058261,0
11729,9438,0,0.591369,1
58919,34126,0,0.033884,0
481,34584,0,0.10257,0
171673,21137,0,0.005165,0
103732,41277,0,0.009091,0
161379,15647,0,0.001415,0
102459,10006,0,0.004617,0
809,16262,0,0.022246,0
191916,3298,0,0.00935,0
126056,44116,0,0.018741,0
52008,34581,0,0.009964,0
129127,32197,0,0.002318,0
5091,43182,1,0.113245,0
31164,46812,0,0.068899,0
86100,42075,0,0.011879,0
204106,13380,0,0.039515,0
153351,5373,0,0.006331,0
192707,17429,0,0.140636,0
5557,21137,0,0.231716,1
85736,48745,0,0.072489,0
67654,46357,0,0.004402,0
129181,21476,0,0.104561,0
148666,2589,0,0.001402,0
144023,32734,0,0.099705,0
42550,16793,0,0.034055,0
7474,39046,0,0.155283,0
177427,3192,0,0.004356,0
16579,11984,0,0.011211,0
50131,9387,0,0.010754,0
157248,47962,0,0.004926,0
102349,32648,0,0.634924,1
30808,14992,0,0.020871,0
121202,17872,0,0.069572,0
188440,33731,0,0.008843,0
184080,32177,0,0.031215,0
127622,2433,0,0.189107,0
63538,35108,0,0.019341,0
154372,20119,0,0.715917,1
123807,35842,0,0.002423,0
70212,7200,0,0.065248,0
118083,26036,0,0.033127,0
163707,4294,0,0.009642,0
47727,4338,0,0.021318,0
89713,24816,0,0.010682,0
182469,27086,0,0.018672,0
64550,31553,0,0.013765,0
130852,38028,0,0.017815,0
164404,47182,0,0.030964,0
139948,43070,0,0.043576,0
36712,21616,0,0.073341,0
162762,31371,1,0.5596,1
63755,605,0,0.045889,0
181981,46807,0,0.001826,0
75815,42669,0,0.020561,0
154926,19173,0,0.054378,0
9785,36550,0,0.061171,0
25679,18656,0,0.017379,0
28460,46676,0,0.04705,0
30452,39621,0,0.054073,0
116129,48057,0,0.097277,0
80162,40555,0,0.010791,0
137001,46361,0,0.021874,0
54472,48299,0,0.092222,0
7718,7241,0,0.048259,0
143164,28204,0,0.073071,0
75238,22447,0,0.105246,0
120488,39928,0,0.013488,0
189867,29116,0,0.023188,0
136679,11182,0,0.018316,0
162742,20114,0,0.031052,0
204237,21338,0,0.057636,0
29400,260,0,0.031897,0
19137,6473,0,0.003273,0
132737,4960,0,0.006592,0
189750,41372,0,0.027308,0
138423,9421,0,0.480335,1
9684,23579,0,0.298741,1
11450,18670,0,0.015063,0
25709,44643,0,0.023683,0
34000,27695,0,0.002223,0
192633,48628,0,0.015179,0
35953,32782,0,0.017422,0
149344,32864,0,0.07758,0
116415,48903,0,0.004909,0
93325,7021,0,0.012875,0
165699,47672,0,0.018094,0
16865,37524,0,0.08101,0
58245,39303,0,0.018484,0
98816,48226,0,0.009258,0
146599,24248,0,0.108483,0
158919,7628,0,0.042517,0
107550,20524,0,0.032511,0
156916,12811,0,0.002325,0
137820,18362,0,0.010179,0
132112,44843,0,0.046164,0
3219,17183,1,0.080432,0
136893,45007,0,0.033758,0
65040,49320,0,0.040153,0
161008,30391,0,0.058183,0
190663,5162,0,0.031896,0
116283,38533,0,0.004757,0
104723,5206,0,0.028019,0
4726,22159,0,0.026369,0
10037,36600,0,0.12376,0
58470,42445,0,0.012085,0
85460,39475,0,0.452698,1
14577,3376,0,0.029269,0
159573,18523,0,0.135041,0
115383,4675,0,0.004423,0
16357,28800,0,0.006636,0
43192,26369,0,0.012446,0
173982,117,0,0.026427,0
131931,1969,0,0.004606,0
148549,8204,1,0.021568,0
168525,18643,0,0.079254,0
128599,14462,1,0.453076,1
171730,29934,0,0.00452,0
120418,19448,0,0.003688,0
176344,1621,1,0.069034,0
34794,21903,0,0.00703,0
102264,9756,0,0.003609,0
61603,46473,0,0.027518,0
60619,28204,0,0.06344,0
14075,7416,0,0.004138,0
46146,4605,0,0.147313,0
117078,8539,0,0.095462,0
183141,43961,0,0.116286,0
176553,26431,0,0.012386,0
24098,17747,0,0.025378,0
192051,45084,0,0.056985,0
110141,30881,0,0.008009,0
198993,16019,0,0.008541,0
23713,32816,0,0.017905,0
25327,1695,0,0.017444,0
200347,13861,0,0.144554,0
172054,6765,0,0.010562,0
18998,43637,0,0.002292,0
168879,39024,0,0.002577,0
70297,44479,0,0.061016,0
53753,21137,0,0.016358,0
199884,45066,0,0.070158,0
40963,29344,0,0.045519,0
96995,35629,0,0.001413,0
40029,651,0,0.009966,0
120211,6482,0,0.015435,0
95390,18362,0,0.018285,0
128637,6867,0,0.006005,0
53061,17835,1,0.064593,0
195898,16133,0,0.020524,0
93325,29204,0,0.00574,0
149159,44310,0,0.038442,0
98200,14084,1,0.257988,1
10152,40313,0,0.021681,0
35398,4302,0,0.001931,0
24362,36956,0,0.034097,0
206201,14861,0,0.003304,0
201330,3952,0,0.013165,0
128752,21903,1,0.443366,1
51118,31635,0,0.062565,0
89298,790,0,0.026539,0
140484,4086,0,0.039064,0
117767,32904,0,0.030862,0
154372,17949,0,0.224664,0
177535,32403,0,0.043822,0
78721,10603,0,0.108394,0
31517,39275,0,0.020473,0
34124,14788,0,0.063171,0
144391,46129,0,0.133891,0
109037,27344,0,0.126195,0
144870,15950,0,0.010922,0
145842,9434,0,0.084336,0
71779,26369,1,0.218238,0
135658,10749,0,0.022984,0
15503,36360,0,0.137608,0
192143,27554,0,0.195231,0
119781,17322,0,0.044962,0
163295,1158,0,0.004116,0
179437,24231,0,0.001948,0
176504,49235,0,0.04055,0
19928,15134,0,0.043096,0
137360,14462,0,0.004834,0
184962,10326,0,0.005393,0
152538,30390,0,0.007656,0
177881,26131,0,0.085069,0
18332,41319,0,0.008907,0
152877,44099,0,0.020294,0
5487,1827,0,0.024343,0
31013,35911,0,0.024901,0
148748,34358,0,0.126816,0
144785,22963,0,0.005964,0
188666,23405,0,0.012515,0
148698,4552,0,0.010223,0
45094,47042,0,0.007603,0
78492,38419,0,0.054809,0
49842,27966,0,0.249885,1
191612,14858,0,0.036916,0
146495,33819,0,0.053104,0
7666,11193,0,0.004513,0
85903,47209,0,0.013349,0
47077,34466,0,0.00878,0
157339,27695,0,0.201414,0
73182,27845,1,0.278441,1
11847,5161,0,0.011007,0
136402,30776,0,0.047064,0
172173,26790,0,0.487197,1
162947,35725,0,0.019962,0
199325,31506,0,0.049127,0
11232,45190,0,0.02235,0
119078,16840,0,0.006322,0
145505,32563,0,0.002677,0
52259,41948,0,0.010381,0
178638,34584,0,0.451877,1
150517,37687,0,0.006072,0
90511,32553,0,0.006943,0
82296,34234,0,0.064373,0
57074,32478,0,0.12097,0
136683,10504,0,0.006022,0
171542,24852,0,0.065297,0
177466,7175,0,0.053721,0
870,12980,0,0.002766,0
107936,9382,0,0.006313,0
174588,2297,0,0.035851,0
12730,4162,0,0.032092,0
150101,35321,0,0.03289,0
67722,10151,0,0.011327,0
127645,27839,0,0.190897,0
108346,36672,0,0.009741,0
8977,20345,0,0.021262,0
97132,43789,0,0.011796,0
25892,48726,0,0.016165,0
47253,10246,1,0.109718,0
58385,34126,0,0.075685,0
81753,2622,0,0.011233,0
154321,35249,0,0.052707,0
144387,15610,0,0.011254,0
15052,2091,0,0.169058,0
147717,26369,0,0.049836,0
76449,36746,0,0.003313,0
129128,16759,0,0.302897,1
103552,40604,0,0.025171,0
179507,5991,0,0.051536,0
58750,47962,0,0.008041,0
113482,21137,0,0.386228,1
5927,8809,0,0.012463,0
71103,40571,1,0.018681,0
192602,9808,0,0.018262,0
167308,33232,0,0.014885,0
98847,2983,0,0.052182,0
133655,30391,0,0.028539,0
159917,46673,0,0.044717,0
24571,36005,0,0.143551,0
63607,26949,1,0.537797,1
127111,23400,0,0.030195,0
181317,2350,0,0.02581,0
167076,45249,0,0.038546,0
110138,35473,0,0.010132,0
47064,47672,0,0.017957,0
176780,1685,0,0.186195,0
17874,39040,1,0.016295,0
133146,37646,0,0.011135,0
109154,4920,0,0.309801,1
202588,47209,0,0.200269,0
164265,5077,0,0.079869,0
67010,42139,0,0.017107,0
9786,34448,0,0.016576,0
198212,42796,0,0.003415,0
105169,26002,0,0.025759,0
153016,7378,0,0.009355,0
7952,30620,0,0.023893,0
163454,36256,0,0.175281,0
204799,43352,0,0.204408,0
26929,32734,0,0.00358,0
2390,38313,0,0.010322,0
63334,7156,0,0.108398,0
45410,31299,0,0.037847,0
106718,7156,0,0.008693,0
81765,28204,0,0.047967,0
193496,45066,0,0.033074,0
55281,4799,0,0.01875,0
184441,7500,0,0.004404,0
81303,29327,0,0.004511,0
199298,49451,0,0.113917,0
72919,6348,0,0.012144,0
201678,33945,0,0.008345,0
87097,35633,0,0.019341,0
166399,33198,0,0.054387,0
43023,24079,0,0.032887,0
119024,21630,0,0.018616,0
31093,30463,0,0.014991,0
79743,33736,0,0.06089,0
84755,31328,0,0.03081,0
130115,34217,0,0.041622,0
195846,5438,0,0.03572,0
88422,8628,0,0.004002,0
163221,10749,0,0.010463,0
189678,15689,0,0.059989,0
109320,41276,1,0.086863,0
194494,26257,0,0.303509,1
45131,979,0,0.004051,0
129355,28204,0,0.617693,1
113749,18827,0,0.015214,0
100465,27695,0,0.008506,0
128537,2116,0,0.063603,0
127366,8057,0,0.004423,0
198099,9159,0,0.039391,0
95991,17541,0,0.026455,0
204605,46616,0,0.001393,0
105529,22093,0,0.004106,0
119423,20588,0,0.122818,0
90760,18142,0,0.044138,0
33216,43371,0,0.018721,0
89622,2228,0,0.050715,0
23650,49683,0,0.622055,1
46979,21009,0,0.092604,0
149437,41165,0,0.192744,0
85141,4317,0,0.013681,0
106204,11034,0,0.034793,0
48744,14828,0,0.002173,0
64971,49585,0,0.05291,0
196297,38087,0,0.007062,0
178735,14761,0,0.002224,0
128453,2091,1,0.058196,0
161493,22521,0,0.013958,0
202455,7255,0,0.126937,0
117733,31371,0,0.008348,0
170323,17328,1,0.221668,0
27808,16617,0,0.013324,0
102646,5086,0,0.142452,0
198933,18987,0,0.00354,0
188688,2298,0,0.005334,0
183496,43735,0,0.101561,0
95991,46667,0,0.131578,0
47737,43421,0,0.049787,0
116943,10255,0,0.033043,0
142150,30720,0,0.005827,0
131848,34358,0,0.033217,0
47379,26776,0,0.06671,0
131273,33636,0,0.171322,0
92343,45007,0,0.007705,0
112293,5120,0,0.003223,0
48132,31500,0,0.01339,0
34606,32869,0,0.023695,0
134080,41488,0,0.006649,0
156151,33509,0,0.019459,0
194459,16965,0,0.122198,0
98820,17487,0,0.163885,0
34578,49683,0,0.021459,0
87498,46260,0,0.031508,0
45094,33731,0,0.002963,0
22031,31343,0,0.288905,1
103553,8518,0,0.003923,0
14075,38593,0,0.004255,0
149473,33746,0,0.015551,0
86377,14197,0,0.041571,0
14279,30391,0,0.1791,0
8090,31987,0,0.007924,0
50153,2078,0,0.01512,0
143707,5212,0,0.004687,0
71562,25146,0,0.028111,0
57210,5077,0,0.333388,1
63720,21293,0,0.003413,0
103636,13535,0,0.010849,0
9785,41544,0,0.031166,0
75126,128,0,0.027749,0
134675,42768,0,0.124181,0
87490,20479,0,0.00802,0
34505,46979,0,0.062153,0
136003,28928,0,0.026227,0
107376,27237,1,0.045191,0
2884,14650,0,0.02837,0
107832,38647,0,0.096927,0
58218,49241,0,0.011591,0
55741,47672,1,0.01212,0
175040,11198,0,0.015039,0
166049,39275,0,0.126744,0
16165,14414,0,0.053546,0
205961,6343,0,0.039468,0
63073,11136,0,0.001433,0
313,49175,0,0.152872,0
120667,3689,0,0.004328,0
122343,28682,0,0.00253,0
65010,39337,1,0.343272,1
185464,31268,0,0.029587,0
198949,16363,0,0.02023,0
75036,2309,0,0.034548,0
179437,41610,0,0.002063,0
140121,47626,0,0.003264,0
188507,25741,0,0.002228,0
13449,46139,0,0.02777,0
59937,12899,0,0.014253,0
86107,8929,0,0.399356,1
177680,35633,0,0.010046,0
75020,19821,0,0.018331,0
135404,12258,0,0.230126,1
84086,40377,0,0.029046,0
154299,2763,0,0.004247,0
74953,25472,0,0.017422,0
151105,6908,0,0.019665,0
112656,3880,0,0.069979,0
111128,45495,1,0.260843,1
26849,21526,0,0.017509,0
195552,2846,0,0.084503,0
166291,19809,0,0.027104,0
88441,32734,0,0.022182,0
125155,7021,0,0.00999,0
36328,23400,0,0.028504,0
9988,10749,0,0.337312,1
73929,14267,0,0.001546,0
139039,17505,0,0.055581,0
17153,46969,0,0.018694,0
101603,5194,0,0.01154,0
201992,24838,0,0.01018,0
49145,21038,1,0.441552,1
200273,24561,0,0.054183,0
19794,12858,0,0.003453,0
200775,32365,0,0.049016,0
719,33857,0,0.094435,0
127006,23088,0,0.008072,0
121473,2450,0,0.009316,0
173413,28008,0,0.001458,0
23998,27796,0,0.014784,0
52440,25899,0,0.009651,0
132961,21393,0,0.023672,0
107306,33985,0,0.002113,0
126896,27156,0,0.013248,0
140648,36005,0,0.004414,0
175965,10246,0,0.028685,0
23179,33572,0,0.022701,0
85092,5132,1,0.105707,0
85088,6870,0,0.005663,0
168546,9531,0,0.063584,0
65333,19613,0,0.047234,0
81603,23537,0,0.018066,0
71187,27951,0,0.014724,0
85176,48364,0,0.173545,0
185290,2966,0,0.004653,0
197815,1408,0,0.021735,0
40622,43295,0,0.025053,0
112497,7952,0,0.006189,0
179973,15438,0,0.015218,0
109836,30489,0,0.018652,0
202402,49111,0,0.004834,0
4226,8193,0,0.006663,0
200442,33195,0,0.036543,0
74412,46979,0,0.022481,0
59759,34126,0,0.152905,0
39206,35119,0,0.023216,0
160812,11109,0,0.002151,0
169551,7987,0,0.006389,0
130137,7788,0,0.027362,0
144175,21174,0,0.009675,0
165235,19612,0,0.069969,0
96643,48192,0,0.003089,0
98386,17704,0,0.002478,0
149662,22963,1,0.252628,1
80710,23917,0,0.036508,0
163401,23537,0,0.121432,0
184155,33073,0,0.120277,0
76886,20608,0,0.018423,0
179870,28373,0,0.032144,0
20712,5876,0,0.061809,0
175728,890,0,0.002119,0
166044,37257,0,0.101165,0
116041,3298,0,0.087102,0
194566,25230,0,0.129473,0
73101,16797,0,0.135146,0
190679,8193,0,0.015903,0
13562,35535,0,0.028654,0
4517,22935,0,0.035248,0
160605,34126,0,0.056214,0
205417,39275,0,0.148468,0
125090,31744,0,0.009703,0
22617,37497,0,0.013019,0
178601,13874,0,0.005903,0
66477,9881,0,0.06785,0
52089,44027,0,0.003662,0
168276,30391,0,0.012908,0
122346,49079,0,0.145533,0
64778,33080,0,0.011648,0
119503,26324,0,0.137131,0
63860,15028,0,0.004313,0
141340,47479,0,0.025564,0
62116,1511,0,0.763436,1
156105,40708,0,0.196524,0
142038,33232,0,0.013226,0
5910,5746,0,0.006854,0
132156,6740,0,0.037723,0
80094,27240,0,0.032284,0
27038,22935,0,0.113719,0
75770,15091,0,0.05159,0
77466,1181,0,0.011544,0
61038,38949,0,0.03551,0
163569,39619,0,0.108357,0
53102,13170,0,0.025608,0
14991,31915,0,0.026267,0
146667,33647,0,0.117302,0
206127,31102,0,0.029599,0
130571,15479,0,0.002605,0
10555,32655,0,0.079322,0
20061,43933,0,0.003441,0
25403,39275,1,0.166613,0
108161,4913,0,0.08025,0
76159,5097,0,0.08491,0
7817,16419,0,0.122557,0
180670,34735,0,0.066479,0
45538,32850,0,0.010262,0
72815,5258,0,0.002563,0
81297,7925,0,0.043527,0
51872,44632,0,0.014423,0
59252,9387,0,0.047144,0
190561,17830,0,0.006584,0
17526,12663,0,0.113716,0
57124,26706,0,0.00688,0
152051,35547,0,0.008666,0
99675,33636,0,0.01708,0
35828,31215,0,0.034463,0
203126,16185,0,0.009915,0
50236,5077,0,0.049035,0
86915,43376,0,0.04369,0
74840,19821,0,0.003045,0
69521,19904,0,0.01961,0
88860,48246,0,0.045899,0
102170,47626,0,0.090318,0
129487,46275,0,0.25435,1
89337,46979,0,0.207359,0
65320,4945,0,0.003132,0
55911,13780,0,0.02113,0
121178,33237,1,0.411558,1
43982,46697,0,0.046218,0
5295,18418,0,0.125151,0
178284,10831,0,0.012344,0
146059,39430,0,0.011522,0
205110,26249,0,0.014823,0
66403,27744,0,0.01714,0
157028,5876,0,0.024865,0
64305,32442,0,0.003938,0
15257,37250,0,0.107609,0
169323,27292,0,0.117637,0
154593,18441,0,0.041089,0
164037,20520,0,0.003305,0
69266,7948,0,0.169885,0
189062,24273,0,0.010235,0
204321,8424,0,0.018652,0
61385,5876,0,0.012774,0
121252,7131,0,0.082379,0
53184,37250,0,0.008825,0
33544,22124,0,0.084912,0
183059,8012,0,0.00499,0
193580,21295,0,0.106554,0
193204,23926,0,0.003652,0
181383,23032,0,0.010069,0
53222,16439,0,0.003091,0
171390,11953,0,0.00265,0
444,2979,1,0.638506,1
124341,43352,0,0.064373,0
137392,31217,0,0.001323,0
92379,36652,0,0.034846,0
188395,48118,0,0.012915,0
196428,20682,0,0.127107,0
126818,42368,0,0.023076,0
17915,4920,0,0.015543,0
105939,35647,0,0.003985,0
26406,11448,0,0.009797,0
197291,14553,0,0.041458,0
120617,37213,0,0.050292,0
90464,35418,0,0.004036,0
186303,27966,0,0.025509,0
96825,40120,0,0.093968,0
106562,17823,0,0.039422,0
109942,12756,1,0.202923,0
113405,44008,0,0.282728,1
174963,29079,0,0.01637,0
113862,44632,0,0.058982,0
20090,34358,0,0.008249,0
141711,22247,0,0.035695,0
35606,24830,0,0.313611,1
42336,37248,0,0.006818,0
5195,46393,0,0.026792,0
26314,23543,0,0.28434,1
135172,21903,1,0.341628,1
914,40691,0,0.00642,0
91772,26369,0,0.013061,0
77597,5450,0,0.12921,0
113238,32537,0,0.014369,0
189217,11250,0,0.052012,0
163202,41581,0,0.003875,0
168324,28842,0,0.008274,0
183818,33000,0,0.06054,0
62565,39298,0,0.011033,0
192811,47759,0,0.012143,0
194307,10724,0,0.005294,0
106491,8955,0,0.061022,0
145114,14514,0,0.003553,0
145048,40292,0,0.126655,0
117402,43122,0,0.018518,0
49804,42265,0,0.058246,0
66024,27104,1,0.423943,1
22040,36291,0,0.01404,0
197827,13911,0,0.030077,0
135538,38799,0,0.054298,0
142279,9492,0,0.005053,0
189711,32537,0,0.020508,0
25403,28123,0,0.010085,0
4831,44008,0,0.265488,1
158763,11152,0,0.037125,0
57800,28380,0,0.00194,0
51312,12254,0,0.044813,0
79231,48956,0,0.044846,0
12026,24516,0,0.005749,0
173308,24263,0,0.034628,0
174212,8467,0,0.007762,0
59182,43504,0,0.007565,0
124009,39163,0,0.005052,0
25364,36994,0,0.150119,0
168326,39475,0,0.012526,0
138423,37201,0,0.0437,0
22974,5612,0,0.095698,0
157395,29668,0,0.017038,0
168059,41140,0,0.008364,0
104264,3344,0,0.013167,0
147617,31921,0,0.026716,0
120296,24841,0,0.087637,0
6141,14486,0,0.039018,0
196158,16823,0,0.112022,0
32264,5438,0,0.013968,0
124421,33819,0,0.030202,0
143948,22178,0,0.050361,0
204827,17461,0,0.04422,0
58698,27913,0,0.032497,0
10877,31717,0,0.203555,0
194188,14332,0,0.012712,0
76600,32385,0,0.051296,0
204818,35989,0,0.01444,0
117541,11777,0,0.153572,0
78560,5266,0,0.021598,0
17036,2295,0,0.015913,0
182282,41960,0,0.003965,0
185640,43183,0,0.157528,0
159778,36310,0,0.02051,0
10037,35042,0,0.057392,0
36213,7751,1,0.082647,0
188390,28384,0,0.001302,0
172904,14159,0,0.014264,0
19200,5621,0,0.003786,0
184716,49319,0,0.001778,0
16760,10453,0,0.050458,0
23306,24852,1,0.244439,1
43305,16797,0,0.007464,0
124192,27530,0,0.00799,0
102962,276,0,0.002132,0
168531,4149,0,0.038638,0
48296,41679,1,0.26882,1
130573,18498,0,0.00388,0
143687,22935,0,0.014078,0
92189,2979,0,0.038162,0
23241,41238,0,0.007023,0
43437,13772,0,0.029526,0
156679,47209,0,0.410219,1
16843,45007,0,0.155795,0
54627,31215,0,0.031435,0
29074,43986,0,0.055309,0
40422,26751,0,0.015223,0
148076,19893,0,0.007304,0
155976,37825,0,0.018711,0
46589,7948,0,0.03684,0
84363,2573,0,0.029896,0
49475,7781,0,0.030282,0
121695,8075,0,0.033461,0
147704,20502,0,0.021126,0
119617,4269,0,0.029559,0
130471,39491,0,0.00211,0
172936,7641,0,0.031562,0
49187,33303,0,0.022095,0
127313,36107,0,0.351504,1
71879,13351,0,0.030209,0
179291,11849,0,0.032093,0
110667,14493,0,0.124712,0
69205,21376,0,0.06501,0
64636,32943,0,0.008105,0
159840,43758,0,0.096509,0
131570,6795,0,0.022993,0
155793,21243,0,0.196435,0
198273,18395,0,0.008179,0
64684,5912,0,0.051112,0
194857,6160,0,0.007889,0
167747,33886,1,0.266522,1
101747,40300,0,0.04831,0
150125,18117,0,0.006784,0
147650,36640,0,0.017426,0
108560,30482,0,0.236586,1
756,1621,0,0.01028,0
182997,29363,0,0.00258,0
69750,39693,0,0.050411,0
179834,18465,1,0.339986,1
140852,38269,0,0.023179,0
2484,45578,0,0.007355,0
112744,17738,0,0.038511,0
7385,8518,0,0.042442,0
73838,40969,0,0.033229,0
75068,2231,0,0.004072,0
10326,44238,0,0.051622,0
109588,28425,0,0.232857,1
190021,32478,1,0.254628,1
179973,31506,0,0.08615,0
148814,13500,0,0.052638,0
88513,24333,0,0.001773,0
70440,30639,0,0.008749,0
168525,25354,0,0.05366,0
11873,25745,0,0.133682,0
1373,3793,0,0.003713,0
113801,22238,0,0.023275,0
59952,45544,0,0.010439,0
36342,4724,0,0.065565,0
132299,130,0,0.00429,0
130284,34689,0,0.002797,0
6433,18353,0,0.006729,0
53836,43961,0,0.02705,0
142096,17231,0,0.043342,0
124328,5564,0,0.028617,0
104705,42629,0,0.012274,0
179699,27275,0,0.008251,0
202876,16432,0,0.010923,0
95513,32293,0,0.075213,0
70729,12341,1,0.203709,0
46374,10032,0,0.015521,0
14035,22736,0,0.00212,0
111654,2643,0,0.002297,0
181406,35594,0,0.020732,0
132672,49615,1,0.181089,0
107974,42736,0,0.002909,0
205805,21953,0,0.007622,0
180884,34449,0,0.012329,0
91377,29328,0,0.030607,0
128687,21174,0,0.157654,0
29529,49079,0,0.011072,0
3802,21288,0,0.068186,0
59221,19683,0,0.003002,0
51213,31589,0,0.00183,0
70016,890,0,0.006053,0
122937,39561,0,0.00183,0
18083,28311,0,0.002039,0
136064,19508,0,0.001611,0
101725,20944,0,0.041938,0
72814,32864,0,0.010257,0
135309,6089,0,0.014982,0
31278,3055,0,0.01849,0
85952,7704,0,0.027727,0
101546,39469,0,0.045281,0
48580,33401,0,0.009927,0
101577,15153,0,0.0303,0
108909,33700,0,0.003457,0
195427,18954,0,0.019558,0
33291,11143,0,0.006503,0
13788,9597,0,0.056389,0
55658,18339,0,0.054705,0
164808,45013,0,0.139922,0
84883,6046,0,0.002899,0
205018,43961,0,0.242032,1
23057,40516,0,0.024121,0
57097,260,0,0.020345,0
124758,39947,0,0.101706,0
96424,44090,0,0.008237,0
161240,48568,0,0.001167,0
151983,23102,0,0.044234,0
41142,40380,0,0.008104,0
94534,28985,0,0.365109,1
43982,31683,0,0.02455,0
194188,605,0,0.0175,0
177484,10960,0,0.004793,0
83249,1639,0,0.03823,0
6562,3858,0,0.003346,0
120672,4605,0,0.00421,0
131411,25885,0,0.001792,0
197970,37749,0,0.010625,0
14503,44116,0,0.503631,1
155258,20063,0,0.00425,0
60627,33509,0,0.00275,0
4047,49683,0,0.039987,0
97168,21547,1,0.39675,1
65730,31506,0,0.032458,0
53963,47209,0,0.35152,1
162447,25647,0,0.015259,0
177889,16769,0,0.010811,0
67772,28465,0,0.1412,0
76678,42322,0,0.013543,0
196119,24852,0,0.036823,0
77968,17568,0,0.005911,0
103217,33043,0,0.013269,0
194109,23643,0,0.008314,0
25636,31683,1,0.177106,0
70801,36835,1,0.176682,0
167547,27845,0,0.026702,0
116855,45854,0,0.013205,0
155582,4317,0,0.027438,0
153786,29662,1,0.226708,0
116810,21938,0,0.06545,0
43304,28849,0,0.022139,0
165708,21230,0,0.007906,0
168978,24009,0,0.019442,0
167649,27966,1,0.285726,1
177069,29487,0,0.121123,0
84374,22309,0,0.259442,1
21535,8390,0,0.00272,0
10538,11619,0,0.020598,0
8423,18634,0,0.003815,0
3168,43961,0,0.030719,0
112654,23554,0,0.012577,0
61845,24489,0,0.077497,0
201142,45007,1,0.033488,0
192827,17807,1,0.356459,1
49574,18465,0,0.015495,0
140203,34969,0,0.018174,0
51853,38777,0,0.025979,0
143111,31343,0,0.045502,0
25892,39218,0,0.009759,0
143831,4210,0,0.050074,0
82475,1573,0,0.009173,0
110001,12545,0,0.011607,0
30265,26210,0,0.00209,0
107946,18339,0,0.029393,0
6622,47500,0,0.04488,0
23281,44142,0,0.036871,0
130461,28088,0,0.015576,0
44280,45946,0,0.005409,0
75407,40706,0,0.144984,0
54859,25824,0,0.004467,0
66758,4421,0,0.021831,0
141456,34358,0,0.004669,0
26359,25659,0,0.173408,0
114570,46584,0,0.002871,0
120164,6184,0,0.09965,0
22319,16521,0,0.004123,0
5919,27521,0,0.013219,0
28813,39877,0,0.01246,0
4431,34027,0,0.022893,0
50540,34878,0,0.02535,0
205203,9421,0,0.024512,0
151994,34321,0,0.001391,0
177266,44632,0,0.025015,0
127486,22035,0,0.003515,0
192423,29095,0,0.078131,0
21825,9076,0,0.034077,0
96953,46346,0,0.111935,0
178046,26209,0,0.21761,0
197911,19048,0,0.005483,0
67438,546,0,0.006935,0
124003,32971,0,0.019044,0
71051,40878,0,0.176148,0
53852,41950,0,0.003919,0
166254,39984,0,0.01166,0
106704,13646,1,0.21749,0
8059,39928,0,0.028094,0
112872,48205,0,0.013158,0
70729,13431,1,0.09432,0
172596,34243,0,0.101012,0
142477,20114,0,0.020433,0
7440,19019,0,0.002917,0
111596,33438,0,0.005042,0
126522,9076,0,0.10102,0
66895,4920,0,0.009061,0
88548,22395,0,0.009699,0
152712,781,0,0.042642,0
184990,6873,1,0.49642,1
17108,13858,0,0.014755,0
165235,35871,0,0.211098,0
88644,47912,1,0.307274,1
172852,44088,0,0.072167,0
28789,30489,1,0.089417,0
93728,12845,0,0.004641,0
101048,33768,0,0.076593,0
204590,22866,1,0.095155,0
97132,7156,0,0.012389,0
157055,12144,0,0.154113,0
79746,48896,0,0.049376,0
47077,27374,0,0.008371,0
101020,14505,0,0.014168,0
21165,20485,0,0.088975,0
57363,43961,1,0.337972,1
76449,12925,0,0.004848,0
164837,9906,0,0.007052,0
4509,47305,0,0.131538,0
180933,46709,0,0.009766,0
76168,4931,0,0.127615,0
178236,19478,0,0.008907,0
29291,47209,0,0.110479,0
78240,39877,0,0.002443,0
81317,16518,0,0.084118,0
94624,12230,0,0.010716,0
38272,10017,0,0.055332,0
77519,16589,0,0.12194,0
87105,31130,0,0.006924,0
158241,5120,0,0.009812,0
43741,7131,0,0.035819,0
58040,18963,0,0.014497,0
30363,38400,0,0.056785,0
20853,21872,0,0.014807,0
177104,2966,0,0.02613,0
195704,28928,0,0.338512,1
127753,8955,0,0.037793,0
137043,9387,0,0.024328,0
132076,39590,0,0.02478,0
101321,19820,1,0.26434,1
132151,34025,0,0.02906,0
108019,28785,0,0.003092,0
13173,31506,0,0.01585,0
204436,34012,0,0.040758,0
77403,30489,0,0.00408,0
109999,16759,0,0.010772,0
200804,32303,0,0.01354,0
146516,28805,0,0.02903,0
71223,5322,0,0.469386,1
22818,12341,0,0.02193,0
116825,28733,0,0.012559,0
95978,36431,0,0.059166,0
121981,31717,0,0.033307,0
87936,28427,0,0.005146,0
49472,890,0,0.165037,0
204632,6383,1,0.079746,0
55236,25642,0,0.025022,0
67847,2298,0,0.152702,0
25434,46526,0,0.002305,0
100780,29837,0,0.201549,0
61000,38456,0,0.004129,0
140210,21137,0,0.213873,0
193148,29700,0,0.019251,0
4726,9554,0,0.024025,0
79838,14633,0,0.347151,1
131260,34451,0,0.100256,0
72493,32331,0,0.02218,0
40338,29987,0,0.006709,0
108402,5550,0,0.004378,0
100047,43352,0,0.047882,0
175960,26369,0,0.010961,0
42113,47026,0,0.01607,0
97049,40199,0,0.036191,0
26679,47209,0,0.020239,0
136554,39561,0,0.01764,0
109426,49139,0,0.028732,0
201515,605,0,0.061416,0
194861,27553,0,0.023921,0
5557,23630,0,0.011268,0
34772,43545,0,0.004873,0
150761,46969,0,0.107907,0
152074,48679,0,0.013664,0
109106,12404,0,0.006191,0
177369,42556,0,0.066224,0
17933,7806,0,0.034444,0
182510,41658,0,0.009582,0
84610,9177,0,0.017043,0
55713,46935,0,0.007417,0
191012,49533,0,0.005691,0
107677,32784,0,0.079946,0
4192,19446,0,0.005479,0
194464,18727,0,0.132454,0
131131,10644,0,0.015579,0
136491,16454,0,0.011833,0
55388,22312,0,0.033559,0
72008,25504,0,0.001125,0
183274,47209,0,0.007765,0
73821,21903,1,0.531441,1
41552,45007,0,0.16886,0
16837,35333,0,0.017751,0
199879,39921,0,0.005051,0
70305,20583,0,0.179177,0
141094,37646,0,0.002304,0
45244,35419,1,0.054246,0
5551,17085,0,0.007636,0
161187,24852,0,0.030308,0
29074,27714,0,0.063332,0
43762,20776,0,0.005618,0
162921,13263,0,0.005799,0
62010,37053,0,0.01032,0
150090,31818,0,0.021371,0
156784,36780,0,0.00232,0
118466,18441,0,0.004966,0
28546,38618,0,0.009077,0
30820,25705,0,0.154324,0
13955,43875,0,0.082429,0
5384,5547,0,0.028953,0
125355,44570,0,0.040097,0
89182,25144,0,0.111936,0
11698,26384,0,0.066165,0
50649,5068,0,0.004349,0
148364,1940,0,0.296573,1
111782,26209,0,0.010117,0
158091,28204,0,0.018011,0
8925,31663,0,0.065289,0
111376,4713,0,0.024826,0
168724,17622,0,0.006247,0
31484,125,0,0.02288,0
187748,10998,0,0.012149,0
4192,2537,0,0.005379,0
124868,47601,1,0.050765,0
108322,18709,0,0.019754,0
123617,21405,0,0.040816,0
151189,5578,0,0.049409,0
133016,12564,0,0.005521,0
88879,42356,0,0.489082,1
167864,1463,0,0.007401,0
21227,18594,0,0.161569,0
173281,16797,0,0.0241,0
15235,46692,0,0.025908,0
138762,37193,0,0.001653,0
141321,1757,0,0.004915,0
180622,34396,0,0.00716,0
89858,14197,0,0.04249,0
128796,48697,0,0.011032,0
158006,41588,0,0.005389,0
165430,20370,0,0.060127,0
99680,35400,0,0.021327,0
182558,95,0,0.014058,0
189079,13565,0,0.12085,0
154350,9755,0,0.00739,0
168334,40268,0,0.029371,0
167761,22556,0,0.271537,1
8677,3339,0,0.017678,0
108322,7177,0,0.023119,0
200473,5933,0,0.047777,0
186246,15897,0,0.005214,0
59602,15324,0,0.081495,0
165337,16174,0,0.029489,0
202388,49235,0,0.007792,0
93040,25952,0,0.073022,0
168334,12464,0,0.023175,0
38291,7781,0,0.061175,0
75825,39561,0,0.014729,0
92568,35838,0,0.005848,0
202189,49488,0,0.024673,0
42408,36735,0,0.013478,0
137724,39719,0,0.077529,0
34407,49235,0,0.084811,0
123582,8903,0,0.006232,0
97816,44949,0,0.010125,0
184538,37637,0,0.022474,0
10828,35042,0,0.076895,0
124903,12276,0,0.004388,0
176846,19514,0,0.025351,0
12103,5961,0,0.003134,0
172362,7835,0,0.096935,0
36149,12419,0,0.021263,0
205745,49128,0,0.01078,0
150189,20119,1,0.658014,1
92252,121,1,0.028224,0
56584,45633,0,0.019163,0
58368,8277,0,0.105796,0
18384,3376,0,0.015465,0
130102,16953,0,0.050566,0
27104,3962,0,0.00627,0
122539,14678,0,0.051365,0
106267,23576,0,0.037579,0
94463,25272,0,0.149831,0
48125,39470,0,0.148064,0
76589,13176,0,0.091514,0
98614,18716,0,0.008471,0
37678,3656,0,0.01582,0
48463,24881,0,0.117185,0
84586,28862,0,0.11151,0
154819,31275,0,0.030635,0
160911,5450,0,0.039156,0
114771,47209,0,0.133644,0
34705,33731,0,0.009846,0
68439,41570,0,0.006368,0
193514,44449,0,0.013383,0
63353,27573,0,0.009744,0
32863,40448,0,0.014748,0
47354,35946,1,0.204811,0
178374,5897,0,0.026968,0
21951,20118,0,0.295632,1
125881,11132,0,0.01613,0
149348,27796,0,0.006784,0
89857,22268,0,0.014621,0
146257,36736,0,0.010486,0
2396,33523,0,0.094256,0
124188,38622,1,0.519775,1
152011,30638,0,0.120177,0
80161,44912,0,0.001711,0
107053,14462,0,0.035336,0
80603,13885,0,0.010025,0
93251,13605,0,0.005433,0
70165,44245,0,0.031551,0
127071,27355,0,0.003534,0
181652,18198,0,0.001451,0
166983,22365,0,0.048181,0
184549,43234,1,0.23066,1
68944,46672,0,0.018555,0
24279,11198,0,0.010213,0
175809,12909,0,0.102182,0
97544,22825,1,0.102527,0
69935,7021,0,0.055612,0
168640,3545,0,0.032933,0
197184,47738,0,0.008441,0
47565,21903,0,0.013859,0
98700,46979,0,0.005547,0
159240,31958,0,0.009614,0
51256,9839,0,0.033271,0
74705,41165,0,0.039675,0
62624,36885,0,0.007144,0
151986,32259,0,0.013718,0
144905,22504,0,0.03007,0
162117,27156,0,0.009692,0
99758,22395,0,0.006426,0
187878,36736,0,0.012158,0
56096,2452,0,0.008986,0
186178,46455,0,0.036426,0
168442,46515,0,0.156664,0
133426,27336,0,0.020493,0
28607,11520,0,0.040516,0
5655,35887,0,0.014887,0
111078,17872,0,0.025616,0
68020,16185,0,0.108732,0
115600,31553,0,0.127295,0
63237,14927,0,0.015991,0
25401,13176,1,0.243848,1
52070,26648,0,0.029477,0
199280,2996,0,0.007138,0
128238,27243,0,0.027759,0
37961,36011,0,0.060658,0
198933,41351,0,0.002095,0
13253,21292,0,0.251523,1
127466,4421,0,0.003704,0
158993,32052,0,0.039082,0
157312,29848,0,0.119771,0
12241,952,0,0.002661,0
129055,29926,0,0.009079,0
58075,48118,0,0.003548,0
47584,30204,0,0.017619,0
34567,10668,1,0.06548,0
105407,30849,0,0.013671,0
69513,35986,0,0.022289,0
160991,33950,0,0.028302,0
123810,44424,0,0.005002,0
68315,35939,0,0.010719,0
190676,35948,0,0.01485,0
183782,39029,0,0.00147,0
37617,40898,0,0.010123,0
1538,19537,0,0.096553,0
68298,22788,0,0.024913,0
108790,49683,0,0.0074,0
197620,5337,0,0.208147,0
139425,18115,0,0.025466,0
71315,43612,0,0.035518,0
169183,24009,0,0.04691,0
154541,34450,1,0.502289,1
98267,13702,0,0.011156,0
62824,31338,0,0.008557,0
194839,37687,1,0.166723,0
58774,47626,0,0.053618,0
200821,25659,0,0.003825,0
105667,39040,0,0.022149,0
61175,44422,0,0.003812,0
7572,45633,0,0.016022,0
106819,14811,0,0.033179,0
137663,14536,0,0.004474,0
22025,46654,1,0.179577,0
140466,28204,1,0.1175,0
60754,9945,0,0.027241,0
180930,9076,0,0.002484,0
24728,8988,0,0.001957,0
68070,46383,0,0.019672,0
150566,42265,1,0.327557,1
127605,4957,0,0.004751,0
149525,44663,0,0.018979,0
184538,42620,0,0.012211,0
157716,42976,1,0.028336,0
100330,23535,0,0.04507,0
119885,19048,0,0.231832,1
152958,37004,0,0.005048,0
122704,29092,0,0.016647,0
138105,40682,0,0.077542,0
121548,23288,0,0.299428,1
105527,35340,0,0.003004,0
57242,39055,0,0.07232,0
98905,41148,0,0.033349,0
52360,4957,0,0.06521,0
150237,39225,0,0.001616,0
18998,43352,0,0.00666,0
130495,14881,0,0.005438,0
162126,21616,0,0.181922,0
203595,7547,0,0.033591,0
150090,26831,0,0.023748,0
97595,35077,0,0.002292,0
163761,12015,0,0.012104,0
102199,14197,0,0.002357,0
37982,21681,0,0.010891,0
171865,40348,0,0.046184,0
77665,13176,0,0.047318,0
67237,45345,0,0.006725,0
21507,5383,0,0.031624,0
87244,30292,0,0.05355,0
91204,27086,1,0.192373,0
131890,21616,0,0.055916,0
90392,38583,0,0.01566,0
154409,22228,0,0.011068,0
15411,16797,0,0.019247,0
102962,32465,0,0.002493,0
163096,39275,0,0.12008,0
177487,18876,0,0.073354,0
174084,26856,0,0.009942,0
3584,19006,0,0.065348,0
36274,49478,0,0.005289,0
38821,40199,0,0.002784,0
75664,28769,0,0.018757,0
39761,16797,1,0.652442,1
137785,23785,0,0.025593,0
175768,10872,0,0.018537,0
5393,48364,0,0.072094,0
53350,10895,0,0.157593,0
114532,10126,0,0.002514,0
23949,32839,0,0.001495,0
175565,12756,0,0.009903,0
97151,34582,0,0.045834,0
115383,34940,0,0.004976,0
98004,29311,0,0.02265,0
175303,10749,0,0.745525,1
29230,49683,0,0.026743,0
203998,41950,0,0.009175,0
116943,22142,0,0.00858,0
90884,13535,0,0.011338,0
8832,42533,0,0.01056,0
169252,39787,0,0.032558,0
168662,20650,0,0.004361,0
20737,31469,0,0.008306,0
77571,34126,0,0.027545,0
117543,432,0,0.011395,0
152938,31736,0,0.002638,0
98197,24852,0,0.055913,0
14268,40026,0,0.004136,0
190292,48482,0,0.049514,0
87003,39275,0,0.003096,0
38164,141,0,0.002676,0
128000,1158,0,0.01492,0
122439,19691,0,0.022499,0
4442,17794,0,0.005472,0
148834,40836,0,0.121809,0
179003,36759,0,0.038267,0
99979,18234,0,0.014676,0
201355,21019,1,0.133192,0
13783,10243,0,0.008134,0
15134,24964,0,0.014621,0
178412,17794,0,0.033906,0
56886,39247,0,0.007319,0
191426,25890,0,0.025529,0
96030,4163,0,0.00612,0
1150,27845,0,0.028279,0
150438,17545,0,0.015314,0
205886,22142,0,0.019638,0
176650,21573,0,0.015742,0
66868,21608,0,0.125143,0
39721,28934,0,0.134279,0
195793,24764,0,0.016243,0
74349,19389,0,0.006951,0
71709,9825,0,0.213393,0
77897,45633,0,0.008165,0
52868,19468,0,0.001306,0
50796,19057,0,0.098434,0
129300,21174,1,0.204921,0
181652,5819,0,0.020865,0
12223,13380,1,0.254004,1
12895,5566,0,0.037996,0
19981,30146,0,0.111361,0
152601,20502,0,0.006079,0
61581,39812,0,0.001818,0
122937,39928,0,0.015229,0
38015,46393,0,0.005068,0
202819,44765,1,0.461599,1
152763,4920,0,0.098842,0
202844,28104,0,0.121241,0
103033,5588,0,0.003529,0
198273,23734,0,0.018706,0
180067,18838,0,0.003345,0
177082,27471,0,0.040748,0
189954,21137,0,0.004283,0
64061,36070,0,0.004701,0
46033,43295,0,0.403312,1
181676,3376,0,0.123468,0
48649,1202,0,0.130531,0
128263,16797,0,0.047312,0
158589,27442,0,0.057458,0
190354,3298,0,0.06273,0
179310,30529,0,0.007693,0
119744,25830,0,0.00815,0
117247,27291,0,0.014088,0
43072,36082,0,0.015086,0
65281,22828,0,0.023809,0
41551,47848,0,0.002932,0
203267,27801,0,0.033529,0
141693,4962,0,0.008086,0
133597,30169,0,0.012489,0
185448,1695,0,0.014857,0
78721,43122,0,0.043294,0
53222,35824,0,0.002895,0
142241,21614,0,0.051741,0
85552,2078,0,0.161608,0
121984,18411,0,0.015646,0
122073,27845,0,0.008563,0
166255,10749,0,0.026605,0
110296,49605,0,0.044503,0
173804,10305,0,0.025954,0
30568,5876,0,0.543247,1
87398,20561,0,0.116507,0
8270,26540,0,0.006148,0
197169,14992,0,0.008755,0
136888,44168,0,0.001931,0
102186,30638,0,0.028338,0
9384,36695,0,0.041673,0
7228,39097,0,0.002566,0
11828,38159,0,0.014936,0
128164,44142,0,0.008499,0
152178,34927,0,0.010124,0
101292,15672,0,0.058307,0
118040,17948,0,0.013014,0
13229,12583,0,0.011473,0
113974,21410,0,0.009081,0
114133,43772,0,0.002231,0
56886,41844,0,0.006428,0
196458,13988,0,0.010547,0
65557,48990,0,0.482093,1
197112,47301,0,0.018767,0
71601,14159,0,0.014953,0
190097,44683,0,0.166369,0
164319,34713,0,0.032196,0
99193,47734,0,0.020835,0
8706,15406,0,0.121879,0
144780,27548,0,0.021653,0
202580,4920,0,0.011088,0
48936,26604,0,0.025875,0
150695,23898,0,0.029623,0
206045,40836,0,0.002033,0
91159,28228,0,0.0088,0
36182,18534,0,0.100848,0
140766,7628,0,0.015444,0
97345,22270,0,0.001775,0
173356,9358,0,0.03741,0
175654,19938,0,0.01358,0
79538,3283,0,0.176408,0
70742,44156,0,0.168478,0
153970,20114,0,0.015122,0
27477,8277,0,0.007067,0
80639,26604,0,0.072174,0
110136,717,0,0.00619,0
77884,8590,0,0.017319,0
181352,5750,0,0.552466,1
120933,33589,0,0.028556,0
60404,24082,0,0.020435,0
157437,25416,0,0.005958,0
34414,41695,0,0.039062,0
165243,37524,0,0.025152,0
180178,46294,0,0.010909,0
102846,1359,0,0.028318,0
109097,1463,0,0.226002,0
189528,6348,0,0.245964,1
31213,2238,0,0.022158,0
151712,17747,0,0.015739,0
176884,23339,0,0.018285,0
29364,19057,0,0.005516,0
152074,25340,0,0.019806,0
63812,20788,0,0.00848,0
182587,39877,0,0.246133,1
41546,17819,0,0.025436,0
50385,32429,0,0.017389,0
2504,18079,1,0.089378,0
53694,46945,0,0.014803,0
193764,22963,0,0.060195,0
49314,43122,0,0.129905,0
129256,35042,0,0.053503,0
38204,14992,0,0.102949,0
148607,5612,0,0.008608,0
111396,29987,0,0.002688,0
55576,22211,0,0.001955,0
118903,42356,0,0.045191,0
145250,4808,0,0.007023,0
41030,20323,0,0.004941,0
41094,17419,0,0.018551,0
138231,26509,0,0.004809,0
27265,16823,0,0.02488,0
157215,48364,0,0.003453,0
7039,31678,0,0.00223,0
182797,33198,0,0.141316,0
65754,32638,0,0.003743,0
119298,4347,0,0.1689,0
44058,16549,0,0.001881,0
136922,20327,0,0.063696,0
194379,27796,0,0.067651,0
87273,1025,0,0.006962,0
47959,17766,0,0.022851,0
132018,5884,0,0.008434,0
106713,35951,0,0.330529,1
50595,38949,0,0.032712,0
45163,48485,0,0.004476,0
188295,8590,1,0.682751,1
196602,21349,0,0.093421,0
17162,10749,0,0.136741,0
50576,29077,1,0.266383,1
69744,6508,0,0.084075,0
187620,15290,0,0.027771,0
51931,28289,0,0.006752,0
142635,29603,0,0.087661,0
91905,9366,0,0.006326,0
1517,37462,0,0.005627,0
11837,3275,0,0.034158,0
54784,13869,1,0.074597,0
59341,20608,0,0.013398,0
186178,31102,0,0.027348,0
152139,41169,0,0.002796,0
172018,5385,1,0.204276,0
127673,28326,0,0.003224,0
91691,48559,0,0.017717,0
119856,11112,0,0.034044,0
75853,13255,0,0.185745,0
64589,30353,0,0.012956,0
33390,5713,0,0.021347,0
99151,4920,0,0.020266,0
161563,19678,0,0.002608,0
181210,40706,0,0.00973,0
157847,5479,0,0.206202,0
147475,30489,0,0.009947,0
157523,33274,0,0.008451,0
191675,41596,0,0.183855,0
94786,32465,0,0.010926,0
76107,20168,0,0.004542,0
10172,48007,0,0.015533,0
205877,47024,0,0.003256,0
167104,7781,1,0.183598,0
49537,34128,0,0.030548,0
20744,25199,0,0.006404,0
141844,26128,0,0.003098,0
167308,24373,0,0.002894,0
203637,28515,0,0.128028,0
181866,6474,0,0.006511,0
74528,25340,0,0.012494,0
14268,19468,0,0.001532,0
10424,14284,0,0.101226,0
152324,20549,0,0.005779,0
106161,14579,0,0.001573,0
112445,21526,0,0.018637,0
150033,14462,0,0.011676,0
168859,7500,0,0.008028,0
176791,45154,0,0.004587,0
194125,13249,0,0.004395,0
135658,28204,0,0.00752,0
7345,21709,0,0.173455,0
10519,13802,0,0.033742,0
89786,47766,0,0.692078,1
6532,22312,0,0.002007,0
40627,43122,0,0.002123,0
5328,46616,0,0.001377,0
188282,15672,0,0.092966,0
16668,33352,0,0.017168,0
111388,10840,0,0.0428,0
195672,41220,0,0.06702,0
96206,925,0,0.00852,0
20280,21938,0,0.155007,0
74857,29392,0,0.056559,0
196602,24852,0,0.054404,0
117913,47772,0,0.016503,0
194026,24701,0,0.03051,0
150707,30353,1,0.438276,1
4646,48423,0,0.016194,0
70229,29382,0,0.007299,0
147717,47848,0,0.183555,0
33598,22124,1,0.614319,1
3546,44632,1,0.439548,1
126671,32047,0,0.060907,0
89898,43263,0,0.039903,0
70697,12456,0,0.144827,0
166239,790,0,0.04679,0
33559,39877,0,0.004546,0
60040,48026,0,0.042588,0
140622,34063,0,0.063962,0
58035,25837,0,0.093762,0
37795,16463,0,0.00751,0
189642,29346,0,0.004127,0
44298,47402,0,0.080809,0
152499,36591,0,0.05193,0
52196,16731,0,0.042229,0
81874,47209,0,0.176351,0
67741,46802,0,0.005509,0
174212,5699,0,0.011217,0
64134,47357,0,0.014334,0
80647,5755,0,0.006546,0
135839,7390,0,0.007713,0
5934,35943,0,0.0028,0
185442,13176,0,0.212969,0
130164,12409,0,0.010104,0
110152,7781,0,0.039186,0
62250,15861,0,0.043683,0
118626,13776,0,0.032338,0
91102,21616,0,0.009931,0
2609,45104,0,0.002962,0
186768,45788,0,0.007506,0
192045,15613,0,0.007189,0
124158,16137,0,0.01008,0
47915,46969,0,0.002353,0
61519,2446,0,0.003716,0
26693,18460,1,0.037882,0
17273,4605,0,0.064774,0
105169,21333,0,0.02692,0
132976,11140,0,0.005038,0
119424,49075,0,0.004109,0
59084,21405,0,0.057434,0
163464,31517,0,0.016088,0
59209,28204,0,0.046081,0
110315,26717,0,0.034881,0
78154,43409,0,0.001506,0
8232,14715,0,0.001781,0
166099,10711,0,0.001557,0
23581,42736,0,0.011783,0
181830,17794,0,0.013764,0
65798,14273,0,0.009311,0
72650,15100,0,0.006275,0
120488,22385,0,0.032392,0
146586,39059,0,0.003722,0
97401,19816,0,0.012917,0
141959,9741,0,0.010828,0
22133,11000,0,0.081298,0
186878,29370,0,0.013896,0
69985,35989,0,0.001829,0
46621,28632,0,0.011904,0
108341,29623,0,0.005686,0
165534,41842,0,0.035669,0
73300,47780,0,0.031461,0
124178,34358,1,0.058201,0
122891,27336,1,0.18653,0
177942,19057,0,0.037201,0
28760,25753,1,0.499028,1
109072,42110,0,0.001453,0
171395,43961,0,0.03522,0
108176,49187,0,0.025452,0
66996,39046,0,0.081401,0
195846,21077,0,0.120255,0
198393,2829,0,0.053118,0
162379,31683,0,0.01444,0
16879,30570,0,0.01506,0
135864,2962,1,0.791761,1
132972,42736,0,0.094956,0
66465,30776,0,0.010857,0
127009,23139,0,0.001274,0
10009,41593,0,0.072395,0
97498,8277,0,0.316062,1
10164,49235,0,0.031466,0
176301,30559,0,0.013063,0
55017,1516,0,0.002579,0
1820,6901,0,0.0528,0
120975,23375,0,0.081726,0
149854,16136,0,0.035635,0
86506,16274,0,0.060671,0
138214,17444,0,0.066552,0
188514,44479,0,0.021374,0
135377,38159,0,0.002534,0
25039,26593,0,0.080685,0
106093,16525,0,0.002292,0
71922,5613,0,0.017816,0
130560,33884,0,0.010471,0
53738,13176,0,0.060092,0
25855,47888,0,0.018927,0
141696,43768,0,0.13846,0
111082,46844,0,0.033699,0
116213,8518,0,0.017447,0
79597,1,0,0.004877,0
91377,30839,1,0.249122,1
118826,21174,0,0.019682,0
78494,38383,0,0.081849,0
148704,27307,0,0.161221,0
49133,42208,0,0.243511,1
84553,22788,0,0.003948,0
133972,31343,0,0.030181,0
48936,1783,0,0.007814,0
139980,30559,0,0.01064,0
128777,18439,0,0.165606,0
15357,49383,0,0.007209,0
110737,27442,0,0.016462,0
196580,4645,0,0.05708,0
26272,36485,0,0.0031,0
124885,5025,0,0.030583,0
24910,5240,0,0.082659,0
43555,13858,0,0.017345,0
142025,32265,0,0.008252,0
131979,30759,0,0.001425,0
28453,41480,0,0.088292,0
82778,23600,0,0.003791,0
39759,651,0,0.059333,0
25493,23516,0,0.016422,0
150516,16759,0,0.138351,0
145032,38694,0,0.012564,0
103471,27683,0,0.008143,0
167728,42667,0,0.023031,0
199465,6036,0,0.047802,0
167653,12932,0,0.006646,0
95984,4030,1,0.034068,0
2273,5373,0,0.101143,0
52814,1376,0,0.023276,0
202017,42817,0,0.107112,0
198522,23296,1,0.461711,1
105706,27429,0,0.052365,0
57897,30985,1,0.286837,1
133181,49269,0,0.033128,0
22970,30391,1,0.046601,0
200711,38508,0,0.001992,0
193708,23029,0,0.019886,0
153278,15176,0,0.032665,0
97977,28990,0,0.013181,0
86005,39928,0,0.050473,0
111609,42768,0,0.017731,0
170415,37687,0,0.020731,0
63237,21334,0,0.024261,0
183631,27790,0,0.040829,0
28351,5110,0,0.051873,0
154077,48364,0,0.010839,0
19544,40724,0,0.042114,0
36190,33846,0,0.002553,0
33010,27966,0,0.093595,0
52589,6184,0,0.031243,0
179236,8189,0,0.051307,0
154521,49026,0,0.307717,1
31210,20904,0,0.024704,0
38878,42736,0,0.006696,0
204814,8670,0,0.007887,0
175905,32689,0,0.102015,0
648,32691,0,0.096221,0
144015,8903,1,0.180285,0
49005,8390,0,0.384701,1
47343,21709,0,0.354854,1
49653,43263,0,0.014489,0
203523,6844,0,0.005975,0
160650,40587,0,0.00674,0
95471,43765,0,0.001716,0
179001,33370,0,0.231602,1
6586,10102,0,0.035283,0
165212,22795,0,0.006019,0
120185,26272,0,0.025421,0
94525,10534,0,0.003207,0
128123,10447,0,0.013161,0
68619,48239,0,0.011821,0
147229,39275,1,0.204507,0
184212,21903,1,0.275775,1
157318,13027,0,0.287324,1
27030,41745,0,0.020382,0
147970,48183,0,0.003535,0
82192,17794,0,0.049397,0
159887,16521,0,0.045693,0
30536,18234,0,0.017123,0
68492,19057,0,0.031118,0
65730,26209,1,0.666589,1
9433,27750,0,0.057596,0
155310,12320,0,0.019725,0
60049,24184,0,0.030256,0
32794,5114,0,0.008045,0
139474,8277,0,0.175981,0
142779,38596,0,0.004871,0
113238,31469,0,0.035003,0
187984,4920,0,0.050028,0
149858,46041,0,0.004521,0
105428,28985,0,0.02768,0
189951,15872,1,0.440124,1
85114,6808,0,0.024501,0
149784,24497,0,0.00336,0
152937,32652,0,0.092129,0
102616,25691,1,0.130132,0
111465,47626,0,0.077752,0
126073,49,0,0.068122,0
173997,44533,0,0.065458,0
126510,16797,0,0.021337,0
120296,27336,0,0.009417,0
494,2326,1,0.578668,1
182171,36848,0,0.077576,0
107077,20323,0,0.01138,0
191747,30827,0,0.006135,0
32813,44632,0,0.190438,0
90681,40706,1,0.092852,0
56040,38425,1,0.506523,1
97647,47501,0,0.012948,0
175218,49134,0,0.038693,0
128635,39984,0,0.103918,0
68075,33568,0,0.007514,0
109960,33884,0,0.004522,0
61699,16278,0,0.008887,0
94310,13176,0,0.045632,0
47590,17821,0,0.100611,0
201974,36322,0,0.004786,0
169503,11737,1,0.130068,0
29168,42697,0,0.012566,0
76954,24184,0,0.040577,0
84352,37072,1,0.070525,0
188430,39871,0,0.002368,0
119081,16797,0,0.092507,0
62355,47630,0,0.190412,0
171175,42768,0,0.014189,0
2432,27243,0,0.01236,0
86635,32478,0,0.093723,0
179973,26209,0,0.03756,0
73016,24231,0,0.077174,0
35590,24838,0,0.859037,1
133638,38596,0,0.007818,0
25900,39428,0,0.136144,0
181371,38515,0,0.016707,0
121467,4799,1,0.197357,0
116328,23400,0,0.031792,0
40338,890,0,0.005467,0
16406,1071,0,0.086386,0
10443,33000,0,0.013435,0
181263,17461,0,0.079565,0
151584,3513,0,0.004562,0
15503,10666,0,0.078315,0
148707,48679,0,0.104814,0
111486,24852,0,0.034527,0
157960,33731,0,0.008956,0
116063,39427,0,0.023298,0
160216,44413,0,0.004997,0
87018,4945,1,0.153065,0
86767,47144,0,0.005384,0
11539,46562,0,0.044366,0
199765,29182,0,0.025339,0
193865,21137,0,0.199331,0
55511,47740,0,0.001238,0
66854,27521,1,0.424705,1
91303,9327,0,0.001617,0
140395,9517,0,0.009535,0
179310,44142,0,0.020154,0
97101,23881,0,0.185085,0
104036,47144,0,0.097259,0
195853,6193,0,0.003566,0
200869,9030,0,0.002859,0
84586,29463,0,0.023631,0
67684,12312,0,0.006091,0
87473,4614,0,0.001748,0
5896,44280,0,0.004116,0
67263,33113,0,0.02412,0
147782,20794,0,0.28486,1
15634,196,0,0.014658,0
138362,38508,0,0.022625,0
172463,29742,0,0.052965,0
197911,21903,0,0.037081,0
137832,10912,0,0.144083,0
139318,21472,0,0.04772,0
201721,5684,0,0.154409,0
140014,21131,0,0.005114,0
44299,10574,0,0.0022,0
7228,32013,0,0.001475,0
61799,7781,0,0.008838,0
39735,7093,0,0.020877,0
44027,18389,0,0.05206,0
71922,17596,0,0.010438,0
13730,17299,0,0.004011,0
94499,28785,0,0.051717,0
69332,26723,0,0.033404,0
99749,36735,0,0.057052,0
88938,34262,0,0.036367,0
143993,35547,0,0.019808,0
156163,6550,0,0.028409,0
36691,24179,0,0.025442,0
52167,30599,0,0.01076,0
152781,47626,0,0.03914,0
23591,36929,0,0.050034,0
22640,3367,0,0.02453,0
175720,4605,0,0.022913,0
42446,11182,0,0.012188,0
114661,11345,1,0.155524,0
48306,6210,1,0.246258,1
95317,9327,0,0.008448,0
128615,7644,0,0.03096,0
147797,26569,0,0.011111,0
78050,40556,0,0.003544,0
155204,34321,0,0.004005,0
105950,10957,0,0.030322,0
164116,28204,0,0.119123,0
72340,11422,0,0.014308,0
132336,21953,0,0.024211,0
122704,43713,0,0.012979,0
178443,22210,0,0.009304,0
133917,22952,0,0.026643,0
6562,44987,0,0.001939,0
10795,39275,0,0.064871,0
13503,10761,0,0.032108,0
180459,46979,0,0.079229,0
170099,15404,0,0.083876,0
151132,20814,0,0.018017,0
138673,10132,0,0.050139,0
180836,32691,0,0.068262,0
117356,42943,0,0.025931,0
156928,36189,0,0.044334,0
97018,2646,0,0.008444,0
145262,45066,0,0.020792,0
124725,516,0,0.036994,0
125441,48423,0,0.003862,0
3006,21267,0,0.010167,0
14666,41844,0,0.183811,0
21300,7130,0,0.28678,1
139378,24908,0,0.012541,0
70119,16349,0,0.01538,0
82164,31801,0,0.014094,0
185720,5785,0,0.024283,0
13562,36256,0,0.019608,0
180533,32869,0,0.024349,0
73043,27316,0,0.592608,1
103385,39013,0,0.036731,0
29029,44570,0,0.016384,0
128315,39620,0,0.01373,0
131034,31355,0,0.00396,0
88884,35333,0,0.030493,0
3450,24954,0,0.006968,0
126425,2361,0,0.005627,0
9398,24499,0,0.254033,1
59291,3376,0,0.113024,0
898,23852,0,0.006271,0
173460,25630,0,0.018854,0
23956,18370,0,0.009656,0
99780,41951,0,0.040263,0
117615,22656,0,0.014572,0
125128,9584,0,0.434279,1
168241,18234,0,0.013391,0
177895,28851,0,0.011509,0
122696,15359,0,0.003268,0
184856,46226,0,0.033628,0
203416,37820,0,0.011944,0
80883,45010,0,0.008553,0
20397,15100,0,0.1043,0
145868,37524,0,0.009242,0
197448,26660,0,0.015022,0
97013,30148,0,0.023514,0
8028,46916,0,0.002012,0
42555,23025,0,0.01654,0
99334,42506,0,0.056599,0
88273,45840,0,0.002153,0
112110,1,0,0.003205,0
128380,3111,0,0.00363,0
104659,47766,0,0.140153,0
34321,24985,0,0.00206,0
76473,33198,0,0.0312,0
113426,29695,0,0.055586,0
62382,37065,0,0.011982,0
191368,44424,0,0.006211,0
64654,14992,0,0.033985,0
14365,43421,0,0.021613,0
178415,18615,0,0.033301,0
206042,9213,0,0.102039,0
53071,47601,0,0.080273,0
96577,28836,0,0.104089,0
199327,2086,0,0.010526,0
152340,41148,0,0.009275,0
194140,27683,0,0.023935,0
156151,4656,0,0.068974,0
190562,31462,0,0.031259,0
160718,21777,1,0.723256,1
143948,2380,0,0.006744,0
108637,16617,0,0.055135,0
202113,16797,0,0.02187,0
32124,45965,0,0.031561,0
131034,27156,0,0.019864,0
79555,4647,0,0.039714,0
31403,32638,0,0.005287,0
76473,41787,0,0.215963,0
164404,47274,0,0.032085,0
116416,42341,0,0.010323,0
176272,44766,0,0.034139,0
44299,26976,0,0.005962,0
114664,486,0,0.006354,0
198291,1217,0,0.003942,0
127006,34335,0,0.0078,0
13433,10749,0,0.009465,0
26225,39669,0,0.136353,0
67237,34557,1,0.640062,1
30910,5550,0,0.089258,0
58271,12805,0,0.006909,0
63226,42139,0,0.017427,0
31191,40088,0,0.020592,0
65641,46654,0,0.017934,0
113482,47209,0,0.099515,0
79727,16622,0,0.120763,0
80988,2180,0,0.007515,0
5896,35825,0,0.003879,0
86792,34458,0,0.009247,0
157089,7021,0,0.091933,0
199881,10070,0,0.25253,1
129181,21903,0,0.119604,0
36972,22276,0,0.01395,0
167488,42625,0,0.041247,0
195202,3738,0,0.124335,0
86915,31433,0,0.023101,0
117210,39619,0,0.027468,0
86479,41960,0,0.144649,0
12232,22034,0,0.015817,0
172031,6343,0,0.188806,0
148112,35951,0,0.005513,0
27351,23621,0,0.016399,0
77321,39247,0,0.083472,0
185809,46979,1,0.083278,0
44060,1511,0,0.496466,1
82895,15261,0,0.014145,0
44463,49269,0,0.187089,0
137243,11365,0,0.114606,0
91330,49235,0,0.037458,0
112154,4957,0,0.09865,0
74375,4920,0,0.236693,1
15805,17781,0,0.003134,0
201609,29780,0,0.024152,0
155474,28897,0,0.037263,0
59364,15160,0,0.003201,0
150225,10083,0,0.002487,0
52688,7213,0,0.035293,0
87363,28695,0,0.010347,0
33795,41950,0,0.02965,0
173608,47526,0,0.024661,0
23153,28842,0,0.010165,0
180353,35121,0,0.112962,0
190561,47492,0,0.17596,0
153405,36759,0,0.007318,0
55713,45007,0,0.134722,0
4262,2124,0,0.040473,0
20275,14168,0,0.017681,0
68991,4256,0,0.019232,0
28791,24964,0,0.031828,0
118389,24852,0,0.244864,1
156905,13578,0,0.01286,0
160378,25931,1,0.379913,1
89694,46047,0,0.005436,0
96381,21903,0,0.234832,1
41552,35561,0,0.060502,0
155066,16896,0,0.010566,0
181507,23047,0,0.033081,0
27470,10957,0,0.010583,0
189357,39877,1,0.623288,1
164346,14849,0,0.024289,0
68651,45116,0,0.040741,0
155976,30949,0,0.076066,0
152350,742,0,0.004835,0
62410,24561,0,0.019379,0
119910,47672,0,0.007914,0
6557,35263,0,0.020359,0
128218,9122,0,0.017724,0
60650,29615,0,0.025365,0
67463,19734,0,0.004933,0
144685,14992,0,0.006807,0
88000,9020,0,0.030158,0
199878,18702,0,0.256208,1
95853,10246,0,0.063634,0
92864,42828,0,0.020774,0
6895,39911,0,0.005852,0
175732,47141,0,0.057627,0
115071,31717,0,0.155341,0
78550,8479,0,0.029303,0
83563,9703,0,0.032215,0
93964,12403,0,0.030064,0
125484,20282,0,0.004543,0
167684,21616,0,0.042413,0
45003,13885,0,0.016072,0
193301,24125,0,0.008555,0
128848,13870,0,0.106474,0
129247,13212,0,0.00121,0
127390,2238,0,0.156543,0
12903,30391,0,0.080026,0
199299,1076,0,0.191044,0
59188,39781,0,0.052617,0
193131,39275,0,0.009547,0
80923,16322,0,0.066494,0
144160,42625,0,0.011877,0
176152,31022,0,0.004135,0
59471,17224,0,0.039267,0
149858,42602,0,0.002544,0
14737,1440,0,0.005729,0
59471,22915,0,0.171189,0
13225,3689,0,0.026511,0
176910,3717,0,0.015888,0
119382,39980,0,0.00149,0
163921,16234,0,0.018196,0
153819,8366,1,0.195092,0
159647,11412,0,0.009534,0
134670,14715,1,0.761882,1
89184,28985,0,0.055916,0
164709,758,0,0.038202,0
85072,23765,0,0.012939,0
23054,8518,0,0.038662,0
115674,8204,0,0.063131,0
36267,18656,0,0.291195,1
120273,16083,0,0.004777,0
177016,43908,0,0.002038,0
37650,23234,0,0.032061,0
146655,32293,0,0.013846,0
107005,21195,0,0.016023,0
53195,26763,0,0.008774,0
75805,37710,1,0.091375,0
153155,13829,0,0.005017,0
46761,24009,0,0.008022,0
84308,2238,0,0.156367,0
198699,26497,1,0.097308,0
194213,22034,0,0.024096,0
188089,32460,0,0.064823,0
132456,45535,0,0.040488,0
105845,41755,0,0.016586,0
176212,28983,0,0.002606,0
137878,44408,0,0.003843,0
53360,13535,0,0.01506,0
53818,16759,0,0.016033,0
31278,46654,0,0.027814,0
152355,22144,0,0.017163,0
21554,17988,0,0.001666,0
188732,24043,0,0.037164,0
83763,3988,0,0.001592,0
119290,24933,0,0.007704,0
189898,18531,0,0.215854,0
202394,8518,0,0.178401,0
146754,38622,0,0.062409,0
17553,28204,0,0.10424,0
65452,21288,0,0.014195,0
78670,31495,0,0.021293,0
23386,28476,0,0.022717,0
172732,27966,0,0.048262,0
36694,39997,0,0.004212,0
48259,34727,0,0.054977,0
48125,39275,0,0.355113,1
7184,23645,0,0.061632,0
33021,7175,0,0.010204,0
119348,1234,0,0.006984,0
204247,43352,0,0.064835,0
26533,23181,0,0.036468,0
70267,42183,0,0.055279,0
21553,9901,0,0.009705,0
61899,47652,0,0.01016,0
181981,39190,0,0.001989,0
25696,7736,0,0.01384,0
70971,34862,0,0.002361,0
145772,24830,0,0.012498,0
54859,13906,0,0.002766,0
17851,17915,0,0.012205,0
98197,5025,0,0.026438,0
6448,46147,0,0.082059,0
184589,46667,0,0.10121,0
198217,49416,0,0.006585,0
103420,9839,0,0.068849,0
104692,42828,0,0.0048,0
7224,5884,0,0.020308,0
153548,42701,0,0.209385,0
72536,35628,0,0.163561,0
64317,39275,0,0.005662,0
21059,33279,0,0.011755,0
23822,16185,0,0.087761,0
202252,45535,0,0.020287,0
78724,26209,0,0.032109,0
70679,26894,0,0.007186,0
45845,41242,1,0.5363,1
61607,3599,1,0.156455,0
74847,41273,0,0.01754,0
96193,34668,0,0.039842,0
74043,25952,1,0.149406,0
92856,41484,0,0.037167,0
54154,21903,0,0.03807,0
166566,7718,0,0.105687,0
66500,14259,0,0.023837,0
153351,12456,0,0.008071,0
183782,35535,0,0.021706,0
21304,24197,0,0.005977,0
24553,39877,0,0.19238,0
23797,23288,0,0.017449,0
75674,2646,0,0.013932,0
43612,35523,0,0.016781,0
126445,26405,1,0.310523,1
62647,44303,0,0.006836,0
43072,34489,0,0.019965,0
9193,37096,0,0.003954,0
104659,34126,0,0.143555,0
70971,34858,0,0.001719,0
132529,18927,0,0.06148,0
1584,24850,0,0.01661,0
12787,39408,0,0.033143,0
186595,38185,1,0.547001,1
10595,36961,0,0.092638,0
152877,48795,0,0.027741,0
153777,47734,0,0.004757,0
35382,11827,0,0.001418,0
133507,29077,0,0.026226,0
19527,20842,0,0.016137,0
53925,31433,0,0.004598,0
4543,15392,0,0.01026,0
105585,27681,0,0.043568,0
202100,20479,0,0.034608,0
112110,27635,0,0.005536,0
29012,9554,0,0.022021,0
74908,49531,0,0.026768,0
184215,36759,0,0.147138,0
44106,19254,0,0.036746,0
84327,37947,0,0.090046,0
152538,13245,0,0.032636,0
53694,17021,1,0.063707,0
185523,977,0,0.027769,0
48125,1935,0,0.033158,0
125204,36085,0,0.064841,0
50742,5322,0,0.038148,0
168912,1870,0,0.001213,0
123888,20704,1,0.061052,0
113129,26369,0,0.003588,0
136468,31040,0,0.013645,0
37320,49683,0,0.017397,0
176301,24184,0,0.074693,0
203343,20995,0,0.005575,0
20688,40279,0,0.008816,0
14692,37552,0,0.110388,0
28227,41319,0,0.034613,0
106474,1468,0,0.016606,0
159827,46242,0,0.035888,0
36928,24160,0,0.014528,0
32388,1117,0,0.005436,0
193131,13736,0,0.00359,0
189680,16687,0,0.001442,0
89639,38679,0,0.015472,0
101225,27966,0,0.045716,0
92193,7021,0,0.185133,0
82945,7150,0,0.005834,0
203593,5422,0,0.163793,0
36177,26790,0,0.00687,0
2316,22963,1,0.467328,1
33599,40034,0,0.019284,0
169856,6649,0,0.00544,0
102484,5098,0,0.015332,0
68238,41570,0,0.02618,0
144687,21288,0,0.155783,0
28958,3880,0,0.055342,0
86816,17122,0,0.027475,0
177520,39545,0,0.003995,0
50469,12206,0,0.036679,0
5011,11520,0,0.249398,1
29857,5876,0,0.021702,0
147532,32545,0,0.010637,0
93902,5450,0,0.06378,0
165625,44142,0,0.030349,0
42890,38456,0,0.00422,0
146613,43961,0,0.002305,0
69951,45622,0,0.025934,0
45802,3397,0,0.054595,0
168016,11408,0,0.114891,0
137048,26620,0,0.086472,0
156784,22995,0,0.004609,0
52334,28597,0,0.102645,0
53535,33846,0,0.052422,0
162366,26177,0,0.061161,0
88448,12276,0,0.048114,0
51645,23622,0,0.003569,0
16434,11005,0,0.045679,0
31382,21184,0,0.01151,0
17915,44561,0,0.013279,0
94868,15902,0,0.003073,0
46657,8518,0,0.101733,0
50249,35183,0,0.032947,0
158022,40386,0,0.016433,0
136235,5621,0,0.009541,0
27154,26355,0,0.029899,0
148468,37711,0,0.00325,0
40437,6141,0,0.027591,0
161775,20118,0,0.132218,0
175767,30391,0,0.118911,0
80218,4799,0,0.271739,1
168275,47123,0,0.016075,0
94285,37552,0,0.001702,0
180890,42736,0,0.05918,0
138600,47209,0,0.020213,0
37409,45,0,0.005152,0
845,16617,0,0.02255,0
26929,24184,0,0.034932,0
204884,26209,0,0.005426,0
124493,2537,0,0.017108,0
16118,4605,0,0.093834,0
36688,41844,1,0.040952,0
15626,15438,0,0.015622,0
70786,17328,0,0.002582,0
23568,27845,0,0.142424,0
118177,9112,0,0.055615,0
139415,2825,0,0.007929,0
31585,10385,0,0.069746,0
168386,22218,0,0.041923,0
5382,30981,0,0.001484,0
191191,13176,0,0.041164,0
80607,6181,0,0.005666,0
127525,11218,0,0.002056,0
156304,17794,0,0.044917,0
153065,21709,0,0.035402,0
87856,3464,0,0.131744,0
186249,10132,0,0.025454,0
148304,8174,0,0.003365,0
23852,21903,0,0.190952,0
169180,25138,0,0.025325,0
189750,11011,0,0.007955,0
33535,34565,0,0.011858,0
166459,39971,0,0.006779,0
197112,29604,0,0.040529,0
94959,9092,0,0.029221,0
203504,41998,0,0.004146,0
199995,38293,0,0.006179,0
50146,46041,0,0.015332,0
51006,41273,1,0.363064,1
156203,20119,0,0.005153,0
128137,21137,0,0.054439,0
156718,31066,0,0.016851,0
2404,16978,0,0.019825,0
9530,4799,0,0.024923,0
166159,39353,0,0.009709,0
18496,22825,0,0.025099,0
11378,46510,0,0.034909,0
20688,39758,0,0.009083,0
159240,39922,0,0.019092,0
103242,10749,0,0.043146,0
97401,36034,0,0.008297,0
11729,40706,0,0.094377,0
135429,23879,0,0.171529,0
1595,24489,0,0.136712,0
169430,15860,0,0.016367,0
89699,30169,0,0.006002,0
54610,22124,0,0.083612,0
65753,27966,0,0.128452,0
73310,30853,0,0.011123,0
56040,33316,0,0.00737,0
31796,39275,0,0.05356,0
116929,36735,0,0.007049,0
85622,39475,0,0.009875,0
22662,7121,0,0.014123,0
205406,23288,0,0.030236,0
66096,11465,0,0.002818,0
133953,8021,0,0.139266,0
40864,30623,0,0.045071,0
61197,17706,0,0.039841,0
50583,19731,0,0.003672,0
183353,3798,0,0.026225,0
20951,14157,0,0.007257,0
147903,26629,0,0.006681,0
51138,33153,0,0.012148,0
187945,31717,0,0.070608,0
148213,16521,0,0.003049,0
156882,35108,0,0.023217,0
34772,46802,0,0.001344,0
125882,42615,0,0.017388,0
143033,46260,0,0.016868,0
62239,46979,0,0.046568,0
117356,16891,0,0.018938,0
46691,30420,0,0.027393,0
98430,19678,0,0.008671,0
184373,43889,0,0.022742,0
54133,14161,0,0.049273,0
152725,21351,0,0.002194,0
127455,30489,0,0.121091,0
151737,8194,0,0.024092,0
47197,47209,0,0.011308,0
38732,4605,0,0.003978,0
147112,16797,0,0.005457,0
131125,41665,0,0.005093,0
180734,47209,0,0.057534,0
124938,27323,0,0.018286,0
37897,21938,0,0.030657,0
105262,47284,0,0.114264,0
125955,18382,0,0.018396,0
137495,41325,0,0.028136,0
106556,10960,0,0.033155,0
127322,11782,0,0.004223,0
82591,6734,0,0.039468,0
91619,35328,0,0.029147,0
204613,38164,0,0.018015,0
155666,26177,0,0.038468,0
107629,42516,0,0.002469,0
178775,26280,0,0.033451,0
119424,12797,0,0.001347,0
51616,39886,0,0.025694,0
122821,4793,0,0.008912,0
78867,49273,0,0.001225,0
29195,13176,0,0.314663,1
195360,38689,0,0.081006,0
146915,3956,0,0.022659,0
200052,44359,0,0.018267,0
145844,17316,0,0.019877,0
40180,2537,0,0.002389,0
27392,8803,0,0.020469,0
10595,23339,0,0.006352,0
121860,27142,0,0.06609,0
133199,18234,0,0.009798,0
172325,45497,0,0.003113,0
104636,5449,0,0.048021,0
124351,27179,1,0.027544,0
13631,49079,0,0.010101,0
87811,9210,0,0.01362,0
10316,21616,0,0.038072,0
190389,32433,0,0.01158,0
201636,22922,0,0.032239,0
5556,45613,0,0.008923,0
200711,17858,0,0.005507,0
204210,26298,0,0.005564,0
5378,17122,0,0.050712,0
79795,40063,0,0.01542,0
8748,24964,0,0.088841,0
109338,3631,1,0.479012,1
177224,21705,0,0.013206,0
168871,16145,0,0.036046,0
51483,46692,0,0.058359,0
192533,35108,0,0.019351,0
48931,10709,0,0.015383,0
141268,5785,0,0.053618,0
4663,17123,0,0.006317,0
74158,10221,0,0.032416,0
120200,12204,0,0.014383,0
60421,6224,0,0.003029,0
68679,7205,0,0.002041,0
101465,21083,0,0.100579,0
94033,42342,0,0.008923,0
25944,32922,0,0.043314,0
18677,1752,0,0.013622,0
117654,5077,0,0.011937,0
21533,44830,0,0.157164,0
108820,47209,0,0.015305,0
118430,42768,0,0.026696,0
193980,34861,0,0.007314,0
175643,25283,0,0.034829,0
122846,24838,0,0.039392,0
103784,38768,0,0.03829,0
104184,27625,0,0.016196,0
89246,19678,0,0.004601,0
5971,12606,0,0.003833,0
141547,32538,0,0.078731,0
56412,19151,0,0.00702,0
129961,31759,0,0.013154,0
175893,21376,0,0.069561,0
194934,31981,0,0.127671,0
125746,42936,0,0.02407,0
77751,19508,0,0.067498,0
189656,21295,0,0.090987,0
66092,45007,0,0.008355,0
117023,5194,0,0.04772,0
181218,15902,0,0.587007,1
42906,34688,0,0.035419,0
49480,37594,0,0.004076,0
151703,7354,0,0.235407,1
192797,7987,0,0.029969,0
72703,481,0,0.010542,0
40753,5024,0,0.054368,0
111972,27398,0,0.010227,0
130362,3631,1,0.042447,0
148242,24852,0,0.055042,0
179215,16254,0,0.011167,0
175175,28348,0,0.033979,0
40744,48241,1,0.588979,1
49010,15290,0,0.194493,0
166983,4793,0,0.016619,0
161264,5031,0,0.048313,0
144746,17027,1,0.231941,1
173482,21349,0,0.049923,0
118718,20126,0,0.025009,0
19510,47910,0,0.014712,0
180067,37687,0,0.003314,0
6851,37107,0,0.002239,0
99758,6808,0,0.001695,0
132972,7500,0,0.021413,0
59545,45856,0,0.015154,0
143526,19602,0,0.040248,0
64704,17835,0,0.005941,0
30877,45356,0,0.007175,0
39761,37107,0,0.009264,0
18142,16393,0,0.004451,0
56791,18362,0,0.445216,1
64925,1215,0,0.07191,0
52848,43619,0,0.024696,0
189895,38777,0,0.01643,0
132224,20842,0,0.008335,0
56570,25094,0,0.002531,0
71993,7371,0,0.113891,0
49881,24852,0,0.155448,0
67042,9347,0,0.024165,0
45528,24184,1,0.139823,0
53155,40863,0,0.075719,0
53634,21464,0,0.003838,0
53212,21137,0,0.080734,0
53548,19678,0,0.00628,0
49685,45541,0,0.038793,0
74279,21280,0,0.009225,0
16945,10482,0,0.00383,0
23086,38293,0,0.021255,0
52144,13802,0,0.066621,0
120997,2024,0,0.023272,0
9197,8518,0,0.053656,0
118837,48679,0,0.120434,0
8013,40002,0,0.019828,0
147291,49424,0,0.009304,0
29710,33000,0,0.020787,0
85113,7751,0,0.005307,0
91276,26790,1,0.338711,1
157164,39491,0,0.005056,0
149346,7559,0,0.119539,0
193951,21137,0,0.140339,0
98703,13304,0,0.011907,0
162742,2581,0,0.013398,0
44742,31640,0,0.018408,0
24394,36601,0,0.00455,0
111997,23744,0,0.015748,0
174422,45066,0,0.034698,0
177444,34243,0,0.078402,0
92688,22757,0,0.038868,0
15395,46720,0,0.003814,0
9985,47626,0,0.070668,0
73571,5194,0,0.024118,0
6613,32115,0,0.02761,0
184373,23995,0,0.024403,0
141431,19690,0,0.161217,0
189801,28204,0,0.050276,0
108870,27275,0,0.067298,0
51848,28469,0,0.004031,0
98816,39275,0,0.020994,0
183274,48679,0,0.003365,0
111105,45570,0,0.511242,1
67829,4472,0,0.011579,0
61282,47626,0,0.07525,0
160656,16797,0,0.036973,0
173972,17795,0,0.012728,0
184942,48775,0,0.002702,0
122285,22935,1,0.280105,1
66794,9092,0,0.001332,0
32713,3599,0,0.045852,0
179284,7948,0,0.091787,0
127453,12864,0,0.003374,0
142461,48974,0,0.011531,0
45011,10246,0,0.011691,0
184218,5818,0,0.010301,0
120270,28745,0,0.006906,0
79366,5460,0,0.033084,0
175354,30169,0,0.057333,0
164383,47357,0,0.002976,0
25992,16756,0,0.007515,0
15423,41220,0,0.002582,0
46129,40009,0,0.028027,0
118146,16757,0,0.067436,0
192360,31727,0,0.003691,0
155797,6286,0,0.27028,1
26613,5769,0,0.013804,0
74948,46413,0,0.02394,0
75407,4945,0,0.037855,0
97526,48845,0,0.001389,0
120833,33000,0,0.009521,0
33057,24221,0,0.02413,0
193986,21573,0,0.05734,0
69999,8929,0,0.024608,0
73701,7948,0,0.033378,0
141420,18090,0,0.003536,0
105879,7559,0,0.017161,0
116209,49318,0,0.106676,0
162873,43352,0,0.048157,0
178045,21709,0,0.026572,0
34489,35108,0,0.014682,0
140132,17905,0,0.010323,0
187717,38525,0,0.031999,0
131420,34126,0,0.196605,0
198692,37825,0,0.005967,0
41827,16436,0,0.004776,0
177082,38028,0,0.016129,0
15142,7371,0,0.018731,0
113517,21083,0,0.003923,0
87741,26604,0,0.032647,0
7607,26283,0,0.088241,0
22599,3627,0,0.010754,0
167069,35420,0,0.001696,0
155011,4421,0,0.002268,0
165601,40464,0,0.005099,0
139034,22031,0,0.078855,0
85952,33198,1,0.809675,1
66286,23516,0,0.013418,0
136611,24838,0,0.057941,0
4383,15130,0,0.013874,0
165716,2314,0,0.002453,0
36972,16797,0,0.020281,0
53522,6224,0,0.004075,0
152174,12312,0,0.010734,0
68591,1511,0,0.018644,0
79213,19201,0,0.001572,0
62834,42224,0,0.006785,0
97286,47144,0,0.355637,1
39752,31066,0,0.003061,0
152717,44267,1,0.07032,0
27578,18441,0,0.035155,0
120303,44887,0,0.092416,0
44814,6137,0,0.026593,0
164843,2078,0,0.027424,0
175238,1202,0,0.02347,0
114227,21403,0,0.006917,0
55315,27966,0,0.030759,0
11698,24964,0,0.093618,0
15142,22935,0,0.014368,0
130082,45,0,0.009347,0
30052,21386,0,0.318343,1
158036,46667,0,0.034256,0
2316,47133,0,0.138084,0
90095,49500,0,0.008143,0
86099,34497,0,0.027631,0
180735,7628,0,0.003603,0
193568,11078,0,0.096267,0
25779,33636,0,0.04819,0
184248,24009,0,0.006869,0
143487,34871,0,0.011345,0
126268,39275,0,0.190566,0
51645,21938,0,0.002794,0
172053,10036,0,0.001782,0
102366,47626,0,0.547165,1
43764,40603,0,0.039102,0
181676,48781,0,0.015998,0
5002,19457,0,0.007165,0
129223,26209,0,0.013217,0
109101,23466,0,0.031397,0
64037,5646,0,0.001492,0
140292,46584,0,0.005715,0
54160,4957,0,0.021873,0
77694,8670,0,0.007989,0
151805,30233,0,0.0048,0
117057,18872,0,0.038049,0
93870,19348,0,0.186808,0
41826,34358,0,0.013971,0
146951,6128,0,0.120266,0
116619,32915,0,0.025875,0
177934,21137,0,0.055094,0
40150,47209,1,0.407349,1
158372,33120,0,0.053558,0
178491,27325,0,0.18513,0
115909,5134,1,0.542818,1
92044,45656,0,0.002469,0
741,39275,0,0.026522,0
197683,47766,0,0.017704,0
199392,34368,0,0.002658,0
140539,46979,0,0.463363,1
158382,45519,0,0.010318,0
201241,23047,0,0.156237,0
30079,23592,0,0.034219,0
99551,13221,0,0.03159,0
95337,24489,0,0.030398,0
75446,2078,0,0.014633,0
90899,15976,0,0.021429,0
117287,30949,0,0.328471,1
116592,37766,0,0.002015,0
10329,38003,0,0.014514,0
115236,30326,0,0.079849,0
146246,937,0,0.049771,0
188250,15290,0,0.029896,0
113496,25804,0,0.008368,0
190501,21667,0,0.025508,0
15293,8910,0,0.033543,0
125554,24852,0,0.406061,1
52011,26452,0,0.017865,0
85952,6656,0,0.022513,0
870,40706,0,0.003378,0
189034,1104,0,0.009529,0
181866,5911,0,0.082121,0
77403,40377,0,0.003518,0
56791,31215,0,0.11392,0
85132,35336,0,0.136043,0
38853,4796,0,0.018759,0
29694,27104,0,0.079887,0
46674,29662,0,0.004618,0
172353,30169,0,0.002493,0
120015,8671,0,0.030154,0
25466,29622,0,0.019817,0
103204,45190,0,0.040685,0
200324,28413,0,0.132576,0
97785,32285,0,0.014931,0
107314,46979,0,0.018421,0
182618,18557,0,0.010922,0
155425,31964,0,0.051683,0
136048,39958,0,0.006859,0
66229,36051,0,0.028613,0
82368,5984,0,0.032487,0
65151,47977,0,0.00865,0
109757,49484,1,0.100214,0
132299,35123,0,0.001507,0
46701,8638,0,0.00201,0
10844,33493,0,0.010614,0
169471,3477,0,0.001759,0
48026,17650,0,0.028789,0
1240,39475,0,0.001923,0
59325,39492,0,0.011168,0
48957,38647,0,0.003626,0
151197,48737,0,0.01396,0
186963,21295,0,0.004939,0
38158,3805,0,0.029582,0
173347,8710,0,0.018919,0
42956,14335,1,0.596232,1
133063,10528,0,0.063563,0
140331,28985,0,0.100873,0
39640,23909,1,0.569829,1
96832,22282,1,0.513542,1
166584,7758,0,0.026999,0
84065,18471,0,0.006437,0
131890,43768,0,0.036765,0
72340,19348,0,0.310499,1
154757,31564,1,0.100375,0
33789,44961,0,0.0489,0
68269,39928,0,0.010131,0
193576,35108,1,0.046696,0
142056,37033,0,0.024043,0
92765,42471,0,0.03064,0
115780,7021,0,0.006356,0
2241,12419,0,0.016493,0
2482,29315,0,0.013195,0
14779,2180,0,0.013928,0
92595,32139,0,0.279829,1
134756,4605,0,0.154936,0
49973,17747,0,0.028097,0
73899,12872,0,0.038505,0
23876,8379,0,0.042143,0
2118,32573,0,0.070263,0
5983,43788,0,0.031516,0
80440,37234,0,0.260846,1
53932,890,0,0.043175,0
148112,13640,0,0.016084,0
60228,40593,0,0.019822,0
77937,22035,0,0.038815,0
128262,24683,0,0.010529,0
169013,24852,0,0.155663,0
95441,37711,0,0.019653,0
158836,36929,0,0.016335,0
87530,19678,0,0.140198,0
139423,30720,0,0.033475,0
197033,29894,0,0.003809,0
132004,39275,0,0.063463,0
203987,28985,0,0.118019,0
91840,48144,0,0.025399,0
150389,22312,0,0.002361,0
147087,10106,0,0.03956,0
81424,5085,0,0.006264,0
162981,7628,0,0.016663,0
168093,22935,0,0.014267,0
32273,23029,0,0.023576,0
187768,31915,1,0.407648,1
112367,39964,0,0.007542,0
181512,42423,0,0.038809,0
155976,6489,0,0.015414,0
203561,40174,0,0.118442,0
165820,15842,0,0.023423,0
195174,48697,0,0.174251,0
198004,12916,0,0.018065,0
174515,10251,0,0.068528,0
202076,1106,0,0.019508,0
44643,3040,0,0.007273,0
168319,31553,0,0.006695,0
8162,47626,1,0.102832,0
181283,38400,0,0.007522,0
79746,7602,0,0.05497,0
200804,13914,0,0.013695,0
15165,34358,0,0.073237,0
175809,29429,0,0.031539,0
198461,19057,0,0.042677,0
148985,18000,0,0.009384,0
80668,20730,1,0.024135,0
146547,18281,0,0.010643,0
128583,46996,1,0.319288,1
138176,33543,0,0.054426,0
134297,38052,1,0.02862,0
127182,27569,0,0.004063,0
141655,12385,0,0.031965,0
176231,16848,0,0.035512,0
164813,38768,1,0.057254,0
114602,20410,0,0.003626,0
50908,24363,0,0.012133,0
37625,44051,0,0.006367,0
464,46709,0,0.002615,0
33270,15290,0,0.009613,0
41346,890,0,0.010637,0
26357,10673,0,0.071834,0
41688,14467,0,0.010892,0
52949,5922,0,0.309918,1
57326,1463,1,0.318861,1
23347,41565,0,0.005014,0
194055,42342,0,0.198411,0
86443,13517,0,0.028313,0
48906,1086,0,0.009329,0
29074,45622,0,0.037001,0
76438,6767,0,0.008231,0
154912,35951,1,0.686026,1
51016,12508,0,0.0021,0
133497,4487,0,0.010467,0
24494,23554,0,0.038976,0
29476,7802,0,0.008372,0
142830,34969,0,0.003688,0
123089,31404,0,0.004635,0
23283,36322,0,0.017168,0
121443,4724,0,0.015989,0
86673,29363,0,0.079913,0
16109,34126,0,0.068564,0
140008,30391,0,0.003999,0
66934,17341,0,0.021318,0
158552,21709,1,0.834041,1
5017,5114,0,0.002215,0
7315,48685,0,0.005701,0
129738,2374,0,0.076756,0
15344,21526,1,0.230511,1
104205,4957,0,0.01189,0
114857,44354,0,0.001264,0
68257,20632,0,0.013244,0
171136,22788,0,0.045477,0
23189,44368,0,0.004978,0
115006,28985,0,0.116051,0
68809,9076,0,0.043353,0
136419,29910,0,0.004195,0
76534,21927,0,0.074897,0
827,49241,0,0.006748,0
62512,19488,0,0.017017,0
107402,17794,0,0.030756,0
203343,32877,0,0.004335,0
27547,4920,0,0.399657,1
102081,39491,0,0.255303,1
95396,23712,0,0.053044,0
194026,9076,0,0.200449,0
34489,41716,0,0.012474,0
75255,48246,0,0.018967,0
32124,1935,0,0.052196,0
46761,13519,0,0.013568,0
42524,42240,0,0.100157,0
173512,1890,0,0.029405,0
101602,32096,0,0.00629,0
110834,26767,0,0.058022,0
57103,34838,0,0.094977,0
23023,1440,0,0.002443,0
166624,44142,0,0.004044,0
113959,22507,0,0.006684,0
120296,42265,0,0.024497,0
29590,11816,0,0.022536,0
93096,5853,0,0.01807,0
42337,21384,1,0.448787,1
36422,8555,0,0.024223,0
162105,43565,0,0.055499,0
63698,37384,0,0.031389,0
98376,12341,0,0.217017,0
70212,31966,0,0.107153,0
115617,28476,0,0.01832,0
153850,48230,0,0.013946,0
148159,26604,0,0.007718,0
32351,47521,0,0.008847,0
185908,11057,0,0.025976,0
27241,45007,0,0.012773,0
61772,21376,1,0.09478,0
73618,29388,0,0.027821,0
177799,19691,0,0.055961,0
2278,23291,0,0.012322,0
126993,12845,0,0.006146,0
166205,6587,0,0.006762,0
30429,37646,0,0.009984,0
162677,7781,0,0.037255,0
43311,12099,0,0.119615,0
115574,18557,0,0.046474,0
90084,43875,0,0.012316,0
1500,44632,0,0.34614,1
164811,12409,0,0.009744,0
56294,4957,0,0.018402,0
70628,7693,0,0.003577,0
28723,30662,0,0.00601,0
97416,24489,0,0.100637,0
61216,48615,0,0.018395,0
47480,20082,1,0.631255,1
55794,49235,0,0.027157,0
57339,32526,0,0.044289,0
105937,6020,0,0.003492,0
159535,4799,0,0.03765,0
117356,25544,0,0.018243,0
103252,44500,0,0.00877,0
8365,18660,0,0.001953,0
158166,15689,0,0.001038,0
185919,605,0,0.024064,0
171542,38192,0,0.154813,0
26211,40939,1,0.261228,1
128604,7632,0,0.02132,0
34020,38188,0,0.009977,0
123335,37749,0,0.010883,0
203938,18867,0,0.004713,0
81711,204,0,0.063604,0
202723,13984,0,0.004984,0
164896,39619,0,0.026848,0
164499,33015,0,0.005358,0
113298,9076,0,0.210412,0
199817,47766,0,0.06115,0
70799,46666,0,0.16952,0
8440,40329,0,0.001939,0
199299,49235,0,0.059868,0
105003,1202,0,0.114892,0
205384,5583,0,0.103834,0
53030,5068,0,0.016843,0
63680,24799,0,0.020964,0
114935,34358,0,0.014994,0
196917,13029,1,0.270865,1
26599,25170,0,0.024469,0
136048,45603,0,0.016003,0
109686,35782,0,0.017908,0
101954,48679,0,0.012165,0
203399,44372,0,0.008269,0
101097,48697,0,0.010929,0
107910,12341,0,0.3368,1
124453,9881,0,0.137897,0
184406,33731,0,0.02633,0
84890,47639,0,0.009397,0
181706,4605,0,0.029854,0
70551,34551,0,0.074512,0
11649,42752,0,0.072928,0
162620,41192,0,0.096728,0
178996,16108,1,0.033906,0
32351,4605,0,0.012629,0
34505,18531,0,0.043225,0
22009,16154,0,0.047875,0
47531,44640,0,0.012068,0
80245,32727,0,0.006564,0
16772,32412,0,0.00297,0
32863,37201,0,0.00218,0
87106,39758,0,0.013759,0
82380,2132,0,0.015943,0
198876,47783,0,0.020574,0
151024,40706,0,0.024592,0
167805,22281,0,0.006028,0
44202,8451,0,0.008662,0
132299,42394,0,0.001513,0
183521,9434,0,0.019648,0
205747,37973,0,0.016923,0
184113,17948,0,0.151135,0
77361,28204,1,0.047961,0
2396,8479,0,0.015346,0
189571,13535,0,0.012718,0
133780,22451,0,0.003092,0
70935,25623,0,0.026488,0
23998,6387,0,0.013209,0
60296,27477,0,0.044226,0
98675,25230,0,0.012647,0
21422,26911,0,0.002079,0
152786,38231,0,0.049829,0
105981,42063,0,0.016993,0
73946,21903,0,0.039662,0
57021,41821,0,0.004186,0
9678,25640,0,0.026667,0
40279,26940,0,0.014437,0
152652,651,0,0.077066,0
183842,43154,0,0.028573,0
170359,34124,0,0.019032,0
65819,17706,1,0.716397,1
188318,29328,0,0.012199,0
86537,37215,0,0.025455,0
128175,7952,0,0.094005,0
107381,27336,0,0.002177,0
82807,35108,0,0.006217,0
204884,42768,0,0.013278,0
65981,40516,0,0.011385,0
144211,39812,1,0.020273,0
101954,12419,0,0.00772,0
21535,21754,0,0.001541,0
114979,38508,0,0.002107,0
26843,20682,0,0.032444,0
23060,18594,0,0.021645,0
128714,31066,0,0.0144,0
57226,44825,0,0.014249,0
126510,32638,0,0.007217,0
197053,21903,0,0.079089,0
67443,46516,1,0.428396,1
112839,2452,1,0.111058,0
129625,28199,0,0.004516,0
14392,19647,0,0.017331,0
122957,44053,0,0.026653,0
1629,8670,0,0.02478,0
55035,1633,0,0.08449,0
8778,2272,0,0.076611,0
49480,6104,0,0.005624,0
8232,20991,0,0.001766,0
116795,11123,0,0.003348,0
78039,21513,0,0.001851,0
193391,10504,0,0.069571,0
171969,29694,0,0.030173,0
45522,47843,0,0.02521,0
102020,1556,0,0.014646,0
126766,30489,0,0.066722,0
55576,42450,0,0.01843,0
204792,6341,0,0.047227,0
146163,10036,0,0.002161,0
188184,18020,0,0.014008,0
103890,20842,0,0.008265,0
80465,43961,0,0.073821,0
120163,5134,0,0.001466,0
34703,37890,0,0.007621,0
70867,44683,0,0.045415,0
181782,32585,0,0.015031,0
94710,155,0,0.009707,0
22750,28911,0,0.087397,0
5557,21479,0,0.015452,0
15575,40516,0,0.010997,0
112340,23809,0,0.024097,0
140614,10673,0,0.009883,0
140109,39002,0,0.03109,0
71,19019,0,0.015295,0
61699,40712,0,0.021033,0
149662,40587,1,0.355434,1
164907,29926,0,0.023376,0
171557,32224,0,0.001261,0
117577,23288,0,0.014446,0
161557,5322,0,0.003918,0
12639,9155,0,0.014161,0
88610,13212,0,0.003629,0
76640,9210,0,0.014104,0
6688,42536,0,0.045978,0
97393,6742,0,0.016438,0
121430,41544,0,0.050885,0
135400,32931,0,0.010981,0
50595,14895,0,0.032993,0
25687,47626,0,0.173596,0
36190,43406,0,0.016149,0
13278,26486,0,0.02768,0
6235,47626,0,0.02869,0
65130,32156,0,0.008974,0
131203,29094,1,0.289475,1
178640,45633,0,0.085645,0
5346,45007,0,0.04335,0
9944,43129,0,0.038658,0
150389,46667,0,0.006062,0
198288,2078,0,0.110052,0
135560,26324,0,0.123653,0
132789,39275,0,0.064848,0
156968,47087,0,0.006111,0
193664,3616,0,0.054929,0
195661,33198,0,0.640878,1
162777,37931,0,0.01347,0
10666,39558,0,0.088082,0
67181,29439,0,0.027196,0
75707,37147,0,0.024627,0
198099,26981,0,0.019718,0
164251,33120,1,0.607496,1
121486,46802,0,0.015357,0
153788,20760,0,0.011366,0
173692,28790,0,0.004756,0
117708,47626,1,0.134078,0
193085,42110,0,0.004052,0
78039,47766,0,0.007023,0
73290,4562,0,0.00455,0
7713,16965,0,0.008956,0
169468,30442,0,0.15214,0
87259,22825,0,0.011872,0
168938,23821,0,0.002069,0
81175,21914,0,0.023341,0
98968,15290,0,0.014193,0
25397,17862,0,0.017669,0
79523,36011,0,0.014754,0
24562,35980,0,0.008407,0
55555,32707,0,0.02235,0
183781,30353,0,0.005695,0
89782,13838,0,0.02323,0
146624,6073,0,0.208944,0
110872,47590,0,0.026578,0
77797,40969,0,0.014194,0
72901,40233,0,0.02692,0
10592,22113,0,0.002911,0
79762,7753,0,0.054102,0
124341,33368,0,0.011221,0
184219,41131,0,0.057227,0
133778,29987,0,0.004044,0
96381,19448,0,0.013404,0
23029,24231,0,0.005961,0
201637,18370,0,0.006075,0
170970,2846,0,0.03535,0
33703,21616,0,0.374415,1
28980,31553,0,0.00382,0
130543,15654,0,0.001735,0
84553,24382,0,0.00356,0
118843,46709,0,0.065131,0
15598,14992,0,0.031611,0
24257,2086,0,0.076821,0
57980,17231,0,0.006958,0
201529,9124,0,0.009653,0
200827,7177,0,0.084168,0
23657,46969,0,0.017351,0
34124,16900,0,0.024263,0
11221,5388,0,0.029184,0
143343,26369,0,0.007999,0
5390,13966,0,0.043136,0
85389,24622,0,0.033004,0
9084,42887,0,0.012679,0
33336,30489,0,0.007813,0
132641,47788,0,0.01766,0
62976,27104,0,0.014927,0
97436,45013,0,0.011444,0
59130,44229,1,0.17795,0
18217,35176,0,0.016739,0
43402,23524,0,0.02744,0
138526,30169,0,0.005989,0
201645,43234,0,0.017201,0
32980,45570,0,0.053882,0
153033,27845,0,0.021235,0
50321,33407,0,0.003032,0
63725,43933,0,0.002149,0
164116,28934,1,0.230898,1
33695,14144,0,0.004211,0
93403,31660,0,0.009683,0
70880,31173,0,0.002871,0
127837,34530,0,0.009766,0
144314,48220,1,0.586208,1
137447,21376,0,0.024503,0
83562,35162,0,0.001865,0
100595,17858,0,0.003174,0
85124,17122,0,0.006397,0
94838,23236,0,0.096213,0
163156,21872,0,0.002435,0
132364,44683,0,0.008732,0
132336,45066,0,0.043465,0
11576,39781,1,0.14386,0
200321,45440,0,0.022839,0
20064,32553,0,0.129002,0
182347,18709,0,0.055084,0
141113,42629,0,0.045028,0
99154,18479,0,0.007944,0
196952,14462,0,0.021997,0
41900,48946,0,0.001998,0
141547,17862,0,0.017656,0
25425,24964,0,0.402072,1
116407,23032,0,0.022891,0
155922,39275,1,0.131673,0
153319,19678,0,0.010764,0
34856,37011,0,0.003171,0
173662,17758,0,0.011913,0
155788,42719,0,0.002041,0
135687,7358,0,0.035509,0
153850,5640,0,0.361243,1
98004,41540,1,0.522496,1
143422,33957,0,0.009659,0
22510,48679,0,0.018713,0
7224,30778,0,0.023176,0
173112,44329,0,0.003372,0
87001,13838,0,0.051947,0
198225,35395,0,0.009672,0
83671,35072,0,0.012397,0
16298,35221,0,0.017711,0
6198,30784,0,0.07042,0
100032,19513,0,0.017888,0
20906,13176,0,0.057807,0
106699,19706,0,0.029507,0
193261,41055,0,0.301051,1
203851,5876,0,0.158457,0
147253,1057,0,0.004097,0
80868,26346,0,0.048164,0
157739,19495,0,0.011852,0
198056,47253,0,0.095298,0
161394,21137,0,0.023197,0
49259,36107,0,0.095379,0
203170,42992,0,0.029567,0
48943,47229,0,0.013624,0
44391,31717,0,0.019623,0
109015,9736,0,0.014202,0
46559,14999,0,0.056382,0
126485,18413,0,0.030037,0
63748,12392,0,0.044695,0
193065,18434,0,0.059666,0
48776,18610,0,0.045684,0
104373,48775,0,0.289966,1
53694,16414,0,0.169224,0
54574,17794,0,0.015595,0
162418,41610,0,0.00164,0
89402,39558,0,0.014885,0
144387,16144,0,0.064776,0
56653,41400,1,0.225805,0
55470,21019,0,0.047276,0
152052,25544,0,0.018453,0
183215,47601,0,0.073894,0
61357,33791,0,0.026127,0
51775,41273,0,0.010402,0
199845,8536,0,0.061172,0
147443,12817,0,0.004813,0
97399,14506,0,0.018062,0
193254,4799,0,0.017215,0
52493,15261,0,0.012022,0
79213,32839,0,0.003141,0
105914,21019,0,0.002347,0
180185,12341,1,0.777389,1
80179,31717,0,0.013574,0
166917,36076,0,0.018379,0
42264,27571,0,0.015892,0
94016,8518,0,0.066874,0
140722,17223,0,0.02024,0
200978,44628,0,0.019641,0
205634,5971,0,0.006473,0
199328,16953,0,0.076205,0
56406,37766,0,0.002514,0
65961,15290,0,0.004734,0
191135,46605,0,0.054261,0
200437,25272,0,0.055532,0
83343,31692,0,0.065559,0
183683,17949,0,0.140316,0
194996,13563,0,0.015912,0
1856,36865,1,0.573017,1
199358,9337,0,0.060663,0
144751,27318,0,0.006075,0
181827,21144,0,0.002481,0
176076,19678,0,0.015374,0
140745,10246,0,0.010635,0
129582,2295,0,0.026129,0
44090,5910,0,0.003116,0
131394,42658,0,0.004609,0
203838,13176,0,0.047077,0
170224,1090,0,0.017812,0
189729,38273,0,0.006588,0
78927,32156,0,0.055183,0
131672,20278,0,0.030699,0
25982,25718,0,0.010331,0
144847,12013,1,0.031475,0
154676,22105,0,0.021245,0
141768,20641,0,0.017047,0
16130,13245,0,0.02665,0
194182,30021,0,0.015718,0
112061,42828,0,0.222161,0
4178,18880,0,0.029576,0
159341,41787,0,0.113171,0
101975,29204,0,0.040468,0
163550,10017,1,0.063263,0
86909,38871,0,0.004356,0
134468,34155,0,0.054966,0
188679,18362,0,0.005881,0
204184,19354,0,0.153615,0
193021,29345,0,0.005715,0
173613,46979,0,0.107316,0
33716,12845,0,0.010766,0
79887,30922,0,0.009266,0
186544,11174,0,0.012727,0
8270,41149,0,0.006603,0
59564,32965,0,0.003977,0
183074,22530,0,0.083467,0
173657,28682,0,0.021484,0
118871,20754,0,0.007474,0
31939,19678,0,0.002334,0
132958,5296,0,0.005659,0
159240,44644,0,0.01732,0
164454,26900,0,0.057197,0
147836,9839,0,0.021303,0
27145,4605,0,0.067879,0
31939,31126,0,0.001565,0
5055,196,1,0.833587,1
36257,31136,0,0.209454,0
169355,8174,0,0.004478,0
189655,14399,0,0.019767,0
202849,10193,0,0.001539,0
77434,31127,0,0.017367,0
97900,17295,0,0.014214,0
203851,40079,0,0.017991,0
203392,29553,0,0.184118,0
90348,35752,0,0.345837,1
52182,22935,0,0.03426,0
49173,13525,0,0.034754,0
107505,2974,0,0.028506,0
27090,17858,0,0.004666,0
7831,38653,0,0.012179,0
189746,44632,1,0.466708,1
143203,8184,0,0.015698,0
97061,10978,0,0.018201,0
120230,3816,0,0.009719,0
34684,36923,0,0.037037,0
24571,49226,0,0.465065,1
72148,30036,0,0.229575,0
38955,17461,0,0.004532,0
31057,22007,0,0.015041,0
196604,36,0,0.005382,0
24638,13733,0,0.006785,0
98478,22340,0,0.039158,0
63517,27521,1,0.163736,0
3659,41787,0,0.024802,0
176948,3990,0,0.136094,0
86909,11827,0,0.00137,0
24179,5380,0,0.019804,0
12249,6238,0,0.005764,0
20575,14870,0,0.002599,0
54917,5550,0,0.032119,0
97345,38610,0,0.01307,0
132544,19151,0,0.028483,0
79047,29545,0,0.030397,0
153685,32578,0,0.006888,0
40604,37983,0,0.09207,0
172875,44910,0,0.011998,0
50434,16349,0,0.079437,0
21027,42265,1,0.013188,0
89333,14778,0,0.031186,0
139023,5194,0,0.11438,0
32539,32446,0,0.005409,0
204848,28849,0,0.006067,0
96267,34991,0,0.021351,0
124341,27801,0,0.011051,0
138310,45125,0,0.003842,0
120892,4647,0,0.026953,0
66895,34459,0,0.00364,0
113257,8053,0,0.020286,0
109812,22935,0,0.023649,0
27762,45453,0,0.015251,0
91949,12080,0,0.044119,0
85750,45303,0,0.044366,0
34605,48695,1,0.0723,0
118905,42931,0,0.003382,0
16312,46226,0,0.311858,1
58218,39578,0,0.010325,0
134020,12693,0,0.004442,0
74678,11688,0,0.026347,0
41517,5757,0,0.136017,0
193746,21372,0,0.004139,0
39438,15269,0,0.007825,0
13227,10246,0,0.00835,0
103211,2759,0,0.001719,0
16152,38383,0,0.137644,0
139110,24964,1,0.024419,0
102616,5970,0,0.043857,0
1722,48086,1,0.361031,1
26054,26165,0,0.41499,1
92277,19660,0,0.064325,0
92811,7054,0,0.013406,0
131791,16398,0,0.026505,0
139096,42958,0,0.007803,0
4426,42475,0,0.007554,0
49370,6178,0,0.030542,0
114046,21903,0,0.00963,0
67129,41874,0,0.004734,0
19262,4945,1,0.336334,1
113255,47626,0,0.035189,0
122218,42701,0,0.020702,0
100869,34358,0,0.063297,0
184014,24506,0,0.023639,0
125265,38383,0,0.111513,0
135984,33493,0,0.032802,0
53738,4138,0,0.122453,0
25855,23375,0,0.010878,0
7228,22825,0,0.005085,0
88303,5973,0,0.006681,0
30658,24852,0,0.035658,0
193193,5271,1,0.280489,1
101664,45296,0,0.005748,0
135187,12013,0,0.025776,0
80829,13757,0,0.058745,0
137331,44479,0,0.154683,0
148162,41338,0,0.057539,0
171158,15662,0,0.010411,0
182778,14877,0,0.027475,0
154216,18027,0,0.030583,0
89208,47630,0,0.346291,1
103401,31156,1,0.275159,1
193204,17789,0,0.004311,0
141295,35652,0,0.017795,0
71688,13176,1,0.629915,1
53281,1158,1,0.01452,0
132713,1313,0,0.034298,0
48132,32756,0,0.058403,0
163467,28427,0,0.002865,0
73175,5450,0,0.020621,0
78076,48370,0,0.162967,0
82058,49401,0,0.002365,0
177166,43789,0,0.063445,0
82215,9462,0,0.0473,0
103262,6046,0,0.023102,0
194234,18465,0,0.026313,0
159979,790,0,0.004099,0
8677,25093,0,0.014943,0
25283,34778,0,0.023372,0
126902,6858,0,0.00576,0
141683,10912,0,0.005564,0
119159,12980,0,0.042194,0
78487,45537,0,0.063636,0
146520,2086,0,0.017766,0
80581,2408,0,0.011738,0
59519,21506,0,0.002752,0
85870,16137,0,0.022327,0
60371,40467,0,0.061198,0
199993,41055,0,0.010249,0
10446,30382,0,0.081498,0
199815,10749,0,0.163365,0
87810,2014,0,0.042247,0
148285,29798,0,0.00943,0
76323,4605,0,0.00473,0
71903,16097,0,0.056474,0
57287,890,1,0.020768,0
18482,33884,0,0.002975,0
18332,35108,0,0.031993,0
60834,25836,0,0.008288,0
41153,17008,0,0.019861,0
45955,9438,0,0.098705,0
67178,40878,0,0.009991,0
96424,38827,0,0.003274,0
55746,36658,0,0.003279,0
130953,35725,0,0.030547,0
127709,34358,0,0.009641,0
80232,5242,0,0.001301,0
48959,40486,0,0.004299,0
60406,9703,0,0.008533,0
160409,14191,0,0.008493,0
42500,34137,0,0.047136,0
65798,18415,0,0.007272,0
155370,1485,0,0.005427,0
66060,35715,0,0.259126,1
25304,41220,0,0.00852,0
175809,41178,0,0.041554,0
131979,15186,0,0.002261,0
161797,2295,0,0.019157,0
8820,22474,0,0.051095,0
124556,26668,0,0.020224,0
114311,21850,0,0.001355,0
17739,16823,0,0.037443,0
32569,9839,0,0.024699,0
169366,47029,0,0.015828,0
165123,39581,0,0.038527,0
203523,14462,0,0.007086,0
4152,1234,0,0.314042,1
177652,47209,0,0.189705,0
64014,41642,0,0.004419,0
72715,1648,0,0.052315,0
154411,343,0,0.014705,0
13062,19887,0,0.019554,0
141283,23296,0,0.234212,1
112747,47766,0,0.05099,0
89590,8277,0,0.004592,0
186619,46979,0,0.202778,0
159274,27966,0,0.165242,0
60396,2966,0,0.001793,0
124424,47058,0,0.227371,0
143101,6288,0,0.035233,0
202252,1862,0,0.011167,0
22352,15873,0,0.045968,0
115586,44614,0,0.042489,0
1648,22234,0,0.069365,0
79944,16479,0,0.132851,0
63277,17956,0,0.032295,0
34531,18200,0,0.006786,0
141383,20431,0,0.176368,0
35315,39275,0,0.010671,0
22309,37131,0,0.022801,0
82746,44514,0,0.025952,0
137392,40723,0,0.002599,0
167720,21077,0,0.040254,0
193632,44628,0,0.025201,0
16989,37220,0,0.004843,0
181460,28842,0,0.027845,0
167547,38067,0,0.004236,0
198699,35167,0,0.031351,0
91840,20983,0,0.042864,0
16692,25005,0,0.007547,0
121888,28842,0,0.029254,0
89694,22849,0,0.023391,0
75487,24852,1,0.354971,1
26838,43263,0,0.011602,0
158866,11068,0,0.046545,0
62450,49520,0,0.022985,0
134744,23565,0,0.016223,0
23007,26604,0,0.03514,0
101816,18079,0,0.014401,0
23190,44910,0,0.036054,0
202580,17600,0,0.010522,0
189460,31683,0,0.238177,1
158091,35914,0,0.444989,1
71381,5212,0,0.027803,0
67344,13780,0,0.004975,0
186263,26165,0,0.144723,0
53690,32338,0,0.011119,0
71817,46667,1,0.052539,0
45701,37029,0,0.104033,0
102255,41055,1,0.008486,0
164448,36316,0,0.021725,0
160961,16797,0,0.019892,0
71051,24852,0,0.226876,0
202457,26183,0,0.023641,0
134080,15290,0,0.008746,0
42481,13457,0,0.011022,0
187890,13263,0,0.033169,0
27441,26209,0,0.006131,0
133588,7054,0,0.013004,0
39896,7628,0,0.005054,0
35422,49683,0,0.010758,0
34266,25686,0,0.003551,0
76360,2164,0,0.004984,0
69853,38293,0,0.173087,0
70743,6765,0,0.023649,0
104269,13031,0,0.157904,0
6806,26764,0,0.002969,0
126687,22312,0,0.002509,0
202410,39339,0,0.111244,0
179148,12541,0,0.023803,0
79395,48205,1,0.195334,0
127776,38563,0,0.037778,0
196174,49598,0,0.007253,0
136579,3529,0,0.109965,0
91917,204,0,0.002662,0
105852,26848,0,0.020333,0
34797,21386,0,0.004917,0
146321,25824,0,0.005314,0
199684,42857,0,0.001402,0
172654,31766,0,0.151835,0
184663,37065,0,0.057444,0
104364,26111,0,0.0335,0
164426,19660,0,0.005807,0
70102,11182,1,0.183493,0
154915,49235,0,0.294777,1
113052,45063,0,0.011361,0
206117,46087,0,0.009933,0
678,30229,0,0.011552,0
99389,18069,0,0.03615,0
33932,481,0,0.041291,0
15363,6347,0,0.035363,0
148891,17326,0,0.00813,0
50187,34169,0,0.067541,0
155976,33731,0,0.021645,0
118967,26521,0,0.02642,0
65495,20142,0,0.013101,0
147580,28221,0,0.013282,0
99934,29898,0,0.087957,0
136271,37059,0,0.043067,0
77405,23137,0,0.001309,0
94152,36929,0,0.005838,0
46257,9871,0,0.010506,0
75020,20431,0,0.008393,0
163843,3389,0,0.03287,0
88449,10819,0,0.003475,0
22646,20985,0,0.054466,0
187104,14197,0,0.037098,0
155228,46811,0,0.00831,0
120526,17794,1,0.17327,0
204390,36854,0,0.03117,0
23280,39636,0,0.005029,0
180289,35951,1,0.25082,1
90685,38293,0,0.166218,0
133679,31558,0,0.025879,0
84835,34625,0,0.059703,0
135407,38739,0,0.025237,0
66387,7751,0,0.013705,0
168313,31486,0,0.002251,0
86769,43295,0,0.084037,0
17292,3376,0,0.045298,0
47968,42244,0,0.439411,1
15160,12986,0,0.019049,0
137856,28985,0,0.05393,0
173325,40706,0,0.026795,0
75664,35921,0,0.0144,0
169787,27744,0,0.081898,0
183401,28156,0,0.05089,0
26083,20580,0,0.02323,0
97551,12756,0,0.047686,0
69750,39928,0,0.080284,0
161079,687,0,0.021602,0
85613,18150,0,0.005016,0
54283,25043,0,0.050463,0
16298,7862,0,0.001891,0
146295,27360,0,0.312224,1
121153,29432,0,0.022837,0
174478,17794,0,0.007954,0
185011,38504,0,0.022426,0
129705,15392,0,0.025534,0
161766,12745,0,0.012314,0
83780,8668,0,0.03238,0
143278,1862,0,0.010177,0
118958,21666,0,0.04021,0
66777,31717,0,0.155455,0
51288,47766,1,0.614773,1
164319,28993,0,0.146295,0
203062,24955,0,0.004236,0
143539,15386,0,0.101068,0
65790,18394,0,0.078579,0
202778,31805,0,0.108214,0
190389,34658,0,0.013065,0
49368,9480,0,0.014378,0
137233,2088,0,0.032946,0
3514,11543,0,0.003414,0
90227,31477,0,0.019035,0
6336,28204,0,0.00754,0
62549,2405,0,0.009259,0
147356,43122,1,0.1614,0
198725,32782,0,0.033583,0
77153,14671,0,0.008432,0
48957,24964,0,0.011395,0
204793,12341,1,0.416193,1
141612,25153,0,0.062676,0
5384,19048,0,0.270758,1
174328,38558,0,0.011545,0
47385,29009,0,0.143496,0
140412,34321,1,0.131491,0
16357,28012,0,0.006641,0
50210,19057,0,0.071032,0
179846,39984,0,0.014799,0
202941,27243,0,0.002246,0
63057,47144,0,0.025589,0
66285,12276,0,0.011747,0
80556,35181,0,0.010824,0
84336,27104,0,0.018959,0
84327,21698,0,0.110233,0
64601,8571,1,0.812017,1
23713,30191,0,0.012316,0
130359,45801,0,0.02145,0
92749,46692,0,0.026122,0
193028,5456,0,0.036399,0
140766,23106,0,0.01546,0
176495,24830,0,0.014252,0
169468,31766,0,0.260403,1
104304,45066,0,0.002469,0
175725,37979,0,0.029422,0
129390,43961,0,0.020584,0
88103,42475,0,0.032605,0
39388,44632,0,0.080613,0
131706,32051,0,0.022864,0
82392,7615,0,0.021541,0
150249,32717,0,0.06662,0
92580,42299,0,0.018581,0
8073,32429,0,0.004725,0
151304,19436,0,0.001393,0
88837,1503,0,0.034269,0
119024,11807,0,0.013682,0
204930,44475,0,0.059132,0
154973,3187,0,0.019658,0
149808,28985,0,0.17701,0
69252,10644,0,0.002126,0
152972,41220,0,0.02749,0
205708,14627,0,0.067962,0
144542,43076,0,0.034851,0
181970,22007,0,0.013279,0
49973,21092,0,0.004623,0
68716,5134,0,0.007815,0
121535,26767,0,0.013064,0
204215,11438,1,0.106844,0
62634,34487,0,0.062987,0
100773,14645,0,0.01624,0
34006,34243,1,0.028163,0
53548,34249,0,0.00347,0
159210,39561,0,0.095793,0
195416,28849,0,0.003814,0
95565,12834,0,0.008231,0
145250,24711,0,0.003378,0
88813,25890,0,0.068739,0
174399,25132,0,0.029856,0
151915,32455,0,0.059816,0
177942,21405,0,0.148698,0
24179,22187,1,0.016367,0
204278,1940,0,0.004184,0
56412,11755,0,0.015161,0
69991,44375,0,0.015755,0
127868,7751,0,0.025209,0
161679,34804,0,0.054483,0
154404,36418,0,0.017503,0
92484,19760,0,0.003532,0
72110,3231,0,0.00187,0
57199,25170,0,0.153675,0
46485,22849,0,0.087276,0
193500,43740,0,0.001763,0
57380,22245,0,0.010324,0
44473,45717,0,0.012084,0
29621,38970,0,0.001333,0
89513,9796,0,0.006088,0
164307,45948,1,0.111883,0
10055,44683,0,0.02321,0
111388,4605,0,0.167275,0
104263,19057,0,0.011157,0
87026,24671,0,0.00123,0
152468,41352,0,0.002086,0
154812,28985,0,0.029724,0
46768,26790,0,0.014646,0
98081,16349,0,0.004285,0
77943,11198,0,0.01925,0
72391,26586,0,0.044835,0
59698,45076,0,0.007558,0
73651,13176,0,0.198584,0
73581,40706,0,0.010567,0
21535,40332,0,0.001834,0
13218,31343,0,0.152124,0
115019,22275,0,0.036193,0
159591,12672,0,0.032304,0
130966,9387,0,0.009498,0
3231,34466,0,0.017773,0
501,27429,0,0.038406,0
160264,43968,0,0.012258,0
13330,30849,0,0.023439,0
169340,39545,0,0.004229,0
173248,42356,0,0.006456,0
117053,38637,0,0.003654,0
66304,16818,0,0.064422,0
158600,34243,0,0.045269,0
149584,25495,0,0.014131,0
102199,4006,0,0.00231,0
144151,48595,0,0.048464,0
73957,3265,0,0.010512,0
26059,19508,0,0.003032,0
25435,44466,0,0.042778,0
83589,44422,0,0.011527,0
189173,8502,0,0.022265,0
148917,10369,0,0.001796,0
7214,37646,0,0.012666,0
72917,16797,0,0.013514,0
67064,25659,0,0.023004,0
143524,45013,0,0.012723,0
17062,36287,1,0.192825,0
46900,17027,0,0.05072,0
30337,48679,1,0.618426,1
78498,44449,0,0.023908,0
205389,23314,0,0.002955,0
110311,46206,0,0.003295,0
190729,8518,1,0.060879,0
25202,14444,0,0.015882,0
108580,34126,0,0.271958,1
204060,46671,0,0.018447,0
179335,43221,0,0.006446,0
53084,7461,0,0.005665,0
444,33407,0,0.010513,0
199334,5025,0,0.02083,0
169280,42265,0,0.104648,0
188318,35939,0,0.02192,0
84782,48364,0,0.049821,0
108653,46402,0,0.021165,0
136292,33120,0,0.192726,0
192739,28020,0,0.038109,0
21267,40220,0,0.10635,0
76025,13198,1,0.098501,0
191587,35734,0,0.021454,0
97228,15290,0,0.046668,0
38202,45613,0,0.051909,0
147903,45504,0,0.031825,0
117023,28597,0,0.015624,0
23969,43295,0,0.002283,0
146656,10,1,0.146728,0
14321,23348,0,0.045729,0
122799,29344,0,0.016358,0
126872,5794,0,0.090499,0
162651,1396,0,0.058588,0
114313,46941,0,0.070476,0
14140,47144,0,0.014152,0
41898,11870,0,0.020764,0
75098,47059,0,0.015023,0
105645,25086,0,0.017409,0
105343,2825,0,0.032578,0
193650,14862,0,0.008786,0
198970,18352,0,0.003268,0
37859,47042,0,0.004559,0
127774,39812,0,0.00297,0
167204,32177,0,0.00569,0
5049,37710,0,0.06627,0
120296,29987,0,0.014612,0
105547,37646,1,0.193656,0
133306,4704,0,0.119066,0
198627,37011,0,0.005012,0
193576,19048,0,0.012644,0
196704,31433,0,0.023422,0
126636,40795,0,0.015619,0
68888,14161,0,0.075438,0
115600,41131,0,0.230009,1
4131,45066,0,0.008042,0
61012,24852,0,0.058697,0
6456,39374,0,0.02274,0
2997,1757,0,0.003825,0
8458,26497,0,0.004319,0
36478,31553,0,0.044435,0
198004,24830,0,0.006285,0
168213,13219,0,0.069855,0
189680,37011,0,0.00255,0
151446,44548,0,0.019426,0
119079,45007,1,0.29418,1
122613,41787,1,0.098461,0
65754,12285,0,0.004919,0
151866,17902,0,0.158746,0
8274,890,0,0.020213,0
197567,27307,0,0.205725,0
149942,810,0,0.030754,0
65481,2525,0,0.003329,0
52909,44987,0,0.020551,0
33466,44867,0,0.010724,0
27699,14992,0,0.01006,0
91925,12471,0,0.006409,0
168860,34466,0,0.013808,0
181181,48043,0,0.021589,0
135196,3843,0,0.005646,0
159047,25647,0,0.046735,0
31743,24852,0,0.040114,0
59752,42350,0,0.083907,0
106903,35749,0,0.006152,0
42392,47439,0,0.008,0
32312,28906,0,0.007439,0
152877,7500,0,0.027909,0
138279,35412,0,0.055779,0
205513,24561,0,0.012575,0
77347,11352,0,0.03157,0
171877,28985,1,0.148725,0
118380,27170,0,0.0102,0
52861,44042,1,0.694796,1
105996,24838,1,0.403287,1
64781,6673,0,0.002701,0
184664,24964,0,0.011453,0
205126,47626,0,0.057708,0
82938,8098,0,0.028031,0
161246,48364,0,0.015296,0
156223,26032,0,0.004166,0
180850,46361,0,0.006168,0
24918,29328,0,0.005453,0
166291,17008,0,0.00465,0
14293,1940,1,0.676784,1
89412,23909,0,0.044099,0
125709,44359,0,0.031778,0
115659,40723,0,0.00919,0
40202,22122,0,0.043478,0
114990,141,0,0.021293,0
39614,41453,0,0.152516,0
120042,21137,0,0.195395,0
109644,13176,0,0.027122,0
24696,11964,0,0.153759,0
187507,16097,0,0.120433,0
20744,24221,0,0.007875,0
59156,47966,0,0.013824,0
7793,14992,0,0.024854,0
101030,39353,0,0.00638,0
175565,32717,0,0.009363,0
43437,26384,1,0.241601,1
64972,8479,0,0.073337,0
131500,13782,0,0.116156,0
204745,19156,0,0.007515,0
138900,22034,0,0.008238,0
138647,36082,0,0.00528,0
182841,30391,1,0.193157,0
53932,49327,0,0.043384,0
178352,27374,0,0.009995,0
157565,46881,0,0.003028,0
133871,43122,0,0.084724,0
36740,20734,0,0.112741,0
23871,13735,0,0.004504,0
153963,36695,0,0.021672,0
92353,30597,0,0.276752,1
182311,16185,0,0.012339,0
19154,24964,0,0.022519,0
86669,13829,0,0.031658,0
24456,46056,0,0.01339,0
103009,9076,0,0.001799,0
92176,3992,1,0.124278,0
57300,13636,0,0.01494,0
17983,38192,0,0.014991,0
183428,35725,0,0.003662,0
154077,6543,0,0.017382,0
34048,21083,0,0.018447,0
100272,12872,0,0.018456,0
179810,40332,1,0.267594,1
25327,44359,0,0.109176,0
157248,5077,0,0.010153,0
144015,18998,0,0.011628,0
128473,40706,0,0.0111,0
103784,37687,0,0.033144,0
183948,44449,0,0.008181,0
71164,6313,0,0.026462,0
179589,2295,0,0.030535,0
110325,42242,0,0.046041,0
173696,5876,0,0.112248,0
70679,48317,0,0.017672,0
43999,17781,0,0.00436,0
136888,42701,0,0.00811,0
171775,35752,0,0.010108,0
89396,33511,0,0.009752,0
177484,8103,0,0.013863,0
19482,46308,0,0.024652,0
65730,47890,0,0.007241,0
72366,17649,0,0.030369,0
51332,26177,0,0.034243,0
140124,46979,0,0.070957,0
139956,8245,0,0.012926,0
118341,40459,0,0.023302,0
105756,31040,0,0.018208,0
200316,7139,0,0.006663,0
41158,41400,0,0.012094,0
122577,11791,0,0.048421,0
54817,20168,0,0.017113,0
53836,21019,0,0.028625,0
37172,45007,0,0.023616,0
167542,6999,0,0.23571,1
91377,43961,0,0.051959,0
159606,15872,0,0.054523,0
155650,13176,0,0.057131,0
42379,6020,0,0.005016,0
128169,48038,0,0.010988,0
49770,48720,0,0.12166,0
200609,9955,0,0.055914,0
72699,27086,0,0.006015,0
201107,8277,0,0.121835,0
3534,28593,0,0.095282,0
44645,47626,0,0.074482,0
19206,4487,0,0.016247,0
90548,49363,0,0.002182,0
1137,4354,0,0.004766,0
84995,2297,0,0.00467,0
129460,21896,0,0.003724,0
76171,36389,0,0.154632,0
29195,48205,0,0.011199,0
2920,5746,0,0.058737,0
33204,46979,0,0.01456,0
12661,4252,0,0.046366,0
140969,27509,0,0.002246,0
199765,6552,0,0.021342,0
52121,19156,0,0.016156,0
57030,5876,0,0.041247,0
27678,48810,0,0.01378,0
74530,35601,0,0.021953,0
111801,7948,0,0.012552,0
199719,38003,0,0.020863,0
92858,37903,0,0.004481,0
177963,11390,0,0.002369,0
62242,16214,0,0.018218,0
8162,35951,0,0.211794,0
43120,36599,0,0.024741,0
110240,33056,0,0.015635,0
138782,24799,0,0.061165,0
174603,7862,0,0.031872,0
16804,41198,0,0.003474,0
199609,22849,0,0.085482,0
154267,40488,0,0.050836,0
200654,28123,0,0.072445,0
6106,34126,0,0.006926,0
189655,14104,0,0.020666,0
200750,18370,0,0.031099,0
182904,8153,0,0.194935,0
121219,47209,0,0.184684,0
166255,45310,0,0.00231,0
149637,40397,0,0.003732,0
204765,28601,0,0.007554,0
21680,18918,1,0.119683,0
50576,44310,0,0.373621,1
54823,27413,0,0.054704,0
125102,48004,0,0.012607,0
167763,45007,1,0.187618,0
32617,46900,0,0.005894,0
11582,7963,1,0.393513,1
196613,29941,0,0.006654,0
43947,43488,0,0.353916,1
117711,8281,0,0.014345,0
46621,14379,0,0.014188,0
189477,7103,0,0.373284,1
29014,40354,0,0.002271,0
121950,27845,0,0.050617,0
202568,16363,0,0.182758,0
24589,44303,0,0.019236,0
46345,39275,1,0.301388,1
60439,32139,0,0.009886,0
154231,38510,0,0.052162,0
50683,9076,0,0.003076,0
183782,18382,0,0.001048,0
186995,3283,0,0.003933,0
141685,38159,0,0.003508,0
131611,29307,0,0.00431,0
101172,17231,0,0.055317,0
135296,44497,0,0.002348,0
120253,41352,0,0.010739,0
174266,41488,0,0.049119,0
24489,44799,0,0.294342,1
35289,26209,0,0.140862,0
27654,32211,0,0.003394,0
28995,33966,0,0.025618,0
112469,31373,0,0.001632,0
34552,33316,0,0.006166,0
85011,13802,0,0.040582,0
63057,38777,0,0.0181,0
12884,20682,0,0.002096,0
178607,40342,0,0.019046,0
78497,28842,0,0.064605,0
121746,36929,0,0.02519,0
195678,35973,0,0.014235,0
67494,14147,0,0.06958,0
187746,19025,0,0.006858,0
112987,42585,0,0.017095,0
38268,26369,0,0.053456,0
186085,4194,0,0.023158,0
72008,19895,0,0.002826,0
39084,1969,0,0.007023,0
5002,38896,0,0.002134,0
167099,8263,0,0.005133,0
150285,24954,0,0.025559,0
45861,13176,0,0.432055,1
193939,7681,0,0.008221,0
202124,20168,0,0.016457,0
93153,21601,0,0.256901,1
146643,9595,0,0.091591,0
166322,26283,0,0.051124,0
162729,1382,0,0.012527,0
185529,22035,0,0.115599,0
231,21386,0,0.547045,1
9311,26604,1,0.079643,0
126121,34678,0,0.010009,0
198544,19173,0,0.042038,0
83783,43961,0,0.004685,0
136518,21616,0,0.008033,0
135689,39275,0,0.050281,0
14019,26209,0,0.022121,0
197091,15424,0,0.02023,0
186271,33957,0,0.008018,0
91834,47322,0,0.038048,0
8312,30784,0,0.003409,0
128571,31382,0,0.066379,0
159817,48249,0,0.047544,0
41965,41065,0,0.077175,0
151584,8740,0,0.006936,0
199229,9510,0,0.074226,0
203061,42585,0,0.538551,1
143789,7175,0,0.016745,0
120395,6532,0,0.280555,1
67283,13085,0,0.004059,0
62988,38456,0,0.017828,0
146027,28985,0,0.250756,1
127147,36695,0,0.082657,0
154020,16522,0,0.003426,0
65974,13536,0,0.001734,0
86693,1890,0,0.196215,0
35712,23537,0,0.004599,0
60642,22468,0,0.00436,0
46924,46676,0,0.160147,0
71223,1905,0,0.035831,0
19958,26209,0,0.013623,0
77751,42585,0,0.03494,0
14481,49247,0,0.002277,0
11650,21137,0,0.104943,0
138304,27966,0,0.032581,0
46033,21137,1,0.036225,0
112707,17230,0,0.03845,0
117133,22989,0,0.005018,0
7834,31717,0,0.156703,0
121843,37107,0,0.011091,0
202369,22598,0,0.004133,0
19912,48399,0,0.042932,0
8946,26165,0,0.128747,0
86816,4462,0,0.102995,0
110052,29447,0,0.059644,0
57980,9594,0,0.002794,0
11977,15290,0,0.102281,0
182567,28371,1,0.439372,1
141537,27663,0,0.008712,0
49737,1935,0,0.057216,0
135429,6291,0,0.350418,1
190,43961,0,0.005734,0
203801,11689,0,0.021508,0
152817,40377,0,0.085828,0
70457,37904,0,0.041476,0
194885,21914,0,0.013025,0
198789,20767,0,0.021703,0
31740,44949,0,0.003399,0
124178,13877,1,0.119418,0
182732,32465,0,0.053439,0
54395,36070,0,0.137538,0
179479,35973,0,0.004147,0
89622,48777,0,0.022843,0
152174,18288,0,0.020158,0
19450,46692,0,0.009974,0
119514,29864,0,0.005785,0
160100,17273,0,0.015193,0
20031,3476,0,0.025439,0
74799,9786,0,0.047574,0
91775,43183,0,0.002678,0
80468,8395,0,0.001554,0
123180,35561,0,0.004878,0
169280,11452,0,0.218006,0
138212,5652,0,0.016296,0
125155,16616,0,0.014644,0
122652,9839,0,0.06958,0
199995,1244,0,0.009121,0
173117,31553,0,0.007181,0
20449,21280,0,0.028009,0
54159,2722,0,0.006876,0
200148,11563,0,0.054935,0
83885,40618,0,0.048447,0
200289,16797,0,0.170745,0
95953,6985,0,0.038356,0
202566,5710,0,0.03086,0
150264,33290,0,0.009382,0
193743,31471,0,0.051286,0
40436,23892,0,0.072739,0
134949,2383,0,0.065493,0
11165,27845,0,0.01173,0
27186,26684,0,0.003371,0
11635,16965,0,0.014526,0
162856,41860,0,0.057671,0
149863,24915,0,0.057519,0
85369,1485,0,0.051296,0
146246,29640,0,0.069937,0
97013,29898,0,0.100209,0
18482,47479,0,0.021087,0
52075,12144,0,0.017483,0
125222,29473,0,0.034013,0
79757,33065,0,0.022728,0
22319,22935,0,0.017924,0
51784,29672,0,0.163208,0
3451,23026,0,0.00621,0
142827,30021,0,0.024703,0
90106,28715,0,0.300733,1
70665,26250,0,0.017913,0
196387,30610,0,0.015896,0
68795,21387,0,0.015284,0
161485,27104,0,0.009164,0
198650,21417,0,0.096402,0
172769,8174,0,0.197559,0
69304,14197,0,0.028661,0
124158,28946,0,0.014073,0
23153,6489,0,0.005161,0
8150,6789,0,0.003608,0
81300,46059,0,0.010793,0
154446,21174,0,0.185994,0
101948,9623,0,0.028226,0
107678,19268,0,0.042947,0
32307,11365,0,0.010691,0
198461,93,0,0.022829,0
167354,46906,0,0.010787,0
74578,23744,0,0.030052,0
179774,4920,0,0.062392,0
166895,17149,0,0.110343,0
123330,47601,0,0.007189,0
60826,424,0,0.028798,0
197081,21938,0,0.002351,0
29046,42527,0,0.005671,0
172473,17706,0,0.07412,0
49486,21177,0,0.003652,0
34429,16490,0,0.037596,0
171020,44632,0,0.100562,0
204210,46906,0,0.035963,0
186271,33041,0,0.016118,0
49977,39275,0,0.131262,0
50143,8710,0,0.002083,0
105578,8385,0,0.001825,0
169471,1356,0,0.010323,0
15955,8518,0,0.009286,0
67178,29987,0,0.011656,0
71661,10749,0,0.020503,0
123392,20119,0,0.038649,0
132387,38473,0,0.01238,0
35422,36695,0,0.020309,0
97855,45633,0,0.013908,0
199060,40910,0,0.002377,0
20083,45208,0,0.001614,0
182838,41844,0,0.006262,0
39614,47144,0,0.043052,0
173017,19734,0,0.072599,0
83327,6046,0,0.011597,0
164695,27991,0,0.097078,0
26272,28541,0,0.003455,0
199477,29740,0,0.025775,0
37995,30855,1,0.113513,0
104581,21653,0,0.004955,0
17555,32706,0,0.009805,0
64454,45066,0,0.015552,0
19343,14491,0,0.029621,0
119039,10481,0,0.223078,0
11161,43122,0,0.009253,0
123700,35547,0,0.204578,0
8290,24489,0,0.036157,0
76157,4138,0,0.078086,0
134984,24964,0,0.230508,1
111137,32047,0,0.017405,0
99385,35902,0,0.006226,0
48772,11574,1,0.047769,0
23924,1090,0,0.023921,0
126209,5615,0,0.009057,0
186448,8519,0,0.011054,0
74345,47672,0,0.00985,0
153777,21903,0,0.007811,0
140648,28221,0,0.007232,0
189951,46812,0,0.036904,0
156694,27086,1,0.12803,0
84455,1416,0,0.025267,0
71911,33575,0,0.084217,0
101020,45596,0,0.092285,0
97006,42701,0,0.0203,0
204415,23115,0,0.162553,0
89924,39464,1,0.192583,0
56048,35004,0,0.010323,0
74705,20345,0,0.207286,0
30334,34969,0,0.030965,0
69667,32537,0,0.003981,0
136554,34824,1,0.248607,1
202876,39639,0,0.346463,1
68717,9210,0,0.005089,0
14684,35420,0,0.001526,0
193074,20995,0,0.104728,0
89511,45445,0,0.002028,0
956,44336,0,0.023716,0
185745,42736,0,0.04669,0
180289,890,0,0.020872,0
36771,40706,0,0.014616,0
101976,38902,0,0.211198,0
80505,21938,0,0.012362,0
189042,11247,0,0.021453,0
106927,5101,0,0.029059,0
134063,18721,0,0.009731,0
25615,31482,0,0.006337,0
184834,20574,0,0.016779,0
182109,49235,1,0.058419,0
28806,16589,0,0.074569,0
73310,32689,0,0.017645,0
88460,46789,0,0.046761,0
89246,35378,0,0.009356,0
191800,39993,0,0.119303,0
32314,3957,1,0.500478,1
89395,46616,0,0.043266,0
185362,22882,0,0.031793,0
69953,6846,0,0.046139,0
198868,28289,0,0.022171,0
48408,46979,0,0.011399,0
136922,13113,0,0.038833,0
174995,23761,0,0.008446,0
62622,36735,0,0.010621,0
96934,6046,0,0.013917,0
173245,49205,0,0.007373,0
16751,8981,0,0.006407,0
202876,13910,0,0.056472,0
82747,13535,0,0.034191,0
161231,8490,0,0.273245,1
135921,36737,1,0.43602,1
6514,12557,0,0.050629,0
118978,11755,0,0.005073,0
184626,45504,0,0.22256,0
17862,42768,0,0.009898,0
113697,2579,0,0.006613,0
119718,11266,0,0.032968,0
88422,16525,0,0.00391,0
38737,42660,0,0.019152,0
153345,23695,0,0.034861,0
190950,24413,1,0.180465,0
134788,7639,0,0.019724,0
64589,23622,0,0.001803,0
122408,21709,0,0.076527,0
133814,6585,0,0.005335,0
137602,45346,0,0.006008,0
146885,29662,0,0.002335,0
107321,12206,0,0.004817,0
59252,21195,0,0.021665,0
188390,29433,0,0.00137,0
151984,3214,0,0.049721,0
135165,45037,0,0.00175,0
149749,8174,0,0.003996,0
153983,46041,0,0.040145,0
121530,9070,0,0.014177,0
44320,44359,1,0.319607,1
162597,19771,0,0.046731,0
194215,42356,0,0.03565,0
11170,43076,0,0.009415,0
140404,7343,0,0.021039,0
202978,13310,0,0.02701,0
186877,11367,0,0.14911,0
188841,7963,0,0.030675,0
74621,14947,0,0.229914,0
53036,42736,0,0.088011,0
183970,24852,0,0.086471,0
203033,38383,0,0.107521,0
53302,49235,0,0.072995,0
30127,44882,0,0.040933,0
61429,1158,0,0.016684,0
54112,21137,0,0.161282,0
4198,29212,0,0.007548,0
120119,45747,0,0.03335,0
67161,30492,0,0.016687,0
72089,46709,0,0.004141,0
203998,31343,0,0.012312,0
189680,13249,0,0.002323,0
133331,18175,0,0.188083,0
71839,6638,0,0.0055,0
201142,26723,0,0.035949,0
96355,35140,0,0.089165,0
135386,1559,0,0.08634,0
177719,32455,0,0.008526,0
137814,23288,0,0.012295,0
171358,28849,0,0.015985,0
102270,30480,0,0.012542,0
36653,6336,0,0.085886,0
131077,30744,0,0.008958,0
16406,39106,0,0.02748,0
10928,47766,1,0.62182,1
155947,32197,0,0.120755,0
138603,40555,0,0.00587,0
177764,34217,0,0.137699,0
104581,25588,0,0.003674,0
98303,6105,0,0.004614,0
134108,10172,0,0.007759,0
144863,34126,0,0.216953,0
197277,2295,0,0.043554,0
114582,8349,0,0.024597,0
163295,11777,0,0.002494,0
105033,43435,0,0.034834,0
185835,34126,0,0.117314,0
19916,42500,0,0.003671,0
97264,22620,0,0.033998,0
138409,44795,0,0.126837,0
181932,31523,0,0.064599,0
75990,3917,0,0.036026,0
19186,19057,0,0.088361,0
94823,13527,0,0.084541,0
95309,31553,0,0.005431,0
97947,44628,0,0.005418,0
196996,4947,0,0.011108,0
174205,14852,0,0.002081,0
58375,20321,0,0.002042,0
53102,45747,0,0.036817,0
178877,40377,0,0.007054,0
198993,605,0,0.003229,0
85613,23399,0,0.006764,0
190003,42500,0,0.043423,0
19882,16953,0,0.007017,0
166291,937,0,0.003881,0
88982,18234,0,0.35678,1
92864,47817,0,0.013363,0
44718,9803,0,0.148577,0
49232,2692,0,0.008268,0
55961,42768,0,0.057246,0
48077,26395,0,0.014709,0
105825,13328,1,0.169123,0
117380,48265,0,0.001817,0
36691,23236,0,0.020415,0
23808,41874,0,0.019925,0
169800,36735,0,0.002275,0
88752,5097,1,0.049953,0
205787,49215,0,0.017997,0
138130,7371,0,0.106802,0
196590,7864,0,0.012743,0
126303,39275,0,0.219526,0
124064,37067,0,0.45758,1
174450,27966,0,0.097531,0
23241,34582,0,0.005691,0
40422,13646,0,0.035098,0
94832,28983,0,0.013031,0
148467,34969,1,0.057927,0
23350,40199,0,0.008428,0
181399,20178,0,0.079993,0
172275,12312,0,0.022082,0
204326,39993,0,0.011601,0
174737,260,0,0.021116,0
24000,3990,0,0.01055,0
127455,46667,0,0.032909,0
109601,26683,0,0.053959,0
125535,26620,0,0.160416,0
178340,35199,0,0.193231,0
26120,4897,0,0.219705,0
11828,24184,1,0.01871,0
154812,34358,0,0.020487,0
91945,16953,0,0.086418,0
139770,26298,0,0.005873,0
28963,11005,0,0.045236,0
171823,46266,0,0.040037,0
170787,1957,0,0.018387,0
65964,43376,0,0.016131,0
111837,546,0,0.003875,0
81706,42847,0,0.010288,0
2886,47144,0,0.101608,0
28345,5024,0,0.010263,0
124737,30265,0,0.002449,0
134063,18201,0,0.006818,0
60011,34887,0,0.003939,0
64173,21940,0,0.019763,0
30804,1402,1,0.069584,0
41508,47180,0,0.003762,0
128915,14720,0,0.179168,0
35401,26638,0,0.003182,0
86408,8861,0,0.135058,0
166566,16943,0,0.067789,0
41478,28792,0,0.002575,0
202453,40396,0,0.024185,0
101908,23405,0,0.011913,0
143074,41290,0,0.002771,0
83597,39922,0,0.032905,0
110068,42513,0,0.094349,0
140889,38003,1,0.060911,0
131610,26857,0,0.011858,0
83362,11707,0,0.005068,0
105852,6873,0,0.014458,0
132826,31634,0,0.110734,0
15096,40604,0,0.005169,0
193372,47248,0,0.182879,0
162377,7948,0,0.056006,0
77299,40593,0,0.005159,0
26339,18465,0,0.031996,0
71659,10151,0,0.007278,0
59509,1117,0,0.001212,0
42054,22699,0,0.004991,0
130571,32163,0,0.003088,0
190676,25072,0,0.001137,0
123095,25828,0,0.016709,0
14039,47209,0,0.011115,0
152139,15424,0,0.01624,0
201791,47766,0,0.102379,0
25289,26691,1,0.037795,0
156955,28413,0,0.116424,0
195843,23106,0,0.005924,0
204524,41364,0,0.005114,0
22360,19057,1,0.682017,1
103748,24382,0,0.011944,0
27743,36793,1,0.022804,0
186227,9178,0,0.007516,0
90334,5240,0,0.024422,0
81880,26940,0,0.06771,0
11789,13389,0,0.051307,0
30134,14704,0,0.006144,0
118165,6991,0,0.139975,0
177881,21616,0,0.140137,0
153519,25936,0,0.016583,0
143692,46359,0,0.008453,0
107270,24041,0,0.057742,0
14097,46667,0,0.003573,0
109715,24186,1,0.395366,1
143142,26088,0,0.007846,0
756,13988,0,0.051629,0
41348,32478,0,0.043417,0
190542,29795,0,0.001729,0
204524,3793,0,0.004376,0
157997,10246,0,0.015854,0
5157,46979,0,0.017217,0
115446,43857,0,0.064151,0
153435,3142,0,0.002753,0
89768,23543,0,0.002581,0
194153,35199,0,0.011368,0
69652,26664,0,0.007475,0
41965,48491,0,0.159735,0
82818,11538,0,0.011894,0
105706,25919,0,0.09332,0
118942,48679,0,0.01805,0
113532,5450,0,0.058057,0
105428,26768,0,0.011254,0
36328,26209,1,0.236983,1
53555,2979,0,0.066774,0
147855,27433,0,0.009055,0
112022,42244,0,0.009531,0
155723,45906,0,0.006585,0
188943,24476,0,0.07476,0
35422,47766,0,0.021023,0
63698,40541,0,0.089834,0
109932,31717,0,0.382313,1
29041,2180,0,0.008664,0
76927,18070,0,0.01838,0
189363,22750,0,0.005086,0
28453,39083,0,0.022363,0
128713,24482,0,0.07117,0
192256,17284,0,0.032963,0
168096,14678,0,0.251189,1
200156,26668,0,0.002047,0
157328,10960,0,0.006254,0
40520,7606,0,0.085647,0
123894,1685,0,0.221293,0
86615,11352,0,0.001968,0
80249,4799,0,0.018182,0
186444,22007,0,0.001614,0
109279,42397,0,0.001161,0
191460,30442,0,0.616746,1
122810,43772,0,0.087078,0
81603,38970,0,0.01135,0
3275,26209,0,0.028449,0
2518,33716,1,0.195159,0
92645,2275,0,0.035692,0
63687,5636,0,0.002714,0
169468,5646,0,0.044916,0
135759,34126,0,0.010975,0
76323,7948,0,0.010244,0
5246,33787,0,0.006502,0
69022,29607,0,0.009069,0
146787,44142,0,0.011236,0
204056,27521,0,0.039463,0
133427,12341,0,0.002652,0
148383,16797,0,0.086482,0
15778,47626,0,0.013073,0
134239,34234,0,0.064284,0
99628,14761,0,0.042797,0
128210,15599,0,0.002228,0
165919,19155,0,0.016716,0
183422,15290,0,0.122092,0
100531,7131,0,0.012347,0
167860,8075,1,0.023698,0
196602,31871,0,0.018974,0
40322,3014,0,0.04671,0
13615,22987,0,0.023137,0
94789,46979,0,0.010884,0
173013,30966,0,0.010369,0
18611,12080,0,0.059539,0
202020,7969,0,0.092079,0
34628,5383,0,0.016756,0
300,11100,0,0.033523,0
190887,38231,0,0.019573,0
171423,24852,1,0.499515,1
194084,15740,0,0.002782,0
50168,43129,0,0.008873,0
131570,24184,0,0.034291,0
73596,44075,0,0.135946,0
131899,21948,0,0.047781,0
175960,32734,0,0.010673,0
59325,9881,0,0.018117,0
15138,15932,0,0.028875,0
68716,31343,0,0.016439,0
91957,22247,0,0.060671,0
28340,29251,0,0.050938,0
125976,20549,0,0.023114,0
82525,7303,0,0.002651,0
32067,43920,0,0.009485,0
63165,45066,0,0.187888,0
64995,38693,0,0.004853,0
136468,11068,1,0.105361,0
117633,44371,0,0.034465,0
74174,7175,0,0.002781,0
98333,3438,0,0.023662,0
121981,37067,0,0.077277,0
147841,10246,0,0.04664,0
32888,24852,0,0.028308,0
74158,1025,0,0.007142,0
95845,25101,0,0.011689,0
55040,20039,0,0.014841,0
65633,9387,0,0.186105,0
192440,7170,1,0.096142,0
156421,264,0,0.004215,0
167996,5373,0,0.006826,0
137597,12033,0,0.010173,0
137351,32523,0,0.550445,1
188224,12409,0,0.021785,0
136679,43867,0,0.02108,0
137808,11352,0,0.026914,0
11203,7695,0,0.340554,1
29449,43881,0,0.003537,0
56422,40709,0,0.012451,0
120526,9076,0,0.057842,0
192976,7751,0,0.007528,0
86091,32838,0,0.595805,1
140753,28934,0,0.057651,0
138727,27705,0,0.016121,0
32567,26080,0,0.022715,0
200792,16535,1,0.123289,0
27241,4605,0,0.021927,0
110123,39275,0,0.023126,0
137729,41581,0,0.024625,0
136314,9507,0,0.027921,0
7264,41757,0,0.004979,0
145281,39984,0,0.044464,0
180143,49608,0,0.002514,0
119037,24489,0,0.026077,0
151943,45253,1,0.031627,0
42344,45104,0,0.005476,0
58788,48174,0,0.001512,0
173435,42450,0,0.067462,0
21637,13984,1,0.023643,0
44023,29363,0,0.004548,0
64279,9439,0,0.004153,0
36336,28464,0,0.0084,0
111166,36035,0,0.034825,0
38348,29075,0,0.029749,0
161568,11301,0,0.001361,0
101814,8277,0,0.076212,0
97764,28156,0,0.011082,0
57103,6394,0,0.016171,0
55284,38164,0,0.016893,0
78320,9397,0,0.04006,0
152403,35004,0,0.038914,0
22983,4541,0,0.005482,0
179460,47766,0,0.011201,0
93608,9327,0,0.033649,0
186075,5450,0,0.114907,0
101459,26298,0,0.001233,0
85444,38609,0,0.017451,0
28591,24204,0,0.009156,0
52757,19906,0,0.016383,0
185941,45211,0,0.00852,0
53071,27696,1,0.027751,0
124563,39055,0,0.126418,0
109357,2639,0,0.009156,0
1423,39408,0,0.082544,0
9767,45121,0,0.00667,0
188524,3529,1,0.129043,0
95991,19811,0,0.22667,0
147824,37528,0,0.005179,0
130741,48364,0,0.00736,0
14509,26800,0,0.011758,0
142077,47759,1,0.215256,0
112325,38383,0,0.161039,0
53343,2966,0,0.00207,0
199488,44197,0,0.061088,0
107911,49621,0,0.012053,0
83878,26457,0,0.003001,0
148735,13431,0,0.007952,0
145236,39275,1,0.215992,0
175993,32124,0,0.007818,0
655,49111,0,0.01104,0
60554,17794,0,0.016596,0
136754,47626,1,0.094485,0
117752,34427,0,0.250323,1
144640,38777,0,0.173128,0
28641,20955,0,0.010951,0
37777,44142,1,0.159217,0
23817,24852,1,0.627272,1
88424,13176,1,0.807329,1
52068,46654,0,0.02832,0
151763,890,0,0.010389,0
151271,17956,0,0.007649,0
135429,49383,1,0.259203,1
178284,27845,0,0.380378,1
11527,39475,1,0.190064,0
124968,10371,0,0.009659,0
157934,34530,0,0.009705,0
205326,45061,0,0.037459,0
58774,47652,0,0.083147,0
157431,5856,0,0.02948,0
159840,27044,0,0.024774,0
65493,40604,0,0.015376,0
64433,23644,0,0.01124,0
127255,26165,0,0.033454,0
188224,27344,0,0.022961,0
57695,5769,0,0.039858,0
15012,2514,0,0.005999,0
52011,3240,0,0.043116,0
178833,43961,0,0.105449,0
142755,37053,0,0.00489,0
19039,42193,0,0.014507,0
145096,35887,0,0.074089,0
464,43295,0,0.001967,0
104179,12013,0,0.019549,0
136926,11457,0,0.006859,0
154842,43122,0,0.015768,0
38763,23516,0,0.0031,0
181719,47626,1,0.180359,0
205893,34004,0,0.003299,0
92401,18140,0,0.013101,0
120230,4376,0,0.004183,0
58124,22151,0,0.169024,0
131699,184,0,0.002291,0
97596,21405,0,0.362085,1
70278,45495,0,0.005684,0
177032,45535,0,0.006481,0
107806,33016,0,0.327339,1
84854,28204,0,0.019707,0
155274,27845,0,0.26684,1
154277,21769,0,0.017435,0
145403,33198,0,0.244841,1
171699,5373,0,0.228011,0
118209,45005,0,0.141462,0
166702,38293,0,0.017992,0
169194,26283,0,0.049914,0
99124,10473,0,0.035502,0
169450,4920,0,0.008144,0
91103,26629,0,0.012032,0
125474,41950,0,0.137708,0
132819,343,0,0.020385,0
58583,40396,0,0.016272,0
135057,32689,0,0.031282,0
77644,28939,0,0.007271,0
109634,2846,0,0.04987,0
161033,43721,0,0.162314,0
131719,35194,0,0.005239,0
188524,45116,0,0.107132,0
132776,2309,0,0.004123,0
134744,10749,0,0.02193,0
185215,11326,0,0.026143,0
196601,45364,0,0.211506,0
195227,34582,0,0.009559,0
76180,42265,1,0.289166,1
128635,3599,0,0.019369,0
52227,4565,0,0.240974,1
96192,5228,0,0.010045,0
179460,29987,0,0.008116,0
150982,28199,0,0.058713,0
26515,26586,0,0.028312,0
156916,49520,0,0.004706,0
188321,38892,0,0.003987,0
114532,1364,0,0.011582,0
8365,20840,0,0.012148,0
17662,29307,0,0.012092,0
120627,45566,0,0.00613,0
126449,49158,0,0.004055,0
44538,38293,0,0.024702,0
204548,22220,0,0.10696,0
79826,15543,0,0.010758,0
143962,13431,0,0.015167,0
20872,6689,0,0.020655,0
49181,23165,0,0.008781,0
41094,5067,0,0.012536,0
191530,5450,1,0.195115,0
154072,17468,0,0.016235,0
89885,42828,0,0.144933,0
125609,41220,0,0.635687,1
66622,22504,0,0.025566,0
38588,28204,0,0.035939,0
156622,31717,1,0.139605,0
160378,46473,0,0.016026,0
8843,12092,0,0.001333,0
19693,43122,0,0.008207,0
123289,18079,0,0.011245,0
164900,34005,0,0.0181,0
170346,16913,0,0.115451,0
105033,46572,1,0.057153,0
136575,28278,0,0.041506,0
181650,27548,0,0.005881,0
178535,34278,0,0.031365,0
99942,27958,0,0.018537,0
148343,44396,0,0.055748,0
165220,11782,0,0.001821,0
37121,47993,0,0.009833,0
180177,6166,0,0.58296,1
116129,31945,0,0.009168,0
67042,5696,0,0.013769,0
151742,40256,0,0.008763,0
131979,43692,0,0.005087,0
200565,24816,0,0.026106,0
159057,38015,0,0.003039,0
125420,38777,0,0.011596,0
161465,17313,0,0.031925,0
188799,26783,0,0.133422,0
82423,30849,1,0.094409,0
95565,27681,0,0.009292,0
200286,12271,0,0.00365,0
204046,7010,0,0.00401,0
31963,11526,0,0.005234,0
128200,15937,0,0.009827,0
3480,26165,0,0.05134,0
123697,45619,0,0.014602,0
200442,21903,0,0.026225,0
177408,5258,0,0.099368,0
159923,10867,0,0.003904,0
187894,22825,0,0.062444,0
74157,12456,0,0.014371,0
124806,43507,0,0.013258,0
161678,2131,0,0.018215,0
71993,45842,0,0.014615,0
51353,24838,0,0.095403,0
184573,20126,0,0.003678,0
155943,48287,0,0.087774,0
172153,35652,0,0.04631,0
84115,37524,0,0.038424,0
122985,14136,1,0.041279,0
131226,645,0,0.004871,0
23189,5760,0,0.004068,0
171540,33127,0,0.033686,0
106433,1938,0,0.00531,0
141982,29589,0,0.168027,0
67338,23753,0,0.112564,0
161136,9510,0,0.013153,0
70733,19678,0,0.259604,1
139527,25890,0,0.00511,0
89518,7970,0,0.014337,0
36478,46530,0,0.019224,0
161094,4796,0,0.152004,0
101372,31215,0,0.124814,0
101439,44753,0,0.015922,0
201149,11688,0,0.071569,0
124473,34126,0,0.009692,0
65156,33614,0,0.003165,0
49145,17948,0,0.013766,0
161488,25087,0,0.002978,0
160485,23991,0,0.016467,0
8665,39046,1,0.206071,0
205944,3399,0,0.160658,0
106978,49044,0,0.159453,0
58117,36135,0,0.088989,0
7678,5743,0,0.058292,0
40235,18762,0,0.007375,0
30134,16986,0,0.003304,0
43672,8869,0,0.022331,0
114979,32734,0,0.001618,0
32186,20211,0,0.010383,0
152380,20345,0,0.039488,0
190012,1819,1,0.008492,0
168478,45013,0,0.119892,0
30042,30336,0,0.028181,0
175897,27737,0,0.016156,0
22056,1117,0,0.01828,0
40608,27511,0,0.161892,0
110774,2295,0,0.076466,0
153856,10848,0,0.065655,0
146323,47362,0,0.024252,0
91193,44987,0,0.001614,0
50876,32782,0,0.030189,0
41718,36441,1,0.112805,0
53976,539,0,0.022406,0
82539,13363,0,0.025387,0
47101,36772,0,0.094625,0
199643,15601,0,0.005106,0
3858,27156,0,0.030779,0
161758,13176,1,0.162959,0
24950,42828,0,0.028527,0
60649,47672,0,0.013021,0
17995,29487,0,0.308776,1
12149,42768,0,0.043588,0
143598,7762,0,0.051613,0
108048,34027,0,0.018883,0
83736,23026,0,0.008636,0
157787,32402,0,0.002793,0
190304,23537,0,0.002094,0
47433,4006,0,0.004247,0
89734,17366,0,0.025905,0
82938,41290,0,0.030638,0
39920,32912,0,0.020012,0
145503,18288,0,0.038842,0
8774,30338,0,0.17293,0
60764,31073,0,0.014392,0
167098,38650,0,0.003587,0
172748,24024,0,0.038581,0
49619,8192,0,0.024752,0
154409,19660,1,0.043267,0
57097,16696,0,0.003103,0
193943,5899,0,0.002778,0
165699,29747,0,0.003973,0
185032,7896,0,0.011559,0
206201,29487,0,0.004463,0
52888,12545,0,0.020937,0
15479,38159,0,0.002633,0
185660,5412,0,0.013012,0
186563,8193,0,0.005437,0
145283,12911,1,0.008376,0
21267,38944,0,0.024897,0
14078,15902,0,0.076732,0
158808,22141,0,0.027903,0
93906,30450,0,0.254562,1
120757,44799,0,0.292837,1
35529,34126,0,0.01203,0
152538,45223,0,0.010471,0
202983,24830,0,0.011754,0
22643,26209,0,0.06286,0
77882,26209,1,0.335359,1
23919,36005,0,0.021352,0
108739,31215,0,0.002335,0
126800,34590,0,0.008195,0
97855,31933,0,0.010382,0
38814,21195,0,0.08156,0
162140,44053,0,0.001936,0
90841,43768,0,0.0167,0
122273,48142,1,0.195421,0
188221,38426,0,0.021149,0
115909,204,0,0.021126,0
189895,6999,0,0.010626,0
180425,5785,0,0.036888,0
93756,31506,0,0.008733,0
87398,26260,0,0.035493,0
24541,34358,0,0.013511,0
190156,11180,0,0.029864,0
145503,24670,1,0.029729,0
98725,1875,0,0.053095,0
79887,20468,0,0.013677,0
65685,10644,0,0.01114,0
35155,38666,0,0.011695,0
112730,19057,1,0.160703,0
71105,16759,0,0.216404,0
11261,20123,0,0.009539,0
181652,3055,0,0.005329,0
181045,39922,0,0.01604,0
6454,21137,1,0.37728,1
83420,33290,0,0.033786,0
136855,47766,0,0.065757,0
174603,36036,0,0.052285,0
5850,29934,0,0.151457,0
15007,13431,0,0.003913,0
97309,41220,0,0.055774,0
31459,36601,0,0.004847,0
61765,42265,0,0.053527,0
145451,38298,0,0.002078,0
5964,17616,1,0.251543,1
57363,32689,0,0.035872,0
126435,1986,0,0.032675,0
181729,19706,0,0.004138,0
7843,39428,0,0.003906,0
56848,13512,0,0.005265,0
133078,32525,0,0.008392,0
66477,40587,0,0.033972,0
31885,6533,0,0.349077,1
166322,5258,0,0.071846,0
123608,15527,0,0.016042,0
153245,7413,0,0.100046,0
170359,12521,0,0.020322,0
204570,45007,0,0.015929,0
78927,47630,0,0.190268,0
54283,30391,1,0.130315,0
111418,13627,0,0.004096,0
63912,2726,0,0.022404,0
141210,10644,0,0.011246,0
93922,27845,0,0.037695,0
4100,47761,0,0.003731,0
79472,9076,0,0.018989,0
99520,33731,0,0.005573,0
92535,28199,0,0.019103,0
92217,22065,0,0.035872,0
161894,15683,0,0.28063,1
155153,890,0,0.062346,0
77664,14992,0,0.009673,0
13615,9366,0,0.016089,0
148618,27104,0,0.016795,0
56412,35124,0,0.009318,0
102186,27179,0,0.01653,0
134355,6994,0,0.169849,0
146572,46175,0,0.014654,0
188732,4799,1,0.074816,0
23692,20292,0,0.034349,0
79679,40154,0,0.018812,0
17121,21137,1,0.075019,0
147087,28928,0,0.042437,0
187979,15860,0,0.004409,0
80090,13108,0,0.02258,0
115365,23765,0,0.174378,0
63801,29223,0,0.080525,0
105298,19863,0,0.024555,0
151805,47526,0,0.006634,0
146057,11182,0,0.019607,0
100789,18531,0,0.054798,0
131883,30021,0,0.019509,0
65526,30072,0,0.157869,0
145281,13984,0,0.015215,0
146047,40574,0,0.008412,0
181395,22255,0,0.115173,0
194652,16234,0,0.038805,0
162597,31433,0,0.023119,0
183353,25705,0,0.025674,0
124503,15294,0,0.005363,0
166534,31326,0,0.018422,0
25937,21497,0,0.391378,1
140404,8732,0,0.03581,0
139966,29418,0,0.006402,0
160079,6750,0,0.044192,0
62509,27336,0,0.003032,0
134456,10613,0,0.034338,0
147855,2086,0,0.014994,0
81444,9020,1,0.356069,1
163167,22630,0,0.020509,0
104973,7483,0,0.006918,0
95573,2722,0,0.05093,0
185883,18523,0,0.026294,0
49653,41242,0,0.013799,0
15229,22224,0,0.014883,0
3566,49352,0,0.111446,0
39896,7952,0,0.014397,0
199717,28199,0,0.052428,0
120928,45763,1,0.348187,1
70948,12140,0,0.012598,0
51728,10054,0,0.047965,0
51911,34974,0,0.033865,0
154260,21115,0,0.106658,0
35382,14962,0,0.002344,0
71416,16759,0,0.051352,0
18190,28465,0,0.025968,0
131050,18159,0,0.007749,0
33653,16797,0,0.068359,0
77519,25931,1,0.248475,1
177633,39021,0,0.045516,0
173675,3896,0,0.345235,1
126419,13870,0,0.015698,0
141592,35921,0,0.004639,0
153730,39921,0,0.009208,0
194374,10765,0,0.014402,0
141756,17758,0,0.006913,0
128420,9366,0,0.205388,0
102749,8193,0,0.139079,0
119851,17199,0,0.009539,0
151050,47734,0,0.01579,0
123259,24852,1,0.536159,1
133016,33701,0,0.003544,0
195948,5876,0,0.160092,0
199005,39275,0,0.03203,0
139647,23909,0,0.04402,0
31782,39728,1,0.034744,0
188184,24852,0,0.014714,0
171980,4792,0,0.005038,0
62355,15527,0,0.006453,0
53084,38118,0,0.015651,0
37511,38456,0,0.144036,0
156208,45453,0,0.011022,0
58919,6104,0,0.012632,0
107936,16971,0,0.010957,0
92959,8230,0,0.049932,0
80985,29934,0,0.002917,0
49590,3682,0,0.045938,0
194483,13176,1,0.69239,1
79351,18811,0,0.027444,0
146796,47766,0,0.031286,0
91568,8518,1,0.251661,1
203998,27344,0,0.004938,0
201505,17971,0,0.067527,0
180456,3999,0,0.006024,0
111737,22883,0,0.013273,0
55058,9076,0,0.172155,0
154409,49075,0,0.092521,0
165789,6046,0,0.079782,0
200755,24035,1,0.10494,0
88441,30489,0,0.021377,0
40237,44471,0,0.106415,0
143627,17948,0,0.00928,0
74969,43961,0,0.006465,0
130614,42508,0,0.007354,0
34667,18987,0,0.068039,0
46737,48761,0,0.004493,0
18383,29736,0,0.005504,0
35269,32557,0,0.008357,0
6837,19446,0,0.023126,0
193298,29650,0,0.005029,0
56904,12576,1,0.040346,0
64356,28741,0,0.026829,0
187445,48099,0,0.029333,0
190887,36070,0,0.120604,0
43120,26273,0,0.018202,0
48426,12606,0,0.123726,0
155117,5120,0,0.0111,0
67226,46316,0,0.001888,0
138208,35000,0,0.041389,0
176427,20977,0,0.022727,0
127487,44604,0,0.002913,0
86171,24810,0,0.006899,0
78498,3873,0,0.310057,1
67534,23535,0,0.002214,0
102494,4565,0,0.007929,0
44070,34429,0,0.01366,0
70356,12206,0,0.123773,0
61658,40804,0,0.0046,0
43182,38205,0,0.016935,0
26087,30599,0,0.017187,0
13017,16525,0,0.035238,0
15599,21417,0,0.004559,0
108790,23909,0,0.026958,0
179677,44229,0,0.008334,0
159413,9020,1,0.163348,0
13280,23645,0,0.020792,0
88536,18580,0,0.021302,0
140097,7746,0,0.013566,0
95845,34335,0,0.001672,0
43863,22362,0,0.032323,0
94997,20327,0,0.018456,0
113113,6698,1,0.60217,1
128930,8725,0,0.017482,0
24610,30696,0,0.225193,0
75764,37464,0,0.061141,0
21632,18523,1,0.799377,1
42068,32368,0,0.004487,0
14231,5161,0,0.001412,0
112511,44786,0,0.005464,0
126230,1503,0,0.020489,0
116156,12157,0,0.028944,0
99845,5640,0,0.004436,0
81537,38273,0,0.123312,0
7637,16797,0,0.022679,0
160010,4605,1,0.101004,0
104981,26856,0,0.026322,0
28140,34951,0,0.016301,0
74094,47504,0,0.072472,0
132115,15392,0,0.022901,0
74621,43768,1,0.137193,0
158808,12674,0,0.045367,0
175296,39990,0,0.100851,0
62673,3550,0,0.018738,0
125512,35535,0,0.014733,0
193625,44310,1,0.083646,0
14664,29668,0,0.024243,0
148812,4167,0,0.015675,0
1194,38847,0,0.006698,0
85895,46175,0,0.01554,0
170323,5460,0,0.089865,0
8512,33120,0,0.003754,0
109127,12324,0,0.052802,0
49898,27086,0,0.023289,0
37596,12013,0,0.056537,0
188318,16759,0,0.301237,1
133801,47630,0,0.027086,0
121596,40706,0,0.006771,0
152928,41198,0,0.014897,0
130563,39928,0,0.028373,0
69991,35749,0,0.202533,0
45195,39275,0,0.024037,0
86907,48988,0,0.674042,1
36497,18557,0,0.008291,0
4534,127,0,0.032793,0
95676,26861,0,0.003141,0
193690,13540,0,0.030677,0
27666,8744,0,0.003948,0
74705,25659,0,0.030463,0
57887,8149,0,0.061209,0
31707,22367,0,0.013205,0
172107,35502,0,0.004912,0
34124,36005,0,0.035879,0
117616,41844,0,0.013483,0
5541,39928,0,0.039166,0
187254,13435,0,0.023639,0
142330,4920,0,0.025994,0
165096,2966,0,0.026168,0
143427,43385,0,0.018888,0
48032,38890,0,0.011639,0
26821,39982,1,0.043286,0
7850,41787,0,0.073373,0
181090,24645,0,0.007571,0
147539,18027,1,0.146393,0
133364,20052,0,0.017507,0
70575,11819,0,0.007479,0
7315,19519,0,0.002735,0
48320,12703,0,0.002631,0
123608,37220,0,0.01785,0
66286,23202,0,0.00797,0
94926,44666,0,0.361311,1
3501,49424,0,0.033492,0
43467,23115,0,0.084636,0
122671,5212,0,0.025213,0
109686,45878,0,0.002765,0
122096,41560,0,0.008199,0
83524,17129,0,0.004604,0
128218,41844,0,0.006042,0
101249,21573,0,0.038166,0
4053,47866,0,0.017019,0
76621,20734,0,0.006022,0
37410,44788,0,0.018635,0
45639,23854,0,0.008611,0
4195,3468,0,0.023003,0
1303,2713,0,0.099907,0
127486,23405,0,0.046308,0
43868,14477,0,0.07288,0
129876,18625,0,0.002529,0
137425,1819,0,0.00768,0
184906,2716,0,0.011235,0
36478,24489,0,0.033564,0
12344,40614,0,0.024154,0
107005,46906,0,0.012805,0
126886,10155,0,0.003814,0
27952,2275,0,0.01463,0
49895,9098,0,0.004496,0
118545,18071,0,0.077321,0
27414,633,0,0.027947,0
183038,45007,0,0.130148,0
198099,46175,0,0.016657,0
180289,21903,0,0.22289,0
26755,33401,0,0.123938,0
170285,31343,0,0.184031,0
9943,20609,0,0.070955,0
107783,35252,0,0.002506,0
160277,48866,0,0.049475,0
24032,27966,0,0.010221,0
19442,39097,0,0.062318,0
181409,46720,0,0.010778,0
45217,760,0,0.003371,0
194088,18770,0,0.179733,0
132856,21870,0,0.014525,0
14330,44359,0,0.04652,0
16168,8075,0,0.009074,0
5479,24810,0,0.039334,0
9124,36553,0,0.048475,0
186546,5194,0,0.073059,0
201402,22935,0,0.113831,0
140113,48144,0,0.004522,0
55086,424,0,0.037682,0
118843,23178,0,0.026188,0
42555,12955,0,0.002187,0
135235,16014,0,0.068807,0
125128,12078,0,0.090103,0
27045,35951,0,0.044866,0
202915,25767,0,0.042518,0
129450,41823,0,0.024357,0
46275,14074,0,0.349339,1
80544,44765,0,0.168976,0
20027,41396,0,0.093409,0
42555,25535,0,0.002069,0
199817,13176,1,0.122602,0
32548,44294,0,0.030411,0
93817,46088,0,0.005463,0
4362,14651,0,0.005514,0
85464,15945,0,0.011767,0
172882,22035,1,0.326539,1
138105,46724,0,0.08288,0
142969,25659,0,0.021977,0
151028,31020,0,0.044429,0
154965,29941,0,0.033085,0
58417,21709,0,0.375062,1
125671,22497,0,0.003839,0
172766,35108,0,0.055004,0
105203,47940,0,0.310501,1
1982,21067,0,0.011262,0
27959,20168,0,0.12522,0
67064,29363,0,0.019369,0
32632,8518,0,0.00472,0
101663,12669,0,0.02563,0
203072,43512,0,0.01201,0
136608,31562,0,0.047689,0
68178,24759,0,0.032707,0
40440,41362,1,0.706689,1
146163,22122,0,0.002194,0
186227,39799,0,0.001198,0
187408,8380,0,0.537647,1
72213,44449,0,0.019877,0
44209,10017,0,0.207573,0
24629,48865,1,0.054021,0
129006,27744,0,0.015237,0
190267,21365,0,0.065048,0
141316,34871,0,0.058856,0
72467,5744,1,0.215924,0
127202,21903,0,0.410968,1
105647,42611,0,0.004018,0
135594,34243,0,0.029757,0
107472,3145,0,0.012307,0
155221,31343,0,0.015114,0
107208,5933,0,0.019122,0
46028,21137,0,0.066635,0
26435,8006,0,0.032482,0
83619,41909,1,0.055624,0
41314,39275,0,0.036601,0
75897,27086,0,0.015044,0
168846,11366,0,0.075308,0
193719,13176,1,0.555079,1
115958,44325,1,0.287974,1
4936,5475,1,0.028241,0
77788,34092,0,0.00139,0
158475,11777,0,0.015249,0
25651,12732,0,0.090579,0
26931,37722,0,0.150943,0
95498,47652,0,0.016691,0
127547,20169,0,0.001978,0
195944,46667,0,0.0841,0
181409,25346,1,0.213064,0
100737,49111,0,0.083666,0
114197,41874,0,0.024189,0
152871,41844,0,0.007463,0
24342,41920,0,0.005337,0
76809,15097,0,0.020775,0
186825,42701,0,0.045031,0
98350,8424,0,0.127382,0
195227,47284,0,0.015437,0
77453,21616,0,0.004411,0
164285,33000,0,0.027123,0
11221,12341,0,0.381295,1
98200,44201,0,0.075522,0
177097,8518,0,0.014181,0
183955,47717,0,0.05878,0
49545,13834,0,0.001284,0
191944,29662,0,0.005897,0
141685,25584,0,0.00436,0
176315,15200,0,0.006326,0
115786,5353,0,0.009399,0
179849,33768,0,0.005941,0
130522,39448,0,0.0043,0
50477,21681,0,0.01797,0
18812,19895,0,0.068103,0
115301,28568,0,0.031633,0
174348,13176,0,0.211056,0
5197,25533,0,0.013514,0
190719,40233,0,0.011924,0
74088,34969,0,0.005377,0
37610,22935,0,0.022749,0
105695,810,0,0.019916,0
8832,3464,0,0.007256,0
60818,7673,0,0.012738,0
7228,8615,0,0.002903,0
14512,23233,0,0.01199,0
199399,47209,0,0.262429,1
26693,15721,0,0.005597,0
74948,32935,0,0.006446,0
67263,11577,0,0.020506,0
35182,2050,0,0.025072,0
183125,45723,0,0.002131,0
55253,9963,0,0.083848,0
205961,33120,1,0.092435,0
170682,35851,0,0.078928,0
140395,7632,0,0.005924,0
123807,46505,0,0.009384,0
133549,2314,0,0.015681,0
173083,28278,0,0.18156,0
106823,21616,0,0.003597,0
78721,44667,0,0.039204,0
46001,16323,0,0.03433,0
32186,1939,0,0.020364,0
43186,35003,0,0.075605,0
109929,30257,0,0.046082,0
117736,22058,0,0.007131,0
65495,9689,0,0.02037,0
51616,23579,0,0.006368,0
51778,12572,0,0.048738,0
54120,38650,0,0.005266,0
137720,39664,1,0.401914,1
166566,22565,0,0.011019,0
121555,4210,0,0.087412,0
148250,23620,0,0.005393,0
64302,726,0,0.015255,0
8817,38273,0,0.016811,0
10141,27344,0,0.021035,0
74301,28934,0,0.133126,0
110568,41259,0,0.036099,0
132866,11136,0,0.006199,0
1264,6795,0,0.001546,0
108474,33000,0,0.162566,0
352,44683,0,0.007154,0
196445,47114,0,0.004465,0
80568,19048,0,0.006252,0
94847,23734,0,0.003914,0
141685,23938,0,0.004433,0
143175,29204,0,0.023636,0
131403,17559,0,0.004375,0
29459,15872,0,0.153503,0
25145,939,0,0.033179,0
122721,16617,0,0.048985,0
5891,11154,0,0.054072,0
149981,34668,0,0.047522,0
189669,49496,0,0.085836,0
95879,26209,0,0.036657,0
54097,7413,0,0.188848,0
147580,5011,0,0.015828,0
88126,48214,0,0.011276,0
36631,22281,0,0.134349,0
45501,9387,0,0.022228,0
6264,43352,0,0.087856,0
130543,34358,0,0.013453,0
87835,39664,0,0.022751,0
104245,6991,0,0.322332,1
62329,3539,0,0.002138,0
79202,5621,0,0.006479,0
39438,23687,0,0.003209,0
76685,15236,0,0.002296,0
89804,30482,0,0.004552,0
10443,33846,0,0.004945,0
201155,45243,0,0.011337,0
84170,33499,0,0.134553,0
99509,22598,0,0.006813,0
148618,25190,0,0.017132,0
105286,33731,0,0.012241,0
130944,6760,1,0.184523,0
62646,23341,0,0.004447,0
97581,47526,0,0.00322,0
32842,41597,0,0.056989,0
29603,16732,0,0.0099,0
67345,44359,0,0.036364,0
6248,49320,0,0.003727,0
143111,46346,1,0.215609,0
37538,15902,0,0.162443,0
3120,29941,0,0.001932,0
56269,7863,0,0.050089,0
31807,28331,0,0.093845,0
95468,39700,0,0.026715,0
198727,27117,0,0.029764,0
132497,43986,0,0.005986,0
157431,41950,0,0.028941,0
75707,24964,0,0.197751,0
173433,7131,0,0.12481,0
157716,34358,0,0.174431,0
161980,20520,0,0.007479,0
103618,16456,0,0.002158,0
54842,49683,0,0.073026,0
131610,47805,0,0.007737,0
86649,27336,0,0.009319,0
116966,42265,0,0.081275,0
186283,28916,0,0.006332,0
73583,48775,1,0.106114,0
91373,8057,0,0.002666,0
12273,6615,0,0.022886,0
160274,36691,0,0.539674,1
99346,43789,0,0.021483,0
158660,49683,0,0.197258,0
101358,41950,0,0.005701,0
29476,23405,0,0.011213,0
73122,45957,0,0.027077,0
162712,10895,0,0.011221,0
11455,27845,0,0.186496,0
185042,23001,0,0.014263,0
36369,5479,0,0.168717,0
199328,47639,1,0.167035,0
73075,17303,0,0.008866,0
135968,14612,0,0.043351,0
84363,25965,0,0.032009,0
134860,18629,0,0.160358,0
17442,42139,0,0.082613,0
20797,46906,0,0.106566,0
9829,7916,0,0.00158,0
35880,3702,0,0.003189,0
60609,48104,0,0.122612,0
159753,41773,0,0.016481,0
158073,2535,0,0.008437,0
103547,33621,0,0.004595,0
111728,12962,0,0.012623,0
92750,10258,0,0.015568,0
194889,47626,1,0.10258,0
197376,40571,0,0.026494,0
10971,44765,0,0.033482,0
16505,22935,1,0.162835,0
65094,43409,0,0.009873,0
182560,41808,0,0.089373,0
97526,30774,0,0.002045,0
172755,21616,0,0.031699,0
173781,11580,0,0.015218,0
73946,21083,0,0.007414,0
199181,38775,0,0.026674,0
94926,46979,0,0.019584,0
71301,36639,0,0.00381,0
117211,16797,0,0.030504,0
25204,28289,0,0.074739,0
8717,7146,1,0.255996,1
101210,22963,0,0.209558,0
204342,3631,0,0.053955,0
105489,12813,0,0.423043,1
177263,14536,0,0.004034,0
35265,24852,0,0.27467,1
64961,34126,0,0.02279,0
198291,8224,0,0.009607,0
40235,47757,0,0.008335,0
181321,35951,0,0.018084,0
121020,14147,0,0.01143,0
115020,34134,0,0.022126,0
180692,46703,0,0.024689,0
67596,7185,0,0.002147,0
148131,4799,0,0.056528,0
171037,17745,0,0.004008,0
30064,39561,0,0.013009,0
42107,25466,0,0.027007,0
196222,38067,0,0.008255,0
138734,19679,0,0.029275,0
69464,6286,0,0.035957,0
134154,36406,0,0.002026,0
66517,8475,0,0.00875,0
65099,12341,0,0.024284,0
172783,17825,0,0.077412,0
73007,6729,1,0.178854,0
179838,38341,1,0.120876,0
9291,23400,0,0.017146,0
137043,38271,0,0.02605,0
14481,45066,0,0.022247,0
172714,11250,0,0.029381,0
56096,11688,0,0.001487,0
1648,38108,0,0.132974,0
194412,36178,0,0.013772,0
125409,47154,0,0.008151,0
107678,2770,0,0.021972,0
31773,35140,0,0.003303,0
182391,16797,0,0.195517,0
58143,19057,0,0.053283,0
24912,26940,0,0.017915,0
75912,33156,1,0.015215,0
47461,20738,0,0.026351,0
26522,30233,0,0.573814,1
68344,38689,1,0.455624,1
187210,8859,1,0.319327,1
55896,21775,0,0.005533,0
31164,4605,0,0.066957,0
199174,47766,0,0.023977,0
110133,8412,0,0.006132,0
24777,1301,0,0.002455,0
174406,48095,0,0.108041,0
51880,17794,0,0.022246,0
195671,6991,0,0.001721,0
102586,27966,0,0.021834,0
203318,15392,0,0.006453,0
26001,591,0,0.126457,0
167190,4799,0,0.008951,0
22952,8637,0,0.026724,0
74861,15486,0,0.004025,0
137448,38273,0,0.006265,0
36972,49608,0,0.007271,0
154050,37646,0,0.124133,0
197760,31100,0,0.076516,0
25766,14284,0,0.010215,0
203960,26668,0,0.064796,0
141844,3717,0,0.004043,0
191944,27521,0,0.022938,0
182657,46906,1,0.679331,1
173982,47388,0,0.008106,0
68157,26834,0,0.028612,0
100330,41716,1,0.387468,1
100898,9020,0,0.003799,0
5870,32184,0,0.030223,0
177733,39794,0,0.06444,0
199327,23594,0,0.010856,0
142612,42579,0,0.154283,0
111719,27966,0,0.011045,0
174830,21910,0,0.020944,0
106352,18718,0,0.025528,0
165078,38609,0,0.264319,1
109350,22046,0,0.210953,0
140260,7781,0,0.029392,0
157934,12703,0,0.008089,0
182977,9766,0,0.005257,0
187799,45149,0,0.042811,0
84120,29139,0,0.003804,0
168630,19057,0,0.033264,0
28227,21729,0,0.027562,0
8052,40709,0,0.132882,0
12348,47209,0,0.047166,0
128585,7916,0,0.005665,0
83763,7746,0,0.001668,0
83659,47516,0,0.013948,0
4388,49683,0,0.009863,0
185959,2964,0,0.021096,0
41398,7010,0,0.008518,0
193647,8193,0,0.030716,0
53548,2447,0,0.016696,0
177691,31114,0,0.032879,0
196119,34584,0,0.005132,0
19753,47521,0,0.068755,0
72135,11265,0,0.016355,0
18376,49198,0,0.019466,0
154757,21951,0,0.026737,0
84532,11941,0,0.016519,0
48125,9648,0,0.238032,1
67489,45066,0,0.013168,0
57354,8424,0,0.024047,0
44008,24557,1,0.043736,0
42582,6602,0,0.073866,0
70427,4054,0,0.014129,0
49431,25347,0,0.005352,0
92893,2295,0,0.158657,0
117357,8294,0,0.021848,0
71622,18689,0,0.003276,0
165716,17200,0,0.006285,0
127325,23178,0,0.031322,0
167099,42333,0,0.007125,0
185359,20904,0,0.145896,0
49791,11068,0,0.024953,0
128132,19674,1,0.02954,0
92258,44359,0,0.151666,0
169024,35762,0,0.009404,0
58102,48610,0,0.009454,0
157404,6184,1,0.290393,1
167595,43076,0,0.012081,0
73532,31264,0,0.003256,0
144517,38228,0,0.093039,0
157144,14645,0,0.031919,0
126558,19660,0,0.051575,0
77571,18479,0,0.016163,0
165505,28199,0,0.014327,0
42341,38383,0,0.073805,0
110033,6390,0,0.001372,0
205565,19767,0,0.029768,0
193134,28123,0,0.134296,0
198183,30489,0,0.283944,1
149422,21616,0,0.021845,0
149748,5876,0,0.018276,0
57287,149,0,0.029583,0
10925,13984,0,0.011759,0
21515,810,0,0.02926,0
16958,4302,0,0.001885,0
199180,24248,0,0.026252,0
41602,8424,0,0.079601,0
75456,2099,0,0.00417,0
180116,5971,0,0.010136,0
11802,8424,0,0.019858,0
23283,23731,0,0.008611,0
32431,2597,0,0.005063,0
141533,12945,0,0.041821,0
128802,46906,0,0.157061,0
77614,36550,0,0.271874,1
108854,34126,1,0.165045,0
190902,26209,0,0.190733,0
49099,21903,0,0.017259,0
169280,44882,0,0.014746,0
114225,7963,0,0.148186,0
52919,32585,0,0.023019,0
42783,13949,0,0.028319,0
25288,33768,0,0.214176,0
63783,33716,0,0.16558,0
33655,39799,0,0.003132,0
57226,13717,0,0.112524,0
167573,21616,0,0.028319,0
202235,49176,0,0.02593,0
198949,26604,0,0.177704,0
30265,6638,0,0.005453,0
53671,6343,0,0.210944,0
28294,40299,0,0.018928,0
134191,19759,0,0.003409,0
182669,30764,0,0.005084,0
173662,9807,0,0.011921,0
8365,43635,0,0.002416,0
118223,42625,0,0.002668,0
60821,35108,0,0.016097,0
92932,43621,0,0.02598,0
150768,1000,0,0.005809,0
71310,35004,0,0.064673,0
119966,44449,0,0.040522,0
161619,43113,1,0.4271,1
175454,40332,0,0.022642,0
129234,28798,0,0.006816,0
79714,44961,0,0.024607,0
190253,5322,0,0.007326,0
59095,26568,0,0.013629,0
195573,18656,0,0.015779,0
150284,19443,0,0.111862,0
123920,28204,0,0.291848,1
51531,7649,0,0.002239,0
64246,8112,0,0.009339,0
169444,10060,0,0.003858,0
32968,16521,0,0.030506,0
613,32134,0,0.038943,0
74461,48717,0,0.029683,0
54181,13176,0,0.045657,0
97965,20632,0,0.039917,0
62834,3265,0,0.026814,0
181646,17008,0,0.047228,0
12319,49383,0,0.001525,0
65819,21184,0,0.018347,0
112707,44661,0,0.026091,0
118341,25691,0,0.009486,0
185719,37552,0,0.005238,0
142523,35140,0,0.022234,0
177942,1999,0,0.017926,0
20498,45578,0,0.248587,1
134891,23909,0,0.408993,1
109037,21137,0,0.187963,0
100394,8518,0,0.067291,0
49633,27104,0,0.009069,0
199678,9871,0,0.013204,0
7549,2081,0,0.020022,0
160926,27999,0,0.025334,0
117182,21019,0,0.131712,0
2273,42828,0,0.074637,0
185527,38650,0,0.061542,0
172936,48370,0,0.222285,0
22484,34969,0,0.021045,0
76107,23565,0,0.005613,0
113366,49296,0,0.129288,0
24532,27440,0,0.050135,0
178966,12385,0,0.006662,0
154792,48395,0,0.01645,0
30012,14159,0,0.06422,0
143701,39275,0,0.502187,1
123544,5240,0,0.04452,0
170810,2314,0,0.005176,0
182841,16262,0,0.045861,0
114229,23957,0,0.010036,0
186604,7403,0,0.020377,0
171008,18389,0,0.007518,0
17121,35547,0,0.121638,0
50180,49683,1,0.313688,1
194432,36085,0,0.009063,0
121020,21137,0,0.019267,0
187565,33401,0,0.061411,0
139877,16797,0,0.021083,0
137435,20754,0,0.001214,0
55236,39928,0,0.092259,0
83514,10749,0,0.017756,0
97309,5134,0,0.006095,0
95264,3732,1,0.060721,0
178443,26128,0,0.009199,0
172786,29447,1,0.17692,0
199851,48733,1,0.298231,1
4395,15290,0,0.008852,0
103951,20842,0,0.001823,0
130936,28527,0,0.031153,0
109686,36599,0,0.00208,0
160022,36221,0,0.013111,0
96577,3800,0,0.034697,0
154637,8939,0,0.024745,0
50669,1025,0,0.102575,0
110442,47141,0,0.008032,0
78934,13245,0,0.091896,0
106423,47403,0,0.031149,0
90356,44389,0,0.00697,0
201640,14621,0,0.003325,0
101976,49185,0,0.008234,0
142794,46720,0,0.006369,0
156613,16145,0,0.137604,0
202252,27470,1,0.435512,1
27592,16797,0,0.020612,0
186287,22935,0,0.016326,0
10901,46979,0,0.022198,0
144871,5303,0,0.00531,0
154063,23001,0,0.012121,0
194505,37288,0,0.002328,0
38720,16278,0,0.007988,0
101383,23165,0,0.015467,0
144305,33000,0,0.022443,0
140817,34656,1,0.04616,0
112674,41273,0,0.012862,0
67259,36177,1,0.764226,1
113176,24964,0,0.010894,0
73362,47516,0,0.06963,0
20700,46676,0,0.025695,0
26336,23898,0,0.050341,0
70799,47766,0,0.042992,0
81126,11973,0,0.050702,0
14573,31717,0,0.029445,0
180803,1925,0,0.058574,0
127124,22736,0,0.015412,0
113310,47216,0,0.157013,0
140866,47626,0,0.031199,0
47069,45002,0,0.001404,0
185215,42345,0,0.079991,0
116217,47357,0,0.004557,0
140316,45064,0,0.016827,0
124710,5890,0,0.014848,0
154835,5450,0,0.015494,0
60611,21938,0,0.067371,0
41602,45774,0,0.044771,0
9777,16797,0,0.280227,1
53818,13176,0,0.040335,0
161341,3969,0,0.251866,1
35576,4428,0,0.085641,0
150101,25890,0,0.040162,0
116309,27086,0,0.009309,0
166693,30489,0,0.006616,0
74009,46667,0,0.048461,0
112435,48335,0,0.046406,0
202713,28934,0,0.006878,0
89556,35424,0,0.119753,0
97822,39275,0,0.006822,0
152795,17258,0,0.037489,0
79151,37053,1,0.086589,0
195434,19385,0,0.002309,0
194140,41149,0,0.024266,0
41210,46969,0,0.009985,0
68107,5214,0,0.038526,0
144965,47766,0,0.026256,0
110067,32110,0,0.039096,0
34970,31964,0,0.019144,0
81388,5380,0,0.007379,0
189238,46616,0,0.028737,0
4518,26157,0,0.002445,0
92707,19660,1,0.767662,1
89511,44457,0,0.001325,0
18805,46059,0,0.011485,0
119884,42445,0,0.005618,0
139426,14381,0,0.008653,0
51784,49131,0,0.044743,0
59095,7054,0,0.012115,0
5203,5933,0,0.054112,0
163383,32360,0,0.002172,0
78084,3808,0,0.00507,0
96903,210,1,0.403433,1
19916,26348,0,0.010498,0
166255,15904,0,0.003236,0
56280,4605,0,0.011596,0
47948,21948,0,0.004514,0
66142,49481,0,0.028889,0
6837,21704,0,0.027999,0
172277,3442,0,0.022069,0
171175,18288,0,0.01182,0
50621,21077,0,0.188304,0
6417,26300,0,0.13204,0
70381,44359,0,0.035674,0
50830,2314,0,0.003536,0
82380,47119,1,0.509221,1
185996,23909,0,0.03257,0
83202,41351,0,0.014988,0
127072,6795,1,0.022012,0
117908,2012,0,0.010601,0
120867,31343,0,0.005462,0
182045,20277,0,0.003459,0
81625,33120,0,0.020641,0
61850,44142,0,0.065512,0
145851,277,0,0.04226,0
17509,28199,0,0.076492,0
196604,47626,0,0.008987,0
164445,13242,0,0.043967,0
40650,34625,0,0.090794,0
97401,5605,0,0.002088,0
179253,12955,0,0.028669,0
116966,35547,0,0.180912,0
60362,1819,0,0.003857,0
74053,35734,0,0.005281,0
144869,24413,0,0.028545,0
88418,13198,0,0.018994,0
199767,41618,0,0.245725,1
8563,41844,0,0.052485,0
29265,5077,0,0.586581,1
38826,13885,0,0.009334,0
114516,7948,0,0.193099,0
192289,27105,0,0.041547,0
29012,12409,0,0.038957,0
82818,33647,0,0.014184,0
18680,45066,0,0.077604,0
195183,6631,0,0.01042,0
11250,10831,0,0.276305,1
86463,2228,0,0.003923,0
201833,40310,0,0.038132,0
171557,17708,0,0.002772,0
79597,32079,0,0.038336,0
98347,10831,0,0.01011,0
140014,21351,0,0.011461,0
124893,13431,0,0.04843,0
66706,29307,0,0.025457,0
28649,26604,0,0.015807,0
156665,10534,0,0.017955,0
91843,10957,1,0.62763,1
9699,17360,0,0.060633,0
101862,34519,0,0.010637,0
46146,24390,0,0.051857,0
45268,43875,0,0.051123,0
35406,12312,0,0.033076,0
152592,42244,0,0.053821,0
60040,7751,0,0.030498,0
54154,26317,0,0.006044,0
48610,35547,0,0.110946,0
13522,46134,0,0.003804,0
68157,26576,0,0.025917,0
204046,21938,0,0.012037,0
177942,11005,0,0.031227,0
152871,4009,0,0.00243,0
15160,30041,0,0.007716,0
146146,24413,0,0.054827,0
138762,25371,0,0.002518,0
31405,21174,0,0.002311,0
43381,47766,0,0.268653,1
119113,27629,0,0.049979,0
199855,26131,0,0.012606,0
36824,36135,0,0.001485,0
132919,12427,0,0.010665,0
204638,27628,0,0.022371,0
173475,27521,0,0.061947,0
60627,41006,0,0.002176,0
169150,34358,0,0.093394,0
133018,28842,0,0.036847,0
191710,21903,0,0.205864,0
70078,8654,0,0.02829,0
44108,47479,0,0.005582,0
120117,28443,1,0.245819,1
200820,28518,0,0.025302,0
137814,31557,0,0.089784,0
107018,5451,0,0.088652,0
190497,42265,0,0.007842,0
153343,31248,0,0.007138,0
132624,25199,0,0.129035,0
1584,26317,0,0.232581,1
26488,20670,0,0.005502,0
138731,32205,0,0.020496,0
91580,30746,1,0.721791,1
10372,23588,0,0.004525,0
179206,12743,0,0.015723,0
16219,4470,0,0.075651,0
16945,5878,0,0.003432,0
190519,32177,0,0.007791,0
89230,33636,0,0.121899,0
130267,16464,0,0.014464,0
152709,22671,0,0.018258,0
78084,22161,0,0.032482,0
64120,8555,0,0.02447,0
83652,30271,0,0.012401,0
102549,29553,0,0.108326,0
140269,35548,0,0.01068,0
128473,14874,0,0.00251,0
84056,41148,0,0.011449,0
127135,3931,0,0.079375,0
161622,41811,0,0.030131,0
39752,42356,0,0.004377,0
109071,37029,1,0.493625,1
115586,49174,0,0.023044,0
80653,28842,0,0.009344,0
121828,19894,1,0.221475,0
54836,6105,1,0.528828,1
120455,5785,0,0.056938,0
3275,28601,0,0.172827,0
25467,7350,0,0.590475,1
118816,39623,0,0.069619,0
127497,46025,0,0.195653,0
66758,31611,0,0.022012,0
101923,44661,0,0.012769,0
119146,40174,0,0.019904,0
91249,34175,0,0.033464,0
195434,18376,0,0.0063,0
203998,7177,0,0.003262,0
181479,5077,0,0.167298,0
204759,30305,0,0.003704,0
153785,44310,1,0.163211,0
120630,41593,0,0.063885,0
69718,24852,0,0.282725,1
25283,49198,0,0.040851,0
142427,31955,0,0.001172,0
91682,42398,0,0.060378,0
75111,21903,0,0.095673,0
19498,41950,0,0.08235,0
135078,1463,0,0.026466,0
102655,49174,0,0.005751,0
128060,39097,0,0.035342,0
92022,15802,0,0.028077,0
13000,14927,0,0.028737,0
188267,27325,0,0.020107,0
190404,49175,0,0.006892,0
15559,43668,0,0.006086,0
103606,18359,0,0.002336,0
140006,20785,0,0.038969,0
26995,45948,0,0.030161,0
101394,12431,0,0.002477,0
82689,29987,1,0.105935,0
186995,37646,0,0.004793,0
20501,21804,0,0.101887,0
193700,3142,0,0.003808,0
120728,46802,0,0.008589,0
64035,43086,0,0.020108,0
103618,11006,0,0.011646,0
130806,33279,0,0.132022,0
21189,10749,0,0.014625,0
22506,40203,0,0.001291,0
35807,35939,0,0.070468,0
105093,38779,0,0.010668,0
53001,32650,0,0.001941,0
162361,25640,0,0.034954,0
104124,24964,0,0.013554,0
92399,17550,0,0.012259,0
78550,39275,0,0.01568,0
98005,4938,0,0.005336,0
117382,31662,0,0.020807,0
187544,39993,0,0.022798,0
197219,45819,0,0.003961,0
204823,9076,0,0.053585,0
192487,34593,0,0.025924,0
171855,31553,0,0.01885,0
19958,20549,0,0.010813,0
97545,39558,0,0.00353,0
167409,40878,0,0.048061,0
43264,49620,0,0.036998,0
29606,12341,1,0.380294,1
65638,43352,0,0.014222,0
155621,2825,0,0.24691,1
18747,33808,0,0.128804,0
150785,16541,1,0.236966,1
178080,44325,0,0.007081,0
131246,40706,0,0.023652,0
88986,22206,0,0.002923,0
74158,44683,0,0.020118,0
32798,39275,0,0.176904,0
193679,13997,0,0.045543,0
92872,6846,0,0.008154,0
182743,26209,0,0.013457,0
37650,34433,0,0.016156,0
87672,26209,0,0.037488,0
18482,24427,0,0.001959,0
113696,11869,0,0.032822,0
61626,4705,0,0.039485,0
187814,11827,0,0.016659,0
166976,15872,0,0.015747,0
199776,27156,0,0.037923,0
138164,33129,0,0.078167,0
153694,17157,0,0.111151,0
75223,39984,0,0.018124,0
63688,17819,0,0.007535,0
25900,22206,0,0.024455,0
125182,36534,0,0.036089,0
109904,40571,0,0.010114,0
34179,45683,0,0.007891,0
112405,6474,0,0.003946,0
95911,47196,0,0.260946,1
50843,11090,0,0.062584,0
91992,45683,0,0.022109,0
71103,32537,0,0.009753,0
136723,29662,0,0.029132,0
60112,43858,0,0.044754,0
111042,13966,0,0.021892,0
165852,31683,0,0.028093,0
24337,41527,0,0.029555,0
117733,46616,0,0.005478,0
195990,4754,0,0.017091,0
134958,4500,0,0.025713,0
171344,47185,0,0.105809,0
205086,32478,1,0.313801,1
146000,7673,0,0.29495,1
54628,49621,0,0.012779,0
41898,24197,0,0.019365,0
105132,22890,0,0.009807,0
68495,13536,1,0.199952,0
37676,40706,0,0.020993,0
175809,15202,0,0.031179,0
104907,44912,0,0.004141,0
843,3896,0,0.029408,0
163761,48765,0,0.014471,0
135893,21187,0,0.26802,1
110442,22959,1,0.278718,1
110315,18531,1,0.210789,0
114963,33745,0,0.001102,0
9662,46402,0,0.117832,0
130966,35149,0,0.009712,0
53615,34551,0,0.037742,0
49846,42460,0,0.024067,0
86637,15478,0,0.035071,0
174447,39408,0,0.013938,0
198896,13575,0,0.009236,0
23350,23440,0,0.004614,0
190682,5450,0,0.020376,0
47584,38739,0,0.011748,0
177889,19272,0,0.007488,0
140079,7969,0,0.061414,0
51206,28547,0,0.06275,0
163406,47626,0,0.033908,0
28759,29432,0,0.020868,0
101525,45664,0,0.028506,0
121202,41665,1,0.335244,1
192818,10017,0,0.005624,0
30137,24184,0,0.085114,0
190798,8518,0,0.14244,0
196408,5684,0,0.323023,1
74469,4428,0,0.016747,0
184197,4605,1,0.085017,0
86012,45200,0,0.047162,0
97168,34234,0,0.028576,0
6018,12910,0,0.012886,0
95242,7478,0,0.02944,0
176687,2535,0,0.044375,0
113052,18727,0,0.03218,0
160961,27392,0,0.008692,0
21507,13851,0,0.027141,0
39793,10957,0,0.062403,0
78867,49075,0,0.001372,0
127523,44628,0,0.006375,0
10519,46047,0,0.00898,0
125355,45007,0,0.043945,0
127359,32099,0,0.01255,0
143369,34946,0,0.002639,0
23280,36011,0,0.013232,0
19921,8320,0,0.012879,0
115547,5757,0,0.090641,0
150897,37646,0,0.110225,0
3376,41787,0,0.117161,0
66984,27966,0,0.020417,0
185909,40571,0,0.100347,0
68160,12118,0,0.001662,0
122346,26219,0,0.030973,0
96308,47626,0,0.048705,0
150982,6150,1,0.061287,0
173945,20323,0,0.045419,0
39832,21903,0,0.215146,0
201947,31338,0,0.006093,0
48369,27171,0,0.002881,0
31564,15519,0,0.056975,0
85141,27796,0,0.016956,0
106724,12813,0,0.035023,0
172233,36923,0,0.008076,0
193708,34371,0,0.007968,0
195527,25659,0,0.025051,0
172131,12078,0,0.033773,0
76323,7923,0,0.001673,0
201014,3634,0,0.003509,0
24529,36082,0,0.003901,0
140702,23543,0,0.005038,0
140292,9390,0,0.006671,0
46691,41006,0,0.009974,0
164858,48885,0,0.017007,0
97319,5785,0,0.008018,0
10738,25659,0,0.019998,0
1992,19976,0,0.003578,0
124352,6721,0,0.00238,0
139302,35898,0,0.002609,0
120157,31717,1,0.551197,1
76323,43920,0,0.003389,0
136370,28427,1,0.66883,1
7878,44323,0,0.013788,0
164440,46505,0,0.004758,0
121467,42699,0,0.069561,0
56077,44628,0,0.024313,0
110521,21603,1,0.418618,1
77598,41844,0,0.015832,0
86121,20995,0,0.034884,0
7006,37158,0,0.13477,0
178367,41570,0,0.003461,0
25425,8518,0,0.252869,1
57752,9366,0,0.005114,0
23023,27881,0,0.011129,0
148237,11755,0,0.004978,0
111073,14877,0,0.001962,0
148358,14126,0,0.009116,0
45195,37766,0,0.15994,0
163506,40629,0,0.020872,0
92710,8803,0,0.008752,0
102127,45371,0,0.074867,0
176504,44632,0,0.033255,0
141879,11869,0,0.435617,1
167988,11009,0,0.032257,0
173488,46906,0,0.037351,0
180309,42282,1,0.120977,0
51770,37053,0,0.027596,0
118837,29268,0,0.109958,0
86693,21137,0,0.23173,1
67975,9515,0,0.012669,0
47940,36389,0,0.013954,0
111128,17461,0,0.01174,0
171091,12285,0,0.00389,0
101496,40587,0,0.089366,0
188943,18200,0,0.082438,0
38873,14540,0,0.006696,0
833,46820,1,0.028565,0
28442,17568,0,0.004666,0
9566,27548,0,0.019534,0
119424,37557,0,0.001468,0
25471,15284,0,0.002534,0
79154,24989,0,0.030903,0
152547,31759,0,0.0312,0
175922,21137,0,0.013953,0
186227,48559,0,0.001656,0
103318,29127,0,0.012068,0
151737,24716,0,0.009159,0
86907,33324,0,0.039134,0
160804,45321,0,0.031031,0
19646,7628,0,0.649332,1
162366,10831,0,0.352173,1
201825,27104,1,0.066013,0
197100,45007,0,0.01644,0
57272,22825,0,0.030708,0
202695,261,0,0.012541,0
136573,12493,0,0.005948,0
186227,7175,0,0.002767,0
117733,28928,0,0.008615,0
200095,30287,0,0.050707,0
37924,8239,0,0.005599,0
110374,39812,0,0.019582,0
121097,39071,0,0.007487,0
31147,47537,0,0.058612,0
70265,29565,0,0.005431,0
21632,42106,0,0.049963,0
45582,9387,0,0.026441,0
60624,19261,0,0.014768,0
78073,32734,0,0.158353,0
38873,21903,0,0.023258,0
147290,1263,0,0.032168,0
4904,4605,0,0.006852,0
124501,17858,0,0.028921,0
3571,21841,1,0.105591,0
75863,49659,0,0.015839,0
149143,16797,0,0.023458,0
194792,9464,0,0.035292,0
205031,45007,0,0.042789,0
187650,39812,0,0.011523,0
90208,39619,0,0.111061,0
58936,44795,0,0.049031,0
109806,36117,1,0.188255,0
85464,27897,0,0.004023,0
4388,34969,0,0.019864,0
171730,40490,0,0.01114,0
56406,41950,0,0.032298,0
198013,6994,0,0.002341,0
142050,27521,0,0.4117,1
85257,11798,0,0.038981,0
10810,45748,0,0.004986,0
136882,15672,0,0.097693,0
138722,38583,0,0.003653,0
139483,30639,0,0.054808,0
146426,881,0,0.01183,0
146067,38293,0,0.01967,0
78084,13230,0,0.016059,0
16103,7461,0,0.069591,0
157339,34356,0,0.006272,0
43072,28465,0,0.003993,0
90520,26723,0,0.003238,0
66973,3480,0,0.030916,0
14133,21137,0,0.711545,1
172755,40063,0,0.035709,0
85576,47014,0,0.011041,0
15503,6383,0,0.121355,0
53535,15130,1,0.471449,1
99277,19992,0,0.01584,0
34299,5250,0,0.087864,0
143552,40706,0,0.021618,0
59354,29334,0,0.013608,0
84847,19048,0,0.038352,0
188684,16462,0,0.03902,0
100936,43643,0,0.03051,0
16219,34145,0,0.033502,0
146826,5312,0,0.004242,0
128941,21917,0,0.28524,1
87063,46853,1,0.217945,0
12661,669,0,0.045502,0
173435,38452,1,0.157705,0
95879,20114,0,0.023833,0
153092,3957,0,0.012182,0
103493,49144,0,0.01585,0
197970,21194,0,0.005893,0
146604,41950,0,0.271149,1
39752,2097,0,0.002562,0
48308,6104,0,0.309354,1
66631,32478,0,0.022685,0
49175,3990,0,0.015438,0
22447,10749,0,0.007652,0
45410,42828,0,0.087462,0
49543,22548,0,0.005421,0
57177,18811,0,0.11418,0
37915,34079,0,0.347029,1
70495,5038,0,0.047283,0
145136,5794,0,0.027742,0
40210,12254,0,0.010713,0
119112,8955,0,0.013292,0
30614,31844,0,0.006229,0
109650,42936,0,0.003968,0
129116,33462,0,0.010934,0
33736,24622,0,0.044341,0
135238,16797,1,0.071588,0
156668,20995,0,0.009212,0
130304,17824,0,0.017888,0
165707,10312,0,0.069362,0
159620,6187,0,0.005968,0
114817,17619,0,0.019221,0
151418,2180,0,0.00361,0
128561,32184,0,0.005745,0
14392,28600,0,0.010561,0
148170,30353,1,0.142201,0
6419,32689,1,0.270631,1
166717,46516,0,0.179683,0
84412,16349,0,0.021491,0
24873,20685,0,0.005495,0
161548,18659,0,0.026382,0
129050,36189,0,0.010041,0
53004,24852,1,0.562214,1
96193,40338,0,0.071035,0
199369,18358,0,0.068399,0
91406,24221,0,0.022287,0
199357,34243,0,0.013452,0
142635,29987,0,0.013831,0
35050,24035,0,0.03436,0
112730,47626,0,0.076865,0
160507,32831,0,0.014212,0
82516,17526,0,0.002192,0
27518,16213,0,0.026531,0
124132,33731,0,0.020919,0
141459,28204,0,0.110926,0
176948,25408,0,0.031594,0
159101,5077,0,0.012861,0
183569,30962,0,0.00227,0
114800,12409,0,0.029222,0
27952,49201,0,0.001342,0
139527,12015,0,0.001771,0
26443,25435,0,0.038907,0
19093,19283,0,0.008546,0
26409,39099,0,0.171829,0
182518,2443,0,0.02795,0
57027,24390,0,0.006944,0
58129,37766,0,0.017078,0
110374,44580,0,0.080095,0
115904,41831,0,0.01886,0
55458,36695,0,0.011381,0
42676,46676,0,0.014077,0
149089,18479,1,0.029904,0
145067,34214,0,0.014051,0
128215,10034,0,0.00562,0
15586,5876,0,0.016176,0
55101,35050,0,0.004354,0
22140,24810,0,0.028381,0
10738,29398,0,0.009735,0
88273,44683,0,0.018505,0
1401,2708,0,0.018304,0
25205,43654,0,0.008271,0
144305,41658,0,0.110929,0
160379,12592,0,0.034173,0
138115,47059,0,0.087733,0
170364,38374,0,0.058228,0
51719,44670,0,0.015599,0
20962,38456,0,0.016774,0
51019,16349,0,0.008163,0
60650,26604,0,0.002704,0
21101,17008,0,0.009883,0
118871,1787,0,0.002583,0
170364,25919,0,0.071097,0
49181,1203,0,0.015419,0
100536,9155,0,0.025533,0
72160,42240,0,0.1403,0
188696,10017,1,0.049775,0
200508,22935,0,0.004228,0
92880,32476,0,0.001607,0
97401,18288,0,0.001807,0
23797,20843,0,0.010319,0
12115,24750,0,0.001222,0
64047,27158,0,0.024985,0
192609,12456,0,0.002091,0
65243,25670,0,0.016544,0
155042,42617,0,0.001432,0
138935,39821,0,0.019236,0
173426,41463,0,0.019537,0
140852,47962,0,0.02743,0
106093,29334,0,0.002317,0
164304,49030,0,0.037076,0
108393,44728,0,0.018419,0
56961,4853,1,0.182965,0
30614,40678,0,0.161489,0
88132,16823,0,0.035201,0
165594,19340,0,0.0251,0
32694,37511,0,0.0376,0
117078,43713,0,0.03616,0
11742,16759,0,0.126037,0
58052,19446,0,0.01889,0
21647,10768,0,0.003861,0
199892,11408,0,0.003137,0
58765,27325,0,0.052854,0
34696,10673,0,0.068332,0
78139,6101,0,0.010147,0
95471,24185,0,0.019164,0
119398,14992,0,0.00595,0
127666,13380,0,0.106013,0
76149,40268,0,0.01447,0
135429,30288,0,0.023114,0
44804,22935,0,0.104534,0
181892,4605,0,0.046047,0
135283,13369,0,0.011359,0
53184,14705,0,0.00475,0
3779,24852,0,0.059639,0
96954,28123,0,0.002878,0
193647,30849,0,0.011061,0
160656,14280,0,0.01813,0
162834,29871,0,0.019915,0
149349,25,0,0.164422,0
100176,19057,0,0.015457,0
35404,691,0,0.008954,0
101231,4781,1,0.313855,1
162693,48299,0,0.049146,0
135662,26422,0,0.025823,0
190562,18852,0,0.232447,1
65065,32685,0,0.001701,0
80726,4857,0,0.069165,0
142650,10755,1,0.013533,0
152078,30066,0,0.048817,0
22504,41474,0,0.0013,0
4788,4421,0,0.010718,0
41602,33438,0,0.019438,0
121731,5971,0,0.144184,0
71151,13829,0,0.001467,0
30556,28603,0,0.100148,0
50906,25965,0,0.02889,0
94653,30363,0,0.044061,0
78866,10212,0,0.040383,0
25495,27796,0,0.023803,0
77590,37594,0,0.03248,0
82382,23734,0,0.187179,0
178720,27783,0,0.025475,0
40279,311,0,0.010072,0
15454,45613,0,0.012509,0
154060,5818,0,0.003634,0
176404,28849,0,0.018934,0
206045,28204,0,0.00455,0
137532,31865,1,0.01171,0
139683,34099,0,0.020091,0
28815,7501,0,0.03185,0
38365,4957,0,0.149346,0
111782,40593,0,0.00968,0
96618,45066,0,0.372345,1
66320,31654,0,0.158298,0
141787,34220,0,0.030119,0
5338,17149,0,0.001212,0
123235,22883,0,0.078846,0
5844,25824,0,0.074826,0
153835,18434,1,0.019926,0
154063,48645,0,0.012989,0
60554,12385,0,0.002287,0
72420,36004,0,0.026047,0
198102,43352,0,0.090103,0
184881,41330,0,0.01088,0
55824,27690,0,0.172174,0
183250,122,0,0.015634,0
103408,17862,0,0.007359,0
184306,2315,0,0.003088,0
135758,24184,0,0.025582,0
128849,49583,0,0.08678,0
23029,21938,0,0.008617,0
99788,49075,0,0.013299,0
71731,2017,0,0.001847,0
68444,16249,1,0.448772,1
163096,21376,0,0.014912,0
188318,26283,0,0.012817,0
9628,34545,0,0.012926,0
29449,35336,0,0.00232,0
173177,35068,0,0.172532,0
3443,14084,0,0.198287,0
77012,36070,0,0.028597,0
144940,49140,0,0.003191,0
29671,21472,0,0.129317,0
99575,32467,0,0.003903,0
101012,14712,0,0.018755,0
147515,26767,0,0.094842,0
186140,19627,1,0.753346,1
101265,46906,0,0.098412,0
141990,23765,0,0.015887,0
86322,42445,0,0.014477,0
47461,2092,0,0.001511,0
137443,24852,1,0.635516,1
16726,22745,0,0.013496,0
204241,13176,0,0.108175,0
51069,34584,0,0.002542,0
139516,10243,0,0.030456,0
53239,40001,1,0.594322,1
93922,15610,0,0.013052,0
100730,46703,0,0.02723,0
191563,40517,0,0.057788,0
146904,20842,0,0.042905,0
6417,25745,0,0.008014,0
47076,7212,0,0.003344,0
24587,4446,0,0.006284,0
26225,19677,1,0.279002,1
197558,6860,0,0.011843,0
185441,45495,0,0.00211,0
6837,24852,0,0.62567,1
133665,12099,1,0.267966,1
19581,46906,0,0.003995,0
141787,24020,0,0.153568,0
46826,17948,0,0.094165,0
200108,35217,0,0.032968,0
46822,27463,0,0.055699,0
203595,260,0,0.102482,0
86968,24356,0,0.064155,0
98163,34956,0,0.028867,0
84099,39558,0,0.005156,0
71515,15891,0,0.053172,0
14737,49235,0,0.01368,0
4477,27596,0,0.00763,0
160749,41273,0,0.022596,0
168493,480,0,0.023283,0
188186,21137,0,0.028011,0
154771,26452,0,0.041701,0
112933,25067,0,0.034309,0
8426,31343,0,0.012624,0
160244,12016,0,0.003855,0
50796,40063,0,0.024891,0
188390,45669,0,0.002826,0
80179,20549,0,0.001378,0
32980,31553,0,0.051887,0
199180,23744,0,0.013703,0
110220,45757,0,0.049412,0
113241,1695,0,0.024565,0
12586,16349,0,0.012039,0
98617,9203,1,0.059328,0
108196,35045,0,0.011258,0
127625,30620,0,0.005078,0
162566,44799,0,0.245189,1
36986,1025,0,0.006384,0
167824,15359,1,0.088681,0
16837,3631,0,0.280588,1
163096,8193,0,0.026311,0
9150,48438,0,0.02705,0
54698,4942,0,0.037745,0
52133,29107,0,0.053334,0
117736,36865,0,0.011237,0
123306,39275,1,0.135592,0
151378,31391,0,0.046491,0
84615,17123,0,0.01977,0
93502,33957,0,0.01263,0
169635,27966,0,0.020726,0
72537,5077,0,0.069334,0
37777,20120,0,0.038404,0
77429,5390,0,0.009161,0
53004,25718,0,0.028733,0
203318,29722,0,0.002864,0
12721,26405,0,0.04271,0
33470,10082,0,0.089657,0
103703,1757,0,0.040746,0
50930,47526,0,0.022659,0
6141,21903,0,0.017395,0
131348,27570,0,0.003976,0
155428,21903,0,0.128451,0
96126,11068,0,0.04875,0
105538,38739,0,0.012528,0
164677,25493,1,0.436991,1
116219,42585,0,0.169524,0
162350,2855,0,0.031825,0
53683,44765,1,0.093777,0
178250,3583,0,0.018038,0
69883,12341,0,0.074947,0
198629,37388,0,0.019944,0
3990,21461,0,0.044434,0
69116,3280,0,0.060044,0
112598,45002,0,0.017737,0
140844,26209,0,0.075351,0
185546,35956,0,0.05731,0
149159,7413,0,0.029187,0
181528,28476,0,0.019927,0
173112,46175,0,0.003364,0
88091,33705,0,0.032227,0
98199,44566,0,0.012138,0
190713,33745,0,0.063938,0
154826,27968,0,0.045807,0
37502,23405,0,0.042579,0
141939,10814,0,0.048843,0
101975,33552,0,0.022872,0
23461,31872,0,0.007218,0
156581,7509,0,0.01769,0
91031,47672,0,0.051886,0
97345,42139,0,0.027478,0
151994,16797,0,0.025632,0
5287,781,0,0.009395,0
76121,8174,0,0.083206,0
68835,27548,0,0.004676,0
143526,25671,0,0.013574,0
151089,35199,0,0.044364,0
182440,40681,0,0.012105,0
98491,30855,0,0.009013,0
14577,13560,0,0.008715,0
94618,10749,0,0.004996,0
107629,14129,0,0.00251,0
144836,32303,0,0.021318,0
190043,2447,0,0.062698,0
66304,34582,0,0.010744,0
196116,6046,0,0.021585,0
188791,42736,1,0.056281,0
127359,41966,0,0.001778,0
105805,20995,0,0.01817,0
151714,38531,0,0.087274,0
32798,44632,0,0.209677,0
203181,17429,0,0.046227,0
141844,21616,0,0.027516,0
132919,26767,0,0.016956,0
148836,25745,0,0.02628,0
183691,19677,0,0.076944,0
16958,3874,0,0.010456,0
86951,35725,0,0.031151,0
8492,3992,0,0.009173,0
31773,35951,0,0.010718,0
186696,34126,0,0.220399,0
205821,34551,0,0.023406,0
142400,35748,0,0.010784,0
178791,33081,0,0.005777,0
35201,16145,0,0.003367,0
85827,20507,0,0.095977,0
163464,30731,0,0.034185,0
142863,12324,1,0.169615,0
80144,13885,0,0.00118,0
167314,36186,0,0.049391,0
101465,26301,0,0.037327,0
203492,13380,0,0.31476,1
156148,6473,1,0.15715,0
58813,44089,0,0.049026,0
198932,45007,0,0.056694,0
41424,34668,0,0.031695,0
71,7911,0,0.019714,0
36059,14852,0,0.073566,0
53280,11121,0,0.00984,0
117635,19706,0,0.073992,0
204307,32819,0,0.059121,0
147618,44325,0,0.003899,0
179728,24830,0,0.163919,0
150893,2314,0,0.022706,0
90669,41720,0,0.020915,0
71913,44142,0,0.189066,0
55058,24622,0,0.04394,0
106161,311,0,0.003722,0
188576,36307,0,0.023475,0
186075,15987,0,0.03885,0
203607,2380,0,0.022578,0
93570,24964,0,0.008901,0
57250,48634,1,0.317607,1
142417,31726,0,0.010992,0
7569,7969,0,0.004705,0
160724,30057,0,0.03574,0
133780,6873,0,0.002792,0
162614,42701,0,0.034109,0
31634,48523,0,0.030218,0
196674,14929,0,0.06202,0
126833,24184,1,0.13043,0
1833,12779,1,0.072164,0
5589,4920,0,0.002957,0
194861,31486,0,0.016851,0
180610,39993,0,0.10697,0
181920,18159,0,0.004444,0
116553,23747,0,0.099844,0
170542,48527,0,0.123064,0
125769,25949,0,0.080765,0
121036,27471,0,0.014887,0
180905,39275,0,0.021929,0
204937,40604,0,0.07113,0
64879,35370,0,0.003745,0
160166,14332,0,0.028166,0
32517,30371,1,0.203014,0
60627,22400,0,0.002473,0
71922,11996,0,0.008327,0
73080,28785,0,0.002012,0
171616,38371,0,0.024398,0
131459,21344,0,0.005186,0
187953,47089,0,0.015558,0
75988,39408,0,0.034,0
4131,4481,0,0.008754,0
168449,4920,0,0.02452,0
203416,47766,0,0.132094,0
4395,40332,0,0.013496,0
127313,22952,0,0.008538,0
161895,40310,0,0.013551,0
127746,41220,0,0.014359,0
146833,10574,0,0.003707,0
49983,23848,0,0.004849,0
129015,605,0,0.005324,0
84588,26486,0,0.003962,0
84103,39929,0,0.044245,0
131794,37687,0,0.103996,0
101136,35547,1,0.454751,1
49470,14126,0,0.141992,0
190862,45633,0,0.031995,0
167972,43087,0,0.078927,0
92823,44359,0,0.015659,0
133304,40516,0,0.06403,0
58306,41960,1,0.129942,0
78670,37654,0,0.039701,0
199074,432,0,0.011276,0
139086,42356,0,0.047717,0
80747,33540,0,0.02052,0
71863,45,0,0.041573,0
104018,29460,0,0.020066,0
202799,34126,0,0.011853,0
147885,35536,0,0.006397,0
140292,5892,0,0.006732,0
204536,5621,0,0.009918,0
175768,19057,0,0.043771,0
203721,45578,0,0.00303,0
161339,41570,0,0.010276,0
203507,5031,0,0.314906,1
20031,11679,0,0.041687,0
69173,18411,0,0.001813,0
168708,13225,0,0.017703,0
186997,24841,0,0.135559,0
31402,48679,1,0.031875,0
898,12614,0,0.010324,0
109415,19389,0,0.01706,0
72968,46962,0,0.012505,0
122361,7021,0,0.009931,0
195400,27695,1,0.163412,0
53020,13660,0,0.004934,0
56539,35042,0,0.006572,0
204928,9225,0,0.00353,0
80423,7361,0,0.01536,0
172297,45599,0,0.035867,0
124178,6871,0,0.179491,0
38235,35430,1,0.205771,0
177224,46527,0,0.026022,0
156784,42757,0,0.003591,0
38316,36684,0,0.11271,0
17059,19190,0,0.005875,0
106823,30489,0,0.031159,0
2646,10798,0,0.217419,0
180185,35494,0,0.019077,0
66621,5214,0,0.008702,0
178547,22963,0,0.023278,0
53303,14351,0,0.054695,0
7526,3339,0,0.005619,0
182179,23622,0,0.125869,0
34635,12289,0,0.210227,0
21553,13176,0,0.397162,1
95879,25890,0,0.322495,1
78670,34350,0,0.006567,0
174908,34243,0,0.011198,0
43535,13163,0,0.027465,0
52167,29121,0,0.010042,0
148627,311,0,0.099438,0
82544,21511,0,0.007388,0
100565,21282,0,0.007856,0
116063,1335,0,0.009755,0
193301,32109,0,0.003651,0
84845,25890,0,0.045041,0
101602,15261,0,0.004366,0
31564,33572,0,0.585292,1
127034,21543,0,0.020896,0
167294,14852,0,0.156711,0
191334,35522,0,0.00185,0
135172,4145,0,0.249404,1
130373,2109,0,0.050239,0
41939,42063,0,0.056244,0
106161,40334,0,0.001731,0
156905,45938,0,0.003909,0
73947,28204,0,0.011001,0
149617,33825,0,0.009052,0
89220,25247,0,0.042862,0
169409,39024,0,0.02068,0
132972,47526,0,0.028228,0
118672,28601,0,0.026792,0
67829,49683,0,0.021127,0
42029,26604,0,0.008934,0
163023,10644,0,0.045855,0
101911,44486,0,0.004509,0
91486,27323,0,0.043046,0
25067,14901,0,0.002529,0
113257,8205,0,0.044,0
22707,6871,0,0.013665,0
125665,5652,0,0.095092,0
18951,48364,0,0.242803,1
112210,36640,0,0.165915,0
59023,24964,0,0.072485,0
77434,27663,0,0.007936,0
68165,43961,0,0.045955,0
8775,17794,0,0.058959,0
75789,36809,0,0.008531,0
96001,18599,0,0.035688,0
21686,3083,0,0.001309,0
107251,40198,0,0.048935,0
105626,27690,0,0.003881,0
172357,29740,0,0.020147,0
162722,36735,0,0.006774,0
162677,8903,0,0.19338,0
112511,20114,0,0.014097,0
111345,31343,0,0.014961,0
49323,38558,1,0.234197,1
205261,3829,0,0.008874,0
178739,27337,0,0.014432,0
71532,38015,0,0.003346,0
77275,47766,1,0.196369,0
88093,15438,0,0.024935,0
149499,4675,0,0.020468,0
6668,40761,0,0.150345,0
6527,33548,0,0.001844,0
196314,1202,0,0.006857,0
103003,2180,0,0.020174,0
60604,38288,0,0.01589,0
91840,5097,0,0.056254,0
197970,33953,0,0.011639,0
51443,43319,0,0.037033,0
52194,27240,0,0.001765,0
11496,43721,0,0.062413,0
153760,27370,0,0.030731,0
133951,7854,0,0.019393,0
51531,28123,0,0.0061,0
128380,44910,0,0.014556,0
4281,48523,0,0.008736,0
154621,46906,0,0.019587,0
165095,14061,0,0.055609,0
127735,26209,0,0.113146,0
119781,49030,1,0.422787,1
113591,47209,0,0.06901,0
131819,45603,0,0.205785,0
31456,27521,0,0.012188,0
133246,17948,0,0.045887,0
90216,11247,0,0.022743,0
44070,44293,0,0.003076,0
189430,49533,0,0.201521,0
145437,4149,0,0.02058,0
38281,8021,0,0.150611,0
43608,31486,0,0.006644,0
162533,8694,0,0.002587,0
9213,18027,0,0.057236,0
88668,39108,1,0.142694,0
128998,26592,0,0.005282,0
49695,31801,0,0.029997,0
136559,47156,0,0.078404,0
49277,11631,0,0.025798,0
155666,38164,0,0.206742,0
136801,42447,0,0.001683,0
159797,25647,0,0.144692,0
160926,35221,1,0.072296,0
150533,18159,0,0.011161,0
104186,19019,0,0.060886,0
178966,2533,0,0.020685,0
121090,13960,0,0.013169,0
5848,42265,0,0.003053,0
152235,37687,0,0.378856,1
184881,45007,0,0.079097,0
25095,48370,0,0.041277,0
83562,37933,0,0.001427,0
95402,38077,0,0.003211,0
109805,42625,0,0.00786,0
117211,32650,0,0.018814,0
18986,1940,0,0.067117,0
139495,4544,0,0.001449,0
200416,21614,0,0.034593,0
22763,15386,0,0.037892,0
168948,6184,0,0.032624,0
162791,10895,0,0.120918,0
134295,26104,0,0.033796,0
145654,21292,0,0.049839,0
205563,12670,0,0.015301,0
160245,9934,0,0.007373,0
2248,23516,0,0.048981,0
145488,13042,0,0.37911,1
16604,33352,0,0.01061,0
37773,21903,0,0.132553,0
123372,18656,0,0.078215,0
134963,47284,0,0.028873,0
178080,32163,0,0.01154,0
112327,22825,0,0.019166,0
3480,23296,0,0.033802,0
115621,34270,0,0.017797,0
54698,7781,0,0.145301,0
37557,38293,0,0.048742,0
19141,12442,0,0.012126,0
144785,45570,0,0.007403,0
186085,2237,0,0.017658,0
93649,17553,0,0.059166,0
117708,2596,0,0.042399,0
171439,39059,0,0.022883,0
30265,20382,0,0.002445,0
194576,10243,0,0.002833,0
38696,27336,0,0.013286,0
104691,36615,0,0.010832,0
121436,7930,0,0.003551,0
121766,19389,0,0.006399,0
133223,21137,0,0.067597,0
163102,1846,0,0.002835,0
139205,12167,0,0.028992,0
179323,18394,1,0.292342,1
73680,8006,0,0.025553,0
147575,20324,0,0.003735,0
195869,17119,0,0.003974,0
202394,10644,1,0.031514,0
151574,26425,0,0.006517,0
37809,22677,0,0.011428,0
158554,4699,0,0.082294,0
82544,46906,0,0.062141,0
81603,33043,0,0.022776,0
103890,38118,0,0.007735,0
78879,2846,0,0.009701,0
81603,18288,1,0.546038,1
99337,31651,0,0.113748,0
135459,42625,0,0.080324,0
135561,22395,0,0.012317,0
204165,43123,0,0.004419,0
68294,28123,0,0.011238,0
111618,48657,0,0.018562,0
104244,47626,0,0.015157,0
138839,27104,0,0.06526,0
185454,43961,0,0.027848,0
70692,23576,0,0.05076,0
173207,27243,0,0.033304,0
42906,17025,0,0.066753,0
204076,39408,0,0.222992,0
22292,13984,0,0.073832,0
132654,18439,1,0.307218,1
129474,39479,0,0.008437,0
48320,23375,0,0.018818,0
156699,21268,0,0.03722,0
159240,24333,1,0.720922,1
134153,19057,0,0.029667,0
7699,1219,0,0.005131,0
142746,20842,0,0.003996,0
85778,15200,1,0.10448,0
169692,36393,0,0.005724,0
120488,9036,0,0.001502,0
12833,42013,0,0.024673,0
160556,17576,0,0.011398,0
182558,48034,0,0.006541,0
149647,44461,0,0.028125,0
31939,12381,0,0.001077,0
6321,16965,0,0.431487,1
131501,6343,0,0.015498,0
100330,5876,0,0.103874,0
181405,29251,0,0.007216,0
72764,28443,0,0.055243,0
111902,44560,0,0.065691,0
185127,37524,0,0.030872,0
146625,7704,0,0.004762,0
147826,27336,0,0.005039,0
16345,40545,0,0.001562,0
14747,37001,0,0.009502,0
184834,7598,0,0.011042,0
137850,26209,0,0.069425,0
77989,5390,0,0.027335,0
99471,36640,0,0.003328,0
74570,43789,0,0.019793,0
202568,30135,0,0.430573,1
15229,4302,0,0.001298,0
183345,5479,0,0.257077,1
127034,39639,0,0.311183,1
160294,22713,0,0.008359,0
103547,9058,0,0.008277,0
28435,8174,0,0.009261,0
94285,49383,0,0.004133,0
91377,25753,0,0.763801,1
200789,45005,0,0.011866,0
48744,10070,0,0.005242,0
50721,7021,0,0.003941,0
130687,14197,0,0.015746,0
64470,29744,0,0.005523,0
178791,14419,0,0.004956,0
124220,49497,0,0.004606,0
126230,24521,1,0.152421,0
9036,36076,0,0.017876,0
134776,27104,0,0.012414,0
202558,40914,0,0.002253,0
165585,24009,0,0.107235,0
122883,95,0,0.018524,0
108472,33671,0,0.007743,0
82585,45616,0,0.120352,0
57800,39024,0,0.002004,0
53507,21903,0,0.11622,0
137104,5373,0,0.075324,0
153743,24852,0,0.264776,1
104167,41828,0,0.064472,0
75912,21616,0,0.246693,1
54135,9955,0,0.009054,0
59985,45504,0,0.23769,1
3485,9547,0,0.006078,0
133592,42858,0,0.027109,0
58701,38274,0,0.083738,0
5189,20178,0,0.011883,0
196314,11542,0,0.03848,0
121860,12246,0,0.039678,0
24268,123,0,0.003556,0
141321,35217,0,0.002195,0
174991,5612,0,0.026402,0
201308,27323,0,0.038925,0
95477,33000,1,0.057019,0
68308,26344,0,0.033529,0
3649,33682,0,0.260953,1
162312,45253,0,0.011091,0
128332,17122,1,0.417327,1
167263,34358,0,0.014179,0
64223,47209,0,0.033615,0
124250,30233,1,0.443427,1
193735,37460,0,0.036719,0
21463,44359,0,0.004853,0
132638,10246,0,0.167838,0
36478,30500,0,0.019764,0
63254,12916,0,0.003666,0
72683,33552,0,0.027124,0
127673,18465,0,0.053476,0
182607,22524,0,0.002522,0
80750,47485,0,0.019963,0
189926,46516,0,0.013346,0
38032,41,0,0.006333,0
158384,46932,0,0.107958,0
121486,22417,0,0.006568,0
203565,9390,0,0.078404,0
161264,44359,0,0.066085,0
171386,38689,0,0.054453,0
174215,26152,0,0.063618,0
28470,29127,0,0.010954,0
157279,41373,0,0.063959,0
