user_id,product_id,label,prob,pred
154001,27573,0,0.166667,0
78575,21903,0,1.0,1
135124,9358,0,0.5,0
26699,15040,0,0.166667,0
14876,22250,0,0.25,0
195759,19734,0,1.0,1
58387,43986,0,0.083333,0
181349,49416,0,1.0,1
167086,41950,1,0.5,0
123250,36310,0,0.076923,0
157887,31838,0,0.5,0
183125,10060,0,0.125,0
87618,39374,0,0.027027,0
66713,14702,0,0.333333,0
60078,17923,0,0.076923,0
70839,26620,0,0.2,0
73988,40706,1,0.2,0
184487,11048,0,0.090909,0
2609,6799,0,0.125,0
6334,36070,0,1.0,1
157290,28431,0,0.25,0
24241,44471,0,0.333333,0
56130,27510,1,1.0,1
37795,36443,0,0.012987,0
43448,33000,0,0.055556,0
136893,25653,0,1.0,1
176056,24114,0,0.333333,0
145575,21376,0,0.333333,0
127988,29447,1,0.2,0
55155,28842,0,1.0,1
202094,15996,0,0.043478,0
58144,36865,1,0.142857,0
121467,4210,0,0.043478,0
109415,42887,0,0.1,0
22640,8197,0,0.25,0
108393,13176,0,0.04,0
29396,30967,0,0.090909,0
93217,46526,0,0.083333,0
99749,13251,0,0.142857,0
45966,19706,0,0.25,0
24670,43194,0,0.0625,0
181528,14778,0,0.333333,0
172200,1194,0,0.1,0
198779,1463,0,0.333333,0
202404,44008,0,0.076923,0
116773,37067,1,1.0,1
63703,42342,0,0.5,0
170581,4086,0,0.015873,0
80710,32854,0,0.166667,0
173255,13176,0,1.0,1
56089,24830,0,0.052632,0
140008,248,0,0.027778,0
67195,7485,0,0.125,0
58647,39509,0,0.25,0
63002,1364,0,1.0,1
61877,6377,0,0.090909,0
10451,14576,0,0.111111,0
139570,12779,0,0.142857,0
22280,21195,0,1.0,1
144680,23913,0,1.0,1
108250,34731,0,0.1,0
116640,44371,0,0.333333,0
121977,29409,0,0.0625,0
100835,22935,0,0.055556,0
102971,27451,0,1.0,1
114592,23499,0,0.071429,0
128530,29529,0,0.090909,0
112872,14897,0,1.0,1
88649,33636,0,0.25,0
202516,1117,0,1.0,1
131227,20114,0,1.0,1
68160,49044,0,0.166667,0
89337,21513,0,0.25,0
22599,45007,0,0.125,0
204152,33731,0,0.025,0
190887,42411,0,0.0125,0
158382,10549,0,0.333333,0
27473,10017,0,0.5,0
13760,36695,0,0.5,0
178320,42450,0,0.2,0
186094,47144,0,0.25,0
61583,26620,0,0.5,0
132866,24964,0,0.5,0
102486,33120,1,0.5,0
44463,41366,0,0.25,0
55857,36364,0,0.030303,0
187491,7989,0,0.071429,0
163745,5876,0,0.333333,0
140674,5913,0,0.333333,0
31963,11610,0,0.032258,0
138861,25266,0,0.5,0
186585,33881,0,1.0,1
135561,49510,0,0.2,0
152197,22754,0,0.333333,0
195366,37354,0,0.2,0
46423,35750,0,0.1,0
173708,49429,0,0.1,0
1975,44570,0,1.0,1
47991,21376,0,0.041667,0
184557,12232,0,0.0625,0
57021,40009,0,0.5,0
204605,24385,0,0.333333,0
166522,39790,0,0.25,0
37703,43967,0,0.2,0
148189,42585,0,0.2,0
140210,2605,0,0.5,0
189045,34126,0,0.022727,0
194994,45063,0,0.111111,0
139980,40696,0,0.0625,0
42836,12125,0,1.0,1
138826,32598,0,0.076923,0
3918,10814,0,0.111111,0
171771,41057,0,0.083333,0
68737,5120,1,1.0,1
21679,10565,0,0.083333,0
93644,35672,0,0.03125,0
151805,29440,0,0.055556,0
201456,9385,0,0.333333,0
158741,35561,0,0.011765,0
44463,43223,0,0.1,0
147226,37354,0,0.090909,0
15054,5989,0,0.166667,0
97518,39475,0,0.083333,0
47971,22825,0,0.052632,0
54112,35221,0,0.015873,0
96381,22935,0,0.333333,0
6774,25588,0,0.05,0
2694,9434,0,0.333333,0
173651,40182,0,0.333333,0
63038,5566,0,0.166667,0
108211,46676,0,0.0625,0
154364,39190,0,0.05,0
19262,45664,0,0.5,0
87876,32139,0,1.0,1
70122,41065,0,0.0625,0
60627,3599,0,0.333333,0
51636,18140,0,1.0,1
17765,13755,0,0.25,0
165999,18059,0,0.333333,0
68160,3172,0,0.2,0
137648,11742,0,0.0625,0
77489,18208,0,0.029412,0
80338,13807,0,0.166667,0
87929,15823,0,0.25,0
86688,30656,0,0.083333,0
106443,15937,0,0.058824,0
61658,40545,0,0.142857,0
163247,24507,0,0.5,0
46900,31720,0,0.5,0
96807,21938,0,0.2,0
28992,30795,0,0.5,0
138283,39040,0,1.0,1
76406,13310,0,0.25,0
151253,7878,1,1.0,1
136754,16759,0,0.25,0
55896,33198,0,1.0,1
160380,42972,0,0.166667,0
67583,48532,0,0.5,0
185441,5491,0,0.083333,0
125907,32978,0,0.166667,0
38796,13740,0,0.066667,0
180417,39368,0,0.047619,0
151768,11132,1,0.166667,0
173238,26692,0,1.0,1
101691,36962,0,0.142857,0
159240,33007,0,0.5,0
132976,35951,0,0.25,0
93325,1514,0,0.125,0
15561,2846,0,1.0,1
109661,23722,0,0.333333,0
119179,2002,0,0.047619,0
48351,17553,0,0.333333,0
116287,8239,0,0.111111,0
7149,35935,0,0.2,0
112280,39928,0,0.076923,0
189928,8174,0,0.5,0
20712,31727,0,0.111111,0
127485,16696,1,1.0,1
196314,38827,0,0.015152,0
37817,47788,0,0.125,0
1461,42265,0,0.25,0
79933,21621,0,0.25,0
95869,35053,0,0.333333,0
137805,47865,0,1.0,1
82661,14064,0,0.090909,0
47060,4895,0,0.142857,0
57020,49652,0,0.142857,0
37650,23288,0,0.083333,0
35638,21461,0,0.090909,0
170192,47990,0,0.5,0
103563,30489,0,1.0,1
3546,21225,0,0.142857,0
62939,12911,0,0.2,0
65369,46667,0,0.055556,0
79747,26209,0,0.04,0
136994,17789,0,1.0,1
159702,28871,0,0.071429,0
107923,45535,0,0.052632,0
112110,46691,0,0.25,0
145974,480,0,0.125,0
189600,43768,0,0.045455,0
170045,5450,0,0.2,0
205200,29189,0,1.0,1
123271,2846,0,1.0,1
25082,38622,0,0.025641,0
182045,5496,0,1.0,1
126232,2275,0,0.25,0
36599,196,0,0.1,0
161332,48543,0,1.0,1
176216,31821,0,0.25,0
99942,4986,0,0.02381,0
176690,21938,0,0.076923,0
29046,20583,0,0.014085,0
59107,17526,0,0.020408,0
115904,38154,0,0.090909,0
172237,13198,0,0.111111,0
19891,44632,0,0.5,0
7543,45664,0,0.25,0
123906,44632,0,0.041667,0
107106,14010,0,0.5,0
201572,39004,0,0.083333,0
53982,16349,0,0.166667,0
3009,28842,0,0.2,0
198397,33846,0,0.166667,0
84048,13874,0,0.25,0
109072,2562,0,0.111111,0
159219,42383,0,0.166667,0
51631,27104,0,0.5,0
84835,14097,0,0.2,0
40331,41618,0,1.0,1
122096,7821,0,0.125,0
89149,14223,0,0.027778,0
111486,26901,0,0.033333,0
56875,4210,0,0.111111,0
106527,36506,0,0.043478,0
84822,36724,0,0.111111,0
95069,42768,0,0.037037,0
150764,35217,0,0.5,0
134570,38747,0,0.1,0
173481,22849,0,0.333333,0
70979,6201,1,0.5,0
6495,17341,0,0.083333,0
129355,34092,0,0.125,0
18524,19508,0,0.1,0
174991,43295,0,0.25,0
152424,40706,1,1.0,1
49549,23744,0,1.0,1
82433,45603,0,1.0,1
7565,40377,0,0.014925,0
193709,44487,0,0.125,0
100926,9507,1,1.0,1
123139,16185,0,0.333333,0
94888,22993,0,0.04,0
140641,9387,0,1.0,1
173460,46654,0,0.25,0
134984,21137,0,1.0,1
141210,47209,0,0.04,0
145919,20580,0,0.125,0
84464,43697,0,0.2,0
64981,40706,0,0.029412,0
149568,49235,0,0.333333,0
127547,41385,0,0.011111,0
45008,37067,0,0.111111,0
75126,37220,0,0.033333,0
140416,7975,1,0.5,0
47954,1994,0,1.0,1
54652,11323,0,1.0,1
11456,697,0,0.142857,0
53925,19448,0,0.2,0
2278,39411,0,0.035714,0
139272,38608,0,0.333333,0
115548,34126,1,1.0,1
189104,4932,0,0.333333,0
124786,1319,0,0.2,0
65456,26889,0,0.25,0
149008,21267,0,1.0,1
86509,46346,0,0.2,0
173696,5212,0,0.038462,0
41314,25985,0,0.045455,0
194234,30784,1,1.0,1
131513,39055,0,0.333333,0
101279,4792,0,0.05,0
176287,4472,0,1.0,1
106865,9076,0,0.333333,0
106161,1376,0,0.012195,0
97272,27978,0,0.166667,0
54836,31263,0,0.5,0
70339,20554,0,0.090909,0
136112,1017,0,0.055556,0
173805,20734,0,0.333333,0
170842,5716,0,0.5,0
126810,23029,0,0.043478,0
66699,21903,0,0.076923,0
135059,37053,0,0.5,0
142378,35951,0,0.5,0
171823,14897,0,0.5,0
91345,11760,0,0.066667,0
129634,9839,0,1.0,1
77145,24971,0,0.071429,0
165932,19068,0,1.0,1
170536,13563,1,1.0,1
86697,22123,0,1.0,1
60965,16830,0,0.111111,0
55834,17461,0,0.333333,0
55287,5390,0,0.1,0
43277,12145,0,0.090909,0
143664,14992,0,0.333333,0
158051,7430,0,0.052632,0
75454,46667,0,0.5,0
162996,47209,1,0.25,0
126868,9666,0,0.111111,0
42299,46069,0,0.2,0
71785,8903,0,0.25,0
162777,37358,0,0.043478,0
18951,27086,0,0.5,0
140514,10500,0,0.166667,0
82758,21903,0,0.333333,0
66747,651,0,0.5,0
26145,19660,1,0.25,0
44575,14917,1,0.5,0
129795,11265,0,0.066667,0
16298,8281,0,0.111111,0
38382,8503,0,0.04,0
105428,7156,0,0.0625,0
186453,19660,0,0.166667,0
45117,2846,0,0.333333,0
94260,24476,0,0.019608,0
72244,11791,0,0.043478,0
157395,24964,0,0.142857,0
71056,37220,0,0.125,0
170422,11631,0,0.083333,0
188810,7461,0,0.020408,0
94710,44628,0,0.083333,0
162126,46692,0,1.0,1
146885,7787,0,0.055556,0
116590,36051,0,0.333333,0
128533,43643,0,0.045455,0
158553,2519,0,0.038462,0
26726,17616,0,0.333333,0
63925,20619,0,0.052632,0
16945,15392,0,0.25,0
139733,13641,0,0.333333,0
27592,21903,0,1.0,1
177650,27900,0,0.25,0
190923,15269,0,0.2,0
91543,39059,0,0.111111,0
5338,13535,0,0.021739,0
150566,890,0,1.0,1
37817,39561,0,0.125,0
67276,41844,0,1.0,1
94285,1409,0,0.142857,0
162534,49404,0,0.037037,0
169758,48623,0,0.2,0
155632,13430,0,1.0,1
71782,30391,0,0.5,0
88697,28299,0,0.027027,0
1164,41319,0,0.013889,0
116395,13380,0,0.333333,0
137278,33000,0,0.0625,0
62367,49113,0,0.166667,0
32079,28842,0,1.0,1
71080,39180,0,1.0,1
128614,47156,0,1.0,1
37650,13284,0,0.066667,0
23657,4287,0,0.071429,0
29888,28191,0,0.25,0
182359,9783,0,0.2,0
4072,5621,0,0.142857,0
142365,16349,1,0.2,0
183710,37940,1,1.0,1
200388,12258,0,0.166667,0
114887,19519,0,0.083333,0
81936,28934,0,1.0,1
191038,47734,0,0.111111,0
49298,45343,0,0.071429,0
55315,24852,0,0.5,0
33916,6046,0,0.333333,0
52337,37173,0,0.25,0
15052,44008,0,0.5,0
33931,31343,0,1.0,1
160084,13885,0,0.052632,0
56907,26209,0,0.066667,0
133262,21462,0,0.090909,0
144160,12779,0,0.066667,0
85514,19678,0,0.5,0
69847,3376,0,1.0,1
178830,9623,0,1.0,1
32798,17872,0,0.25,0
72060,26298,0,1.0,1
182821,427,0,0.020408,0
68230,24390,0,1.0,1
66138,24010,0,0.02439,0
130597,32265,0,0.0625,0
10666,39693,0,0.2,0
170585,5684,0,0.5,0
5198,27845,0,0.333333,0
86304,39083,0,0.125,0
187771,16083,1,0.125,0
175469,11512,0,0.125,0
204524,42850,0,0.2,0
29821,2966,0,1.0,1
113299,6276,0,0.25,0
61794,48747,0,0.090909,0
103482,9507,0,0.043478,0
182618,12481,0,0.125,0
126874,46455,0,0.055556,0
143552,28204,0,0.05,0
25405,12916,0,0.5,0
171333,15276,0,0.2,0
4199,47209,0,1.0,1
120419,5077,0,0.166667,0
16226,44290,0,0.25,0
185719,26751,0,1.0,1
118090,31927,0,0.071429,0
40419,24852,0,0.2,0
105058,2966,0,0.090909,0
192993,24852,0,0.333333,0
24077,20114,0,0.076923,0
197007,4920,0,0.333333,0
183371,43768,0,0.5,0
92491,22035,0,0.333333,0
93502,44201,0,0.333333,0
72239,40815,0,0.125,0
36478,1217,0,0.2,0
106184,30233,0,0.25,0
194576,5024,0,0.076923,0
129655,3586,0,1.0,1
96192,8197,0,0.034483,0
170810,11193,0,0.2,0
106184,18411,0,0.052632,0
93027,27061,0,0.125,0
179828,19125,0,0.166667,0
18556,6184,0,0.5,0
203708,40516,0,0.5,0
8037,24489,0,0.166667,0
93902,42834,0,0.083333,0
12858,43961,0,0.125,0
106608,5652,0,0.111111,0
167086,7485,0,0.5,0
156522,29990,0,0.2,0
75720,24294,0,0.1,0
95978,22952,0,0.333333,0
131077,14778,0,0.2,0
119078,10668,0,0.023256,0
148540,49110,0,0.25,0
42063,35914,0,0.166667,0
150695,7035,0,1.0,1
204934,47766,0,0.5,0
107598,7615,0,0.066667,0
136982,20887,0,0.166667,0
133676,24964,0,1.0,1
203456,45123,0,0.25,0
158495,42001,0,0.333333,0
62838,12955,0,0.333333,0
195338,4799,0,0.5,0
175768,18487,0,0.333333,0
110702,25513,0,1.0,1
148468,43838,0,0.083333,0
63004,2716,0,0.142857,0
156377,18037,0,0.5,0
23280,41047,0,0.25,0
145067,40054,0,0.2,0
87823,37238,0,0.021277,0
124727,45753,0,0.142857,0
172755,33000,0,0.058824,0
131091,14594,0,0.5,0
113113,22890,0,0.111111,0
205101,3376,0,1.0,1
48259,28384,0,0.041667,0
58040,4920,0,0.029412,0
141592,13517,0,0.076923,0
157270,33787,0,0.25,0
138826,35315,0,0.090909,0
190609,23622,0,0.5,0
85332,23375,0,1.0,1
146705,8571,0,0.5,0
162155,32455,0,0.5,0
66477,33731,0,1.0,1
23039,8955,0,0.035714,0
71006,47734,0,0.2,0
130182,7350,0,0.5,0
15662,18389,0,0.5,0
66137,37158,0,1.0,1
138900,5077,0,0.2,0
78487,8174,0,0.25,0
152972,21344,0,0.090909,0
25035,36036,0,0.142857,0
2609,13176,0,0.166667,0
136922,7963,0,0.25,0
193330,32090,0,0.047619,0
196686,39657,1,0.5,0
189212,27344,0,1.0,1
76295,39984,0,0.25,0
156850,12419,0,0.125,0
143841,24852,0,1.0,1
115595,33731,0,1.0,1
96776,16462,0,0.166667,0
157512,4731,0,0.017544,0
117356,9852,0,0.333333,0
173428,40199,0,1.0,1
135292,20542,0,1.0,1
107317,43054,0,0.333333,0
8337,10492,0,0.027027,0
194395,24654,0,0.027778,0
44017,16825,0,0.25,0
177202,14197,0,0.333333,0
167997,34243,0,0.142857,0
87779,24834,0,0.166667,0
126230,48775,0,0.333333,0
117939,31915,0,0.071429,0
53303,35580,0,0.021739,0
57553,46023,0,0.2,0
37995,13808,0,0.5,0
86377,15937,0,1.0,1
150695,4096,0,0.25,0
101550,4802,0,0.2,0
111166,40009,1,0.333333,0
74826,16249,0,1.0,1
63783,27730,0,0.125,0
52467,15569,0,0.166667,0
125340,18090,0,0.055556,0
97816,7014,0,0.015873,0
125407,25005,0,0.333333,0
16289,42013,0,0.071429,0
149360,25753,0,1.0,1
125265,5876,1,0.5,0
151658,3093,0,1.0,1
126868,21174,0,0.142857,0
147855,10246,0,0.030303,0
87366,8575,0,0.333333,0
118629,23165,0,0.333333,0
183569,5785,0,0.2,0
32229,5098,0,0.025,0
141369,24852,0,0.025,0
111926,11599,0,0.1,0
153139,34244,0,0.083333,0
59336,39411,0,0.076923,0
128637,25670,0,0.076923,0
45133,40604,0,0.333333,0
133546,16797,0,0.029412,0
146426,13920,0,0.058824,0
4129,42265,0,1.0,1
144702,19461,0,0.125,0
187075,44142,0,1.0,1
14577,16965,0,0.166667,0
22861,2,0,0.333333,0
200885,8637,0,0.5,0
134602,15333,0,0.2,0
146203,3959,1,1.0,1
176030,39408,0,0.2,0
128777,14668,0,0.5,0
113071,47209,0,0.071429,0
117290,47526,0,0.5,0
71043,24830,1,0.142857,0
149093,9243,0,0.025,0
68701,26553,1,0.333333,0
132872,3634,0,0.5,0
120691,37215,0,0.2,0
98759,16276,0,1.0,1
131403,33222,0,0.2,0
69542,13829,0,0.029412,0
1810,18391,0,0.5,0
182482,4920,1,0.333333,0
184546,22827,0,0.25,0
140678,9076,0,0.333333,0
150237,13176,0,0.03125,0
108038,9124,0,0.090909,0
138201,21463,0,1.0,1
98847,12206,0,0.028571,0
114770,13802,0,0.5,0
140493,32099,0,0.083333,0
192070,47766,0,0.5,0
82307,30509,0,0.25,0
75707,28079,0,0.071429,0
85238,48857,0,0.333333,0
142582,11416,0,0.05,0
53776,5077,0,0.090909,0
199180,33508,0,1.0,1
59625,18362,1,1.0,1
133262,27966,0,0.052632,0
54436,27845,1,0.5,0
187337,36780,0,0.016949,0
88080,16797,0,0.5,0
49030,2447,0,0.090909,0
82447,41787,0,1.0,1
126348,16759,0,0.1,0
182018,27521,0,1.0,1
137233,25533,0,0.5,0
143989,26209,0,0.5,0
148258,47626,0,1.0,1
104784,7054,0,0.5,0
196565,23400,0,0.5,0
89200,44485,0,0.1,0
6708,4642,0,1.0,1
64296,31553,0,0.2,0
7945,5612,0,0.083333,0
169930,12456,0,0.038462,0
149598,5618,0,0.2,0
57559,43867,0,0.05,0
133262,43475,0,0.333333,0
79000,27142,0,0.166667,0
30877,18670,1,0.5,0
199833,44142,0,0.25,0
155950,21542,0,0.333333,0
100720,9934,0,0.055556,0
87214,1818,1,0.5,0
186195,28564,0,1.0,1
21247,16570,0,0.125,0
153319,31506,0,0.2,0
20555,14890,0,0.083333,0
62161,43550,0,1.0,1
7821,19005,0,0.166667,0
157532,40603,0,0.333333,0
102493,40571,0,1.0,1
59604,28476,0,0.019231,0
183957,17400,0,0.5,0
74009,17872,0,0.071429,0
126645,9550,0,1.0,1
77797,5450,0,0.5,0
74578,1583,0,0.125,0
77008,15801,0,0.083333,0
23876,44204,0,0.020408,0
97367,39475,0,0.5,0
179526,25740,0,0.021277,0
172277,19019,0,0.083333,0
112487,14715,1,0.142857,0
114542,28207,0,0.090909,0
127837,39001,0,0.076923,0
105939,33407,0,0.5,0
180829,44914,0,1.0,1
6895,38383,0,0.066667,0
21911,28204,0,0.071429,0
185010,7952,0,0.142857,0
189096,39928,0,1.0,1
146021,28553,0,0.5,0
56461,20327,0,1.0,1
66057,27086,0,0.1,0
46333,2137,0,1.0,1
151304,23373,0,0.071429,0
66249,35629,0,0.027778,0
182876,3376,0,1.0,1
192218,37646,0,0.142857,0
22017,47521,0,0.5,0
175469,6091,0,0.058824,0
122968,24852,1,1.0,1
143299,26177,0,0.090909,0
9943,1215,0,0.333333,0
50376,28601,0,1.0,1
92797,30941,0,0.142857,0
160245,11005,1,0.5,0
23641,37229,0,0.125,0
54607,4421,0,0.5,0
5335,3339,0,0.041667,0
57030,30839,0,0.111111,0
144717,26800,0,0.166667,0
159719,21903,1,1.0,1
127547,33776,0,0.043478,0
105999,43530,0,0.071429,0
108146,34448,0,0.5,0
914,14901,0,0.066667,0
53686,28849,0,0.028571,0
129687,11580,0,0.125,0
50187,8774,0,0.125,0
113238,3081,0,0.25,0
89175,40706,0,0.055556,0
122736,35395,0,1.0,1
167223,38063,0,0.25,0
60267,40852,0,1.0,1
188318,1215,0,0.083333,0
205461,33290,0,0.166667,0
41917,47626,1,0.5,0
190119,32433,0,0.125,0
4794,7746,0,0.142857,0
186227,16759,0,0.02,0
85384,33352,0,0.5,0
15537,10473,0,0.035714,0
201825,45097,0,0.25,0
161048,1113,0,0.333333,0
88466,18883,0,0.03125,0
39068,41665,0,0.090909,0
30654,2079,0,1.0,1
167684,21903,0,0.090909,0
180259,30774,0,0.5,0
99495,35912,0,0.012987,0
183211,33787,0,1.0,1
28245,31553,0,0.2,0
24179,46667,0,0.034483,0
145644,29474,0,0.058824,0
88680,33493,0,1.0,1
163530,44008,0,1.0,1
72066,40310,0,0.142857,0
192051,34126,0,0.076923,0
188065,29553,0,0.333333,0
159702,28993,0,0.142857,0
134675,22007,0,0.111111,0
78639,49383,0,1.0,1
163244,7893,0,0.076923,0
130282,44787,0,0.125,0
151276,26604,0,0.034483,0
174098,17683,0,1.0,1
178840,16797,1,0.333333,0
8349,24830,0,0.027778,0
85952,43086,0,0.25,0
5325,7830,0,0.066667,0
41777,12456,0,1.0,1
166239,6128,0,0.333333,0
111864,26317,0,1.0,1
61592,39804,0,0.111111,0
13910,37592,0,0.111111,0
48286,8490,0,0.5,0
177562,1158,0,0.125,0
100241,13512,0,0.5,0
143343,46845,0,0.111111,0
73755,30404,0,0.25,0
77087,30284,0,0.047619,0
37734,41999,0,1.0,1
124068,41743,0,0.012346,0
11129,32580,0,0.5,0
160158,33846,0,0.333333,0
147106,1541,1,0.5,0
165820,37107,0,0.011628,0
144870,46880,0,0.2,0
157312,2838,1,1.0,1
173435,11536,0,0.25,0
107430,3798,1,1.0,1
171660,28199,0,0.5,0
53075,42719,0,0.1,0
174848,20754,0,0.035714,0
16032,45633,0,0.041667,0
81971,33493,0,0.25,0
171224,21903,0,0.125,0
29344,27711,0,0.027778,0
15407,21405,0,1.0,1
64258,45007,0,0.04,0
149373,48595,0,1.0,1
164922,24184,0,0.333333,0
5927,40706,0,0.018868,0
22898,32611,0,0.5,0
25245,993,0,0.026316,0
157407,18814,0,0.111111,0
190561,17861,0,0.030303,0
21019,7485,0,0.142857,0
32888,44310,0,0.090909,0
167098,6348,0,0.5,0
182080,33507,0,0.142857,0
151986,36618,0,0.166667,0
102915,47626,1,0.125,0
95779,30290,0,0.333333,0
181262,29223,0,0.055556,0
121424,11712,0,1.0,1
188559,3376,0,0.5,0
155327,26209,0,0.25,0
44513,26939,0,0.125,0
184711,10706,0,1.0,1
162677,23115,0,0.047619,0
50296,7996,0,0.083333,0
173353,20073,0,0.045455,0
134015,38400,0,0.111111,0
133942,29557,0,0.012048,0
81753,21019,1,1.0,1
87946,2388,0,0.2,0
53893,37687,0,0.25,0
183112,48110,0,1.0,1
75793,47209,0,0.5,0
127601,23579,0,1.0,1
43302,30252,0,0.333333,0
76886,27336,0,0.5,0
184780,26842,0,0.2,0
153937,28204,1,1.0,1
88999,35894,0,0.125,0
99437,2716,0,1.0,1
16257,25017,1,1.0,1
97533,4671,0,0.058824,0
192545,29080,0,0.333333,0
138283,1446,0,0.011494,0
74957,38533,0,0.5,0
174948,3172,0,0.030303,0
352,32717,0,0.142857,0
38673,49383,0,0.25,0
22292,2078,0,0.052632,0
60329,23190,0,0.125,0
145925,28601,0,0.045455,0
3779,40709,0,0.142857,0
124544,18689,0,1.0,1
141009,46359,0,0.5,0
87765,11230,0,0.2,0
81373,23076,0,1.0,1
104244,33768,1,0.058824,0
107159,945,0,0.041667,0
67074,21938,0,0.25,0
186363,26351,0,0.071429,0
59084,14084,0,0.071429,0
81676,890,0,0.045455,0
62003,4071,0,1.0,1
49104,33647,1,1.0,1
188563,13646,0,0.5,0
137933,27344,0,0.041667,0
49537,6343,0,0.076923,0
53924,24221,0,0.037037,0
141787,17601,0,0.5,0
85901,31372,0,0.04,0
105304,40878,0,1.0,1
83878,5428,0,0.05,0
51671,28842,0,0.333333,0
175713,5818,0,0.25,0
167888,30721,0,0.111111,0
85091,13176,0,0.04,0
79482,49683,0,0.142857,0
143445,22290,0,0.2,0
170693,31506,0,0.071429,0
205163,8490,0,0.125,0
178670,3142,0,0.071429,0
127,49340,0,0.071429,0
173804,2726,0,0.090909,0
103950,29662,0,0.045455,0
103514,1176,0,0.052632,0
94954,20842,0,1.0,1
134758,45104,0,0.125,0
71198,34126,0,0.5,0
85600,40948,0,0.25,0
15160,21936,0,0.0625,0
172001,28299,0,1.0,1
108630,4938,0,0.125,0
158508,21405,0,1.0,1
132653,37065,0,1.0,1
62772,20084,0,0.058824,0
43836,38311,0,1.0,1
184368,31660,0,0.333333,0
192414,41220,0,0.2,0
97965,15635,0,0.016393,0
39637,35906,0,0.5,0
50095,22880,0,0.076923,0
157563,11688,0,0.083333,0
188494,32355,0,1.0,1
138325,31231,0,0.125,0
78183,26425,0,0.2,0
142195,48057,0,0.333333,0
188878,21996,0,0.125,0
149093,32338,0,0.166667,0
11542,15680,0,0.2,0
171274,26706,0,0.5,0
171981,43749,1,0.333333,0
87551,49204,0,0.142857,0
177487,22627,0,0.027027,0
78544,49478,0,0.055556,0
98026,11154,0,0.333333,0
181466,32429,0,1.0,1
54315,17915,0,0.25,0
42746,23165,0,0.038462,0
55924,39877,0,0.166667,0
29626,13176,0,0.5,0
81194,10125,0,0.5,0
74279,25305,0,0.142857,0
100627,27629,0,0.2,0
201165,35725,0,1.0,1
70076,35221,0,0.166667,0
108847,23729,0,0.166667,0
205580,35004,0,0.5,0
30373,17896,0,0.5,0
195886,32689,0,1.0,1
170551,23032,0,0.1,0
156928,23495,0,0.333333,0
17684,10603,0,0.055556,0
41037,45570,0,0.052632,0
112116,44987,0,0.027778,0
24047,7175,0,0.2,0
95145,42265,0,1.0,1
105877,25272,0,0.083333,0
88863,13431,0,1.0,1
68865,1194,0,0.333333,0
185322,40634,0,0.04,0
23787,7615,0,0.2,0
133497,43205,0,0.04,0
15052,9839,0,1.0,1
160556,32293,0,0.333333,0
155921,26280,0,0.071429,0
168599,10305,0,0.333333,0
53694,23909,0,1.0,1
114680,4793,1,0.5,0
32186,46906,0,0.5,0
174848,25627,0,1.0,1
167972,19875,1,0.333333,0
2205,19057,1,0.333333,0
23319,24838,0,0.1,0
119283,14470,0,0.25,0
112725,41665,0,0.166667,0
54272,12738,0,0.166667,0
183897,31848,0,1.0,1
107947,37687,0,0.125,0
16559,9741,0,0.125,0
152779,46676,0,0.142857,0
199169,43986,0,0.333333,0
1210,24930,0,0.111111,0
58095,34509,0,0.5,0
76678,23734,0,0.015152,0
124564,49235,0,0.1,0
130082,8012,0,0.027778,0
73080,12935,0,0.018519,0
10595,22844,0,0.076923,0
60005,25927,0,0.25,0
177827,1787,0,0.071429,0
140113,32689,0,1.0,1
177764,40311,0,1.0,1
151132,34279,0,0.076923,0
474,548,0,0.1,0
101465,14858,1,1.0,1
154884,31355,1,0.017544,0
67847,30248,0,0.5,0
165235,34050,0,0.014085,0
169989,45694,0,0.028571,0
68479,23909,0,0.333333,0
114652,41597,1,1.0,1
113322,46294,0,0.333333,0
2342,7882,0,0.0625,0
31351,6835,0,0.25,0
173646,9387,1,1.0,1
77749,13535,0,0.25,0
20798,18292,0,0.5,0
181827,22656,0,0.25,0
97393,4447,0,0.0625,0
92024,5876,0,0.125,0
142100,23178,0,0.027778,0
76461,33527,0,0.04,0
104295,44142,0,0.083333,0
138591,16295,0,0.2,0
58728,10163,1,0.333333,0
75624,38241,0,1.0,1
136782,19143,0,0.111111,0
202735,20431,0,0.032258,0
36267,23537,0,1.0,1
40279,3327,0,0.058824,0
96863,35547,0,0.333333,0
17274,18281,0,0.1,0
30172,47029,0,0.5,0
141179,42768,0,0.166667,0
115481,21903,0,0.0125,0
206079,36695,0,0.022222,0
46581,9364,0,0.333333,0
68157,23597,0,0.5,0
201829,35535,0,0.166667,0
106757,47209,1,1.0,1
37625,19949,0,0.090909,0
120713,30211,0,0.166667,0
33931,13076,0,0.25,0
154835,48417,0,0.333333,0
177827,25588,0,0.05,0
86340,23088,0,0.2,0
58701,44912,0,0.25,0
178426,2099,0,0.333333,0
5016,31183,0,0.090909,0
32696,22108,0,0.333333,0
175859,30192,0,0.333333,0
52131,4302,0,1.0,1
149550,31506,0,0.111111,0
191708,39228,0,1.0,1
154243,49235,0,0.333333,0
40774,45946,0,0.2,0
141662,47766,1,1.0,1
132018,15290,0,1.0,1
132206,29553,0,0.25,0
84352,43530,1,1.0,1
12435,10326,0,0.071429,0
50321,41690,0,1.0,1
40753,2716,0,0.111111,0
113954,35948,0,0.125,0
38620,41053,0,0.111111,0
155554,48666,0,0.1,0
26585,9124,0,0.076923,0
29460,42824,0,0.5,0
205223,31981,0,1.0,1
96897,17807,0,0.333333,0
137856,24764,0,0.066667,0
37245,24852,1,1.0,1
168688,34254,0,0.2,0
97382,2120,0,0.076923,0
11512,23910,0,0.071429,0
44842,45066,0,0.083333,0
157611,10193,0,0.052632,0
71532,47144,0,0.142857,0
188886,1409,0,0.111111,0
52008,1356,0,0.028571,0
76834,8193,0,1.0,1
97816,49113,0,0.030303,0
812,9781,0,0.052632,0
16668,16349,0,0.5,0
12385,34668,1,1.0,1
192533,16521,0,0.028571,0
22591,12271,0,0.052632,0
62707,8193,0,0.25,0
62829,47209,0,0.5,0
65074,47766,0,0.111111,0
23655,40154,0,0.111111,0
24036,19894,0,0.1,0
1584,29418,0,0.033333,0
9879,5785,0,1.0,1
36820,15472,0,0.5,0
1563,37003,0,0.05,0
14263,35430,0,0.05,0
7266,6341,0,0.142857,0
47197,33957,0,0.055556,0
117159,32700,0,1.0,1
21246,36060,0,0.333333,0
159573,4605,0,1.0,1
51058,40706,0,0.166667,0
137265,5876,0,0.025,0
156316,8424,0,0.25,0
41314,26461,0,0.5,0
141028,28289,0,0.25,0
156077,47941,0,0.2,0
61845,1359,0,0.2,0
106865,45333,0,0.25,0
80544,39363,0,1.0,1
81835,37220,0,0.1,0
138252,4421,0,0.111111,0
80797,13269,0,0.2,0
109892,40002,0,0.043478,0
82096,12408,0,0.5,0
46902,26499,0,0.5,0
156368,5545,0,0.333333,0
48850,26405,1,0.166667,0
29144,14021,0,0.5,0
82545,44683,0,0.125,0
196674,47257,0,0.333333,0
91871,5713,0,0.076923,0
99551,31082,0,0.142857,0
104263,38777,0,0.090909,0
110223,21616,0,0.25,0
148539,30036,0,0.125,0
93126,5380,1,0.02381,0
58841,2469,0,1.0,1
198454,8069,0,0.25,0
16669,35689,0,0.014706,0
41941,2966,0,0.1,0
27648,14146,1,0.166667,0
31238,16974,0,1.0,1
177097,9373,0,0.090909,0
39544,12606,0,0.058824,0
6886,44624,0,0.5,0
69542,6638,0,0.030303,0
88872,26313,0,0.166667,0
59872,19508,0,0.166667,0
178111,19156,0,0.333333,0
69458,34434,0,0.2,0
36663,13712,0,0.5,0
45777,36011,1,0.333333,0
185638,26668,0,0.071429,0
178449,3512,0,1.0,1
132905,22947,0,0.166667,0
22259,43686,0,0.125,0
39727,4367,0,0.1,0
183059,47049,0,0.1,0
13192,18439,0,0.5,0
37752,43693,0,0.5,0
168380,29987,1,1.0,1
111596,17948,0,1.0,1
134295,5235,0,0.04,0
60040,9755,0,0.071429,0
118672,11741,0,1.0,1
122262,9175,0,1.0,1
48435,24241,0,0.333333,0
14605,30593,0,0.090909,0
110486,27323,0,0.333333,0
150396,260,0,1.0,1
172299,35652,0,0.066667,0
102199,27080,0,0.058824,0
56961,45531,0,1.0,1
5706,21616,0,0.2,0
115537,32734,0,0.071429,0
189234,47966,0,0.5,0
44046,43691,0,0.058824,0
3485,44661,0,0.333333,0
127,41651,0,0.5,0
109892,8871,0,0.0625,0
61145,21582,0,0.25,0
20843,8638,0,0.041667,0
161094,15803,0,0.04,0
113567,18531,0,0.125,0
79274,42536,0,0.5,0
198183,18531,0,0.5,0
91162,46802,0,0.047619,0
66497,40706,0,0.066667,0
130988,45603,0,0.076923,0
126397,32455,0,0.1,0
140006,38734,0,0.25,0
52819,19097,0,0.5,0
64770,2295,0,0.166667,0
20297,25043,0,0.090909,0
121888,16479,0,0.090909,0
7345,39132,0,0.333333,0
135738,19354,1,0.25,0
77788,11422,0,0.015873,0
34407,5858,0,0.5,0
11885,24852,0,0.333333,0
95315,21292,0,0.111111,0
112774,21372,0,0.076923,0
187717,1969,0,0.142857,0
113166,9065,0,0.2,0
103206,37825,0,0.011111,0
103402,4697,0,0.25,0
143311,11258,0,0.125,0
85952,19706,0,0.026316,0
18523,17281,0,0.166667,0
63129,43523,0,0.333333,0
23378,42030,0,0.034483,0
98094,13802,0,0.2,0
143422,14811,0,0.021739,0
5870,30700,0,0.058824,0
155921,38260,0,0.125,0
40328,18531,0,0.035714,0
10202,26885,0,0.125,0
62549,4005,0,0.034483,0
97803,27456,0,0.2,0
65927,7177,0,0.333333,0
185464,36527,0,0.333333,0
145076,4778,0,0.076923,0
185685,32156,1,0.5,0
168741,21137,0,0.25,0
161848,20255,0,0.166667,0
54246,17616,0,0.5,0
140766,33113,0,0.058824,0
66418,43961,1,0.333333,0
131610,20955,0,0.166667,0
62396,47449,0,0.142857,0
169131,19057,0,0.1,0
117023,46331,0,0.125,0
94113,4605,0,0.047619,0
126868,35989,0,0.083333,0
16692,18594,0,1.0,1
91349,47144,0,0.2,0
149595,6218,0,0.015625,0
139670,49570,0,0.125,0
8150,11463,0,0.071429,0
115547,3667,0,0.047619,0
2349,11301,0,1.0,1
62367,15290,0,0.125,0
140777,37047,0,0.035714,0
109911,4367,0,0.076923,0
202876,37933,0,0.032258,0
41346,34584,0,0.066667,0
72814,3957,0,0.083333,0
103747,28008,0,0.047619,0
146347,1215,0,0.166667,0
54494,5818,0,0.071429,0
118225,6656,0,0.090909,0
13562,34551,0,0.015152,0
166733,28842,1,0.5,0
92044,17449,0,0.045455,0
62605,47402,0,0.166667,0
142461,27325,0,1.0,1
93083,36962,0,0.5,0
86462,17264,0,0.066667,0
147745,31847,0,0.025,0
148201,26993,0,0.2,0
13194,24838,0,0.5,0
60556,48192,0,1.0,1
65156,25706,0,0.076923,0
80227,8929,0,0.333333,0
64361,16185,0,0.25,0
49675,22260,1,0.111111,0
107494,4487,0,0.026316,0
148824,46673,0,1.0,1
34215,15424,0,0.125,0
50131,27104,0,0.0625,0
85767,26283,0,1.0,1
164932,30391,0,0.5,0
122957,37120,0,0.166667,0
192634,18025,0,0.142857,0
143993,39989,0,0.083333,0
205406,23348,0,0.111111,0
160763,2180,0,1.0,1
95975,27958,0,0.166667,0
59480,32691,0,1.0,1
150485,30489,0,0.25,0
91327,23457,0,0.2,0
149360,31355,0,0.142857,0
122147,2309,0,0.2,0
106105,17400,0,0.1,0
33458,9755,0,0.052632,0
126818,4461,0,0.111111,0
108351,19508,0,0.076923,0
179810,17224,0,0.04,0
23378,21783,0,0.090909,0
79213,29662,0,0.034483,0
101279,34217,0,0.033333,0
188733,24964,0,0.333333,0
108250,28373,0,0.5,0
72856,33316,0,0.5,0
114755,27204,0,0.047619,0
60051,49544,0,0.076923,0
18922,162,0,0.5,0
129795,37795,0,0.05,0
67344,41787,0,0.2,0
90027,27336,0,0.090909,0
109017,30233,1,0.166667,0
157842,25890,0,0.5,0
72951,16896,0,0.045455,0
194558,9901,0,0.142857,0
205114,9623,0,0.2,0
92706,43545,0,1.0,1
199514,47626,0,0.5,0
709,11993,0,0.333333,0
198523,28934,0,0.333333,0
122566,27247,0,1.0,1
107992,46969,0,0.058824,0
131895,27514,0,0.125,0
79931,21376,0,0.333333,0
193500,16174,0,0.142857,0
194377,29615,0,1.0,1
94285,42445,0,0.043478,0
194994,46990,0,0.5,0
8105,21847,0,0.041667,0
90030,26209,0,0.1,0
193441,35851,0,0.023256,0
109294,11759,0,0.25,0
95269,14705,0,0.5,0
178538,41483,0,0.25,0
50143,46157,0,0.090909,0
79449,21850,0,0.5,0
108693,47526,0,1.0,1
132793,5146,1,0.142857,0
136195,5618,0,1.0,1
186868,44987,0,0.045455,0
56115,22935,0,0.125,0
44527,48368,0,0.166667,0
32552,27156,0,1.0,1
48921,40388,0,0.25,0
165852,5876,0,0.25,0
15747,41950,0,0.25,0
194376,43986,0,0.5,0
200009,40604,0,1.0,1
126,47601,0,0.142857,0
104369,13988,0,0.5,0
67384,20995,0,0.333333,0
197254,30591,0,1.0,1
71494,27992,0,0.142857,0
53889,24221,0,0.055556,0
35592,14678,0,0.333333,0
154766,7185,0,0.25,0
136998,18523,0,0.05,0
58507,23753,1,0.035714,0
146400,21903,1,1.0,1
108519,7978,0,0.333333,0
94868,35221,0,0.066667,0
97727,28076,0,0.166667,0
203404,5449,0,0.033333,0
167994,6187,0,0.5,0
161967,47672,0,0.166667,0
194474,49683,0,0.5,0
13045,44632,0,1.0,1
27104,22474,0,0.058824,0
78150,31040,0,0.5,0
49354,14211,0,1.0,1
198283,28058,0,0.058824,0
155334,18382,0,0.5,0
140713,17438,0,0.2,0
166840,10403,0,0.076923,0
36245,41593,0,0.25,0
183459,26521,0,0.043478,0
159397,15872,0,0.043478,0
102622,40706,0,1.0,1
161299,43961,0,0.125,0
65080,26209,0,1.0,1
31330,5161,0,1.0,1
103582,2067,0,0.047619,0
191073,45842,0,1.0,1
44587,9871,0,0.076923,0
15843,37524,0,0.125,0
146563,26767,0,0.090909,0
70229,42887,0,0.058824,0
52026,26128,0,0.333333,0
120226,26201,0,0.066667,0
115351,2750,0,0.142857,0
58802,40706,0,0.111111,0
52008,32734,0,0.5,0
160226,45290,0,0.045455,0
93608,4347,1,0.333333,0
43697,46667,1,0.142857,0
199550,25424,1,1.0,1
146836,9786,0,0.019608,0
182274,21903,0,1.0,1
190927,1126,0,0.5,0
194320,14881,0,1.0,1
719,24010,0,0.25,0
17862,7150,0,0.111111,0
112125,7963,0,0.333333,0
49684,28535,0,0.5,0
170618,8197,0,0.333333,0
138889,14678,0,0.25,0
42430,14168,0,0.05,0
156522,23537,1,0.05,0
93570,18564,0,1.0,1
62226,21872,0,0.333333,0
164624,38656,0,0.090909,0
133321,7748,0,0.111111,0
102059,13822,0,0.142857,0
148618,11136,0,0.052632,0
7808,27514,0,0.142857,0
190887,41007,0,0.2,0
28472,13599,0,0.017857,0
28837,24810,0,0.25,0
151581,41687,0,0.1,0
68717,21405,0,0.2,0
153103,27845,0,0.111111,0
87498,18027,0,0.166667,0
66232,28199,0,0.166667,0
44871,25824,0,0.03125,0
177408,11580,0,0.166667,0
68445,8859,0,0.333333,0
198959,28842,0,0.1,0
20553,47766,1,1.0,1
52592,14870,0,0.166667,0
5036,4058,0,1.0,1
128569,46906,0,1.0,1
95798,9955,0,1.0,1
142028,21616,0,0.028571,0
53525,10106,0,0.2,0
142241,35951,0,0.142857,0
51636,7704,0,0.25,0
204397,46785,1,0.25,0
35382,44987,0,0.111111,0
134380,21137,0,1.0,1
2077,25005,0,0.333333,0
92993,49098,0,0.166667,0
157248,44566,0,0.25,0
53696,47060,0,0.071429,0
60112,44142,0,0.166667,0
49181,38452,0,0.111111,0
148170,47516,0,0.05,0
11915,45633,0,0.333333,0
78480,24964,0,0.066667,0
54411,47083,0,0.166667,0
73728,49005,0,0.333333,0
157590,5491,0,0.2,0
199743,37674,0,0.022727,0
110363,14761,0,0.017544,0
115589,23782,0,1.0,1
152793,31506,0,0.142857,0
23304,40380,0,0.333333,0
100031,11716,0,1.0,1
120865,31066,0,0.333333,0
91925,41890,0,0.029412,0
43971,25824,0,0.05,0
74437,35217,0,0.25,0
83157,2228,0,0.2,0
81062,40852,0,0.5,0
76394,26115,0,0.5,0
41493,7443,0,1.0,1
95765,49683,0,0.166667,0
10301,42680,0,0.333333,0
49314,34969,0,0.166667,0
24776,7489,0,1.0,1
22646,48229,0,0.25,0
62142,38777,0,0.25,0
41777,34216,0,0.5,0
40738,24852,0,0.2,0
39885,5450,1,1.0,1
102261,14877,0,0.5,0
118318,46162,0,0.2,0
15503,6101,0,0.052632,0
41139,21872,0,0.1,0
125778,43961,0,0.111111,0
193301,29307,0,0.058824,0
77410,2055,0,0.076923,0
164407,17526,0,0.333333,0
110413,30450,0,0.166667,0
34794,30336,0,0.2,0
81298,29034,0,0.5,0
16742,27344,0,0.033333,0
41205,27392,0,0.2,0
39671,31623,0,0.038462,0
106093,32238,0,0.083333,0
55911,5488,0,0.5,0
127072,22779,0,0.052632,0
39896,37158,0,0.125,0
2589,21278,0,1.0,1
127634,37590,0,1.0,1
167988,47629,0,0.111111,0
98523,46667,0,0.055556,0
154766,3283,0,0.5,0
13777,8442,0,0.25,0
93729,46667,0,0.25,0
152468,13984,0,0.166667,0
179556,17207,0,0.033333,0
67161,39877,0,0.076923,0
197589,1234,0,0.1,0
71700,196,0,1.0,1
29912,21093,0,0.5,0
9518,25464,0,0.2,0
8953,46847,0,0.333333,0
62661,30137,0,0.166667,0
71755,14267,0,0.043478,0
195727,15658,0,0.25,0
195552,2649,0,0.111111,0
8349,24964,0,0.022727,0
79235,27104,0,0.021277,0
148618,44422,0,0.052632,0
184895,14114,0,0.333333,0
187895,9424,0,0.142857,0
97529,36070,0,0.2,0
82544,4799,0,0.027027,0
92401,24412,0,0.066667,0
203595,6387,0,0.083333,0
189985,37687,0,1.0,1
41977,7035,0,0.2,0
75736,20561,0,0.25,0
186078,46654,0,1.0,1
23050,13385,0,0.5,0
199323,22636,0,0.25,0
103025,43352,0,0.25,0
130509,23322,0,0.125,0
181955,40941,0,0.25,0
155551,16997,0,0.033333,0
28826,15143,0,0.025,0
23015,16241,0,0.2,0
145730,42205,0,0.333333,0
87105,44098,0,0.142857,0
167584,42701,0,0.066667,0
192412,7021,0,1.0,1
108115,33000,0,0.333333,0
155385,40742,0,0.125,0
180459,9819,0,0.2,0
139370,47766,0,0.5,0
89200,24852,0,0.111111,0
182592,15011,0,0.5,0
64773,26765,0,0.071429,0
64454,17794,0,0.1,0
47698,29659,0,0.2,0
58969,37,1,0.5,0
195091,31471,0,0.25,0
39249,42535,0,0.1,0
51120,25146,0,1.0,1
102127,12496,0,0.125,0
90373,41540,0,0.333333,0
117863,17747,0,0.125,0
44190,22888,0,0.166667,0
64298,46088,1,1.0,1
52820,20280,1,1.0,1
184055,31651,0,0.045455,0
190033,35976,0,1.0,1
69324,5450,0,0.041667,0
187726,21574,0,0.026316,0
120713,29922,0,0.010526,0
161912,7877,0,0.032258,0
135261,11257,0,0.020833,0
73583,17568,1,1.0,1
193664,12916,0,0.5,0
85113,47209,0,1.0,1
100213,16883,0,1.0,1
149561,12078,0,1.0,1
156519,39024,0,0.090909,0
117220,49258,0,0.333333,0
79235,47209,0,0.083333,0
82662,13874,0,0.25,0
92249,29615,0,0.5,0
36336,8501,0,0.02439,0
203191,2210,0,0.1,0
84691,16882,0,0.5,0
2531,36695,0,0.018519,0
12130,5991,0,0.333333,0
158922,28928,0,0.1,0
196524,40706,0,0.1,0
58441,13984,0,0.043478,0
157289,13740,0,0.125,0
4323,23115,0,0.142857,0
130296,19987,0,0.058824,0
89008,8670,0,0.25,0
68294,20995,0,0.5,0
157241,35715,0,0.125,0
17933,5077,0,0.25,0
47584,46676,0,0.052632,0
161339,6476,0,0.076923,0
115997,43421,0,0.125,0
94959,44142,0,0.02381,0
5856,30561,0,0.5,0
41556,16927,0,0.037037,0
183569,47766,0,0.058824,0
79349,38289,1,0.111111,0
90259,29298,0,0.111111,0
78557,38003,1,0.333333,0
194629,673,0,0.1,0
63650,26373,0,0.5,0
140274,47626,0,0.142857,0
75736,24097,0,0.5,0
33353,20632,0,1.0,1
82544,25837,0,0.045455,0
120735,10246,0,0.142857,0
189428,38400,0,1.0,1
128979,35503,1,0.142857,0
4100,17225,0,0.5,0
36323,5876,0,0.5,0
175164,35336,0,0.05,0
110896,41220,0,0.2,0
105170,21267,0,0.5,0
28924,15290,0,0.25,0
66599,47977,0,0.2,0
94005,40706,0,0.0625,0
54599,46355,0,0.033333,0
25283,11827,0,0.166667,0
95573,13819,0,1.0,1
108987,46886,0,0.5,0
67644,13176,0,0.071429,0
52456,14129,0,0.041667,0
117191,24156,0,0.142857,0
99136,24795,0,0.5,0
92707,5825,0,0.058824,0
108535,27695,0,0.333333,0
88100,42929,0,0.2,0
50754,34551,0,0.5,0
71594,11265,0,0.1,0
183353,9544,0,0.166667,0
141227,49131,1,0.333333,0
156850,1866,0,0.25,0
10429,16259,0,0.03125,0
150982,44167,0,0.166667,0
84235,11408,0,0.166667,0
51566,43789,0,0.111111,0
155350,37701,0,0.111111,0
124064,17872,0,0.090909,0
69138,44611,0,0.125,0
193042,19048,0,0.055556,0
80779,7746,0,0.333333,0
162380,26172,0,0.166667,0
99106,39578,0,0.076923,0
201797,13631,0,0.02381,0
154895,38192,0,0.111111,0
29828,17487,0,0.043478,0
118735,30391,0,0.2,0
183459,29557,0,0.125,0
98413,24492,0,0.083333,0
140641,10442,0,0.333333,0
151078,8518,0,0.333333,0
68827,9695,1,0.1,0
202970,32502,0,0.333333,0
184142,27966,1,0.5,0
53114,6184,0,0.2,0
54315,35328,0,0.25,0
201370,7260,0,0.1,0
47587,43005,0,0.25,0
73701,7014,0,0.1,0
124283,14161,0,0.125,0
52705,33021,0,0.2,0
151304,35535,0,0.028571,0
105343,26390,0,1.0,1
183259,20580,0,0.2,0
190389,27001,0,0.029412,0
20613,8021,0,1.0,1
17442,28842,1,1.0,1
77489,34067,0,0.071429,0
135187,5918,1,0.5,0
83362,24841,0,0.125,0
162796,38844,0,0.5,0
72699,44449,0,0.02439,0
174737,10385,0,1.0,1
134346,1063,0,0.111111,0
29396,35887,1,0.111111,0
198779,5450,0,1.0,1
68160,11688,0,0.045455,0
144443,43933,0,1.0,1
8920,42824,0,0.038462,0
144534,24489,0,0.25,0
171091,3039,0,0.083333,0
43113,3835,0,0.25,0
167848,44717,0,0.5,0
81908,46665,0,0.2,0
193205,1640,0,0.5,0
16580,27344,0,0.166667,0
117426,3628,0,1.0,1
11848,49279,0,0.333333,0
94521,7559,0,0.25,0
152122,33731,0,1.0,1
108993,4149,0,0.090909,0
187252,14992,0,1.0,1
169430,13924,0,0.1,0
5446,37634,0,0.125,0
57242,1215,1,0.166667,0
1312,8518,0,0.25,0
151845,8025,1,1.0,1
191972,11673,0,0.2,0
67916,46969,0,0.038462,0
31382,26209,0,0.041667,0
65322,38579,0,0.083333,0
95437,17847,0,1.0,1
159137,10280,0,1.0,1
134013,20721,0,0.2,0
176948,2457,0,0.5,0
103913,34496,0,0.5,0
202107,30994,0,1.0,1
23428,21914,0,0.083333,0
44024,7533,0,0.25,0
110352,36598,0,0.142857,0
144211,40408,0,0.2,0
127234,40077,0,0.0625,0
947,7026,0,1.0,1
125386,28842,0,0.1,0
145335,1240,0,0.5,0
17474,13679,0,0.066667,0
52472,41665,0,0.166667,0
150169,43409,0,0.333333,0
41534,27104,0,1.0,1
19318,27104,0,0.25,0
186846,46716,0,0.083333,0
41126,13885,0,0.111111,0
114015,9766,0,0.25,0
30906,23236,0,0.066667,0
167266,48749,0,0.166667,0
12442,26723,0,0.125,0
147503,11844,0,0.166667,0
180930,24631,0,0.047619,0
5446,27676,0,0.090909,0
72436,19734,1,1.0,1
192289,20424,0,0.052632,0
80311,39408,0,1.0,1
40595,16953,0,0.333333,0
89537,48825,0,0.125,0
33388,23898,0,0.333333,0
28546,15892,0,0.0625,0
190595,40934,0,0.125,0
131140,34407,0,0.125,0
49470,7175,0,0.142857,0
59421,21137,0,0.25,0
25457,5337,0,0.5,0
28835,45007,0,0.066667,0
168866,19231,0,0.076923,0
83763,46667,0,0.125,0
49187,45646,0,0.05,0
198640,19816,0,0.1,0
151569,39322,0,0.5,0
103618,6568,0,0.090909,0
39394,2339,0,1.0,1
66638,14462,0,0.5,0
181775,46906,0,1.0,1
169699,31215,0,0.5,0
44231,13944,0,0.5,0
61365,19503,0,0.058824,0
97350,25072,0,0.043478,0
170285,47209,0,1.0,1
85561,28605,0,0.333333,0
177224,18389,0,0.142857,0
20318,31717,0,1.0,1
159081,39803,0,0.071429,0
68770,16797,0,0.25,0
176823,34160,0,1.0,1
72110,29479,0,0.015873,0
182391,11408,0,0.333333,0
5335,38357,0,0.052632,0
193074,46969,0,0.03125,0
85324,12911,0,0.333333,0
86969,2062,0,0.333333,0
10157,27294,0,0.2,0
177650,47464,0,1.0,1
156688,2130,0,0.166667,0
142702,8352,0,0.111111,0
147285,45066,0,0.5,0
107543,36070,0,1.0,1
82621,41618,0,0.2,0
106288,25659,0,0.25,0
62103,13759,0,0.5,0
23010,27196,0,0.047619,0
43450,23032,0,0.125,0
154204,9094,0,0.021739,0
68460,28928,0,0.25,0
97680,39275,0,0.066667,0
3607,12044,0,1.0,1
45533,33527,0,0.333333,0
6530,32691,0,0.5,0
23505,21137,0,1.0,1
160284,22089,0,0.5,0
143995,19767,0,0.5,0
192130,37825,0,1.0,1
27769,26648,0,0.0625,0
18838,35140,0,0.5,0
80004,19706,0,0.030303,0
168866,16823,0,0.076923,0
29546,16083,0,0.125,0
113809,33731,0,0.037037,0
117155,5479,0,0.037037,0
161951,32851,0,0.125,0
53922,24838,0,1.0,1
198118,13176,1,0.5,0
43158,27086,0,0.5,0
69132,13158,0,0.2,0
113141,28179,0,0.333333,0
114818,18956,0,0.047619,0
142907,15541,0,0.05,0
71,22849,1,1.0,1
81912,14612,0,0.047619,0
201878,20542,0,0.5,0
140428,20682,0,0.5,0
76375,34551,0,0.5,0
27468,2314,0,1.0,1
124291,31551,0,0.142857,0
125166,24492,0,0.142857,0
175720,26664,0,0.125,0
134153,44359,0,0.5,0
39786,5818,0,0.058824,0
187378,10305,0,0.04,0
136893,5896,0,0.166667,0
138921,33929,0,1.0,1
31443,38108,0,0.0625,0
184636,9290,0,0.2,0
19819,13263,0,0.5,0
12740,7503,0,0.2,0
106608,6348,0,1.0,1
155159,23165,0,0.014925,0
126872,49131,0,0.25,0
199229,22825,0,0.022222,0
162921,10755,0,0.013514,0
205488,18908,0,0.2,0
184365,14137,0,0.5,0
51357,4832,0,0.5,0
165291,40604,0,0.047619,0
57560,24184,0,0.045455,0
190469,5194,0,0.333333,0
13699,18380,0,1.0,1
129738,42191,0,0.5,0
34393,23952,0,0.090909,0
93845,19938,0,0.083333,0
29351,45535,0,0.111111,0
190070,29262,0,0.037037,0
8909,34230,0,0.5,0
69457,45787,0,0.333333,0
83202,13203,0,0.058824,0
93231,46575,0,1.0,1
19076,26209,0,1.0,1
96953,29815,0,0.5,0
36383,42900,0,0.071429,0
25466,14376,0,0.166667,0
81093,41220,0,0.5,0
45470,7693,0,1.0,1
86759,48620,0,0.2,0
75664,27104,0,0.015385,0
202215,26209,0,0.066667,0
175657,47993,0,0.333333,0
171540,3176,0,0.1,0
147532,45588,0,0.052632,0
65781,23236,0,0.0625,0
197377,48493,0,0.111111,0
37142,37215,0,0.014085,0
189034,32255,0,0.018182,0
89639,13874,1,0.333333,0
64131,5750,0,0.071429,0
53696,47626,0,0.333333,0
57963,33314,0,0.125,0
171009,19863,0,0.166667,0
27610,37832,0,1.0,1
79746,47734,1,0.5,0
40210,46886,0,0.027778,0
198149,22935,0,0.090909,0
137925,45006,0,0.5,0
188425,44580,0,0.090909,0
121506,23322,0,0.1,0
119308,32857,0,1.0,1
78240,34637,0,0.142857,0
47971,13058,0,0.125,0
103951,13176,0,0.05,0
54353,10613,0,0.055556,0
83849,432,0,0.2,0
84835,22866,0,0.2,0
100301,21137,0,0.125,0
23293,32218,0,0.142857,0
88441,25659,0,0.166667,0
49892,10177,0,0.142857,0
61516,25005,0,0.5,0
125659,33043,0,0.125,0
1303,27240,0,0.166667,0
37982,26209,0,0.090909,0
5346,19057,0,0.0625,0
77996,24831,0,0.083333,0
181344,20152,0,0.071429,0
203332,40054,0,0.111111,0
117435,27772,0,0.166667,0
205350,28647,0,0.090909,0
80232,32299,0,0.032258,0
110220,7411,0,0.25,0
163406,26096,0,0.033333,0
89846,44632,0,0.090909,0
60404,27156,0,0.038462,0
39038,27336,0,0.25,0
188627,21011,0,0.2,0
134612,35202,1,1.0,1
125890,1700,0,0.2,0
150837,13807,0,0.5,0
136315,19886,0,0.2,0
14051,12276,0,0.058824,0
114889,12703,0,0.333333,0
80779,11005,0,0.111111,0
64979,21272,0,0.5,0
79778,38557,0,0.090909,0
37296,32923,0,0.333333,0
149358,39279,0,1.0,1
20606,13249,0,0.111111,0
167573,38159,0,0.166667,0
67026,17794,0,0.142857,0
126940,47357,0,0.5,0
6417,26312,0,0.071429,0
126868,46682,0,0.038462,0
115537,49520,0,0.125,0
106695,9285,0,0.083333,0
195585,40136,0,0.066667,0
198362,12846,0,0.5,0
60406,11408,0,0.012195,0
191905,41276,0,1.0,1
148212,47156,0,0.333333,0
139050,13265,0,0.5,0
156084,44219,0,0.142857,0
137104,31717,0,0.333333,0
182537,49198,0,0.166667,0
132773,13176,0,0.111111,0
36820,37766,0,0.2,0
92959,8516,0,0.333333,0
100684,11576,0,0.5,0
153396,48109,0,1.0,1
158441,42817,0,0.058824,0
83492,29594,0,0.25,0
162468,47766,0,0.142857,0
71316,37710,0,1.0,1
190412,37504,0,0.5,0
138573,28842,0,0.0625,0
161678,24184,1,0.5,0
59107,45056,0,0.5,0
151599,43768,0,1.0,1
21078,14084,1,0.5,0
81357,26940,0,0.142857,0
183158,40078,0,0.043478,0
39516,890,0,0.166667,0
17683,8251,0,0.2,0
46223,47672,0,0.2,0
34131,43713,0,0.0625,0
102137,31506,0,0.071429,0
122028,48775,0,0.125,0
97873,26128,0,1.0,1
27716,1090,0,1.0,1
119148,40256,0,0.071429,0
137447,9507,0,1.0,1
97659,32689,0,1.0,1
38756,6422,1,0.037037,0
63237,37145,0,0.125,0
63388,20282,0,0.016667,0
179296,47626,1,0.142857,0
31189,39558,0,0.2,0
80699,46064,0,0.1,0
82046,9076,0,1.0,1
205206,33768,0,1.0,1
62801,1244,0,0.2,0
201805,49298,0,0.083333,0
182170,47078,0,0.035714,0
117013,24852,0,0.037037,0
57199,2516,0,0.076923,0
132638,32864,0,0.25,0
99979,45374,0,1.0,1
82888,11561,0,1.0,1
9039,40593,0,1.0,1
59752,16619,1,0.5,0
28080,25146,0,0.333333,0
122634,39032,0,1.0,1
63559,36962,0,0.022222,0
80004,24701,0,0.03125,0
121580,5223,0,0.166667,0
164358,21137,0,0.166667,0
201436,27105,0,0.125,0
101812,30849,0,0.25,0
121843,40396,0,0.166667,0
82661,38456,1,1.0,1
94150,24838,1,0.111111,0
163038,14127,0,0.142857,0
124207,34194,0,0.5,0
205963,13702,1,1.0,1
144869,19048,0,0.2,0
63898,14809,0,0.25,0
102833,21614,0,0.5,0
43393,21137,0,0.125,0
100367,26917,0,0.2,0
203177,22451,0,1.0,1
390,6615,0,0.333333,0
138861,40686,0,0.028571,0
118133,36107,0,0.333333,0
9799,48871,0,0.142857,0
189034,13709,0,0.034483,0
48661,41463,0,1.0,1
108351,28849,1,0.5,0
182022,39097,0,1.0,1
24037,46667,0,1.0,1
117182,41665,1,0.037037,0
152871,16521,0,0.076923,0
111786,5120,1,1.0,1
96249,34969,0,0.5,0
193729,47000,1,0.333333,0
41019,41665,0,0.066667,0
33216,24487,0,0.058824,0
107832,24964,0,0.125,0
112571,39108,0,1.0,1
25507,13471,0,0.2,0
187910,49347,0,0.1,0
5335,48079,0,0.027778,0
71839,20608,0,0.066667,0
104237,16773,0,0.25,0
50113,23537,0,0.076923,0
364,38368,0,0.25,0
9445,15937,0,0.2,0
116818,9434,0,0.333333,0
55445,36725,0,0.033333,0
136907,4227,0,0.5,0
75766,25504,0,0.25,0
152495,149,0,0.166667,0
10372,23826,0,0.071429,0
35384,2763,0,0.090909,0
164762,17548,0,0.333333,0
191824,39121,0,0.142857,0
139311,12683,0,0.5,0
10595,41319,0,0.021277,0
51096,14515,0,0.5,0
89513,513,0,0.020833,0
76678,41694,0,0.111111,0
81975,10941,0,1.0,1
132821,15984,0,0.027778,0
118820,48681,0,1.0,1
4727,4796,0,1.0,1
46564,41131,0,0.333333,0
42180,24363,0,0.333333,0
83589,27104,0,0.142857,0
38164,20282,0,0.05,0
190329,13431,0,0.166667,0
130374,38557,0,0.142857,0
67318,11987,0,0.5,0
68763,30659,0,0.142857,0
193330,42333,0,1.0,1
59413,48476,0,0.125,0
108176,33606,0,0.142857,0
157339,26728,0,0.028571,0
205859,47042,0,0.2,0
94268,9708,0,0.028571,0
140742,20590,0,0.166667,0
193372,7144,0,0.1,0
70804,17154,0,0.142857,0
100926,3376,0,0.125,0
203027,26940,0,0.010638,0
173759,35833,0,0.071429,0
14019,8368,0,0.2,0
196590,34092,0,0.032258,0
86887,39812,0,0.5,0
92508,43122,0,0.166667,0
191057,46725,0,0.166667,0
81228,46654,0,0.166667,0
61008,13032,0,0.2,0
60396,19412,0,0.032258,0
3482,39509,0,0.0625,0
132836,4605,0,0.166667,0
195086,28165,0,0.034483,0
124341,10448,0,0.016667,0
66706,9337,0,0.071429,0
190396,20711,0,0.041667,0
105055,17794,0,0.5,0
100590,16797,0,0.125,0
118137,16332,0,0.2,0
5841,22935,0,0.25,0
127666,14252,0,0.333333,0
180492,20590,0,0.0625,0
63809,14444,1,0.333333,0
97416,1999,0,0.047619,0
21666,44449,0,0.125,0
153786,28052,0,0.25,0
19753,39781,0,0.111111,0
137495,46584,0,0.142857,0
185441,1483,0,0.013158,0
3971,15290,0,0.045455,0
171015,32156,0,0.25,0
52698,32573,0,0.029412,0
175175,46979,0,0.5,0
130943,95,0,0.111111,0
186825,48775,0,0.25,0
66500,29442,0,0.010417,0
90802,7021,0,0.5,0
14630,18550,1,1.0,1
81971,31717,0,0.5,0
21283,21903,0,0.023256,0
106430,18150,0,0.142857,0
10345,33540,0,0.0625,0
194558,12333,0,0.125,0
95984,44359,0,1.0,1
70265,2732,0,0.0625,0
84854,15264,0,0.043478,0
32922,37848,0,0.083333,0
84871,10644,0,0.043478,0
145228,30839,0,0.25,0
127497,19346,0,0.333333,0
188666,30135,0,0.0625,0
193939,9421,0,0.029412,0
173696,43789,0,0.25,0
47862,11763,0,0.5,0
3114,25416,0,0.166667,0
129127,38159,0,0.03125,0
29168,2452,0,1.0,1
181211,2361,0,0.047619,0
163857,17878,0,0.2,0
175875,41290,0,1.0,1
58107,14084,0,0.5,0
144702,33819,0,0.333333,0
192931,22825,0,0.014493,0
171661,40366,0,0.018182,0
163049,45613,0,0.5,0
26848,24243,0,1.0,1
110374,38273,0,0.05,0
92587,25985,0,0.028571,0
163860,16048,1,0.066667,0
158976,46969,0,0.25,0
57380,27323,0,0.083333,0
181218,39877,0,0.166667,0
71636,48587,0,1.0,1
81408,38847,0,0.04,0
51901,42736,0,0.5,0
50121,16797,0,0.052632,0
115892,28800,0,0.333333,0
203531,34690,0,0.25,0
205717,14151,0,0.125,0
177594,47310,0,0.333333,0
196314,19678,0,0.0625,0
155816,38609,0,0.25,0
18635,18441,0,0.333333,0
147276,28601,0,0.25,0
53836,19508,1,0.05,0
164139,40646,0,0.333333,0
72098,33055,0,0.25,0
57571,39921,0,0.25,0
74530,7901,0,0.02381,0
99207,24216,0,0.25,0
6895,10189,0,0.025641,0
105939,33043,0,0.018182,0
186085,45309,0,0.045455,0
79743,22663,0,0.25,0
198228,2154,0,0.028571,0
133778,24830,0,0.5,0
80311,25890,0,0.090909,0
69124,21072,0,0.071429,0
165611,44813,0,0.25,0
2371,47591,0,0.047619,0
196622,37890,0,0.1,0
121921,42701,0,0.2,0
88247,43086,0,0.083333,0
36928,39180,0,0.142857,0
7985,26569,0,0.333333,0
102312,21573,0,0.25,0
121482,36076,0,1.0,1
36691,31717,0,1.0,1
113232,42441,0,0.25,0
76229,20899,0,1.0,1
153024,34898,0,0.035714,0
86443,38707,0,0.035714,0
172233,47357,0,0.166667,0
62068,45933,0,0.5,0
67465,21050,0,0.166667,0
17509,36205,0,0.142857,0
55713,32642,0,0.018519,0
176952,42282,0,0.142857,0
183173,38051,0,0.05,0
91043,27433,0,0.03125,0
97372,16645,0,0.029412,0
121562,30849,0,1.0,1
73507,15399,1,0.333333,0
14814,49176,0,0.1,0
32713,42701,0,0.2,0
120590,39928,0,0.5,0
81493,10132,0,0.125,0
190475,22108,0,0.2,0
95441,4605,0,0.333333,0
83036,33754,0,0.333333,0
32253,22935,1,0.5,0
127601,15566,0,1.0,1
201797,11140,0,0.076923,0
27288,2120,0,1.0,1
69545,23229,0,0.5,0
179014,44904,0,0.083333,0
191613,32116,0,0.125,0
64868,18140,0,0.333333,0
112116,242,0,0.037037,0
79737,16714,0,1.0,1
186546,21137,1,1.0,1
72759,45607,0,0.016667,0
37829,1938,0,0.5,0
46451,4314,0,0.2,0
71785,28537,0,1.0,1
139684,28836,0,0.125,0
65685,49683,0,1.0,1
179166,35896,0,0.333333,0
92118,11408,0,0.0625,0
19210,43945,0,0.2,0
40726,25804,0,0.333333,0
129474,1560,0,1.0,1
36250,18479,0,0.25,0
90378,39891,0,0.25,0
61288,8555,0,1.0,1
31976,24852,0,0.2,0
201141,4846,0,0.142857,0
112009,28278,0,0.333333,0
165545,22750,1,0.5,0
38710,33508,0,0.25,0
115200,546,0,0.055556,0
70000,2434,0,1.0,1
80436,27966,0,1.0,1
204089,43789,0,0.25,0
104721,23165,0,0.066667,0
86194,34969,1,0.333333,0
24456,3892,0,0.076923,0
103218,32486,0,0.020833,0
143952,17649,0,0.090909,0
162762,18171,0,0.019608,0
142399,21288,0,0.5,0
180456,34050,0,0.5,0
69052,39408,0,0.017857,0
110172,10306,0,0.1,0
162134,29487,0,1.0,1
190394,28465,0,0.5,0
129555,45566,0,0.2,0
53166,22959,0,0.142857,0
18383,17375,0,0.03125,0
57766,13269,0,0.5,0
200321,9837,0,0.037037,0
32229,26520,0,0.033333,0
180502,31748,0,0.2,0
48132,6910,0,0.04,0
10451,10151,0,0.166667,0
84453,36051,0,0.090909,0
38146,3988,0,0.5,0
15459,29865,0,0.017241,0
60501,2295,0,0.5,0
99557,24852,1,1.0,1
101156,22293,0,0.25,0
71570,24852,1,0.333333,0
200792,39561,0,0.052632,0
42408,45607,0,0.055556,0
168845,10193,0,0.166667,0
164278,30257,0,0.2,0
6141,42858,0,0.333333,0
190389,10534,0,0.012987,0
128570,12196,0,0.037037,0
99713,36315,0,0.111111,0
48988,3999,0,0.0125,0
205240,31640,0,0.25,0
36058,46906,0,0.1,0
36246,29987,0,1.0,1
32194,14159,0,0.111111,0
117975,33731,0,0.125,0
2646,29203,0,0.125,0
83157,19048,0,0.043478,0
45217,36929,0,0.1,0
73707,31553,0,1.0,1
166111,33554,0,0.083333,0
30680,10904,0,0.333333,0
39320,45712,0,0.333333,0
96924,5322,0,0.5,0
89304,5337,0,0.034483,0
162937,46979,0,1.0,1
63318,11481,0,0.083333,0
180534,46979,0,0.05,0
119603,1202,0,0.125,0
132299,24097,0,0.02,0
156090,14462,0,0.5,0
20906,23794,0,0.045455,0
49675,40545,0,0.041667,0
185742,11984,0,0.2,0
154556,17794,0,0.090909,0
144697,37646,0,0.045455,0
205264,397,0,1.0,1
203025,46107,0,0.166667,0
201112,48347,0,0.076923,0
126121,21717,0,0.052632,0
66387,20887,0,0.142857,0
83364,14592,0,0.166667,0
65207,45761,0,0.5,0
31387,5876,1,0.5,0
97264,47655,0,0.071429,0
155742,15902,0,0.166667,0
143236,10607,0,0.333333,0
188804,27086,0,0.058824,0
2870,15795,0,1.0,1
61561,19348,0,1.0,1
149412,35819,0,0.25,0
191562,11576,0,0.5,0
23304,42333,0,0.2,0
136112,43662,1,0.5,0
82887,5006,0,0.5,0
178817,47192,0,0.1,0
60918,21938,0,0.166667,0
42992,25527,0,0.090909,0
167518,43194,0,0.2,0
160850,2099,0,0.030303,0
30012,38216,0,0.25,0
22775,41198,0,0.076923,0
134145,44514,0,0.25,0
165173,28311,1,0.090909,0
102070,29084,0,0.041667,0
42706,47672,0,0.083333,0
164484,32839,0,0.5,0
69942,7992,0,0.25,0
121436,45650,0,0.071429,0
103718,30391,0,0.5,0
47986,40232,0,0.066667,0
164558,43073,0,0.2,0
200565,11331,0,0.111111,0
92535,5450,0,1.0,1
129355,15354,0,0.5,0
82286,33122,0,0.5,0
193045,42231,0,0.076923,0
83728,12572,0,1.0,1
131385,40689,0,0.166667,0
38339,26369,0,0.066667,0
31097,14657,0,0.2,0
48332,1521,1,1.0,1
143948,44008,0,0.021277,0
70682,5794,0,0.5,0
124887,12078,0,1.0,1
105289,9534,0,0.333333,0
14493,1244,0,0.5,0
178309,40723,0,0.037037,0
192692,49383,0,1.0,1
34823,14992,0,1.0,1
93898,33511,0,1.0,1
33947,23901,0,0.142857,0
110123,43908,0,0.020408,0
28847,35725,0,0.02439,0
162449,204,0,0.142857,0
80862,27966,1,1.0,1
60845,4920,0,0.25,0
176070,9422,0,0.5,0
93885,40706,0,0.5,0
43304,19048,0,0.125,0
41546,31268,0,0.111111,0
116656,28199,0,0.026316,0
118469,25804,0,0.333333,0
140663,25890,0,0.142857,0
93698,49683,0,0.2,0
83681,6340,0,0.142857,0
133013,33792,0,0.015873,0
4915,25340,0,0.1,0
156762,21376,1,1.0,1
205782,24184,0,0.25,0
203364,10385,0,0.25,0
92360,46308,0,0.2,0
3219,22935,0,0.333333,0
134788,46968,0,0.333333,0
21227,436,0,0.083333,0
170415,5169,0,0.037037,0
197897,22825,0,0.25,0
3168,33636,0,0.076923,0
29212,38689,1,0.142857,0
9124,35424,0,0.2,0
136818,19596,0,0.333333,0
9493,44359,0,0.25,0
154305,12779,0,0.076923,0
134744,8324,0,0.047619,0
204241,13085,0,1.0,1
32617,3561,0,0.010204,0
83562,49533,0,0.027778,0
140870,16549,1,0.5,0
42654,13147,1,1.0,1
70507,5886,0,0.333333,0
141711,23672,0,0.333333,0
93845,44303,0,0.052632,0
121858,24390,1,0.5,0
135365,19887,0,0.071429,0
10451,35752,0,0.021277,0
635,5161,0,0.125,0
143768,12845,0,0.2,0
202190,17155,0,0.066667,0
52359,26453,0,0.125,0
82433,11173,0,0.125,0
171402,27521,0,0.25,0
57424,24231,0,0.111111,0
9244,5210,0,0.055556,0
79008,5462,0,0.04,0
9981,17224,1,1.0,1
128334,31506,0,0.333333,0
127103,2540,0,0.25,0
80468,22474,0,0.043478,0
19844,13252,0,0.1,0
89254,13924,0,0.090909,0
167888,28821,1,1.0,1
136001,47209,0,0.090909,0
180437,8309,0,0.2,0
180691,26683,0,0.2,0
25951,1217,0,0.25,0
64684,30252,0,0.333333,0
20744,4844,0,0.020833,0
59651,39877,0,0.333333,0
198631,23288,0,1.0,1
25870,1713,0,0.022727,0
155642,5296,0,0.333333,0
137392,43352,0,0.333333,0
164222,24010,0,0.333333,0
56096,9366,0,0.5,0
30681,3327,0,1.0,1
135746,27104,0,0.333333,0
147291,27548,0,0.5,0
140508,43194,0,1.0,1
165754,21709,0,1.0,1
120796,23909,0,1.0,1
197970,904,0,0.014493,0
165980,21288,0,0.5,0
97975,3880,0,0.142857,0
146386,33957,0,0.25,0
116217,41844,0,1.0,1
110636,28643,0,0.083333,0
193844,46969,0,0.5,0
78144,11281,0,0.1,0
36457,38371,0,0.5,0
202621,39984,0,0.166667,0
115912,31717,0,0.111111,0
204436,34034,0,0.333333,0
129652,21903,0,0.2,0
178966,2535,0,0.015873,0
169150,28014,0,0.25,0
110909,17668,0,0.2,0
168741,24852,0,0.333333,0
14365,40268,0,0.1,0
89200,46906,0,0.052632,0
193042,9000,0,0.083333,0
48143,23029,0,0.166667,0
43420,45066,0,1.0,1
97401,49374,0,0.058824,0
203979,22556,1,1.0,1
25307,4726,0,0.333333,0
94003,42170,0,1.0,1
128377,4920,0,0.111111,0
69463,45410,0,0.1,0
87479,41787,1,1.0,1
146397,36849,0,0.090909,0
41231,43122,0,0.125,0
71345,29205,0,0.066667,0
168275,11096,0,0.2,0
191174,20869,0,0.05,0
186227,4605,0,0.027027,0
19392,28842,0,0.333333,0
186196,14233,0,0.083333,0
20083,43875,0,0.066667,0
78039,40386,0,0.045455,0
59998,27966,0,0.5,0
82619,19017,0,0.5,0
177530,34358,0,0.5,0
136028,23986,0,0.045455,0
2970,27086,0,0.058824,0
170980,13885,0,0.090909,0
53385,33454,0,1.0,1
104309,20588,0,1.0,1
203692,39113,0,0.043478,0
7247,15200,0,0.333333,0
148917,10017,0,0.045455,0
138242,28465,0,0.5,0
101893,26648,0,0.028571,0
79795,18465,0,0.142857,0
202380,26985,0,0.5,0
32273,3952,1,0.5,0
199156,11068,0,0.052632,0
114554,42719,0,0.333333,0
116979,6758,0,0.25,0
54353,20998,0,0.05,0
87297,48235,0,0.2,0
30137,38231,0,1.0,1
92305,651,0,0.5,0
152471,15472,0,0.071429,0
119024,44858,0,0.090909,0
151158,1,0,0.083333,0
77614,21461,0,0.333333,0
24309,24622,0,0.333333,0
30910,6153,0,0.111111,0
3989,13870,0,0.166667,0
193550,49075,0,0.066667,0
57829,40415,0,0.052632,0
134540,41433,0,0.111111,0
177263,35068,0,0.076923,0
96832,46059,0,0.111111,0
127466,44912,0,0.5,0
72110,21582,0,0.111111,0
163332,3599,0,0.2,0
15466,44525,0,0.076923,0
84189,21511,0,0.25,0
58736,31506,0,0.333333,0
187339,46979,0,1.0,1
131093,25146,0,0.010753,0
145009,19821,0,1.0,1
155788,6664,0,0.2,0
127102,22568,0,0.25,0
180734,38603,0,0.076923,0
202795,13231,0,0.1,0
70185,20423,0,0.5,0
90662,13500,0,0.25,0
200343,5115,0,0.333333,0
13735,25072,0,0.142857,0
74969,20431,0,0.111111,0
88950,48679,0,0.2,0
106184,7021,0,0.2,0
16429,17207,0,0.04,0
11512,45290,0,0.1,0
174963,18465,0,0.076923,0
158695,18370,0,0.5,0
85979,39275,0,0.125,0
155405,16004,0,0.066667,0
19042,20977,0,0.142857,0
129234,11737,0,0.166667,0
199999,40934,0,0.018868,0
30191,10655,0,1.0,1
8390,4920,0,0.5,0
203637,5860,0,0.125,0
135441,34619,0,0.5,0
94071,4960,0,0.333333,0
187214,45504,0,1.0,1
68075,27471,0,0.166667,0
142157,34969,0,0.2,0
199785,41950,0,0.041667,0
123661,35554,0,0.111111,0
138271,49585,0,0.166667,0
203343,28289,0,0.111111,0
147891,41508,0,0.25,0
163286,25659,0,0.083333,0
193393,31040,0,0.066667,0
117829,15740,0,1.0,1
20774,34658,0,1.0,1
180083,712,0,0.5,0
79411,14493,0,0.041667,0
198056,4847,0,0.5,0
162978,47626,0,1.0,1
88124,14256,0,0.333333,0
149128,3800,0,0.333333,0
27372,18110,1,0.5,0
198261,38689,0,0.25,0
127713,41750,0,1.0,1
66197,19678,1,0.25,0
12740,30391,0,1.0,1
163179,42265,0,0.125,0
52479,19711,0,0.333333,0
154556,47626,0,0.090909,0
145503,7177,0,0.026316,0
85536,23836,0,0.25,0
18270,26209,1,1.0,1
99520,47626,0,0.5,0
178638,1015,0,0.2,0
117965,2380,0,1.0,1
92706,14010,0,0.090909,0
55838,37193,0,0.0625,0
54602,23400,0,0.2,0
179784,21137,0,0.5,0
49122,21137,0,0.5,0
192289,29668,0,0.071429,0
90392,8277,0,1.0,1
30385,5684,0,0.25,0
143711,48697,0,0.333333,0
49634,1197,0,0.333333,0
166459,24599,0,0.038462,0
95609,43647,1,1.0,1
39755,19508,0,0.03125,0
195253,47672,0,0.058824,0
158936,3541,0,0.016667,0
185005,22559,1,1.0,1
32157,37766,0,1.0,1
6222,43789,0,0.142857,0
141845,40604,0,0.043478,0
90539,40706,0,0.0625,0
175800,39922,1,1.0,1
155827,31605,0,0.032258,0
129755,39812,0,0.038462,0
47094,44880,0,0.125,0
66038,47766,0,0.142857,0
116283,18465,0,0.142857,0
109218,22442,0,1.0,1
96887,47597,0,0.043478,0
70871,14947,0,0.25,0
141340,21225,0,0.055556,0
38964,27966,0,0.333333,0
31124,1408,0,0.083333,0
68157,22795,0,0.25,0
136679,15328,0,0.25,0
73994,32085,0,0.333333,0
84392,44375,0,0.076923,0
69652,9649,0,0.25,0
164319,26348,0,0.166667,0
77422,19348,0,0.142857,0
105706,36685,0,0.038462,0
84304,11737,1,1.0,1
183489,39275,0,0.142857,0
151905,38400,0,0.1,0
46451,13853,0,0.166667,0
7398,13730,0,0.05,0
136315,17202,0,1.0,1
40360,13440,0,0.055556,0
83541,2314,0,0.5,0
138512,20114,1,0.5,0
75897,33037,0,0.2,0
110798,3381,0,0.090909,0
71532,47626,0,1.0,1
156682,40516,0,0.125,0
162947,36389,0,0.052632,0
41238,9421,0,0.2,0
120087,33290,0,0.142857,0
90575,13733,0,0.25,0
120157,10673,0,0.083333,0
187979,20577,0,0.2,0
27954,1541,0,0.5,0
105058,49622,0,0.142857,0
159840,38456,0,0.083333,0
50210,21137,0,1.0,1
82591,5744,0,0.076923,0
167649,11777,0,0.090909,0
158056,8030,0,1.0,1
61279,26604,0,0.5,0
20979,5157,0,0.1,0
164404,39984,0,0.25,0
65974,4920,0,1.0,1
131993,35652,0,0.076923,0
169915,47788,0,0.016667,0
194037,34608,0,0.125,0
812,15613,0,0.125,0
61311,13517,0,0.028571,0
60554,43768,0,0.04,0
101340,37606,0,0.043478,0
205224,42265,0,1.0,1
195331,34126,0,0.125,0
34383,7863,0,0.1,0
1545,18027,0,0.5,0
145746,30960,0,0.5,0
65278,20794,0,0.025,0
123366,5876,0,0.090909,0
137930,561,0,0.019231,0
150074,36118,1,0.111111,0
149146,27163,0,0.25,0
105118,18849,0,0.25,0
66262,11520,0,1.0,1
150237,2175,0,0.04,0
195032,18465,0,0.166667,0
32066,33401,0,1.0,1
127547,37654,0,0.013889,0
173708,9387,0,0.333333,0
68250,20682,0,0.142857,0
69266,33768,0,0.2,0
111846,42828,0,0.1,0
73303,27845,0,0.166667,0
89819,27344,0,1.0,1
113599,18908,0,0.166667,0
65875,35951,0,0.5,0
84321,20904,0,0.02,0
122377,3266,0,0.111111,0
46819,20323,1,1.0,1
82929,1402,1,1.0,1
157951,46979,0,1.0,1
131043,31040,0,0.333333,0
105734,5240,0,0.125,0
127009,17181,0,0.333333,0
10810,20842,0,0.5,0
8843,6481,0,0.055556,0
59145,5876,0,1.0,1
7228,39973,0,0.125,0
139691,19366,0,0.071429,0
48869,29159,0,0.166667,0
109917,31960,0,0.055556,0
200978,8309,0,0.071429,0
153396,19732,0,0.142857,0
6122,37113,0,0.076923,0
127064,19678,0,0.111111,0
81730,8518,0,0.333333,0
51566,8518,0,0.1,0
189042,34448,0,0.090909,0
77466,36259,0,0.5,0
54283,43086,0,0.047619,0
95441,28597,0,0.076923,0
82706,46812,0,0.333333,0
72342,9849,0,0.055556,0
120865,32864,0,0.2,0
132210,38241,0,0.090909,0
41389,31130,0,0.066667,0
32014,30307,0,0.125,0
42555,19478,0,0.023256,0
49370,41774,0,0.5,0
32102,32429,0,1.0,1
80842,5652,0,0.333333,0
185961,15613,0,0.142857,0
147130,34862,0,0.333333,0
136998,19261,0,0.058824,0
195002,31087,0,1.0,1
92848,21573,0,0.111111,0
18298,2450,0,0.071429,0
198217,39275,0,0.017857,0
82344,3481,0,0.5,0
65481,4726,0,0.032258,0
101030,45200,0,0.2,0
193858,39194,0,0.032258,0
116651,9725,0,0.5,0
17363,44292,0,1.0,1
37627,47626,0,0.5,0
175425,38797,0,1.0,1
98675,23517,0,0.090909,0
194505,24764,0,0.1,0
198781,35221,0,0.2,0
85393,16673,1,1.0,1
65819,19706,0,0.071429,0
83690,15392,0,0.2,0
201712,7518,0,0.111111,0
178735,41774,0,0.25,0
153777,47766,0,1.0,1
154267,39121,1,0.166667,0
68415,19370,0,0.083333,0
117435,28643,0,0.018519,0
68484,43957,0,0.125,0
122089,47626,0,0.166667,0
154306,5876,0,0.333333,0
103217,39794,0,0.03125,0
15395,311,0,0.111111,0
190156,45144,0,0.066667,0
140230,27714,0,0.038462,0
150649,29223,0,0.111111,0
56890,23594,0,0.1,0
132481,49667,1,1.0,1
110198,30599,0,0.25,0
163569,12206,0,0.043478,0
183846,38494,0,1.0,1
31765,39249,0,0.0625,0
167187,42814,0,0.25,0
167720,37065,0,0.052632,0
198699,39619,0,0.1,0
60818,4461,0,0.0625,0
102096,13176,0,1.0,1
146530,49325,0,0.333333,0
143496,28931,0,0.333333,0
11948,27050,0,0.333333,0
175425,35176,0,0.5,0
115302,5450,1,0.5,0
2186,7150,0,0.142857,0
61850,17579,0,0.5,0
143422,38908,0,0.045455,0
169064,19658,0,0.045455,0
70102,34648,0,0.25,0
474,35510,0,0.05,0
198929,1511,0,0.5,0
98614,311,0,0.052632,0
64145,11461,0,0.0625,0
107232,34823,0,0.017857,0
175083,47734,0,0.043478,0
148073,29299,0,0.166667,0
170440,2943,0,0.1,0
154762,25890,0,0.25,0
156517,43772,0,0.027778,0
102422,49098,0,0.5,0
92840,22935,0,0.2,0
117493,22210,0,0.02,0
59340,6948,0,1.0,1
33098,12341,0,0.5,0
203733,23363,0,0.25,0
105293,21903,0,1.0,1
144869,25824,1,1.0,1
2118,22090,0,0.125,0
172603,4605,0,0.076923,0
26225,29178,0,0.076923,0
82603,43928,0,0.125,0
119050,39408,0,0.125,0
17735,16283,0,0.1,0
50172,28842,0,0.041667,0
22284,21938,0,0.5,0
164319,44115,0,0.2,0
166693,33232,0,0.038462,0
83719,8277,0,0.166667,0
93266,47098,0,0.142857,0
69646,43295,0,0.5,0
178033,10504,0,0.2,0
464,26723,0,0.090909,0
165594,11710,0,0.2,0
46033,21903,0,0.043478,0
46356,27471,0,0.015873,0
60863,10275,0,0.333333,0
139354,38374,0,0.166667,0
76715,49235,1,1.0,1
1246,44642,0,0.05,0
90911,19292,0,0.2,0
204524,48104,0,1.0,1
89636,23634,0,0.076923,0
188667,25466,0,0.2,0
79056,454,0,0.2,0
17957,19938,0,0.333333,0
104795,4920,0,0.111111,0
74797,12385,0,0.5,0
141155,17794,0,0.111111,0
113599,11520,0,1.0,1
121984,21472,0,0.052632,0
5828,15649,0,0.333333,0
166039,7781,0,0.1,0
182474,48171,0,0.033333,0
45003,34287,1,0.2,0
95870,31342,0,0.125,0
51566,47601,0,0.02381,0
151736,20638,0,0.2,0
194846,47301,0,0.2,0
190821,11363,0,0.125,0
158362,22524,0,0.090909,0
204681,45633,0,0.055556,0
115415,34449,0,0.333333,0
136991,47086,0,0.333333,0
97661,9963,0,0.333333,0
38348,46913,0,0.1,0
182199,38293,0,0.058824,0
155339,17370,0,1.0,1
93308,9076,0,0.02439,0
68865,16797,0,0.5,0
16464,14168,0,1.0,1
140433,24009,0,0.037037,0
48245,7026,0,0.2,0
44558,34530,0,0.166667,0
150244,13740,0,1.0,1
7665,44661,0,0.026316,0
174688,22164,0,1.0,1
15579,15100,0,0.25,0
121022,29387,0,0.333333,0
95063,49191,0,0.020408,0
1844,44035,0,0.25,0
88181,15290,0,0.5,0
176219,37086,0,0.25,0
149749,45,0,0.041667,0
46251,26648,0,0.028571,0
31189,43904,0,0.25,0
183101,5171,0,0.090909,0
69110,27881,0,0.035714,0
68439,29826,0,0.066667,0
173440,28985,0,0.2,0
126828,47792,0,0.166667,0
37650,30759,0,0.125,0
69847,45208,0,0.142857,0
18159,18963,0,0.5,0
196431,42450,0,0.25,0
41858,8571,0,0.1,0
40905,24390,0,0.071429,0
19974,11046,0,0.2,0
20797,34243,1,1.0,1
169489,3464,0,0.2,0
21250,47766,0,0.2,0
152936,11182,0,0.166667,0
99551,31342,0,0.5,0
44091,30960,0,1.0,1
195728,38996,0,0.166667,0
170099,23170,0,0.2,0
24940,20682,0,0.125,0
27017,12341,0,0.071429,0
127340,36735,0,1.0,1
25861,24852,0,0.25,0
101496,21288,0,0.05,0
49347,31893,0,1.0,1
190433,27845,0,1.0,1
52960,30623,0,0.026316,0
178590,22317,0,0.5,0
80118,24231,0,0.111111,0
44502,34244,0,1.0,1
146271,46256,0,0.333333,0
193900,19508,0,1.0,1
184212,1947,0,0.333333,0
175410,14858,0,1.0,1
170735,13212,0,0.25,0
179834,33388,0,0.142857,0
192289,24221,1,0.090909,0
173407,23955,0,0.034483,0
128520,40078,0,0.166667,0
182022,27845,0,0.142857,0
151024,24964,0,0.125,0
34219,23554,0,0.020833,0
107596,26113,0,1.0,1
55713,42265,0,0.027027,0
9832,37033,0,0.035714,0
75191,28110,0,0.083333,0
169530,22963,0,0.333333,0
82597,41950,0,0.166667,0
137007,14536,0,0.125,0
107494,27171,0,0.058824,0
90150,27336,0,0.045455,0
114225,4086,0,0.142857,0
81703,14858,0,0.25,0
202775,37646,0,0.1,0
140648,42943,0,0.25,0
168727,1823,0,0.166667,0
163962,17397,0,0.2,0
167190,22939,0,0.038462,0
192321,16995,0,0.25,0
171400,17067,0,0.035714,0
42353,26047,0,0.1,0
106184,36322,0,0.05,0
176783,5649,0,0.043478,0
17792,12099,1,1.0,1
192910,21903,0,0.2,0
23713,33471,0,0.1,0
51037,10326,1,1.0,1
20097,4052,0,0.5,0
99115,27521,1,1.0,1
157590,1158,0,0.076923,0
117725,28476,0,0.5,0
51248,40542,1,0.5,0
93898,14462,0,0.333333,0
143402,38226,0,0.015385,0
179529,8174,0,0.04,0
76534,22922,0,0.111111,0
52223,17264,0,1.0,1
114824,16349,0,0.25,0
73174,10309,0,0.2,0
174085,8670,0,0.083333,0
41508,32364,0,0.166667,0
525,26283,0,0.333333,0
20814,14678,0,0.076923,0
70831,21292,0,0.2,0
199780,40706,0,0.029412,0
24257,26369,0,0.2,0
172768,22290,0,0.083333,0
914,2108,0,0.047619,0
133262,42585,0,0.090909,0
69022,18523,0,0.020833,0
11518,22035,0,1.0,1
29041,17224,0,0.020408,0
197351,40377,0,0.2,0
52698,32655,0,1.0,1
162605,38773,0,0.333333,0
200679,32740,0,0.5,0
141606,36085,0,0.111111,0
26791,17256,0,0.5,0
131043,30489,0,1.0,1
160650,26376,0,0.333333,0
143402,8251,0,0.25,0
169851,22247,0,0.2,0
72943,21137,0,0.166667,0
22284,26209,0,0.333333,0
95765,36809,0,0.333333,0
150244,21137,0,0.5,0
205747,8670,0,0.058824,0
76608,21405,0,0.25,0
195169,12113,0,0.076923,0
191174,14976,0,0.25,0
158690,14881,0,0.333333,0
129687,34126,0,0.1,0
154163,329,0,0.076923,0
150063,9430,0,0.047619,0
61424,24184,1,0.125,0
154964,37552,0,0.142857,0
2432,37096,0,0.333333,0
190932,26904,0,0.142857,0
28226,11826,0,0.142857,0
205273,9755,0,0.015385,0
67755,29993,0,0.047619,0
202352,15221,0,1.0,1
70619,27544,0,0.066667,0
159792,29382,0,0.25,0
67178,8021,0,0.2,0
131610,39275,0,0.25,0
122073,46906,0,1.0,1
96875,43352,0,0.2,0
87398,40358,0,0.5,0
474,34134,0,0.5,0
183263,44146,0,0.016393,0
117126,49235,0,0.076923,0
144305,41570,0,1.0,1
49453,13378,1,1.0,1
18062,21927,0,1.0,1
39788,23848,0,1.0,1
34284,44325,0,0.090909,0
39873,26047,0,0.5,0
164820,27104,0,0.033333,0
40905,41787,0,0.25,0
170848,43973,0,0.083333,0
43653,23695,0,0.025,0
159900,48123,0,0.333333,0
49314,31713,0,0.083333,0
153033,24954,0,0.037037,0
24236,7778,0,0.2,0
201928,48364,0,1.0,1
44108,26430,0,1.0,1
120714,14874,0,0.333333,0
5487,24222,0,0.055556,0
1272,12419,0,0.142857,0
32794,15487,0,0.052632,0
84411,48017,0,0.071429,0
150249,24260,0,0.5,0
163857,17334,0,0.5,0
203089,26606,0,0.076923,0
111345,47087,0,0.5,0
181208,38273,0,0.333333,0
106554,4137,0,0.25,0
81603,43713,0,0.166667,0
198993,28553,0,0.090909,0
135371,44479,0,1.0,1
16173,31238,0,0.333333,0
155233,8571,0,0.142857,0
147482,27629,0,1.0,1
201507,35503,0,0.333333,0
192121,35770,0,0.5,0
62742,22935,0,0.2,0
171854,8811,0,1.0,1
176075,7781,0,0.5,0
14872,5315,0,0.125,0
152183,14741,0,0.5,0
91118,5746,0,1.0,1
31874,39812,0,0.333333,0
197970,43295,0,0.012658,0
146530,43961,0,0.25,0
12077,47223,0,0.333333,0
139881,13565,0,0.04,0
130651,21938,0,0.2,0
29939,27451,0,0.090909,0
159844,22935,0,0.333333,0
158335,890,0,0.111111,0
21647,13113,0,0.041667,0
188267,47861,0,0.0625,0
163454,23405,0,0.04,0
26536,3631,0,0.012821,0
30948,33043,0,0.0625,0
81300,48018,0,0.25,0
127540,34137,0,1.0,1
1822,23452,1,1.0,1
162808,24535,0,0.166667,0
201417,19468,0,0.1,0
8706,34124,0,0.028571,0
41394,6348,0,0.076923,0
90216,47626,1,1.0,1
201588,26911,0,0.045455,0
177706,20463,0,0.5,0
16357,43930,0,0.01087,0
44926,16281,0,0.166667,0
135535,38400,0,0.333333,0
104839,34550,0,0.047619,0
180410,19468,0,0.076923,0
61169,5001,0,0.25,0
134946,7010,0,0.029412,0
147819,28993,0,0.333333,0
4801,32650,0,0.2,0
17509,16145,0,0.111111,0
143099,18818,0,0.016667,0
7506,49235,0,0.5,0
154489,16696,0,1.0,1
146005,24852,0,1.0,1
200722,16965,0,0.25,0
88938,33682,1,0.2,0
124165,46823,0,0.125,0
21050,10957,0,0.5,0
42784,45349,0,0.090909,0
168185,25588,0,0.25,0
168007,47766,0,1.0,1
185042,40146,0,0.166667,0
123301,24571,0,0.142857,0
10342,29288,0,1.0,1
142838,18814,0,1.0,1
143707,13802,0,0.058824,0
145692,22825,0,1.0,1
74152,36326,0,0.05,0
138795,47977,0,1.0,1
34785,9337,0,0.076923,0
185127,21445,0,1.0,1
63098,16213,0,0.5,0
128626,39094,1,0.2,0
34013,11520,0,0.2,0
50929,32707,0,0.125,0
168313,9743,0,0.071429,0
165641,37067,0,0.5,0
97372,24221,0,0.058824,0
157817,47626,0,1.0,1
98094,31853,0,0.25,0
21128,21903,0,1.0,1
184304,21868,0,0.090909,0
144914,11182,0,0.111111,0
94339,27984,0,0.028571,0
195897,13167,0,0.5,0
89842,8197,1,1.0,1
190344,40203,0,0.076923,0
33619,23,0,0.25,0
149022,41844,0,1.0,1
175725,17008,0,0.047619,0
203283,38618,0,0.2,0
167715,38511,0,1.0,1
1820,36011,0,0.166667,0
177166,26209,0,0.125,0
24910,42736,0,0.333333,0
158823,39238,0,0.5,0
36974,41561,1,1.0,1
41990,49683,0,0.2,0
107208,2314,0,0.166667,0
4971,22093,0,0.166667,0
96192,35004,0,0.013699,0
52654,28800,0,0.5,0
69464,25893,0,0.142857,0
48426,32573,0,0.125,0
199370,41621,0,0.166667,0
11770,42421,0,0.045455,0
3546,17982,0,1.0,1
154942,10478,0,0.05,0
196601,3856,0,0.333333,0
52740,26083,0,0.021277,0
167509,43295,0,0.2,0
124556,5451,1,0.333333,0
187378,7051,0,0.090909,0
195115,29388,0,0.111111,0
26359,13212,0,0.5,0
102582,28666,0,0.2,0
7027,25256,0,0.058824,0
4198,13176,0,0.5,0
192519,33102,0,0.5,0
100773,31185,0,0.25,0
33906,21137,0,0.5,0
141171,33816,0,0.2,0
153410,43768,0,0.058824,0
46424,23198,0,1.0,1
129122,21553,0,0.05,0
187715,196,0,0.2,0
141069,3634,0,0.025,0
43979,16759,0,1.0,1
127464,49141,0,0.5,0
123466,46522,0,0.25,0
17363,26800,0,0.076923,0
8715,25588,0,0.0625,0
203644,17794,0,0.333333,0
12139,3990,0,0.166667,0
181278,40388,0,0.033333,0
162067,28842,0,1.0,1
73879,35042,0,0.25,0
59892,27065,0,1.0,1
30043,45862,1,1.0,1
159341,39275,0,0.111111,0
53693,13819,0,0.111111,0
6168,21955,0,1.0,1
130566,23165,0,0.111111,0
172416,19429,0,0.142857,0
77664,12347,0,0.333333,0
84569,46347,0,0.142857,0
43211,22788,0,0.2,0
159269,12791,0,0.052632,0
99713,9020,1,1.0,1
3276,47209,0,1.0,1
200633,24852,0,0.5,0
125355,35821,0,0.03125,0
201089,23194,0,0.125,0
20575,18382,0,1.0,1
62055,31343,0,0.142857,0
151334,8680,0,0.090909,0
64658,38777,0,0.142857,0
144046,27966,0,0.090909,0
8499,42479,0,0.25,0
6486,8746,0,0.333333,0
106637,1025,0,0.25,0
105825,33819,0,0.125,0
60078,12358,0,0.166667,0
27504,43744,0,1.0,1
20561,21137,0,0.25,0
88963,15040,0,0.166667,0
185883,27531,0,0.111111,0
42676,5618,0,0.2,0
164304,21137,0,0.333333,0
107961,35176,1,1.0,1
155229,16759,0,0.083333,0
131946,45249,0,0.090909,0
115912,19457,0,0.5,0
114928,8626,0,0.076923,0
165173,28289,1,0.5,0
51719,22234,0,0.020408,0
181566,45009,0,0.043478,0
101292,25146,0,0.5,0
181827,46692,0,0.017857,0
107729,21645,0,0.2,0
141593,2466,0,0.125,0
7378,13176,0,0.333333,0
70841,49621,0,1.0,1
20379,31486,0,0.5,0
114560,36865,0,0.125,0
12232,31287,0,0.090909,0
97319,44325,0,0.043478,0
20843,22963,0,0.0625,0
65130,26060,0,0.333333,0
96316,42828,0,0.25,0
76957,42736,0,0.333333,0
1618,1468,0,0.25,0
147482,13370,0,0.25,0
172618,37646,0,0.090909,0
124829,24852,0,0.055556,0
119462,24129,0,0.125,0
32552,29127,0,1.0,1
55040,16988,0,0.055556,0
93480,18441,0,1.0,1
88557,4562,0,1.0,1
138774,38400,0,1.0,1
164319,2745,0,0.2,0
156695,37119,0,0.04,0
57621,39984,0,0.125,0
8440,44325,0,1.0,1
27104,18370,0,0.041667,0
80354,6473,0,0.25,0
109942,35951,0,0.058824,0
56461,895,0,0.25,0
21267,43692,0,0.025,0
191308,33198,1,1.0,1
144115,35761,0,1.0,1
121115,10049,0,0.125,0
124012,23995,0,0.043478,0
155687,14881,0,0.333333,0
55267,29127,0,0.5,0
197361,17794,0,0.166667,0
110025,18148,0,0.111111,0
105805,21009,0,0.333333,0
201170,47209,0,1.0,1
163857,22210,0,0.020408,0
49580,42585,0,0.071429,0
127001,39348,0,1.0,1
95471,47927,0,0.028571,0
176076,16133,0,0.011364,0
81443,1197,0,0.333333,0
177386,1194,0,0.1,0
168857,47185,0,0.2,0
114525,14992,0,0.076923,0
40627,44359,0,0.021277,0
195585,14379,0,1.0,1
181652,21011,0,0.052632,0
107936,38414,0,0.03125,0
157028,47209,0,0.333333,0
13218,7955,0,0.05,0
163502,9477,0,1.0,1
86130,42701,0,0.166667,0
68582,40541,0,0.5,0
127084,40706,0,0.333333,0
56282,21769,0,0.111111,0
51813,49247,0,0.5,0
81408,2885,0,0.035714,0
2884,27663,0,1.0,1
88765,13016,0,1.0,1
4649,42625,0,0.142857,0
75898,49585,0,0.076923,0
159117,4565,0,0.166667,0
160713,7021,0,0.052632,0
34715,5202,0,0.1,0
105783,49248,0,1.0,1
38469,27744,0,0.047619,0
168701,44303,0,0.071429,0
72738,43712,1,0.1,0
180728,26416,0,0.045455,0
152792,32205,0,0.090909,0
147812,9327,0,0.071429,0
39225,8571,0,0.111111,0
139883,13535,0,0.142857,0
182977,19049,0,0.166667,0
91046,29801,0,0.1,0
20082,44632,0,0.066667,0
17277,12232,0,1.0,1
188020,30226,0,0.029412,0
187714,16995,0,0.142857,0
44971,27845,0,1.0,1
153149,19048,0,0.2,0
68852,45264,0,0.028571,0
2156,29487,0,1.0,1
198517,19910,0,0.5,0
153278,47409,0,0.5,0
165820,2966,0,0.014286,0
91287,16145,0,0.142857,0
143698,24852,0,1.0,1
111641,45149,0,0.028571,0
47212,26201,0,1.0,1
24028,48946,0,0.142857,0
54597,13712,0,0.038462,0
42655,36736,0,0.2,0
114423,23001,0,0.25,0
102831,30057,0,0.333333,0
111972,33175,0,0.5,0
199005,39408,0,0.083333,0
46564,45511,0,0.333333,0
98523,25801,0,0.125,0
81537,49520,0,0.2,0
115941,8571,0,0.142857,0
144490,43389,0,0.142857,0
17363,29867,0,0.041667,0
104570,43875,0,1.0,1
161636,37611,0,0.166667,0
146257,49227,0,0.034483,0
195944,47877,0,1.0,1
131577,30191,0,0.333333,0
77968,2295,0,0.013514,0
61483,41540,0,0.333333,0
175310,7731,0,0.166667,0
59413,33462,0,0.25,0
19200,21295,0,0.2,0
198602,432,0,1.0,1
29014,45577,0,0.066667,0
178449,20779,0,0.25,0
122439,45084,1,1.0,1
18910,14130,0,0.043478,0
60078,44991,0,0.076923,0
201001,41690,0,0.0625,0
41019,40761,0,0.052632,0
60396,45633,0,0.055556,0
37820,15709,0,1.0,1
60755,44424,0,0.333333,0
32124,46906,0,0.5,0
38246,9420,0,0.25,0
60862,38644,0,0.142857,0
135809,42526,1,0.333333,0
69330,14947,1,1.0,1
116596,28156,1,0.25,0
144314,5605,0,0.041667,0
91560,6193,0,0.25,0
37777,40332,0,1.0,1
156668,25588,0,0.166667,0
74094,1263,0,0.083333,0
178250,34024,0,0.5,0
156018,9839,0,0.25,0
134598,11611,0,0.052632,0
30910,29921,0,0.25,0
16052,25806,0,0.5,0
161079,30391,0,0.0625,0
94770,31717,0,0.016129,0
120317,34126,0,0.5,0
64258,44142,0,0.071429,0
116656,27117,0,0.1,0
156784,10193,0,0.0625,0
116929,31040,0,0.021277,0
169827,432,0,1.0,1
27610,20687,0,0.25,0
10738,22950,0,0.018868,0
70152,41805,0,0.090909,0
163247,12797,0,0.125,0
158003,19445,0,0.5,0
181600,39729,0,0.028571,0
189951,27596,0,0.5,0
64783,8358,0,0.2,0
94710,40545,1,1.0,1
54233,40268,0,1.0,1
57337,46516,0,0.25,0
187243,45603,0,0.5,0
44046,13637,0,0.090909,0
10345,13802,0,0.25,0
159412,17971,0,0.052632,0
188186,16083,0,1.0,1
165837,34590,0,0.333333,0
70904,10621,0,0.5,0
183248,24288,0,0.333333,0
153986,47348,0,1.0,1
196758,30307,0,0.25,0
195006,33754,0,1.0,1
33695,28990,0,1.0,1
99376,2587,0,0.333333,0
157739,46672,0,0.5,0
11977,45660,0,1.0,1
110633,20607,0,1.0,1
9878,28842,0,0.5,0
117965,7664,0,0.166667,0
102868,36872,0,0.083333,0
28531,27966,0,0.5,0
12344,6317,0,0.166667,0
63120,177,0,1.0,1
162601,30695,0,0.1,0
164307,48230,0,0.25,0
84943,11943,0,0.090909,0
86909,40142,0,0.2,0
7549,27423,0,0.066667,0
117023,25138,0,0.142857,0
35169,1500,0,0.2,0
91924,33351,0,0.333333,0
120833,17131,0,0.090909,0
187910,3237,0,0.037037,0
136064,11068,0,0.083333,0
190257,35206,0,0.125,0
156769,47766,0,0.25,0
118937,37119,0,1.0,1
71839,33194,0,0.25,0
62355,36696,0,1.0,1
161622,37038,0,0.043478,0
34057,21616,0,0.5,0
76678,36216,1,1.0,1
154576,47990,0,0.083333,0
30889,13866,0,0.1,0
128132,41155,0,0.125,0
144800,47792,0,0.076923,0
2528,34974,0,0.166667,0
24330,23729,0,0.1,0
8274,49267,0,0.142857,0
97228,14251,0,0.2,0
34775,26790,0,0.5,0
162614,20840,0,0.2,0
75001,9839,0,0.083333,0
117182,33731,0,0.1,0
157062,34126,0,1.0,1
24611,47766,0,0.047619,0
31093,781,0,0.02439,0
10507,14233,0,0.142857,0
106865,29142,0,1.0,1
55979,14612,0,0.0625,0
32931,95,0,0.1,0
188025,27104,0,1.0,1
86236,21810,0,0.5,0
31164,39411,0,0.5,0
48906,48857,0,0.111111,0
125287,38400,0,0.166667,0
22040,28257,0,0.2,0
92118,4421,1,0.125,0
187082,14678,0,0.5,0
42105,29662,0,0.333333,0
128511,46900,0,0.333333,0
104782,45948,0,0.066667,0
23824,21709,1,0.333333,0
106924,25740,1,1.0,1
127781,49683,0,1.0,1
50418,44961,0,0.125,0
108937,3330,0,0.5,0
159714,38770,0,0.125,0
21163,2314,0,0.076923,0
103158,46667,0,1.0,1
94792,38318,0,1.0,1
45183,46984,1,1.0,1
96999,43967,0,0.125,0
89836,14852,0,0.333333,0
194012,18339,0,0.142857,0
103261,2050,1,1.0,1
17070,2078,0,0.25,0
109709,4790,0,0.142857,0
5951,10403,0,0.333333,0
51872,45066,0,0.090909,0
15743,28577,0,1.0,1
166286,42625,0,0.5,0
113176,48210,0,0.071429,0
103252,5332,0,0.032258,0
149182,7274,1,1.0,1
146446,35951,0,1.0,1
131048,23955,1,0.5,0
27741,46131,0,0.5,0
17647,17600,0,1.0,1
35061,29780,0,0.023256,0
110505,7021,0,0.25,0
142794,8955,0,0.029412,0
11576,22848,0,0.333333,0
20744,27690,0,0.090909,0
1264,20324,0,0.055556,0
109332,10333,0,0.5,0
46715,884,0,0.333333,0
136275,28450,0,0.1,0
162690,33234,1,1.0,1
153236,23337,0,1.0,1
141464,544,0,0.05,0
104936,22069,0,0.333333,0
1240,30461,0,0.021739,0
10716,38029,0,0.058824,0
75853,18539,0,0.030303,0
48622,5603,0,0.055556,0
23808,17794,0,0.2,0
22640,43086,0,0.2,0
40109,20448,0,0.043478,0
127868,22298,0,0.014706,0
183606,40706,0,0.027027,0
92393,16479,0,1.0,1
173945,46593,0,0.25,0
156913,8787,0,0.012821,0
179873,26497,1,1.0,1
136661,24062,0,0.5,0
43524,43768,0,1.0,1
167987,41437,0,0.333333,0
101368,44008,0,0.25,0
167536,3376,0,0.333333,0
124721,33672,0,0.5,0
76121,20400,0,0.023256,0
70078,975,0,0.142857,0
93083,40910,0,0.019231,0
176076,43735,0,0.014706,0
39620,37255,0,0.333333,0
8063,33089,0,0.166667,0
179746,20107,0,0.5,0
153919,26767,0,1.0,1
82464,32402,0,0.333333,0
148250,1483,0,0.111111,0
106061,5077,0,0.333333,0
164277,6576,0,0.055556,0
174996,38456,0,0.125,0
174081,33752,0,0.5,0
79785,31181,1,0.111111,0
46100,8929,0,0.166667,0
195998,41642,0,1.0,1
141844,38293,0,0.071429,0
110442,14862,0,0.013514,0
79382,22180,0,0.333333,0
125955,17747,0,0.033333,0
195434,34969,0,0.5,0
1495,14165,0,1.0,1
184259,35921,0,0.5,0
56870,23265,0,0.333333,0
74671,22952,0,0.25,0
59595,34429,0,0.076923,0
10814,43643,0,0.5,0
27837,28553,0,0.5,0
149182,47854,0,0.5,0
60040,39479,0,0.030303,0
39038,11941,0,0.1,0
112656,22454,0,0.5,0
88607,41845,0,0.111111,0
29344,10025,0,0.5,0
32186,7694,0,0.142857,0
87100,35629,0,0.055556,0
64659,29456,0,0.333333,0
136555,16622,0,0.021739,0
186249,46226,0,1.0,1
152717,11452,0,0.5,0
160174,24279,0,0.5,0
12647,8518,0,1.0,1
25264,21183,0,0.333333,0
91263,12419,0,0.083333,0
15357,47532,0,0.03125,0
90687,27744,0,0.0625,0
74142,19691,0,0.076923,0
947,14895,0,0.125,0
91193,48235,0,0.022727,0
127801,43352,0,0.2,0
124727,4920,0,1.0,1
29650,27966,0,0.166667,0
199850,14540,0,0.166667,0
144702,2835,0,1.0,1
164294,46979,0,0.5,0
32632,7021,0,0.020833,0
183512,24964,0,0.5,0
125341,47716,0,0.055556,0
149542,35547,0,0.125,0
177230,21616,0,1.0,1
104433,2806,0,0.05,0
525,26862,0,0.058824,0
129454,49275,0,0.2,0
202941,27521,0,0.111111,0
138584,36316,0,0.333333,0
166280,13984,0,0.142857,0
65333,21461,0,1.0,1
135185,8518,0,0.125,0
26023,47626,0,0.25,0
103547,43713,0,0.125,0
154946,32638,0,0.111111,0
52075,25,1,0.333333,0
25030,23649,0,0.5,0
158832,45645,0,0.5,0
42945,17281,0,0.1,0
158577,19051,0,0.034483,0
151574,27841,0,0.055556,0
183006,48163,0,0.2,0
45528,1158,1,0.5,0
169284,27737,0,0.071429,0
117733,40706,0,0.066667,0
47527,19734,0,0.5,0
191148,16973,0,0.333333,0
62498,7622,0,0.333333,0
178846,8478,0,0.2,0
114771,13338,0,0.5,0
152919,14556,0,0.1,0
1531,14376,0,0.03125,0
27573,30720,0,0.5,0
140344,11046,0,0.142857,0
170489,37291,0,0.25,0
183401,15261,0,0.2,0
136888,35939,0,0.047619,0
107430,31985,0,0.026316,0
88375,18418,0,0.2,0
102691,49131,0,0.5,0
65470,15937,0,0.052632,0
42144,39059,0,0.25,0
2558,22491,0,0.083333,0
80568,47144,0,0.5,0
24541,27521,1,1.0,1
151838,47500,0,0.2,0
140607,21938,0,0.333333,0
58919,34134,0,0.333333,0
131883,28199,0,1.0,1
182612,4605,0,0.333333,0
93246,21936,0,0.333333,0
117993,24964,0,0.142857,0
197103,26209,1,1.0,1
126676,16462,0,0.066667,0
58218,41065,0,0.2,0
135967,7978,0,1.0,1
186261,12218,0,1.0,1
39118,45842,1,0.5,0
173405,29529,0,1.0,1
56078,13514,0,0.083333,0
155788,33857,0,0.034483,0
80463,32052,0,0.5,0
173543,32056,0,0.083333,0
42997,34350,0,0.25,0
38163,31717,1,0.5,0
141369,5250,0,0.071429,0
122380,21616,0,0.5,0
141844,35842,0,0.333333,0
53840,43295,0,0.090909,0
192289,48476,0,0.125,0
117357,13829,0,0.047619,0
143707,329,0,0.333333,0
129926,12392,0,0.25,0
135839,47163,0,1.0,1
169628,429,0,0.5,0
98200,33572,0,1.0,1
160222,31127,0,1.0,1
89520,6184,0,0.083333,0
136940,43697,0,0.052632,0
102520,43205,0,0.090909,0
122028,30175,0,0.0625,0
66320,31725,0,1.0,1
43120,31506,0,0.25,0
136125,27258,0,0.2,0
94268,43965,0,0.037037,0
20882,1541,0,0.0625,0
88484,5467,0,0.027778,0
199728,16816,1,0.5,0
70140,30309,0,0.1,0
78154,16185,0,0.25,0
25451,47766,1,0.333333,0
103404,21137,1,1.0,1
79970,42176,1,1.0,1
92673,3869,0,0.041667,0
2518,4029,0,0.083333,0
76016,31683,0,0.2,0
116401,26032,0,0.032258,0
150594,21301,0,0.166667,0
16882,21737,0,0.333333,0
168796,8953,0,0.166667,0
80204,29223,0,0.333333,0
15689,42674,0,0.5,0
12540,47209,0,1.0,1
4593,18811,0,0.1,0
112455,3800,0,0.333333,0
105308,42447,0,1.0,1
159004,43413,0,0.333333,0
15316,26431,0,1.0,1
73425,42585,0,0.1,0
14399,4920,1,0.142857,0
14684,12163,0,0.166667,0
197480,7916,0,0.333333,0
102494,12514,0,0.03125,0
125726,7818,0,0.25,0
98364,8277,0,0.045455,0
28605,44471,0,0.2,0
132217,7088,0,0.011494,0
76016,43961,0,0.2,0
39766,35921,0,0.045455,0
136322,35108,0,0.5,0
37710,42526,0,0.5,0
34628,4960,0,0.05,0
145250,1376,0,0.066667,0
21045,3513,0,0.166667,0
104600,44419,0,0.166667,0
120890,33898,0,0.030303,0
38178,28258,0,0.5,0
146446,43165,0,0.5,0
140014,22869,0,0.071429,0
113708,45260,0,0.166667,0
103732,29436,0,0.029412,0
23199,15466,0,0.25,0
137300,9515,0,0.25,0
160185,31506,0,0.076923,0
57511,6850,0,0.25,0
206183,2086,0,0.333333,0
142050,3362,0,0.2,0
151687,5794,0,1.0,1
161194,4508,0,0.25,0
38667,29956,0,1.0,1
154695,1463,0,0.333333,0
48114,25466,0,1.0,1
101176,28985,0,1.0,1
100655,35077,0,0.5,0
13979,1577,0,1.0,1
19525,11688,0,0.333333,0
109451,35752,1,0.2,0
65506,20052,0,0.166667,0
26083,17334,0,0.2,0
146059,23986,0,0.090909,0
50214,48767,0,0.043478,0
13849,14168,1,1.0,1
169915,47209,0,0.111111,0
127709,44570,0,0.076923,0
186140,47144,0,0.2,0
108281,46064,0,0.333333,0
179374,3661,0,0.034483,0
24288,24852,0,1.0,1
102188,34969,0,0.142857,0
199610,40942,0,1.0,1
61791,8671,0,0.5,0
103963,25718,0,0.2,0
75664,2362,0,0.083333,0
100580,11826,0,0.125,0
65981,25659,0,0.076923,0
167481,18432,0,1.0,1
15537,937,0,0.0625,0
73517,25370,0,0.142857,0
111189,22169,0,0.25,0
28098,16185,0,0.2,0
120997,16823,0,0.083333,0
94178,48865,0,0.333333,0
40019,18370,0,0.023256,0
135431,3651,0,0.111111,0
205007,24382,0,0.2,0
6962,30529,0,0.1,0
14330,38683,0,1.0,1
126256,23770,0,0.2,0
60059,12727,0,0.071429,0
140797,22343,0,0.5,0
99749,4429,0,0.2,0
76323,5134,0,0.045455,0
142486,29921,0,0.166667,0
62495,35360,1,1.0,1
99144,26201,0,0.111111,0
156850,8728,0,1.0,1
146677,19759,0,0.25,0
138358,26315,0,1.0,1
189063,13627,0,0.333333,0
1722,15964,0,0.1,0
40738,8518,0,0.25,0
90539,24925,0,0.052632,0
68639,6104,0,0.5,0
83780,3318,0,0.142857,0
153372,19508,0,0.015385,0
177988,45002,0,0.166667,0
7578,2596,0,0.083333,0
107888,33810,0,0.5,0
127124,7723,0,1.0,1
172977,45056,0,0.041667,0
60396,21137,0,0.027778,0
71883,32293,0,1.0,1
166016,16185,1,0.076923,0
139285,1354,0,0.2,0
17478,25637,0,0.333333,0
130852,6473,0,0.333333,0
73155,48732,1,0.2,0
88973,39928,0,0.111111,0
32863,1818,0,0.014706,0
47257,30950,0,0.142857,0
78443,37208,0,0.166667,0
27536,43352,0,0.013699,0
120862,33274,0,0.0625,0
165364,8993,0,1.0,1
28314,6615,0,0.076923,0
49875,5262,0,1.0,1
183334,34165,0,0.047619,0
128010,15290,0,0.076923,0
103262,6101,0,0.071429,0
97309,25466,0,0.04,0
95565,36962,0,0.041667,0
80428,46799,0,0.025,0
73441,46749,0,0.5,0
35441,45386,0,0.142857,0
138519,48957,0,0.125,0
52479,14947,0,0.1,0
66808,43569,0,0.25,0
30829,13259,0,1.0,1
35269,9595,0,0.014085,0
52647,33127,0,0.2,0
91925,5025,0,0.043478,0
23998,43452,0,0.055556,0
120273,45535,0,0.25,0
162777,12341,0,0.090909,0
3677,32573,1,0.25,0
94119,21225,0,0.5,0
29297,4675,0,0.076923,0
61772,27966,1,0.5,0
144443,19057,0,0.5,0
60604,22935,0,0.041667,0
14865,26317,0,0.1,0
5655,22825,0,0.066667,0
147066,15610,0,0.032258,0
24104,17341,0,0.25,0
44209,49683,0,0.25,0
168985,27796,0,0.017544,0
8028,13351,0,0.5,0
202920,35072,0,0.052632,0
53075,47532,0,0.111111,0
165175,17872,0,0.076923,0
141657,24838,0,1.0,1
148351,37665,0,0.166667,0
173032,14992,0,0.1,0
133789,26209,0,0.041667,0
180531,19706,0,0.055556,0
173675,4205,0,0.111111,0
167263,43086,0,0.125,0
150488,18531,1,0.5,0
84851,34429,0,1.0,1
202252,28289,0,0.041667,0
163036,22750,1,0.166667,0
27895,32030,0,0.25,0
150695,37766,0,0.125,0
104721,33718,0,0.027027,0
158077,27243,1,0.034483,0
103991,8424,0,0.1,0
52482,20957,0,0.166667,0
103129,9092,0,0.5,0
175284,25466,0,1.0,1
25051,42699,0,0.333333,0
27923,29487,0,0.076923,0
178250,2717,0,0.25,0
44618,35866,0,0.0625,0
9799,28204,0,0.5,0
31875,17807,0,0.090909,0
62555,32757,0,0.076923,0
27495,29382,0,0.2,0
167357,28204,0,0.5,0
144908,34530,0,0.125,0
69684,39922,0,0.25,0
129711,8460,0,1.0,1
29967,36693,0,0.071429,0
41295,34584,0,0.038462,0
95063,3761,0,0.027027,0
126038,23400,0,0.2,0
90216,31506,0,0.333333,0
164325,24830,0,0.125,0
162722,23215,0,0.035714,0
51111,19057,0,1.0,1
165611,7297,0,0.052632,0
183428,12206,0,0.5,0
146856,11163,0,0.5,0
196391,13396,0,0.2,0
22911,27845,1,0.5,0
92618,32655,0,1.0,1
177676,196,0,0.5,0
24257,24852,0,0.25,0
148999,3260,0,0.2,0
43524,17794,0,0.333333,0
169013,27796,0,1.0,1
105019,47042,0,0.035714,0
39903,4913,0,0.333333,0
196650,12834,0,0.034483,0
146263,5451,0,1.0,1
47460,31553,0,0.333333,0
79285,18441,0,0.166667,0
79570,5484,0,0.25,0
22849,12409,0,0.25,0
167308,3390,0,0.033333,0
152928,23537,0,0.04,0
33284,13176,0,1.0,1
187954,19057,0,0.5,0
196639,19846,0,0.090909,0
167308,28380,0,0.166667,0
182327,6361,0,0.083333,0
91470,47209,0,0.25,0
143307,13409,0,1.0,1
171125,38834,0,0.066667,0
40650,48395,0,0.333333,0
67847,11512,0,0.2,0
15229,3339,0,0.1,0
82834,47348,0,0.030303,0
158977,45007,0,0.333333,0
47682,14898,0,0.2,0
113591,14084,0,0.111111,0
40604,37107,0,0.026316,0
99979,44014,0,0.333333,0
140999,30057,0,0.5,0
201011,20940,1,0.5,0
90414,19711,0,0.333333,0
173011,24852,0,1.0,1
191135,35748,0,0.0625,0
194802,43743,0,1.0,1
43718,37518,0,0.043478,0
27837,7948,0,0.166667,0
30496,44359,0,0.076923,0
115659,16254,0,1.0,1
187337,21376,0,0.052632,0
173414,27521,0,1.0,1
32690,26863,0,0.04,0
109474,30827,0,0.125,0
179824,48364,0,0.166667,0
192289,48595,0,0.0625,0
84280,17341,0,0.083333,0
192931,28883,0,0.028571,0
13927,32655,0,1.0,1
191300,22935,0,0.2,0
141124,36695,0,0.166667,0
35323,42768,0,0.166667,0
75148,29277,0,0.125,0
180130,9076,0,0.5,0
126302,36086,1,1.0,1
180158,9510,0,0.333333,0
112426,46692,1,0.333333,0
137798,27288,0,0.5,0
128263,17794,0,0.022727,0
70647,41149,1,1.0,1
153785,16837,0,1.0,1
1538,19604,0,0.019608,0
96267,8277,0,0.25,0
71128,6046,0,0.25,0
103599,4455,0,0.5,0
50113,18175,0,0.04,0
160005,23265,0,0.5,0
34816,160,0,0.076923,0
86802,11961,0,0.011111,0
77362,34448,0,1.0,1
36257,37849,0,0.1,0
68986,26604,0,0.333333,0
110358,33000,0,0.25,0
43299,24852,0,0.333333,0
126986,32566,0,1.0,1
88154,48015,0,0.333333,0
42746,44008,0,0.045455,0
47912,49075,0,0.111111,0
82847,19478,0,0.04,0
37283,25745,0,0.5,0
164020,28798,0,0.333333,0
88027,42014,0,0.018182,0
99495,41540,0,0.025,0
106407,19734,0,0.5,0
86224,12127,0,0.333333,0
84178,47223,0,0.02381,0
177263,49496,0,0.083333,0
152664,37524,0,0.2,0
20454,21938,0,0.055556,0
202849,47966,0,0.020408,0
184085,46990,0,0.083333,0
101645,13252,0,1.0,1
184599,13182,0,0.111111,0
71259,31238,0,0.058824,0
114558,36185,0,1.0,1
162386,22395,0,1.0,1
59038,14653,0,0.1,0
36740,8518,0,0.125,0
194395,37119,0,0.5,0
160672,41950,0,0.333333,0
70147,13176,0,0.333333,0
53690,12183,0,0.047619,0
137789,3740,0,0.090909,0
99268,24964,0,0.333333,0
166171,35430,0,0.2,0
97821,37511,0,0.5,0
12586,18625,0,0.058824,0
82461,26312,0,0.5,0
199369,45574,0,0.2,0
3320,28934,0,0.125,0
187504,44895,0,0.111111,0
182059,27044,0,0.020833,0
119091,45535,0,0.041667,0
91862,2966,0,0.333333,0
97977,2974,0,0.25,0
40592,5646,0,0.0625,0
41308,12686,0,0.025641,0
183158,1529,0,0.020833,0
177633,37354,1,0.5,0
42401,36878,0,0.25,0
97031,34126,0,1.0,1
55924,41220,0,0.333333,0
107074,10108,0,0.037037,0
188171,25890,0,0.125,0
114070,18883,0,0.111111,0
34414,48717,0,0.011111,0
139412,38622,0,0.1,0
69643,42458,0,0.333333,0
159714,33990,0,0.071429,0
198013,42352,0,0.076923,0
101207,38768,0,1.0,1
83648,22166,0,0.071429,0
72817,41629,0,1.0,1
158387,49488,0,0.5,0
90628,23178,0,0.2,0
15710,651,0,0.03125,0
98664,46802,0,0.090909,0
54698,13452,0,1.0,1
45930,41387,0,0.052632,0
46715,31915,0,1.0,1
109942,29487,0,0.0625,0
173050,26209,0,0.083333,0
128184,27973,0,0.020408,0
140844,34497,0,0.041667,0
83524,23341,0,0.25,0
163814,48679,0,0.142857,0
138242,14867,0,1.0,1
161337,19681,0,0.017544,0
758,4451,0,0.083333,0
58226,48297,0,0.071429,0
16339,38693,0,0.5,0
120997,28849,0,0.083333,0
143736,40002,0,1.0,1
146234,21938,0,0.166667,0
110963,37188,0,0.083333,0
173751,19653,0,0.142857,0
49030,4605,0,0.071429,0
103448,32047,0,0.25,0
29227,47766,0,0.041667,0
151259,22031,0,0.5,0
112305,42030,1,1.0,1
160317,46222,0,0.045455,0
201825,16616,0,0.333333,0
140777,48549,0,0.028571,0
16418,26856,0,0.5,0
203924,19895,0,1.0,1
205106,37257,0,1.0,1
110835,31981,1,0.5,0
104705,25588,0,0.05,0
8545,16349,0,0.142857,0
32321,43295,0,0.2,0
162140,21513,0,0.5,0
29449,44944,0,0.041667,0
157542,24739,1,0.333333,0
188588,19156,0,0.111111,0
59137,7751,0,0.047619,0
173608,40516,0,0.021739,0
154726,49235,0,0.5,0
78240,33065,0,0.041667,0
19627,16797,0,1.0,1
22451,17830,0,1.0,1
133919,30720,0,0.05,0
46708,26895,0,0.125,0
109227,18531,0,0.142857,0
29327,14461,0,0.111111,0
122833,44548,0,0.5,0
71653,31248,0,0.25,0
53996,22944,0,0.333333,0
190356,40604,0,0.083333,0
56886,16290,0,0.011494,0
121926,4461,0,1.0,1
7713,45061,0,0.016393,0
72761,21405,0,0.5,0
46041,7644,0,0.5,0
204736,34358,0,0.25,0
65284,48556,0,1.0,1
37897,42736,0,0.333333,0
181597,35853,0,0.030303,0
37526,19478,0,0.5,0
188565,1438,0,0.076923,0
114434,24320,0,1.0,1
97886,18465,0,0.166667,0
6774,20842,0,0.1,0
174559,40604,0,0.333333,0
162242,41950,0,0.055556,0
44089,39408,0,0.055556,0
121695,18288,0,1.0,1
141517,33819,0,0.071429,0
42555,14129,0,0.034483,0
89795,365,0,0.125,0
31216,5327,0,1.0,1
29368,41319,0,0.5,0
168530,26168,0,0.333333,0
66808,44661,0,0.2,0
92699,13176,0,1.0,1
202168,13740,0,0.333333,0
118374,25640,0,0.032258,0
199347,40992,0,1.0,1
145444,42315,0,0.333333,0
91760,42719,0,0.333333,0
13950,22859,0,0.2,0
153907,17560,0,0.02439,0
201797,35416,0,0.058824,0
161782,8382,0,0.333333,0
134216,43365,0,1.0,1
49551,13673,0,0.333333,0
170144,35665,0,0.142857,0
124893,10749,0,0.052632,0
83512,4605,0,0.041667,0
128533,4269,0,0.029412,0
50264,21292,0,0.166667,0
152122,204,0,0.5,0
4100,651,0,0.125,0
110149,9844,0,0.05,0
76309,31433,0,1.0,1
115476,16797,1,1.0,1
29775,43713,0,0.1,0
24709,28289,0,0.166667,0
1654,38944,1,0.5,0
77285,20837,0,0.125,0
39928,6061,0,0.5,0
35061,13997,0,0.030303,0
31200,21616,0,0.333333,0
109698,6274,0,0.111111,0
112976,41610,0,0.25,0
92486,13774,0,0.0625,0
93772,30406,0,1.0,1
195632,42183,0,0.058824,0
187507,31506,1,0.25,0
163772,28427,0,0.2,0
132217,31759,0,0.2,0
158355,44880,0,0.071429,0
171281,27238,0,0.142857,0
5507,34024,0,0.2,0
152410,46172,0,0.166667,0
99821,12099,0,0.25,0
71151,7658,0,0.25,0
193065,16797,0,0.111111,0
187564,20345,0,0.142857,0
33059,27949,0,0.076923,0
85070,46528,0,1.0,1
93452,31601,0,0.333333,0
202776,37220,0,0.25,0
42532,35451,0,0.125,0
91289,32946,0,0.020833,0
160556,41223,0,0.032258,0
93504,35420,0,1.0,1
17941,2763,0,0.111111,0
44272,33129,0,0.2,0
166877,29405,0,0.5,0
97011,22035,0,0.333333,0
127896,35363,0,0.2,0
31307,34534,1,0.166667,0
10237,24708,0,0.333333,0
175316,45296,0,0.333333,0
199776,38312,0,0.25,0
188559,12845,0,0.111111,0
10592,31486,0,1.0,1
131973,9175,0,0.04,0
54843,48726,0,0.058824,0
42059,1516,0,0.333333,0
31939,13984,0,0.02439,0
108684,30795,0,0.333333,0
1579,25640,0,0.076923,0
204348,39981,0,0.2,0
98346,40516,0,0.5,0
146625,21010,0,0.016393,0
63538,16797,0,0.083333,0
152573,46505,0,0.111111,0
164471,21019,0,0.055556,0
78900,12667,0,0.076923,0
176545,31701,0,0.5,0
854,35231,0,0.033333,0
94525,31371,0,0.2,0
62161,26242,0,0.5,0
32551,17487,0,0.5,0
206015,21616,0,0.2,0
23217,46755,0,0.035714,0
60724,35004,0,0.5,0
37979,45774,0,0.5,0
115277,45007,0,0.333333,0
186311,10252,0,0.333333,0
76900,31605,0,0.25,0
143219,47141,0,0.2,0
72901,29987,0,0.04,0
148409,23234,0,0.2,0
170346,40868,0,0.333333,0
858,48193,0,0.0625,0
202990,28604,0,0.076923,0
23241,41220,0,0.025641,0
88375,24830,0,0.076923,0
133707,23801,0,0.25,0
8744,45398,0,0.5,0
101239,43889,0,0.333333,0
111999,18370,0,0.076923,0
64893,46906,0,0.25,0
24105,47380,0,0.2,0
171827,10032,0,0.017544,0
68484,26751,0,0.020408,0
204751,47626,0,0.333333,0
148097,2327,0,0.25,0
35783,19508,0,0.5,0
157312,28156,1,0.5,0
73804,9550,0,0.142857,0
193896,7021,0,0.066667,0
50688,21903,0,0.5,0
179775,44683,0,0.066667,0
93266,17151,0,0.25,0
118273,6348,1,0.5,0
167684,20767,0,0.058824,0
147199,8277,0,0.5,0
146431,13457,0,0.0625,0
42344,10599,0,1.0,1
21780,29640,0,1.0,1
148707,38312,0,0.2,0
205091,46022,0,0.5,0
94268,46827,0,0.142857,0
53360,8670,0,0.5,0
167497,35921,0,0.25,0
55911,49215,0,0.5,0
73160,33754,1,1.0,1
74847,48229,0,1.0,1
83668,38527,0,0.090909,0
1694,9547,0,1.0,1
11986,44126,0,0.166667,0
24562,9794,0,0.010204,0
65120,30720,1,1.0,1
176062,39199,0,1.0,1
65524,37711,0,0.076923,0
199553,21903,0,1.0,1
139301,664,0,0.030303,0
66500,7156,0,0.028571,0
128001,7644,0,0.5,0
55136,19508,0,0.2,0
129271,49605,1,1.0,1
189600,25890,1,1.0,1
192051,31927,0,0.2,0
158758,25890,0,1.0,1
2862,43504,0,1.0,1
134621,43483,0,0.037037,0
93720,44683,0,1.0,1
189455,20738,0,0.2,0
178970,26209,0,1.0,1
194628,27509,0,0.05,0
162281,39984,0,0.5,0
75243,21083,0,0.25,0
170050,21903,0,1.0,1
29381,39275,0,0.1,0
148739,907,0,0.25,0
146721,1511,0,1.0,1
192027,34034,0,0.25,0
4967,424,0,0.25,0
108828,27845,0,0.25,0
183200,31015,0,0.5,0
202830,48205,0,0.166667,0
94150,12986,0,0.2,0
170386,47492,0,1.0,1
47379,25357,1,0.333333,0
153786,27093,0,0.25,0
136097,5652,0,0.045455,0
93370,40709,0,0.076923,0
109765,3777,1,0.333333,0
73016,32700,0,0.333333,0
125128,9431,1,0.333333,0
44235,15144,0,0.076923,0
77052,7969,0,0.083333,0
52868,30759,0,0.010526,0
77489,26002,0,0.038462,0
117493,4232,0,0.020408,0
154060,277,0,0.111111,0
151120,43631,1,0.25,0
52550,35708,0,0.04,0
56048,23594,0,0.028571,0
39614,6994,0,0.083333,0
91303,19713,0,0.166667,0
171827,23740,0,0.021739,0
105428,31506,0,0.03125,0
159620,19677,0,0.090909,0
168938,3631,0,0.03125,0
130890,16254,0,1.0,1
136402,21009,0,0.052632,0
14078,36287,0,0.071429,0
23789,4044,0,0.2,0
106238,28248,0,0.0625,0
1461,13176,0,0.5,0
184881,36550,0,0.038462,0
110633,46979,0,0.5,0
96206,41831,0,0.030303,0
200589,21174,0,0.333333,0
68510,13702,0,0.071429,0
185322,47866,0,0.076923,0
18970,38984,0,0.05,0
66997,34862,0,0.071429,0
17341,24857,0,0.111111,0
62670,34680,0,0.142857,0
61148,42240,0,0.071429,0
121463,12075,0,1.0,1
149685,9839,0,0.5,0
28558,13702,0,0.142857,0
119091,47626,0,0.1,0
51198,27729,0,0.25,0
179072,30907,0,0.142857,0
145849,44479,1,1.0,1
145076,8518,0,0.111111,0
95676,7992,0,0.071429,0
195320,25659,0,0.5,0
4418,23347,1,0.058824,0
39249,49198,0,0.125,0
55369,26972,0,0.5,0
46333,31096,1,1.0,1
133057,14766,0,1.0,1
174712,4605,0,0.142857,0
204759,5025,0,0.2,0
43216,4462,0,0.5,0
144268,38383,0,0.5,0
31743,13924,0,0.142857,0
70675,19003,0,0.5,0
103981,21447,0,0.5,0
103211,47865,0,0.2,0
190676,44632,0,0.0625,0
14263,34940,0,0.03125,0
65898,38182,0,1.0,1
66699,8277,0,0.066667,0
25459,41665,0,0.076923,0
108231,4605,1,0.25,0
101239,44422,0,0.333333,0
37993,35132,0,0.25,0
121051,18572,0,0.333333,0
67026,31717,0,0.142857,0
202695,29328,0,0.1,0
181491,14168,0,0.333333,0
30064,29487,0,0.125,0
130514,9825,0,0.166667,0
45042,8838,1,0.333333,0
29621,38159,0,0.022222,0
106994,17334,0,0.5,0
39832,6721,0,0.041667,0
146840,26604,0,0.2,0
169280,44359,0,0.0625,0
102034,6274,0,0.333333,0
147292,37658,0,0.1,0
894,23734,0,0.052632,0
83544,21798,0,0.2,0
64131,6829,0,0.125,0
170600,46256,0,0.1,0
16473,22492,0,1.0,1
60425,13870,0,0.034483,0
47137,4957,0,0.166667,0
60084,28720,0,0.090909,0
126857,31528,0,0.333333,0
73375,36695,0,0.5,0
59948,3104,0,0.5,0
68651,44156,0,1.0,1
188295,6328,0,0.2,0
61395,30633,0,0.047619,0
56880,26604,0,0.5,0
87398,31564,0,0.1,0
128328,27845,0,0.142857,0
81261,42110,0,0.05,0
181262,10108,0,0.5,0
6427,30756,0,0.333333,0
4534,38760,0,0.5,0
175890,26714,0,1.0,1
36328,42736,0,0.071429,0
148252,24018,0,0.5,0
99601,28985,0,0.5,0
140359,11777,0,0.5,0
30696,22298,1,0.5,0
206201,25422,0,0.111111,0
92574,23805,0,0.25,0
117435,30784,0,0.019231,0
115580,459,0,0.166667,0
161493,5460,0,0.25,0
72281,13517,0,0.043478,0
146885,18889,0,0.022727,0
9982,7419,0,1.0,1
98847,49683,0,0.5,0
169444,31557,0,0.166667,0
182391,12427,0,0.038462,0
52707,38176,0,0.032258,0
32887,22228,1,1.0,1
17514,24372,0,0.5,0
30348,1160,1,1.0,1
7006,9038,0,1.0,1
8839,22995,0,0.25,0
18247,27104,0,0.125,0
160245,10644,0,0.037037,0
44842,5646,0,0.25,0
34797,48726,0,0.032258,0
183129,24506,0,0.2,0
91452,2086,0,0.5,0
190919,31683,0,0.5,0
168809,35561,0,0.111111,0
173972,23716,0,0.1,0
49453,22046,1,1.0,1
97526,13627,0,0.017857,0
178638,13176,0,0.0625,0
100926,28666,1,1.0,1
52167,34605,0,0.066667,0
136861,10151,0,0.25,0
111864,14678,0,0.041667,0
39068,11926,0,0.043478,0
57264,38291,0,0.5,0
33204,29694,0,0.5,0
30568,35887,0,0.333333,0
201609,13176,1,1.0,1
18344,37524,0,0.166667,0
183101,27676,0,0.038462,0
159210,43713,0,0.090909,0
96955,44628,0,0.071429,0
67081,2450,0,0.055556,0
69324,432,0,0.045455,0
73235,13702,0,0.5,0
38268,44560,0,0.0625,0
15503,49082,0,0.076923,0
205784,23064,0,0.142857,0
103791,12260,0,0.041667,0
105845,33000,0,0.5,0
142559,47672,0,0.333333,0
43848,28985,0,0.5,0
36245,27521,0,0.333333,0
129489,36058,0,0.0625,0
70561,16052,0,0.090909,0
62790,31808,0,0.025,0
198020,9766,0,0.25,0
144058,37836,0,0.333333,0
86896,41950,0,0.019608,0
95657,13512,0,0.5,0
179310,18337,0,0.333333,0
86121,25659,0,0.058824,0
111443,13920,0,0.333333,0
25724,21405,1,1.0,1
192693,8671,0,1.0,1
57570,21938,0,0.333333,0
95129,11866,0,0.125,0
78050,38293,0,0.142857,0
95953,49247,0,0.034483,0
87524,32691,0,0.25,0
107972,6980,0,0.034483,0
74767,47209,0,1.0,1
82265,41220,0,0.5,0
154895,23243,0,0.166667,0
54707,28888,0,0.25,0
196131,38159,0,0.5,0
96936,46802,0,0.125,0
26485,10602,1,1.0,1
170222,24852,0,0.5,0
115233,8518,0,0.142857,0
183250,49615,0,0.25,0
132919,27796,0,0.043478,0
156096,39884,1,0.5,0
135658,23537,0,0.090909,0
60406,1752,0,0.015625,0
63665,46853,0,0.333333,0
137624,29594,0,0.125,0
121669,44142,0,0.111111,0
58841,42240,1,1.0,1
199743,46138,0,0.142857,0
158552,39066,0,0.025,0
59413,44479,0,1.0,1
155910,48205,0,0.037037,0
112005,2295,0,0.166667,0
40202,44731,0,0.071429,0
175615,32842,0,1.0,1
47436,26209,0,0.166667,0
112497,34262,0,1.0,1
202334,45511,0,0.05,0
192412,16145,0,0.125,0
19102,41005,0,0.071429,0
57469,32480,0,0.083333,0
184197,47209,0,0.025641,0
25667,16859,0,0.083333,0
65294,34668,0,1.0,1
45400,12338,0,0.166667,0
181620,24534,0,0.090909,0
102610,35951,0,0.333333,0
16559,46667,0,0.25,0
88675,38693,0,0.2,0
107208,23383,0,0.142857,0
54597,5621,0,0.076923,0
138085,22428,0,1.0,1
25766,45123,0,0.043478,0
104167,47966,0,0.058824,0
188876,9755,0,0.333333,0
59108,22472,0,0.142857,0
94624,3045,0,0.0625,0
123815,38777,0,0.125,0
166784,13176,0,1.0,1
205091,40338,0,0.25,0
161485,4461,0,0.142857,0
78292,46979,0,0.5,0
160695,4675,0,0.333333,0
181167,21137,0,1.0,1
179677,45106,0,0.2,0
124240,278,0,0.0625,0
61298,48527,0,0.1,0
51820,44570,0,1.0,1
31189,45316,0,0.058824,0
95751,23898,0,1.0,1
6036,22035,0,0.071429,0
41534,30146,0,0.041667,0
203692,11776,0,0.045455,0
33388,16479,0,0.5,0
22749,17525,0,0.333333,0
187966,13225,0,1.0,1
102831,30692,0,0.125,0
127064,41437,0,0.5,0
22410,38067,0,0.5,0
81261,19706,0,0.038462,0
116031,38293,0,0.047619,0
154725,2309,0,0.166667,0
146271,46692,0,0.034483,0
5479,19527,0,0.142857,0
52852,3318,0,0.333333,0
57430,20940,0,0.125,0
27830,7175,0,0.2,0
142761,7969,0,0.5,0
71961,47284,0,0.2,0
179774,30442,0,0.333333,0
76527,15290,0,0.0625,0
164304,3486,0,0.017544,0
149066,15424,0,1.0,1
200355,2322,0,0.25,0
134985,40208,0,0.166667,0
63915,36765,0,1.0,1
66057,4793,0,0.25,0
130137,49605,0,0.125,0
43612,44787,0,0.5,0
32194,44570,0,0.5,0
37723,34358,1,1.0,1
51542,32312,0,0.5,0
192544,28204,0,0.333333,0
13749,24583,0,0.1,0
7440,39303,0,0.2,0
136979,39224,0,0.5,0
39757,46669,0,0.25,0
186544,19283,0,0.142857,0
132653,23029,0,0.071429,0
42124,16525,0,0.071429,0
171216,8808,0,0.090909,0
5453,4920,0,0.04,0
35531,23734,0,0.5,0
87305,24852,0,1.0,1
200416,39527,0,0.019608,0
16395,14332,0,0.045455,0
47566,28199,0,1.0,1
73099,41463,0,0.142857,0
1297,14218,0,0.5,0
191379,49191,0,0.166667,0
151822,45063,0,0.166667,0
179805,20119,1,1.0,1
74361,45002,0,0.1,0
48143,24489,0,0.25,0
9879,23341,0,0.5,0
187467,39792,0,1.0,1
101383,31506,0,0.05,0
107844,14077,0,0.25,0
15192,40604,0,0.5,0
93535,13995,0,0.25,0
111073,3243,0,0.047619,0
87530,1999,0,0.333333,0
28628,33497,0,0.333333,0
14828,4056,0,1.0,1
164383,39252,0,0.2,0
195727,48364,0,0.333333,0
166196,28330,0,1.0,1
200616,33651,0,1.0,1
160334,39275,0,0.166667,0
157523,28985,0,0.5,0
151304,11513,0,0.071429,0
26344,626,0,0.1,0
127351,48395,0,0.25,0
21889,11068,0,0.5,0
474,41220,0,0.076923,0
32124,43768,0,1.0,1
51329,47766,0,0.0625,0
108854,29675,0,0.0625,0
97660,36268,0,0.25,0
199102,16995,0,0.142857,0
167573,15000,0,0.5,0
36691,4605,1,1.0,1
68500,34866,0,0.058824,0
49905,23634,0,0.05,0
31751,45002,0,0.25,0
149313,14726,0,0.142857,0
42481,47912,0,1.0,1
131848,34530,0,0.111111,0
19185,9637,0,1.0,1
47971,48225,0,0.25,0
163156,39265,0,0.142857,0
135571,34259,0,0.2,0
57352,2708,1,0.5,0
84288,13249,0,0.047619,0
99555,31433,0,0.5,0
120840,2314,0,0.071429,0
175437,37220,0,0.066667,0
195781,8699,0,0.333333,0
137545,31506,0,0.5,0
97401,37646,0,0.016667,0
106655,21405,0,1.0,1
149994,8193,0,0.142857,0
91937,40254,0,0.125,0
102733,45492,0,0.25,0
97764,248,0,0.052632,0
3794,2855,0,0.035714,0
152174,41844,0,0.1,0
163023,27845,0,1.0,1
69731,41220,0,0.333333,0
44202,32433,0,0.083333,0
163916,46540,0,1.0,1
93126,28851,0,0.023256,0
4622,23236,0,0.090909,0
156233,37710,0,1.0,1
150125,18828,0,0.166667,0
1579,31288,0,0.111111,0
61126,41273,0,0.5,0
34091,22395,0,0.090909,0
6968,495,0,0.047619,0
27790,39475,0,1.0,1
124721,29328,0,0.05,0
34757,15902,1,1.0,1
163484,16334,0,0.5,0
113715,7559,0,0.5,0
135690,15392,0,0.125,0
83074,8021,1,1.0,1
70867,39984,0,0.071429,0
77534,581,1,1.0,1
90020,7021,0,0.090909,0
80883,14157,0,0.021277,0
164484,19161,0,0.142857,0
90334,17592,0,0.25,0
97595,43568,0,0.076923,0
163189,47500,0,0.25,0
183974,28204,0,0.5,0
116287,27156,1,0.333333,0
33227,11058,0,0.2,0
34025,23233,0,0.125,0
32420,48364,0,1.0,1
68160,5550,0,0.5,0
33517,14734,0,0.25,0
80100,49609,0,0.166667,0
113990,22825,0,0.2,0
205712,28682,0,0.071429,0
85903,19057,0,0.076923,0
145281,23400,0,0.090909,0
67987,1158,0,0.071429,0
24201,2966,0,0.5,0
127487,14870,0,0.076923,0
14910,38918,0,0.016949,0
201447,21614,0,0.333333,0
48590,33947,0,0.083333,0
157817,26209,0,1.0,1
186225,32478,0,1.0,1
140184,11090,0,0.071429,0
27671,14715,0,0.333333,0
58919,20947,0,0.2,0
88254,20549,0,0.2,0
113704,39475,0,0.071429,0
167509,21616,0,0.125,0
47677,14862,0,0.033333,0
68081,43094,0,1.0,1
126122,15575,0,0.025,0
104710,41229,0,0.111111,0
171720,141,0,0.25,0
85188,2024,0,0.166667,0
56301,5876,0,0.066667,0
195066,45581,0,0.125,0
184722,29893,0,0.5,0
95490,26029,0,0.090909,0
182060,22290,0,1.0,1
181360,7952,0,0.045455,0
134621,260,0,0.041667,0
30429,14704,0,0.041667,0
101069,47766,0,0.166667,0
13546,26599,0,0.25,0
29476,20782,0,0.25,0
82516,39682,0,1.0,1
179511,42625,0,0.25,0
42072,7963,0,0.333333,0
115124,36315,0,1.0,1
76323,44632,0,0.041667,0
126111,37096,0,0.5,0
111887,11777,0,0.5,0
121910,7898,0,0.055556,0
113726,9051,0,0.090909,0
150831,27344,0,0.333333,0
35441,37374,0,0.1,0
17189,18418,0,0.1,0
14407,17948,0,0.111111,0
94374,1902,0,1.0,1
18957,42445,0,0.037037,0
186428,5605,0,0.043478,0
6672,148,0,0.076923,0
152139,31717,0,0.071429,0
162991,40706,0,0.055556,0
108341,40706,0,0.025641,0
49056,42633,0,1.0,1
2100,13870,0,0.03125,0
106061,27356,0,0.111111,0
112022,21162,0,0.035714,0
187050,12206,0,0.2,0
13533,46979,0,0.0625,0
205652,27544,0,0.333333,0
190011,22767,0,0.142857,0
136573,28204,0,0.023256,0
199780,35734,0,0.021277,0
117440,21501,0,0.027778,0
87024,23537,0,0.125,0
162620,45954,0,1.0,1
55979,26148,0,0.0625,0
30042,45063,0,0.025,0
145705,6975,0,0.041667,0
149963,22948,0,0.090909,0
138164,46900,1,1.0,1
106127,6031,0,0.5,0
88273,12276,0,0.028571,0
76916,19173,0,0.5,0
43326,39059,0,1.0,1
73101,19565,0,1.0,1
30599,43352,0,0.030303,0
71436,19801,0,0.04,0
106556,10467,0,1.0,1
77257,4605,0,0.25,0
145262,21616,0,0.5,0
71595,31343,0,0.25,0
79216,33747,0,0.090909,0
199584,24852,0,1.0,1
32887,44632,1,1.0,1
139743,18656,0,0.125,0
57119,34063,0,1.0,1
59783,4855,0,1.0,1
7965,47857,0,0.142857,0
35593,8536,0,0.2,0
27418,20843,0,0.125,0
204316,46257,0,1.0,1
188161,41149,0,0.25,0
138160,3172,0,0.25,0
165835,48205,0,0.142857,0
74516,16830,0,0.090909,0
156825,35221,0,0.055556,0
61607,35004,0,0.25,0
86555,44628,0,0.1,0
34907,19878,0,0.071429,0
184212,8479,0,1.0,1
155921,4605,0,0.333333,0
193280,41787,0,0.125,0
195652,24010,0,0.25,0
37511,40992,0,0.066667,0
104399,16607,0,0.166667,0
120296,44097,0,0.038462,0
158110,12714,0,0.5,0
48936,11520,0,0.166667,0
32610,9755,0,1.0,1
202100,18359,0,0.0625,0
115617,5097,0,1.0,1
119781,25169,0,1.0,1
104330,10369,0,1.0,1
169064,39108,0,0.020833,0
179810,36086,0,0.04,0
1358,39657,0,0.25,0
161710,38772,0,1.0,1
146612,39275,0,0.333333,0
139107,15143,0,0.030303,0
132846,32931,0,0.142857,0
188177,25763,1,0.25,0
193980,19981,0,0.038462,0
71731,39425,0,0.125,0
75551,40199,0,0.125,0
30429,44142,0,0.125,0
459,27966,0,0.071429,0
17472,23650,0,0.02,0
72558,11580,0,0.333333,0
12160,25890,0,0.090909,0
145953,10662,0,0.090909,0
134723,49352,0,0.125,0
130071,2846,0,1.0,1
202500,4749,0,0.058824,0
94997,2846,0,0.020408,0
100584,41212,0,1.0,1
8683,32578,0,1.0,1
128648,6972,0,0.2,0
201330,22518,0,0.035714,0
154757,20114,0,0.142857,0
41703,20163,0,0.5,0
91193,29487,0,0.090909,0
109244,8203,0,0.25,0
117090,30950,0,0.071429,0
35421,30489,0,0.333333,0
104721,18963,0,0.022727,0
188284,10246,1,0.5,0
76735,44133,0,0.125,0
42131,21582,0,0.2,0
34598,47900,1,0.2,0
81823,42315,0,0.111111,0
38219,13176,0,0.2,0
119157,10749,0,0.076923,0
195254,45721,0,0.05,0
51911,33731,0,0.333333,0
189949,23909,0,0.2,0
59732,1633,0,0.125,0
88424,14627,0,0.029412,0
136097,39475,0,0.1,0
147130,47977,0,1.0,1
104626,35951,1,0.5,0
48661,42495,0,0.333333,0
130552,40706,0,0.2,0
144523,21100,0,1.0,1
197110,42557,0,0.2,0
112935,30635,0,0.2,0
108335,11121,0,1.0,1
33128,14678,0,0.2,0
4649,11782,0,1.0,1
191004,13866,0,0.011364,0
162960,42736,0,0.25,0
82369,9387,0,0.5,0
201975,25569,0,0.125,0
167132,32079,0,0.052632,0
149256,18565,0,1.0,1
187627,10500,0,0.052632,0
193589,31845,0,0.2,0
62329,14459,0,0.03125,0
47625,8075,0,0.05,0
65243,13070,0,0.021277,0
124089,13194,0,1.0,1
128068,20118,0,0.023256,0
30944,41242,0,0.111111,0
170624,3896,0,1.0,1
66996,18534,0,0.5,0
195398,33791,0,1.0,1
140460,13176,0,0.041667,0
199304,20980,0,0.5,0
130741,17691,0,1.0,1
143118,47626,0,0.018519,0
62399,17487,0,0.333333,0
101858,42535,0,0.5,0
147503,37947,0,0.2,0
5960,11777,0,0.029412,0
81495,47059,0,1.0,1
105845,15392,0,0.076923,0
93504,12290,0,0.333333,0
67975,13143,0,0.125,0
23461,26861,0,0.25,0
203844,25305,0,0.142857,0
179973,24489,0,0.066667,0
111976,34039,0,0.166667,0
190344,47209,0,0.111111,0
90006,17461,0,0.2,0
70048,43760,0,0.034483,0
199334,3807,0,0.066667,0
111000,39427,0,0.052632,0
58040,21616,1,0.5,0
7202,47658,0,1.0,1
191355,44422,0,0.05,0
64470,3207,0,1.0,1
156105,20580,0,0.1,0
141227,8615,0,0.111111,0
15243,36956,0,0.25,0
15454,37552,0,0.142857,0
93287,5067,0,1.0,1
150437,38944,0,0.333333,0
166456,11535,0,1.0,1
77749,47144,0,0.5,0
16103,47804,0,0.027027,0
189077,7419,0,1.0,1
179415,22963,0,0.142857,0
7592,17435,0,0.333333,0
45762,21938,0,0.333333,0
198807,48377,0,1.0,1
96233,10429,0,0.142857,0
13194,26165,0,0.076923,0
117435,48679,0,0.0625,0
49432,47144,1,0.333333,0
114944,23197,0,0.5,0
74530,8955,0,0.020833,0
25067,283,0,0.090909,0
191789,5077,0,1.0,1
129680,41808,0,0.2,0
15843,28493,0,0.0625,0
51213,12796,0,0.125,0
34054,21709,0,1.0,1
132687,7563,0,0.166667,0
120713,10780,0,0.012987,0
203244,1357,0,0.083333,0
64808,17872,0,0.028571,0
67858,28842,0,0.052632,0
125368,27377,0,0.125,0
68528,36865,0,0.333333,0
82347,28710,0,1.0,1
8179,812,0,0.333333,0
184815,43352,0,1.0,1
98317,15016,0,1.0,1
14228,13176,0,0.25,0
106708,30007,0,0.125,0
56240,32099,0,0.25,0
146023,17454,0,0.02381,0
20083,6218,0,0.076923,0
198372,44142,0,0.2,0
51498,19766,0,1.0,1
194026,37065,0,0.058824,0
89149,40516,0,0.025,0
120862,23140,0,0.111111,0
157302,18599,0,0.090909,0
136131,2024,0,0.071429,0
169300,38400,0,1.0,1
77751,45535,1,0.5,0
7719,2124,0,0.125,0
193746,3358,0,0.333333,0
200607,31717,1,0.5,0
116693,9387,0,1.0,1
18166,36956,0,0.125,0
102555,9759,0,0.1,0
48320,40256,0,0.055556,0
52008,11733,0,0.041667,0
155035,1263,0,0.5,0
85460,46359,0,0.5,0
195023,12961,0,0.25,0
69942,20919,0,0.25,0
139107,27311,0,0.025641,0
136266,18599,0,0.125,0
83157,34969,0,0.041667,0
171771,19046,0,0.052632,0
194674,9839,0,0.25,0
86865,38656,0,0.055556,0
195146,21137,0,0.083333,0
123237,18923,0,0.333333,0
129856,4081,0,0.166667,0
137076,22035,0,1.0,1
99201,40388,0,0.2,0
166508,7500,0,0.047619,0
161564,38837,0,0.25,0
22451,39275,0,0.047619,0
35221,500,0,0.2,0
72517,30450,0,0.5,0
131663,22569,0,0.043478,0
195527,24964,0,0.5,0
190497,3599,0,1.0,1
203421,760,0,0.166667,0
180045,9411,0,1.0,1
47331,8872,0,0.071429,0
14279,4524,0,1.0,1
136998,36011,0,0.083333,0
45145,27179,0,0.1,0
69521,35417,0,1.0,1
77503,46075,0,0.25,0
142252,36956,0,1.0,1
130374,18918,0,0.0625,0
81221,35503,0,0.5,0
120356,19359,0,0.5,0
21163,32717,0,0.022222,0
79471,25043,0,0.090909,0
125774,40982,0,0.05,0
5856,15102,0,0.125,0
197351,44014,0,0.2,0
17553,46673,1,0.125,0
203416,3098,0,0.071429,0
51861,24838,0,0.5,0
64317,44632,0,0.166667,0
41632,26374,0,0.5,0
36740,24737,0,0.090909,0
155396,1468,1,0.111111,0
206012,15386,0,0.2,0
85444,8518,0,0.25,0
1021,49,0,0.045455,0
152763,36601,0,0.032258,0
15418,27336,0,0.090909,0
8843,39491,0,1.0,1
84148,5212,0,0.2,0
200607,32666,0,1.0,1
87350,25305,0,0.029412,0
105198,4210,0,1.0,1
139765,31960,0,1.0,1
165577,44457,0,0.034483,0
127584,40342,0,0.333333,0
140653,32744,0,1.0,1
46715,17794,0,0.166667,0
53944,23414,0,0.2,0
111611,15134,0,0.111111,0
177476,22586,0,0.029412,0
34479,34969,0,1.0,1
20239,4920,0,1.0,1
166066,8048,0,0.5,0
65849,8976,0,0.111111,0
95863,7705,0,0.25,0
27959,8301,0,0.014706,0
31785,5373,0,0.333333,0
19274,19821,0,0.25,0
61626,46817,0,0.166667,0
160595,24313,0,0.083333,0
63612,26553,0,1.0,1
97992,47734,0,0.142857,0
77330,44245,0,1.0,1
82121,33342,1,0.333333,0
26785,31506,0,0.033333,0
198258,7901,0,1.0,1
28605,21616,0,0.166667,0
86669,32828,0,0.052632,0
162798,43772,0,0.25,0
176690,30233,0,0.333333,0
197107,15200,0,0.014925,0
153826,3856,0,1.0,1
63195,26369,0,0.5,0
115561,22275,1,0.166667,0
96996,36498,0,0.25,0
57633,46941,0,1.0,1
178412,17704,0,0.0625,0
29799,20748,0,1.0,1
12402,31618,0,0.2,0
46631,27966,0,0.333333,0
91610,16853,0,0.5,0
174074,48551,0,0.111111,0
61045,24838,0,0.5,0
199834,20253,0,0.5,0
149199,46676,1,0.038462,0
86558,1025,0,0.027027,0
8581,26209,0,1.0,1
104843,30960,0,0.2,0
7279,31948,0,0.012346,0
11253,42710,0,0.333333,0
137789,28311,0,0.037037,0
75632,20549,0,0.045455,0
165699,23405,0,0.166667,0
98317,18926,0,0.333333,0
98622,24852,0,0.5,0
97013,20631,0,0.066667,0
78867,5612,0,0.2,0
199665,2966,0,0.25,0
49120,43490,0,1.0,1
104121,18465,0,0.25,0
161474,33129,0,0.333333,0
79235,19073,0,0.025,0
168802,24373,0,0.5,0
191172,17835,0,0.083333,0
78240,26209,0,0.038462,0
163506,24852,0,0.058824,0
173543,7500,0,0.333333,0
195632,13176,1,1.0,1
172088,18072,0,0.028571,0
52404,41844,0,1.0,1
78888,41787,0,0.25,0
24326,20099,0,0.076923,0
19794,24852,0,0.333333,0
114229,5098,0,0.033333,0
89126,31147,0,0.25,0
149717,8986,0,0.2,0
171358,31997,0,0.25,0
110739,24254,0,0.076923,0
143118,31066,0,0.011364,0
74157,41950,0,0.25,0
142644,39024,0,0.083333,0
140433,26728,0,0.017544,0
64781,3631,0,0.0625,0
66925,35951,0,0.166667,0
88254,21903,0,0.5,0
124329,3599,0,0.041667,0
35493,713,0,0.333333,0
187832,35171,0,0.25,0
135479,9472,0,0.1,0
13620,42736,0,0.035714,0
101886,41842,1,0.333333,0
678,9152,0,0.142857,0
171390,48583,0,0.25,0
75109,6664,0,0.142857,0
45235,26665,0,0.2,0
181135,21616,0,0.111111,0
68639,28986,0,0.166667,0
59784,46667,0,0.2,0
133605,21903,0,0.058824,0
75182,17027,0,0.028571,0
43148,44486,0,1.0,1
113855,40706,0,1.0,1
196413,20211,0,0.090909,0
77362,36924,0,0.083333,0
98518,20460,0,0.020408,0
99653,43463,0,0.1,0
84896,28432,0,0.25,0
112783,16535,0,0.2,0
63812,29944,0,0.083333,0
12177,38400,0,0.066667,0
11747,45002,0,0.25,0
54843,37220,0,0.5,0
150865,432,0,0.076923,0
115176,8475,0,0.166667,0
164766,39620,0,1.0,1
58936,890,0,0.2,0
168889,5516,0,0.333333,0
189669,13755,0,0.071429,0
42883,48555,0,1.0,1
41094,30696,0,1.0,1
188334,9601,0,0.0625,0
174373,16521,0,0.030303,0
192064,23236,0,0.052632,0
58522,1460,0,0.076923,0
13979,8174,0,1.0,1
138826,47788,0,0.5,0
140749,44987,0,0.2,0
75707,4086,0,0.2,0
47866,45007,0,0.142857,0
15537,47297,0,0.034483,0
129843,3970,0,0.166667,0
9342,23363,0,0.333333,0
191817,16953,0,0.2,0
181483,17924,0,0.5,0
38763,24698,0,0.166667,0
110636,21249,0,0.125,0
86099,49026,1,0.25,0
184716,33095,0,1.0,1
15656,20876,1,0.5,0
11752,25623,0,0.0625,0
167313,15902,0,0.076923,0
66501,40706,0,0.333333,0
189129,48364,0,0.083333,0
50043,46676,0,1.0,1
116129,16617,0,0.037037,0
125780,24622,0,0.052632,0
163732,45946,0,0.333333,0
128635,20995,0,0.125,0
194877,48628,0,1.0,1
204814,27845,0,0.04,0
128210,33129,0,0.045455,0
203731,22227,0,0.125,0
145228,41665,0,0.5,0
83652,21938,1,0.083333,0
118629,7948,0,0.071429,0
26041,40706,0,0.25,0
134233,26131,0,0.333333,0
18922,35004,0,0.5,0
60577,43352,0,0.333333,0
40437,29176,0,0.25,0
92343,24852,0,1.0,1
36269,14498,0,0.052632,0
169471,18471,0,0.0625,0
92856,37710,0,0.2,0
147475,34458,0,0.2,0
111968,26209,0,1.0,1
3561,6046,0,1.0,1
157708,12845,0,0.125,0
50008,16083,0,1.0,1
130115,19660,0,0.043478,0
75664,38298,0,0.25,0
164448,2954,0,0.05,0
193708,46616,0,0.015625,0
111495,17872,0,1.0,1
110018,30169,0,0.071429,0
44862,18288,0,1.0,1
199336,11594,0,0.055556,0
42031,47042,0,0.1,0
182179,8239,0,0.5,0
140008,22035,0,0.076923,0
33111,44817,0,0.142857,0
67684,3098,0,0.25,0
33564,5085,0,0.5,0
176160,38067,0,0.1,0
112176,2611,0,0.166667,0
82621,22888,0,0.125,0
34861,48057,0,0.05,0
202188,12997,0,0.083333,0
150458,14966,0,1.0,1
196413,10212,0,0.1,0
72097,43654,0,0.043478,0
198629,49300,0,0.111111,0
21528,9532,0,0.25,0
53525,31886,0,0.25,0
12435,15290,0,0.142857,0
89000,22935,0,1.0,1
146337,47803,0,1.0,1
191729,7303,0,0.111111,0
55894,34849,0,0.111111,0
32632,47766,0,0.333333,0
167188,49401,0,0.5,0
195117,4799,0,0.5,0
193650,46515,0,0.055556,0
91957,127,0,0.058824,0
188914,41220,0,0.5,0
163117,25704,1,0.5,0
199299,7948,0,0.090909,0
172153,42356,0,0.045455,0
36190,39832,0,0.111111,0
36599,40405,0,0.333333,0
27529,10673,0,0.083333,0
14705,42828,0,0.25,0
166467,11576,0,0.25,0
149093,45282,0,0.076923,0
64258,5566,0,0.027778,0
46874,34004,0,0.083333,0
46810,17747,0,0.125,0
149784,5876,0,0.5,0
113230,18023,0,0.090909,0
150090,7901,0,0.2,0
136337,46906,0,1.0,1
56308,36962,0,0.2,0
14077,10132,0,0.2,0
175033,3962,0,0.166667,0
191483,45,0,0.166667,0
162657,12797,0,0.142857,0
78071,44142,0,0.5,0
70209,21137,1,1.0,1
184893,46667,0,0.058824,0
62382,43772,0,1.0,1
148755,18362,0,1.0,1
7310,33316,0,0.333333,0
185681,6915,0,1.0,1
18524,21137,0,0.5,0
23787,39450,0,0.1,0
174177,26209,0,0.071429,0
129909,9076,0,1.0,1
44582,19677,1,1.0,1
144058,27871,0,1.0,1
117554,12254,0,0.02381,0
107992,5621,0,0.020408,0
194121,28079,0,0.5,0
172671,4605,0,0.5,0
141606,18331,0,0.045455,0
173850,32958,0,0.0625,0
136568,14864,0,0.071429,0
103327,20352,0,1.0,1
185008,16953,0,0.2,0
47968,34358,0,0.041667,0
139869,27521,0,0.333333,0
171956,46688,0,0.083333,0
118548,3957,1,1.0,1
54112,23233,0,1.0,1
132793,7349,1,0.25,0
32895,29487,0,1.0,1
158933,41055,0,0.2,0
84586,48551,0,0.25,0
10666,40545,0,0.2,0
28513,17663,1,0.25,0
90548,16953,0,1.0,1
197683,14814,0,0.076923,0
93608,37606,0,0.021277,0
50843,49533,0,0.0625,0
13960,36111,0,0.333333,0
185920,26283,0,0.019608,0
201694,24852,0,1.0,1
174050,2452,0,0.333333,0
41335,11827,0,0.166667,0
153234,46906,0,1.0,1
16882,37108,0,0.2,0
56115,12284,0,0.111111,0
84569,5621,0,0.333333,0
27109,20583,0,1.0,1
131702,22890,1,0.333333,0
150313,26648,0,0.010204,0
60778,31040,0,0.05,0
163096,13866,1,0.25,0
38185,37487,0,0.038462,0
189958,10358,1,1.0,1
203072,38984,0,0.071429,0
140880,6184,1,0.5,0
90030,24838,0,1.0,1
41498,10673,0,1.0,1
145953,49236,0,0.111111,0
186270,31066,0,0.125,0
92721,31717,0,0.2,0
154001,15995,0,0.018182,0
174342,32299,0,1.0,1
166508,29622,0,0.076923,0
35473,24852,0,0.025641,0
198629,8075,0,0.5,0
110569,19057,0,1.0,1
80445,27521,0,0.166667,0
164808,46906,0,0.0625,0
178265,21137,0,0.5,0
4531,18272,0,0.045455,0
94764,24764,0,0.125,0
56187,28601,0,1.0,1
160006,25985,0,0.090909,0
59848,329,1,0.125,0
141547,32689,1,1.0,1
48342,44987,0,0.166667,0
151994,17634,0,0.047619,0
72213,45535,0,0.066667,0
188559,8056,0,0.055556,0
89402,8076,0,0.058824,0
101069,49169,0,0.045455,0
20744,28849,0,0.021277,0
51934,29252,0,0.090909,0
50385,4054,0,0.032258,0
34616,39094,0,0.111111,0
155015,457,0,0.142857,0
47624,13143,1,1.0,1
90911,35713,0,0.25,0
203399,7622,0,0.027027,0
139370,22935,0,1.0,1
145890,33294,0,0.25,0
6307,40723,0,0.125,0
119851,15475,0,0.142857,0
67661,6543,0,0.125,0
151378,28985,0,0.333333,0
81651,23219,0,1.0,1
11813,49644,1,0.076923,0
177097,37642,0,1.0,1
4646,37538,0,1.0,1
147575,9337,0,0.111111,0
106964,33731,0,0.166667,0
48370,3947,0,0.333333,0
109563,25286,0,0.0625,0
146239,6462,0,0.25,0
136573,8203,0,0.02439,0
111191,42625,0,1.0,1
89126,10794,1,1.0,1
184629,45063,0,0.142857,0
154895,10518,0,0.142857,0
71601,7021,0,0.066667,0
140395,8021,0,0.333333,0
11813,26209,0,0.045455,0
5936,40377,0,0.055556,0
124230,39719,0,0.2,0
80923,18681,0,0.125,0
206113,3599,0,0.5,0
31776,11798,0,0.166667,0
106804,8670,0,0.090909,0
40093,17794,0,0.083333,0
198633,39040,0,0.25,0
68157,33136,0,1.0,1
95422,46789,1,1.0,1
2192,12419,0,0.029412,0
27774,18341,0,0.25,0
57829,27887,0,0.035714,0
155632,49306,0,0.25,0
128132,47759,1,1.0,1
45736,26350,0,0.25,0
142375,41674,0,0.25,0
7313,5938,0,1.0,1
124158,36426,0,0.052632,0
188674,20246,0,0.058824,0
120704,24970,0,0.25,0
133597,28970,0,1.0,1
69368,40332,0,0.25,0
82605,7419,0,0.2,0
128068,17530,0,0.026316,0
172102,13176,0,1.0,1
175083,920,0,0.076923,0
9079,46361,0,0.5,0
180804,26604,0,1.0,1
25471,2482,0,1.0,1
45861,35176,0,1.0,1
149568,10132,0,0.25,0
51034,22610,0,0.2,0
20872,43772,0,0.142857,0
98586,49621,0,1.0,1
111789,20919,0,0.142857,0
110549,39719,0,0.166667,0
196458,19678,1,0.166667,0
97661,1062,0,0.1,0
182194,40598,0,0.027027,0
155421,46069,0,0.047619,0
107666,9076,0,0.333333,0
8627,33862,0,0.125,0
34240,13176,1,1.0,1
124104,7158,0,0.333333,0
166968,17679,0,0.142857,0
121910,24838,0,0.043478,0
185841,27486,1,0.071429,0
50604,28931,0,0.076923,0
72817,5436,0,0.066667,0
78502,36082,0,0.071429,0
21819,14287,0,0.011905,0
45582,33515,0,0.090909,0
51872,47977,0,0.058824,0
40270,5597,0,1.0,1
25303,19643,0,1.0,1
110102,6274,0,0.25,0
97095,11837,0,0.071429,0
164637,31716,0,0.041667,0
181920,19019,0,0.0625,0
101465,13852,0,0.25,0
26913,37141,0,0.111111,0
197082,6343,0,0.166667,0
205976,24852,0,0.5,0
182302,31945,1,1.0,1
145025,16726,0,0.1,0
29642,33825,0,0.125,0
47746,17149,0,1.0,1
15389,35898,0,1.0,1
188805,10685,0,1.0,1
135241,28381,0,0.5,0
204039,37646,0,0.333333,0
46448,13083,0,1.0,1
147475,31717,0,1.0,1
98881,5450,0,0.2,0
138165,31727,0,1.0,1
46761,33080,0,0.2,0
176886,45788,1,0.25,0
200300,16797,0,0.166667,0
88303,37288,0,0.027778,0
172677,42263,0,0.029412,0
129758,36606,0,0.1,0
60875,11941,0,0.076923,0
72583,13176,0,1.0,1
121148,45664,0,0.142857,0
179440,9829,0,0.05,0
144475,28204,0,0.142857,0
51253,13829,0,0.25,0
114111,49131,0,0.066667,0
96770,22699,0,0.142857,0
93921,24184,0,1.0,1
170970,42903,0,0.076923,0
61519,5973,0,0.333333,0
202530,15094,0,0.25,0
138588,33352,0,1.0,1
164907,11440,0,0.333333,0
147836,48697,0,1.0,1
44331,4966,0,0.083333,0
62242,49615,0,0.25,0
89832,8732,0,0.25,0
182620,46552,0,0.090909,0
184962,32714,0,1.0,1
114311,39850,0,0.083333,0
163916,39844,0,1.0,1
123256,16083,0,0.5,0
184197,42736,1,0.066667,0
110159,32981,0,0.090909,0
51921,43271,0,0.166667,0
49475,46979,0,0.5,0
43427,30489,1,1.0,1
92825,49260,0,0.066667,0
7843,20512,0,0.090909,0
81502,38797,0,0.142857,0
21088,24903,0,0.5,0
110739,34220,0,0.041667,0
161425,31737,0,0.5,0
100780,6531,0,1.0,1
90066,24427,0,0.25,0
34994,49191,0,0.076923,0
82525,30471,0,0.0625,0
179871,33950,0,0.034483,0
178391,30057,0,1.0,1
188790,23909,0,0.5,0
18524,27750,0,0.047619,0
31057,3142,0,0.023256,0
155289,40009,1,0.25,0
134489,31915,0,0.04,0
143581,40332,0,1.0,1
51831,45064,0,1.0,1
110894,43798,0,0.333333,0
172717,47280,0,1.0,1
57992,44394,0,0.111111,0
127954,22922,0,0.25,0
198769,28476,0,0.25,0
36785,8053,0,0.083333,0
44320,47766,0,0.045455,0
180905,34310,0,0.03125,0
149548,28553,0,0.333333,0
78240,29610,0,0.032258,0
135386,2024,0,0.076923,0
132872,7746,0,0.066667,0
74202,30391,0,0.083333,0
8418,7021,0,0.058824,0
123943,24010,0,0.083333,0
111073,40293,0,0.0625,0
7852,34551,0,1.0,1
2474,15591,0,0.076923,0
92486,23291,0,0.166667,0
155492,1217,0,1.0,1
194219,25588,0,0.142857,0
81221,32304,0,0.1,0
21171,5322,0,0.041667,0
203706,16802,0,0.125,0
69410,24852,0,0.111111,0
55255,26317,0,0.333333,0
89411,21386,0,0.047619,0
1986,21100,1,0.5,0
193576,25217,0,0.2,0
193743,21903,1,1.0,1
66242,9804,0,0.142857,0
91789,25172,0,0.333333,0
154202,32734,0,0.125,0
152199,46979,0,1.0,1
69656,18740,0,0.2,0
161563,41645,0,0.017241,0
102232,28936,0,1.0,1
147628,30849,0,0.333333,0
37809,28771,0,0.041667,0
11121,30639,0,0.083333,0
82166,34824,0,0.2,0
184039,12597,0,0.034483,0
89520,10509,0,0.0625,0
76025,17461,0,1.0,1
68923,5422,0,0.020408,0
20606,27544,0,0.125,0
134725,39002,0,0.037037,0
38164,26717,0,0.047619,0
119710,5785,0,0.166667,0
33169,42193,0,0.047619,0
80924,2752,0,0.333333,0
161717,48726,0,0.076923,0
156077,8506,0,1.0,1
199705,32655,0,0.111111,0
126233,32647,0,0.25,0
25185,43713,0,0.1,0
23430,28968,0,0.2,0
182859,8192,0,0.333333,0
201112,33493,0,1.0,1
161457,23719,0,0.090909,0
15047,16521,0,1.0,1
108052,14553,0,1.0,1
23949,21137,0,0.035714,0
172083,26298,0,0.25,0
164622,20995,0,0.083333,0
174081,35510,0,0.5,0
167075,23734,0,0.25,0
58337,24830,0,1.0,1
151770,13198,0,0.333333,0
22767,43765,0,0.015625,0
167848,36487,0,1.0,1
23822,36086,0,0.25,0
16118,5785,0,0.014706,0
105521,39275,1,1.0,1
91339,432,1,1.0,1
107867,35708,0,0.037037,0
108939,36389,0,0.028571,0
139086,11777,0,0.2,0
46485,48229,1,0.166667,0
36497,28204,0,0.058824,0
112943,8193,0,0.052632,0
140408,17550,0,1.0,1
131610,19484,0,0.5,0
88945,32839,1,1.0,1
103541,21405,0,0.111111,0
133661,31683,0,1.0,1
23797,1935,1,0.5,0
151334,19468,0,0.052632,0
4027,22935,0,0.142857,0
4192,30391,0,0.028571,0
190923,32605,0,0.5,0
54889,44368,0,0.142857,0
204181,7129,0,0.125,0
72971,35209,0,0.029412,0
4663,47156,0,0.2,0
26356,15570,0,0.2,0
47805,47626,0,0.5,0
61925,24852,0,0.1,0
54283,17838,0,0.045455,0
195416,49236,0,0.018182,0
9377,31041,0,0.333333,0
92138,11462,0,0.047619,0
162860,5103,0,0.028571,0
29046,11199,0,0.2,0
101261,39561,0,0.166667,0
93992,25886,0,1.0,1
192761,37067,0,0.2,0
93902,27963,0,0.2,0
205240,42680,0,0.333333,0
91035,32177,0,0.058824,0
67568,21544,0,1.0,1
162654,13851,0,0.2,0
88896,32467,0,0.5,0
29888,9995,0,0.166667,0
43815,31878,0,0.125,0
4754,46346,0,1.0,1
165027,22474,0,0.25,0
194395,32281,0,0.025,0
134048,47570,0,0.5,0
65798,39716,0,0.1,0
186140,27845,0,1.0,1
92991,16083,0,0.166667,0
57328,27086,0,0.2,0
138190,21405,0,0.5,0
19353,11448,1,0.076923,0
30827,37317,0,0.333333,0
152938,28785,0,0.041667,0
3233,24838,0,1.0,1
154306,47766,0,0.166667,0
57380,16696,0,0.1,0
155596,11827,0,0.052632,0
186225,12164,0,1.0,1
124611,47986,0,0.5,0
179070,18127,0,0.5,0
30527,21038,0,0.125,0
33343,42633,0,0.333333,0
9282,19906,0,0.5,0
176545,49683,0,0.166667,0
30857,3646,0,0.5,0
104235,1939,0,0.5,0
95126,4595,0,1.0,1
67388,45007,0,0.125,0
44331,12914,0,0.035714,0
17560,44912,0,0.25,0
194153,8195,0,0.25,0
153246,37460,0,0.333333,0
55768,10246,0,0.045455,0
60754,44368,0,0.166667,0
39006,26683,0,0.166667,0
170697,6473,0,0.2,0
84716,4806,0,0.125,0
120888,32446,0,0.071429,0
77410,26924,0,0.058824,0
1297,42768,0,0.166667,0
183575,26152,0,0.333333,0
85450,48057,0,0.333333,0
10925,48205,0,0.052632,0
188169,47463,0,0.03125,0
169183,26315,1,0.5,0
107840,11737,0,1.0,1
53868,5097,0,0.071429,0
176427,31343,0,0.2,0
13841,44337,0,0.2,0
37358,7131,0,0.032258,0
17048,8153,0,0.111111,0
178958,5456,0,0.045455,0
177016,15937,0,0.055556,0
180067,31040,0,0.5,0
137212,44500,0,1.0,1
99614,40706,1,0.25,0
80603,38365,0,1.0,1
32229,5586,0,0.166667,0
55856,33754,0,0.041667,0
131903,26800,0,0.5,0
136195,18792,0,0.04,0
97031,21903,0,1.0,1
114778,1359,0,0.166667,0
33240,35068,0,0.043478,0
123981,26347,0,0.022727,0
113176,4855,0,0.333333,0
9576,39380,0,0.5,0
77435,34450,0,0.5,0
81912,6199,0,0.028571,0
4788,13064,0,0.125,0
110089,41950,0,0.5,0
192020,11949,0,1.0,1
167313,42265,1,0.125,0
154081,35510,0,1.0,1
133597,29095,0,0.2,0
33217,28264,0,0.1,0
176208,18281,0,0.041667,0
34703,23192,0,0.030303,0
115958,42252,0,1.0,1
159240,36691,0,0.5,0
197581,4920,0,0.125,0
140329,13176,0,1.0,1
7479,27243,1,0.25,0
114359,33741,0,0.25,0
49938,5449,0,0.032258,0
150785,27658,0,0.058824,0
139633,20527,0,0.029412,0
105599,26604,0,0.076923,0
135543,42677,0,0.071429,0
188600,21903,0,1.0,1
67542,27966,0,0.125,0
2477,48368,0,1.0,1
142523,1244,0,0.111111,0
67568,9092,0,0.125,0
151304,35951,0,0.033333,0
33265,28204,0,0.5,0
48138,3550,0,0.1,0
157542,23025,0,0.166667,0
181920,13640,0,0.076923,0
91370,21267,0,0.066667,0
173050,18383,0,1.0,1
140040,38944,0,0.125,0
5960,42888,0,0.021739,0
75300,21019,0,1.0,1
201436,25890,0,0.043478,0
192731,31506,0,0.043478,0
61899,6228,0,0.017241,0
198258,43772,0,0.047619,0
36573,48210,1,1.0,1
98968,45650,0,0.5,0
31118,45103,0,0.011628,0
189898,19048,0,0.125,0
115235,37053,0,0.083333,0
32597,21292,0,0.333333,0
27520,5258,0,1.0,1
2783,20114,0,0.333333,0
108643,27292,0,0.111111,0
117393,30776,1,1.0,1
1563,29326,0,0.011111,0
141567,4591,0,0.333333,0
33302,12341,0,1.0,1
28139,24561,0,0.166667,0
4383,33343,0,0.1,0
193106,21996,0,0.111111,0
189034,29582,0,0.034483,0
38622,39861,0,0.25,0
135172,47280,1,0.028571,0
170349,49478,0,0.333333,0
38910,37524,0,0.071429,0
138623,45210,0,0.166667,0
87638,34850,0,0.5,0
174085,12409,0,0.0625,0
67890,12018,0,0.055556,0
110363,44375,1,0.025641,0
46145,40199,0,1.0,1
64761,116,0,0.018519,0
46450,9710,0,0.083333,0
32718,21137,0,1.0,1
57640,22935,0,0.2,0
167190,2611,0,0.045455,0
39802,4853,0,0.2,0
79887,5505,0,0.090909,0
37526,39922,0,0.25,0
191930,35182,0,0.142857,0
64319,17461,1,0.5,0
199817,18079,0,0.02439,0
16487,5223,0,0.111111,0
153321,27845,0,0.2,0
23797,34448,0,0.037037,0
88697,8424,0,1.0,1
183334,19348,0,0.076923,0
62558,21709,0,0.142857,0
46367,5514,0,0.333333,0
34755,47144,0,1.0,1
32980,21478,0,0.5,0
134776,34134,0,0.1,0
71128,22935,0,0.1,0
400,14924,0,1.0,1
181383,44475,0,0.25,0
17356,26648,0,0.029412,0
156640,28199,0,0.333333,0
24984,10246,0,0.333333,0
202124,22260,0,0.0625,0
116416,9932,0,0.5,0
144802,29987,0,0.142857,0
186444,16445,0,0.071429,0
86558,32689,0,0.04,0
52819,7065,0,0.035714,0
134078,42701,0,0.5,0
43125,23035,0,0.5,0
32781,21938,0,0.333333,0
17956,29615,1,0.5,0
30910,42557,0,0.166667,0
171735,44830,0,0.142857,0
14401,36180,0,0.333333,0
63687,24130,0,1.0,1
202529,3512,0,0.333333,0
200101,25087,0,0.2,0
54517,39275,0,0.017241,0
116209,27086,1,0.5,0
107159,21793,0,0.038462,0
15994,48720,0,1.0,1
165716,10132,0,0.5,0
155120,12932,0,0.333333,0
155421,18479,0,0.037037,0
178915,49111,0,0.25,0
106812,5618,0,0.1,0
124446,39858,0,0.5,0
158603,10385,0,0.071429,0
135492,15689,0,0.1,0
150528,18471,0,0.166667,0
151204,25133,0,0.090909,0
63559,42783,0,0.021277,0
124286,29327,0,0.333333,0
171542,41544,0,0.034483,0
38485,16290,0,0.333333,0
179696,44661,0,0.5,0
34211,3405,0,0.142857,0
152938,9043,0,0.058824,0
122352,30291,0,0.166667,0
93375,21019,0,0.142857,0
83469,21903,0,0.125,0
142590,23001,0,0.5,0
138214,13838,0,0.052632,0
95460,37948,0,0.5,0
139730,11461,0,0.333333,0
76171,26728,0,0.111111,0
107983,1529,0,0.142857,0
117335,12409,0,0.090909,0
101711,42680,0,0.5,0
24777,35750,0,0.111111,0
109494,3835,1,0.5,0
185919,13085,0,0.076923,0
180930,13176,0,0.052632,0
404,13176,0,0.333333,0
153372,26369,0,0.5,0
16014,19516,0,0.1,0
157775,3480,0,1.0,1
128979,18286,0,0.166667,0
150746,1111,0,0.0625,0
37244,31717,0,1.0,1
165919,31573,0,0.25,0
50778,33819,0,0.25,0
43836,33757,0,0.2,0
162712,19711,0,0.071429,0
191270,13409,0,0.25,0
196729,25035,0,0.25,0
173753,42495,1,1.0,1
2628,42971,0,0.083333,0
136640,27104,0,0.142857,0
108888,23537,0,0.071429,0
85389,31683,0,1.0,1
152464,20533,0,1.0,1
77772,38185,0,0.25,0
72571,3696,0,0.25,0
19760,18441,0,0.166667,0
172188,8362,0,0.5,0
102846,13870,0,0.333333,0
155687,27845,1,0.25,0
142137,1649,0,0.333333,0
190211,9426,0,0.25,0
83505,25824,0,0.25,0
80647,33198,0,0.2,0
193455,26209,0,0.5,0
528,27689,0,0.03125,0
39571,28842,0,1.0,1
173580,41674,0,0.076923,0
111611,34433,0,0.083333,0
50227,27177,0,0.02381,0
196639,8424,1,1.0,1
107946,42719,0,1.0,1
167649,42828,0,0.022222,0
119710,42736,0,0.071429,0
118686,44811,0,0.333333,0
165703,5646,0,0.1,0
55353,21095,0,0.2,0
82433,20607,0,0.076923,0
25030,18027,0,0.25,0
76527,43789,0,0.25,0
69991,42221,0,0.166667,0
148980,44570,0,0.2,0
15062,39275,0,0.071429,0
10765,2611,0,0.5,0
50174,47025,0,0.083333,0
103042,26456,0,0.2,0
127202,20119,0,0.333333,0
68203,24852,1,0.2,0
23280,33451,0,0.03125,0
53267,20082,0,0.25,0
51723,30391,0,0.166667,0
153703,9389,0,0.083333,0
113129,39812,0,0.058824,0
49606,46962,0,0.04,0
85426,19200,0,0.333333,0
34793,24852,0,1.0,1
68852,35887,0,0.021739,0
28078,30391,0,0.166667,0
63149,39928,0,0.058824,0
181528,32655,0,1.0,1
202940,12074,0,0.1,0
25276,8854,0,0.012346,0
145618,41406,0,0.04,0
34946,1819,0,0.0625,0
124872,781,0,0.25,0
21554,40469,0,0.038462,0
15586,2180,0,0.125,0
170970,27156,0,0.090909,0
141174,10872,0,0.029412,0
100822,15937,0,1.0,1
172493,13176,0,0.1,0
4131,2800,0,0.071429,0
124643,12481,0,0.5,0
50817,3787,0,0.015152,0
137850,35594,0,1.0,1
85665,12907,0,0.142857,0
52672,46175,0,0.333333,0
165117,32655,0,1.0,1
32073,33000,0,0.043478,0
88348,15447,0,0.047619,0
95332,22472,0,1.0,1
166205,29311,0,0.125,0
170509,8903,0,0.5,0
112176,11513,0,0.333333,0
77416,21949,0,0.333333,0
205861,40516,0,0.333333,0
153463,21793,0,0.090909,0
161844,23955,1,0.5,0
116480,32734,0,0.5,0
194451,20947,0,0.333333,0
85622,31486,0,0.029412,0
177468,27243,0,0.030303,0
20067,49144,0,0.5,0
101527,15765,1,0.333333,0
132640,27086,0,0.5,0
204654,46257,0,0.055556,0
30143,19272,0,0.142857,0
152107,21137,0,0.333333,0
56280,18988,0,0.25,0
159047,47000,0,0.25,0
37521,3896,0,1.0,1
199829,25931,1,0.5,0
7279,2002,0,0.125,0
139890,8277,0,0.5,0
94141,47626,0,0.25,0
110394,5067,0,0.333333,0
10404,8091,0,1.0,1
25480,40214,0,0.017857,0
170822,26173,0,0.2,0
185546,35476,0,0.076923,0
170282,17303,0,1.0,1
137689,18963,0,0.05,0
67817,30286,0,0.333333,0
171236,33294,0,0.020833,0
100389,5491,1,0.066667,0
26523,14678,0,0.166667,0
90081,24901,0,0.25,0
135429,38033,0,1.0,1
37010,7632,0,0.083333,0
114362,24852,0,1.0,1
128570,33845,0,0.071429,0
184990,5450,1,1.0,1
175495,25146,0,0.2,0
121115,27307,0,0.111111,0
621,40709,0,1.0,1
131974,8596,0,0.5,0
72699,25890,0,0.111111,0
11888,16797,0,0.02,0
153777,4544,0,0.25,0
16969,47626,0,0.043478,0
168386,37066,0,0.090909,0
109953,34584,0,0.333333,0
63812,11520,0,0.2,0
29227,26209,0,0.125,0
184128,27216,0,0.5,0
95068,36036,0,0.142857,0
155723,49555,0,0.071429,0
119471,3098,0,0.125,0
4850,22620,0,0.25,0
69476,31955,0,0.055556,0
3753,27413,0,0.066667,0
191446,38288,0,0.083333,0
142746,26679,0,0.052632,0
24362,210,0,0.02439,0
117090,6758,0,1.0,1
19319,40063,0,0.111111,0
189895,15937,0,0.018182,0
176390,4221,0,0.5,0
24529,46906,0,0.333333,0
188942,43920,0,0.038462,0
145265,46650,0,0.5,0
189226,13431,0,1.0,1
103370,19478,0,1.0,1
202844,14218,1,0.034483,0
63955,18963,0,0.035714,0
74920,49520,0,1.0,1
101340,17795,0,0.1,0
1240,40411,0,0.029412,0
32487,22802,0,1.0,1
83145,9065,0,0.033333,0
160468,30489,0,1.0,1
190156,6313,0,0.076923,0
134153,44811,0,0.166667,0
11576,39275,0,0.5,0
23189,6667,0,0.083333,0
127868,40923,0,0.166667,0
4916,7969,1,1.0,1
11161,24852,0,1.0,1
95984,35167,1,0.333333,0
102860,26800,0,0.142857,0
80475,46654,0,1.0,1
81641,32303,0,0.2,0
50352,35494,0,0.083333,0
154631,46175,0,0.2,0
127291,32650,0,1.0,1
164075,28441,0,0.066667,0
158166,28670,0,1.0,1
199325,13575,0,0.076923,0
203267,12986,0,0.2,0
191587,1468,0,1.0,1
132103,44008,0,1.0,1
107314,12419,0,0.125,0
68751,9225,0,0.2,0
191191,20549,0,0.142857,0
26843,27801,0,0.5,0
64573,33225,0,0.333333,0
85534,37876,0,0.076923,0
198104,29874,0,0.25,0
20091,48946,0,0.04,0
9530,38456,0,0.04,0
91043,28465,0,0.166667,0
127589,14571,0,0.333333,0
6977,7963,0,0.076923,0
188687,17905,0,0.125,0
39682,5618,0,0.142857,0
205091,2498,0,0.333333,0
188441,49239,0,0.125,0
42971,28202,0,0.333333,0
188188,5025,0,0.5,0
44513,15632,0,0.125,0
50377,49139,0,0.25,0
6774,34137,0,0.034483,0
165754,47766,0,0.034483,0
13824,48364,1,0.5,0
66599,26384,0,0.166667,0
136266,21295,0,0.111111,0
181277,4799,1,0.25,0
59604,43122,0,0.5,0
113989,24852,1,1.0,1
5384,2832,0,0.25,0
168812,9038,0,0.1,0
110736,10673,0,0.166667,0
83336,16560,0,0.333333,0
33098,18908,0,0.25,0
112552,27247,0,0.333333,0
127743,33626,0,0.0625,0
198261,25393,0,0.012048,0
14692,11520,0,0.25,0
79570,26201,0,0.166667,0
78750,45763,0,0.166667,0
73352,4210,0,1.0,1
17031,28862,0,0.047619,0
180188,13823,0,0.066667,0
202332,42356,0,0.2,0
160328,44683,0,1.0,1
138255,32851,0,0.5,0
168597,45603,0,0.25,0
196604,21906,0,0.041667,0
17566,39348,0,0.333333,0
152847,17159,0,0.111111,0
169489,6104,0,0.111111,0
61794,24964,0,0.333333,0
206101,42796,0,0.142857,0
163794,17747,0,0.333333,0
400,19508,0,0.333333,0
158808,29388,0,0.125,0
196047,9339,0,0.333333,0
117422,45447,0,0.333333,0
145890,7940,0,0.2,0
84842,43789,0,1.0,1
89205,1940,0,0.5,0
65974,19868,0,0.333333,0
163822,32553,0,0.045455,0
180437,40706,0,0.014085,0
125441,8643,0,0.5,0
75664,44776,0,0.010101,0
154146,46906,0,0.333333,0
99221,22395,0,0.125,0
113532,18761,0,0.111111,0
20064,33471,0,0.5,0
95565,16975,0,0.071429,0
5479,23612,0,0.076923,0
86537,39662,0,0.142857,0
135569,24852,0,0.2,0
67689,40790,0,0.090909,0
26086,47990,0,0.043478,0
85750,46720,0,0.333333,0
41875,8153,0,0.166667,0
35723,42460,1,1.0,1
177415,16797,0,0.333333,0
187969,47209,1,1.0,1
96355,24852,0,0.5,0
17448,45822,0,1.0,1
78856,30442,0,0.142857,0
191058,16137,0,0.166667,0
18047,12576,0,0.5,0
90850,15003,0,0.333333,0
90450,21050,0,1.0,1
145342,39351,0,1.0,1
51116,12212,0,1.0,1
152357,40545,0,0.2,0
99958,5077,0,1.0,1
204848,6288,0,0.142857,0
36010,1035,1,1.0,1
45178,13176,0,1.0,1
196704,41757,0,0.021277,0
5784,6615,0,0.166667,0
154581,29112,0,1.0,1
63748,39408,0,0.166667,0
107936,9647,0,0.025641,0
145355,45007,0,0.2,0
27429,18471,0,0.030303,0
156893,5479,0,0.125,0
79008,31562,1,0.25,0
188564,2536,0,1.0,1
172880,9159,0,0.5,0
54020,2390,0,0.25,0
2077,3233,0,0.333333,0
53130,24956,0,0.045455,0
67178,46667,0,0.125,0
77549,48745,0,0.25,0
125102,13926,0,0.333333,0
119225,7249,0,0.083333,0
143831,13914,0,0.027778,0
21331,46638,0,0.5,0
167091,27730,0,0.25,0
154556,49478,0,0.035714,0
35,42625,0,0.25,0
8792,33847,0,0.055556,0
54191,29127,0,0.5,0
180344,44142,0,1.0,1
148396,46886,0,0.5,0
101032,30406,0,0.5,0
88487,48825,0,0.5,0
185191,47229,1,0.033333,0
98295,1203,1,0.5,0
166772,24489,0,0.5,0
149595,26915,0,0.5,0
64761,19415,0,0.083333,0
90009,4799,0,0.142857,0
30172,33433,0,0.076923,0
185529,8277,0,0.25,0
148834,4146,0,0.5,0
193134,43961,0,0.5,0
148730,25351,0,0.142857,0
69970,26767,0,0.083333,0
19794,37940,0,0.125,0
18159,20152,0,0.058824,0
178701,38508,0,0.125,0
12514,12409,0,1.0,1
138115,45356,0,0.125,0
88278,42585,0,0.2,0
35169,28038,0,0.090909,0
42345,26283,0,0.04,0
178612,44229,0,0.5,0
182010,8638,0,0.014085,0
172153,28156,0,0.125,0
137699,24852,0,0.142857,0
134699,5303,0,0.25,0
47737,45681,0,0.041667,0
123309,45965,0,0.1,0
4543,18880,0,0.035714,0
50076,24852,0,1.0,1
17555,27402,0,0.166667,0
115659,48093,0,0.037037,0
49868,44932,0,0.032258,0
43868,26790,0,0.083333,0
203599,48697,0,0.2,0
8774,49198,0,1.0,1
158411,41844,0,0.142857,0
111322,45544,0,0.25,0
59709,3539,0,0.015625,0
31118,5250,0,0.017241,0
180360,20691,0,0.333333,0
151050,41674,0,1.0,1
183259,31577,0,0.111111,0
24539,47668,0,0.1,0
56402,24363,0,0.25,0
52327,33198,0,0.166667,0
7974,15872,0,0.111111,0
38820,427,0,1.0,1
40391,49683,0,0.052632,0
204799,37472,0,0.071429,0
161079,18498,0,0.043478,0
93106,1783,0,0.333333,0
168525,30183,1,1.0,1
53897,7358,0,0.166667,0
97401,6774,0,0.2,0
180884,45965,0,0.5,0
51312,5876,0,0.25,0
78785,38949,1,0.090909,0
125707,4591,0,0.142857,0
60994,32689,0,0.052632,0
89753,42265,0,0.5,0
197470,40516,0,1.0,1
204548,19508,0,0.25,0
16032,48679,0,0.25,0
196314,39692,0,0.021277,0
83544,35535,0,0.2,0
187814,28836,0,0.090909,0
182216,8535,0,0.037037,0
82574,38928,0,1.0,1
167873,33394,0,0.333333,0
54912,6987,0,0.032258,0
37041,28985,0,0.25,0
17922,48205,0,1.0,1
181080,18918,0,0.125,0
175398,21938,1,1.0,1
112872,15386,0,0.047619,0
117037,29270,0,0.125,0
133316,24028,0,0.033333,0
65790,1940,1,1.0,1
158244,20595,0,1.0,1
24719,27845,1,1.0,1
29563,33135,0,0.333333,0
149412,9871,0,0.045455,0
33059,39247,0,0.016393,0
51118,23025,0,0.04,0
40627,46979,0,0.2,0
38032,13646,0,0.166667,0
183640,9799,0,0.142857,0
177544,26497,0,0.25,0
102622,38996,0,0.25,0
59340,43654,0,0.2,0
115567,9175,0,1.0,1
164679,30489,0,0.333333,0
50747,20583,0,0.047619,0
1791,40571,0,0.090909,0
64203,24964,1,0.5,0
34131,43961,0,0.055556,0
152561,2039,0,0.166667,0
56406,117,0,0.066667,0
119037,28825,0,0.142857,0
113459,8277,0,0.25,0
118428,37371,0,0.5,0
622,2120,0,1.0,1
174836,8087,0,0.052632,0
33947,28709,0,0.090909,0
25730,9210,0,0.2,0
72143,36051,0,0.090909,0
52227,24190,1,0.5,0
44631,13077,0,0.5,0
186556,16185,0,0.1,0
76435,21938,0,0.2,0
195573,15630,0,0.025,0
102104,49683,0,0.25,0
55557,37552,1,1.0,1
88481,49075,0,0.25,0
88804,47229,1,1.0,1
183286,22640,0,0.2,0
32627,49520,0,0.02439,0
10443,11146,0,0.166667,0
148396,31642,0,0.333333,0
23207,17948,0,0.03125,0
64873,8518,0,0.083333,0
15454,44195,0,0.125,0
173751,4920,0,0.090909,0
200156,17284,0,1.0,1
62194,13176,0,1.0,1
83616,46720,0,1.0,1
73328,18987,0,0.111111,0
23070,40706,0,0.333333,0
131860,28226,0,1.0,1
60430,23715,0,0.020408,0
127547,2519,0,0.032258,0
18505,47626,0,0.5,0
6069,34126,0,0.166667,0
100687,16423,0,0.043478,0
170825,48933,1,1.0,1
199743,13170,0,0.025,0
49657,34126,0,0.333333,0
80032,37849,0,0.2,0
148237,41844,0,0.166667,0
61820,15404,0,0.333333,0
184406,38159,0,0.045455,0
20083,38734,0,0.043478,0
187817,32864,0,0.5,0
127896,44142,0,0.5,0
157036,21903,1,0.166667,0
76666,23763,1,0.333333,0
18986,44368,0,0.5,0
67731,21288,0,0.5,0
19220,36685,0,0.2,0
66096,42009,0,0.025641,0
199337,16797,0,0.045455,0
51496,21626,1,1.0,1
25830,22920,0,0.125,0
188225,15987,0,1.0,1
46023,48697,0,0.333333,0
99845,36192,0,0.047619,0
12739,30561,0,1.0,1
178125,5460,0,0.333333,0
135847,20840,0,0.333333,0
123960,44051,0,0.2,0
95573,19322,0,0.5,0
149981,39275,0,0.021739,0
32922,39465,0,0.083333,0
91276,27000,0,0.016393,0
197767,27953,0,0.111111,0
103189,18594,0,0.111111,0
183504,28985,0,1.0,1
112111,48745,0,0.022727,0
35017,7645,0,0.027027,0
31118,16911,0,0.012195,0
80842,31040,0,0.25,0
150983,34126,0,1.0,1
59721,42441,0,0.25,0
106281,42110,0,0.5,0
162111,32108,0,0.5,0
188318,45066,1,1.0,1
99520,11087,0,0.05,0
73122,47610,0,0.090909,0
64168,21903,0,1.0,1
47252,29127,0,0.142857,0
91180,5769,0,0.25,0
69252,7952,0,0.0625,0
158210,45194,0,0.5,0
18170,41950,0,0.090909,0
58321,43768,0,0.2,0
23023,4658,0,0.047619,0
154350,3481,0,0.5,0
16032,43647,0,0.052632,0
9710,14650,0,0.111111,0
28496,21333,0,0.25,0
51489,8479,0,0.333333,0
151994,44142,0,1.0,1
138921,26604,0,0.05,0
132793,522,0,0.076923,0
127178,2567,0,0.25,0
51841,32403,0,0.038462,0
152477,45774,0,0.02,0
173125,44632,0,1.0,1
106267,39977,0,0.052632,0
31319,37208,0,0.166667,0
14315,14444,0,0.333333,0
198385,22935,0,0.25,0
127202,29763,0,0.333333,0
181090,28985,0,0.111111,0
123920,16521,0,0.066667,0
31880,14553,0,0.142857,0
11171,40706,0,0.5,0
171343,10106,0,0.1,0
142782,5785,0,0.5,0
87818,43961,0,1.0,1
167310,47900,0,1.0,1
181729,22025,0,0.016949,0
121596,311,0,0.021739,0
183782,21403,0,0.25,0
66044,45747,0,0.25,0
186631,29640,0,0.166667,0
13225,23405,0,0.055556,0
142100,1440,0,0.125,0
105241,38544,0,0.166667,0
34370,47196,0,0.05,0
25730,7628,0,0.25,0
98917,12157,0,0.05,0
156640,22825,0,0.2,0
175151,16479,0,0.166667,0
145536,24518,0,0.166667,0
127412,18354,0,0.055556,0
66249,34969,0,0.052632,0
42113,10874,0,0.03125,0
108776,32665,0,0.03125,0
119883,23178,0,0.333333,0
174899,49628,0,1.0,1
63073,46511,0,0.020408,0
22914,25588,0,0.02,0
115006,30353,0,0.125,0
88422,26756,0,0.02439,0
65981,19048,0,0.166667,0
25855,26800,0,0.071429,0
203170,20943,0,0.5,0
833,44628,0,0.166667,0
150049,25890,0,0.071429,0
1563,14678,0,0.076923,0
182240,13380,0,0.071429,0
140183,33401,0,0.333333,0
98917,15304,0,0.166667,0
152792,43768,0,0.090909,0
140113,45249,0,1.0,1
31216,38856,0,0.052632,0
174342,35939,0,0.5,0
77466,41355,0,0.090909,0
41782,10473,0,0.142857,0
25634,30382,0,0.055556,0
168367,27848,0,0.2,0
198238,46496,0,0.066667,0
136340,27663,0,0.066667,0
152587,14651,0,1.0,1
172087,40199,0,0.2,0
41467,26283,0,1.0,1
203009,40706,1,0.125,0
89694,5240,0,1.0,1
42264,13988,0,1.0,1
76180,20011,0,0.333333,0
190075,14386,0,0.142857,0
5848,27690,0,0.043478,0
148358,37552,0,0.058824,0
11726,18337,0,0.5,0
177053,32839,0,0.25,0
97965,14633,0,0.055556,0
66599,24186,0,0.1,0
164403,34034,0,0.333333,0
192186,37276,0,0.333333,0
192521,30827,0,0.5,0
168449,13733,0,0.333333,0
77636,4097,0,0.5,0
22781,397,0,0.083333,0
55857,17794,0,0.055556,0
159002,29034,0,0.166667,0
34990,41375,0,0.058824,0
183352,47541,0,0.071429,0
40273,25938,0,1.0,1
22928,35333,0,0.25,0
100730,47526,0,1.0,1
144121,14897,0,0.111111,0
163857,38508,0,0.021277,0
103344,21326,0,1.0,1
41095,5818,0,1.0,1
69975,5031,1,1.0,1
83624,8193,0,0.0625,0
15691,10761,0,0.5,0
204067,13885,0,0.071429,0
50714,816,0,0.142857,0
116693,4421,0,0.034483,0
145094,7140,0,0.333333,0
67959,49158,0,0.090909,0
43125,38374,0,0.25,0
102846,9076,0,1.0,1
78785,5077,0,1.0,1
99469,9385,0,0.1,0
27678,26369,0,0.0625,0
47354,24852,1,1.0,1
168137,11277,0,0.2,0
69029,29650,0,0.076923,0
138211,12320,0,0.5,0
180693,9839,0,1.0,1
141704,41375,0,0.166667,0
155102,5785,0,0.125,0
12660,22952,0,0.25,0
91827,30480,0,0.027778,0
34406,24852,0,0.125,0
152288,1712,0,0.333333,0
62825,49401,0,0.2,0
84805,49520,0,0.166667,0
195434,45916,0,1.0,1
130987,19906,0,0.142857,0
131763,31562,0,0.066667,0
175879,1158,0,0.166667,0
106708,8277,0,0.333333,0
19844,37065,0,0.111111,0
141844,5746,0,0.047619,0
190676,7179,0,0.012821,0
198544,15664,0,0.125,0
87719,7325,0,0.058824,0
57980,23484,0,0.2,0
59721,22124,1,1.0,1
141606,34308,0,0.035714,0
65862,32104,0,0.142857,0
24268,35166,0,0.034483,0
194038,7736,0,0.333333,0
80311,12614,0,0.04,0
171040,32519,0,0.090909,0
68901,48894,0,0.2,0
43072,30557,0,0.071429,0
23619,24184,0,0.076923,0
19185,41387,0,0.166667,0
154163,47990,0,0.125,0
143905,14633,0,0.142857,0
113532,21616,0,0.333333,0
24777,4656,0,0.076923,0
204763,10568,0,0.166667,0
112968,456,0,0.041667,0
160556,37055,0,0.125,0
60396,4562,0,0.1,0
137808,21009,0,0.166667,0
44184,45965,0,1.0,1
97699,43129,0,0.014706,0
139597,12756,0,0.142857,0
139633,43351,0,0.066667,0
72122,41549,0,0.071429,0
167728,33842,1,1.0,1
26652,44580,0,0.05,0
68206,2120,0,1.0,1
165357,7693,0,1.0,1
147112,32412,0,0.0625,0
182347,8153,0,0.333333,0
204496,29389,0,0.125,0
44941,11943,0,0.333333,0
70512,29926,0,1.0,1
190345,39275,0,0.166667,0
46993,40584,0,0.2,0
106841,36591,0,0.0625,0
71545,1541,0,0.333333,0
61216,12063,0,0.0625,0
14279,79,0,1.0,1
110077,7175,0,0.166667,0
144785,8424,0,0.142857,0
194438,41480,0,0.333333,0
147910,18339,0,0.5,0
108361,4154,0,0.083333,0
106161,5876,0,0.1,0
74805,3990,0,0.034483,0
65300,13113,0,0.014286,0
151805,812,0,0.055556,0
167190,19508,0,0.029412,0
27470,10867,0,0.1,0
165980,30450,0,0.25,0
120253,24062,0,0.033333,0
24296,4759,0,0.125,0
147885,32812,0,0.013889,0
50143,18370,0,0.2,0
184373,36551,0,0.111111,0
160646,13575,0,0.066667,0
205047,8670,0,0.043478,0
163761,35121,0,0.0625,0
47968,31066,0,0.090909,0
87835,24622,0,0.166667,0
54154,25767,0,0.333333,0
139077,38490,0,1.0,1
192731,24964,0,0.125,0
101279,28967,0,1.0,1
205905,10421,0,0.333333,0
77788,16578,0,0.043478,0
70076,35951,0,0.111111,0
52438,25223,0,0.058824,0
85464,38185,0,0.142857,0
72160,4422,0,1.0,1
28284,30290,0,0.021739,0
60049,5114,0,0.25,0
96276,30827,0,1.0,1
11981,28123,0,0.2,0
68,29987,0,0.333333,0
176560,39832,0,0.5,0
14573,37357,0,0.058824,0
162745,32433,0,0.076923,0
204613,4942,0,0.1,0
126636,2121,0,1.0,1
95242,38995,0,0.5,0
194400,2078,0,1.0,1
148402,44359,1,1.0,1
54831,24009,0,0.014286,0
20779,9403,0,1.0,1
13562,49383,0,1.0,1
84056,40490,0,0.5,0
86637,38425,0,0.2,0
96999,31002,0,0.04,0
170743,33439,0,0.2,0
34635,40867,0,0.166667,0
154202,2002,0,0.5,0
142614,22071,0,0.333333,0
61012,13431,0,0.076923,0
173298,22849,0,0.5,0
52878,37687,0,0.5,0
45930,31404,0,0.090909,0
146130,11921,0,0.125,0
133555,11777,0,1.0,1
155309,39984,0,0.333333,0
40045,24852,0,0.25,0
172783,10193,0,0.5,0
177645,41950,0,0.090909,0
160556,38334,0,0.166667,0
163861,33768,0,0.166667,0
67263,4210,0,0.02,0
167097,38344,0,0.111111,0
174624,27388,0,0.2,0
179296,28123,0,0.125,0
77614,45224,0,0.035714,0
68121,38563,0,0.066667,0
50477,28826,0,0.028571,0
74264,47766,0,0.333333,0
29951,23541,0,0.333333,0
93226,34969,0,0.5,0
87941,48142,0,0.142857,0
178990,31785,0,1.0,1
11725,46145,0,0.25,0
145962,38274,0,1.0,1
165364,45208,0,0.333333,0
176119,22124,1,1.0,1
98303,41844,0,0.052632,0
105318,18987,0,0.076923,0
164826,9076,0,0.090909,0
121022,48720,0,0.166667,0
170459,9076,0,0.25,0
108927,35914,0,0.333333,0
9786,26604,0,0.5,0
163532,160,0,0.333333,0
80864,7673,0,0.333333,0
40019,35946,0,0.055556,0
177927,32096,0,0.043478,0
150049,34358,0,1.0,1
78768,8277,0,0.5,0
93119,19508,0,0.04,0
28628,48287,0,0.083333,0
122326,35752,0,1.0,1
46388,17377,0,0.2,0
168186,4656,0,0.5,0
118611,33055,0,0.083333,0
190678,41787,0,0.333333,0
41389,41950,0,0.142857,0
134063,41319,0,0.02439,0
22970,31801,0,0.5,0
8817,27344,0,0.142857,0
29621,31915,0,0.041667,0
139106,277,1,0.25,0
26817,49113,0,0.125,0
81175,11030,0,0.1,0
204387,24906,0,1.0,1
199785,29079,0,0.083333,0
133397,34249,0,0.2,0
97345,29127,0,0.033333,0
182406,23554,0,0.083333,0
183173,2228,0,1.0,1
198629,8239,0,0.083333,0
37053,45870,0,0.1,0
65243,43961,0,0.333333,0
173982,4793,0,0.029412,0
38622,33731,0,0.5,0
47563,4715,0,0.2,0
151511,22935,0,0.083333,0
97188,45066,0,1.0,1
70265,29487,0,0.2,0
94953,39097,0,0.5,0
74671,27086,0,0.166667,0
146847,16797,0,0.142857,0
74878,3177,1,0.2,0
193627,18150,0,0.166667,0
68445,37203,0,0.2,0
117674,1244,0,0.25,0
200792,47209,0,0.25,0
37282,21174,0,0.142857,0
131505,15739,0,0.2,0
82573,28593,0,0.066667,0
5057,29662,0,0.066667,0
52068,17807,0,0.058824,0
15664,39534,0,0.333333,0
205601,27845,0,1.0,1
103523,22952,0,0.166667,0
158402,47209,0,0.026316,0
70562,49496,0,1.0,1
126065,11526,0,0.333333,0
99687,23565,0,1.0,1
119687,35769,0,0.066667,0
93308,35989,0,0.090909,0
809,329,0,0.166667,0
86020,12872,0,0.1,0
185215,26209,1,1.0,1
6168,24184,0,0.125,0
113870,42701,0,0.166667,0
71257,38167,0,0.142857,0
119508,47681,0,0.2,0
58701,5355,0,0.125,0
105058,13423,0,0.2,0
64246,26683,0,0.076923,0
66776,27966,0,1.0,1
42430,29812,0,0.1,0
3514,3703,0,0.166667,0
40170,29987,0,0.066667,0
50650,2120,0,0.333333,0
84805,16797,0,1.0,1
91287,35217,0,0.111111,0
12822,6789,0,0.333333,0
163247,30391,1,0.5,0
36611,24964,0,1.0,1
129050,260,0,1.0,1
72310,30442,0,1.0,1
68495,46475,0,0.166667,0
106342,15902,0,0.166667,0
177487,3464,0,0.5,0
113246,10623,0,0.5,0
193576,9781,0,0.045455,0
104249,30406,0,0.5,0
2646,160,0,0.0625,0
27090,14197,0,0.125,0
29291,47766,0,1.0,1
175208,18849,0,0.333333,0
156941,43961,0,0.25,0
165337,30442,0,0.333333,0
177936,37892,0,0.071429,0
62988,13877,0,0.037037,0
93591,44949,0,0.333333,0
16158,34829,0,1.0,1
153694,3765,0,0.076923,0
24449,35951,0,0.1,0
52797,40516,0,0.333333,0
13927,30117,0,0.017544,0
48538,7026,0,0.5,0
43182,47325,0,0.030303,0
184334,17638,0,1.0,1
109477,48726,0,0.142857,0
39920,703,0,0.2,0
102110,3869,0,0.071429,0
86537,27690,0,0.5,0
74893,2295,0,0.333333,0
187339,5475,0,1.0,1
40425,5605,0,0.111111,0
36369,46688,0,0.026316,0
189034,23537,0,0.03125,0
6427,10749,0,0.125,0
11980,45646,0,0.032258,0
153730,40893,0,0.03125,0
126818,12206,0,0.1,0
153149,43129,0,0.5,0
199382,20406,1,1.0,1
112258,11440,0,0.2,0
1722,365,0,0.333333,0
178080,18926,0,0.1,0
59341,44661,0,0.071429,0
128904,13176,1,1.0,1
194566,20734,0,0.033333,0
191648,20674,0,0.5,0
106639,34862,0,0.058824,0
44205,25368,0,0.125,0
68315,25577,0,0.071429,0
191019,22453,0,0.333333,0
97852,42265,0,1.0,1
95975,33590,0,0.333333,0
97436,27196,0,0.333333,0
105935,13877,0,0.25,0
2278,31040,0,0.142857,0
136491,44292,0,0.052632,0
152454,2091,0,0.125,0
27605,27801,0,0.076923,0
112176,12576,0,0.25,0
190899,28264,1,0.5,0
66808,46206,0,0.111111,0
78879,2748,0,1.0,1
167830,34543,0,0.5,0
139415,436,0,0.076923,0
187186,21815,0,0.333333,0
162677,5886,0,0.018519,0
159702,48119,0,0.166667,0
62734,40910,0,0.333333,0
173850,23601,0,0.01087,0
179783,42265,0,0.04,0
138520,44449,0,0.2,0
1465,3177,0,0.5,0
12103,20828,0,0.333333,0
95978,24097,0,0.333333,0
81280,8467,0,0.052632,0
191648,17931,0,0.038462,0
90367,10602,0,0.2,0
159524,10749,0,0.037037,0
203033,31506,0,0.083333,0
23542,30353,0,0.111111,0
81762,44632,0,1.0,1
22970,35688,0,0.2,0
178638,24964,1,1.0,1
22169,4933,0,0.166667,0
164718,43101,0,0.1,0
77891,22298,0,0.034483,0
69582,1463,0,1.0,1
122554,17329,0,0.166667,0
195499,2855,1,0.125,0
165010,9839,0,0.2,0
68716,23367,0,0.034483,0
24293,6104,0,0.166667,0
66736,48785,0,0.25,0
2589,19734,0,1.0,1
174051,32842,0,0.5,0
13378,42265,0,0.25,0
161678,45066,1,1.0,1
117502,21841,0,0.5,0
189223,49005,0,0.047619,0
85037,28985,0,0.333333,0
205939,38288,0,0.333333,0
25920,45613,0,0.2,0
92044,40709,0,0.125,0
199334,42526,0,0.333333,0
5017,22825,0,0.047619,0
11588,38985,0,0.03125,0
94499,14992,0,0.142857,0
66522,34449,0,0.5,0
161421,1202,0,0.5,0
154063,26373,0,0.027027,0
95003,47586,0,0.142857,0
137331,13176,1,0.5,0
191018,23291,0,0.142857,0
190663,9597,0,0.25,0
92916,46680,0,0.043478,0
26813,31640,0,1.0,1
38015,49284,0,0.333333,0
119334,12206,0,0.333333,0
201504,19370,0,0.25,0
90292,10243,0,0.125,0
168701,19678,0,0.25,0
155621,23253,0,0.1,0
170078,7131,0,0.333333,0
49376,274,0,1.0,1
146431,31683,0,0.142857,0
206053,4125,0,0.071429,0
145055,32139,0,0.5,0
86640,7781,0,0.25,0
18791,36554,0,0.125,0
148441,45535,0,0.032258,0
186448,24852,1,1.0,1
66973,32433,0,1.0,1
169659,35336,0,1.0,1
111267,39303,0,0.043478,0
96162,34126,0,0.333333,0
179438,26587,0,1.0,1
39035,27845,0,0.333333,0
193650,31660,0,0.1,0
60649,46654,1,1.0,1
3387,40261,0,0.125,0
82573,2314,0,0.333333,0
129098,12409,0,1.0,1
32067,23001,0,0.030303,0
131385,23679,0,0.166667,0
173675,23726,0,0.2,0
111000,24852,1,1.0,1
165534,42188,0,0.5,0
151595,38159,0,1.0,1
7385,22316,0,0.025641,0
37676,12572,0,0.5,0
141637,46931,0,0.019231,0
88303,29672,0,0.047619,0
145868,40706,0,0.125,0
120865,47196,0,0.038462,0
1427,6346,0,0.058824,0
67722,28204,1,0.058824,0
92421,21616,0,0.1,0
62718,39663,0,0.0625,0
77012,48775,0,0.2,0
113901,28634,0,0.5,0
42896,40878,0,0.142857,0
25624,47652,0,0.25,0
57659,45249,0,0.071429,0
4529,49175,0,0.2,0
61808,29629,0,0.5,0
12642,8193,0,0.333333,0
67752,31215,0,1.0,1
87842,28214,0,0.111111,0
174388,2876,0,0.071429,0
51277,17315,0,0.25,0
42345,13517,0,0.1,0
97886,20114,0,0.333333,0
15374,32177,0,1.0,1
86615,45066,0,0.333333,0
11584,8380,0,0.25,0
195869,25861,0,0.25,0
118047,14127,0,0.25,0
25871,15536,0,0.090909,0
122240,45646,0,0.166667,0
28340,6518,0,0.5,0
134891,15650,0,0.1,0
115193,33129,0,1.0,1
2870,34717,0,0.5,0
46231,32655,1,1.0,1
28673,2433,0,0.052632,0
54324,15937,0,0.1,0
203635,38159,0,0.166667,0
190449,29778,0,0.5,0
7161,8025,1,0.5,0
167996,8518,0,0.333333,0
79213,21616,0,0.25,0
77208,18609,0,0.033333,0
64666,34092,0,0.166667,0
173177,17819,0,0.5,0
148917,25715,0,0.010309,0
52478,14819,0,0.045455,0
21882,39877,1,1.0,1
192321,8518,0,0.25,0
33351,8518,0,0.5,0
158241,42479,0,0.1,0
67975,26968,0,0.142857,0
31620,32955,0,0.5,0
108832,19240,0,0.0625,0
161647,26604,0,0.5,0
186243,44961,0,1.0,1
94786,15902,0,0.017544,0
131340,7474,0,0.25,0
135829,24390,0,0.125,0
94847,39928,0,0.333333,0
140145,30247,0,0.142857,0
94764,46962,0,0.010417,0
34874,28849,0,0.041667,0
76461,31506,0,0.090909,0
53136,33953,0,0.166667,0
76025,47008,1,1.0,1
103242,22935,0,1.0,1
43815,28204,0,0.5,0
16103,33640,0,1.0,1
94750,31557,0,0.1,0
158657,33120,0,0.5,0
174720,33764,0,0.25,0
110795,47209,0,0.5,0
32707,32768,0,0.2,0
186469,4739,0,1.0,1
173517,37354,0,0.035714,0
83562,45948,0,0.023256,0
138727,39275,1,0.5,0
487,24390,0,0.333333,0
32854,4455,0,0.333333,0
62080,27344,0,0.5,0
53776,4920,0,1.0,1
31308,4314,0,0.333333,0
56343,35530,0,0.071429,0
11904,11759,0,0.041667,0
106900,43987,0,0.111111,0
34999,20842,0,0.111111,0
93596,10571,0,0.090909,0
76435,47790,0,0.034483,0
97855,8900,0,0.5,0
97405,45066,0,0.055556,0
57246,33636,0,0.166667,0
88553,3721,0,0.125,0
28496,4363,0,0.166667,0
95769,20691,0,0.125,0
203126,18288,0,0.037037,0
170773,34530,0,0.166667,0
110121,12144,0,1.0,1
55911,37630,0,0.2,0
134164,39947,0,0.5,0
78752,6336,1,0.5,0
133811,2091,0,0.25,0
49277,25341,0,1.0,1
56089,28999,0,0.045455,0
59107,23060,0,0.025641,0
48409,1347,1,0.333333,0
47647,22227,0,0.013158,0
186919,10793,0,0.083333,0
94746,49113,0,0.5,0
198261,13740,0,0.015625,0
150628,9208,0,1.0,1
96214,44628,0,1.0,1
23455,42508,0,0.1,0
87270,43662,0,0.125,0
173058,17140,0,1.0,1
65597,7559,0,0.066667,0
199862,31717,0,0.2,0
47959,35594,0,0.111111,0
111281,24413,0,0.125,0
122102,10070,0,0.25,0
37409,28993,0,0.5,0
177926,28993,0,0.033333,0
44718,49478,0,0.25,0
44226,31618,0,1.0,1
125955,22031,0,0.090909,0
188327,47766,0,0.5,0
14059,44129,0,1.0,1
150237,28805,0,1.0,1
4999,5077,0,0.25,0
159800,20520,0,0.047619,0
83860,11136,0,0.026316,0
86441,25187,0,0.047619,0
169176,32655,0,1.0,1
32540,41220,0,0.034483,0
75664,43772,0,0.142857,0
24304,2379,0,0.2,0
46033,24852,1,1.0,1
75968,11941,0,0.047619,0
143111,7185,0,0.142857,0
28630,21195,0,0.166667,0
123335,31725,0,0.090909,0
88441,22963,0,0.333333,0
171083,41787,0,0.25,0
88932,19816,0,0.1,0
55236,28985,0,0.111111,0
151418,41196,0,0.5,0
146426,33560,0,0.25,0
63226,45445,0,0.045455,0
9710,30720,0,0.5,0
40422,45946,0,0.058824,0
165878,34940,1,0.2,0
149770,47734,0,0.0625,0
100682,18432,1,1.0,1
22312,15622,0,0.25,0
123330,6244,0,0.142857,0
103121,28199,0,0.090909,0
117767,41570,0,0.142857,0
122897,31717,0,1.0,1
26373,28373,0,1.0,1
175732,6046,1,0.5,0
69839,23815,0,0.125,0
10237,20607,0,0.5,0
174446,21095,0,1.0,1
201314,5550,0,0.142857,0
101664,7628,0,0.5,0
9765,47962,0,0.076923,0
4144,43129,0,1.0,1
104920,22893,0,0.25,0
137448,28785,0,0.1,0
53868,24765,0,0.125,0
126302,5158,0,0.111111,0
34211,38650,0,0.111111,0
26533,21621,0,0.2,0
11230,33911,0,0.5,0
72548,23296,0,0.111111,0
102038,31553,0,0.2,0
85970,27737,0,0.333333,0
182739,7189,0,0.083333,0
85908,2368,0,0.022222,0
84477,18849,0,0.333333,0
115364,43049,0,0.5,0
45222,38200,0,0.333333,0
102939,24954,0,0.04,0
89395,14239,0,0.052632,0
10738,3142,0,0.043478,0
114410,34969,0,0.038462,0
162039,7751,0,0.030303,0
154100,19048,0,0.071429,0
101244,13198,0,0.333333,0
162729,10358,0,0.142857,0
82506,27086,0,1.0,1
19094,39549,0,0.166667,0
191458,40992,0,0.142857,0
27578,40571,0,0.5,0
180572,49098,0,0.2,0
157744,48142,0,1.0,1
194614,2010,0,0.5,0
112281,35264,0,0.029412,0
116217,41609,0,0.5,0
5453,13212,0,0.083333,0
15919,29487,1,0.5,0
188688,15453,0,0.111111,0
123158,28348,0,0.333333,0
121506,6348,0,0.142857,0
141774,28199,0,0.333333,0
138440,38557,0,1.0,1
46233,9409,0,0.04,0
137022,5785,0,0.2,0
10506,9387,0,0.1,0
163431,33911,0,1.0,1
136888,40001,0,0.25,0
53925,35425,0,0.25,0
86224,37694,0,0.052632,0
49266,29783,0,1.0,1
85791,11182,0,0.142857,0
191983,24852,0,1.0,1
134598,17616,0,0.045455,0
154022,2151,0,0.071429,0
71762,20062,0,0.111111,0
41546,47000,0,0.090909,0
164723,16042,0,0.018868,0
50095,36793,0,0.027778,0
168658,6242,0,0.5,0
140098,39160,0,0.25,0
28179,8424,0,0.166667,0
199549,7484,0,0.05,0
9699,34614,0,1.0,1
51710,890,0,0.0625,0
173301,25085,0,0.5,0
152550,6192,0,1.0,1
55128,30340,0,1.0,1
150695,8362,0,1.0,1
82753,4305,0,0.071429,0
131232,6348,0,0.5,0
146101,24852,0,0.5,0
70009,5024,0,0.047619,0
118942,38028,0,0.05,0
29479,42356,0,0.1,0
26787,14901,0,0.333333,0
90027,34584,0,0.04,0
184187,38777,0,0.058824,0
135928,8193,1,1.0,1
79285,45633,0,0.166667,0
197991,4698,0,0.5,0
114535,18523,0,0.5,0
166330,22935,0,1.0,1
104749,39275,0,1.0,1
124,42625,0,0.2,0
51260,13176,1,0.333333,0
63659,3807,0,0.029412,0
41564,28842,1,1.0,1
115019,5450,0,0.2,0
8675,48742,0,0.05,0
148698,20395,0,0.333333,0
43749,28204,0,0.125,0
46145,21576,0,1.0,1
168546,30639,0,0.2,0
175732,10193,0,0.333333,0
105165,11068,0,0.142857,0
98808,21366,0,0.25,0
76451,8433,0,0.333333,0
142756,43726,0,0.083333,0
169471,17706,0,0.025,0
162534,14466,0,0.25,0
67975,41618,0,0.052632,0
148539,4605,0,0.090909,0
124187,20114,1,0.125,0
159412,26842,0,1.0,1
94993,116,0,0.333333,0
133113,12797,0,1.0,1
126823,27544,0,0.333333,0
63195,12499,0,0.2,0
86878,35898,0,0.333333,0
5157,18362,0,0.5,0
30967,13966,0,0.5,0
96331,24527,0,0.030303,0
131763,28058,0,0.142857,0
18943,44422,0,0.166667,0
61899,22041,0,0.010989,0
137602,32557,0,0.1,0
144974,20144,0,0.1,0
185011,28985,0,0.125,0
72573,38838,0,0.2,0
29444,26977,0,0.333333,0
32307,42768,0,0.041667,0
155921,13076,0,0.04,0
100584,21616,0,1.0,1
52698,30709,0,0.5,0
120890,2875,0,0.05,0
67443,7987,0,0.2,0
30755,12069,0,0.25,0
131010,22220,1,1.0,1
136944,11782,0,0.020833,0
203235,21810,0,0.058824,0
54375,22882,0,0.25,0
194026,21936,0,0.038462,0
20487,45767,0,0.5,0
186767,9434,0,0.05,0
66465,21468,0,0.5,0
57021,36010,0,0.071429,0
132872,9058,0,1.0,1
68001,43743,0,0.083333,0
49830,4879,0,0.111111,0
29041,26427,0,0.013333,0
81912,43891,0,0.029412,0
44916,32689,0,0.333333,0
205747,49644,0,0.25,0
154442,29801,0,0.033333,0
186868,42736,0,0.047619,0
155370,43183,0,0.5,0
110404,46515,0,0.2,0
24054,40706,0,0.25,0
92024,41220,1,0.5,0
94507,10132,0,0.25,0
103217,19678,0,0.111111,0
51561,19048,0,1.0,1
102835,29553,0,0.25,0
40231,18434,0,0.026316,0
123207,27966,0,0.5,0
205442,13314,1,0.5,0
183955,46979,1,0.5,0
146484,18471,0,0.041667,0
4442,33825,0,0.021277,0
130284,12432,0,0.2,0
187799,38511,1,0.333333,0
48969,3683,0,0.083333,0
106778,43768,0,0.25,0
17416,3990,0,0.142857,0
100427,37193,0,0.047619,0
68293,4855,0,0.027027,0
58936,4086,0,0.25,0
27828,13303,0,1.0,1
104598,33055,1,0.166667,0
202457,10866,0,0.5,0
94432,43295,0,0.166667,0
65379,5258,0,1.0,1
149863,13834,0,0.052632,0
112725,41870,0,0.166667,0
130925,32515,1,0.5,0
162714,28031,0,0.25,0
23430,27360,0,0.166667,0
160409,45896,0,0.035714,0
74518,24657,0,0.25,0
34552,37538,0,0.2,0
199249,33000,0,0.125,0
187734,12980,0,0.5,0
31691,40849,0,1.0,1
152660,26679,0,0.111111,0
8790,27555,0,0.166667,0
194249,9594,0,0.125,0
147292,39858,0,0.111111,0
170247,42051,0,0.1,0
49785,34350,0,0.066667,0
43072,36287,0,0.1,0
193686,2408,1,0.04,0
25427,47329,0,0.5,0
166972,19019,0,0.142857,0
44646,20414,0,1.0,1
109999,14966,0,0.5,0
190860,28985,0,0.333333,0
65718,43112,0,0.090909,0
141606,4006,0,0.02381,0
16056,28842,0,1.0,1
27425,46005,0,0.037037,0
189519,8518,0,0.333333,0
63739,38777,0,0.090909,0
9276,2210,0,0.333333,0
91182,13176,0,0.333333,0
157489,25832,0,0.043478,0
158627,10749,0,0.1,0
22640,44628,0,1.0,1
53555,22007,0,0.083333,0
44423,46377,0,0.5,0
11037,5618,0,0.111111,0
12659,43632,0,0.111111,0
169728,43629,0,0.166667,0
176510,23932,0,0.5,0
33030,41456,0,0.333333,0
2997,27992,0,0.5,0
16219,2901,1,0.166667,0
19958,46802,0,0.045455,0
2460,1215,0,0.5,0
14399,38120,0,0.016949,0
126192,11408,0,0.1,0
141225,33399,0,0.5,0
72110,30950,0,0.030303,0
21761,11526,0,0.083333,0
161379,10492,0,1.0,1
47095,18479,0,0.142857,0
1264,42828,0,0.022727,0
72507,33990,0,0.5,0
149548,31338,1,0.333333,0
180443,38241,0,0.5,0
50367,9076,0,0.076923,0
111846,7948,0,0.2,0
203364,28985,0,0.125,0
121463,41480,0,0.1,0
190329,26209,0,0.2,0
164351,38289,1,1.0,1
180531,27958,0,0.0625,0
189545,20370,0,0.2,0
37773,45761,1,0.142857,0
64035,31433,0,0.5,0
88830,45007,0,0.0625,0
168541,24852,0,0.125,0
128377,35383,0,0.076923,0
177680,36361,0,1.0,1
40437,47144,0,1.0,1
197181,31596,0,0.090909,0
159591,2460,0,0.1,0
27924,18134,0,0.111111,0
179650,8047,0,0.076923,0
125587,34244,0,1.0,1
18011,42598,0,0.0625,0
5847,45066,0,0.083333,0
51900,6975,0,0.058824,0
40425,1529,0,0.071429,0
7856,31066,0,0.5,0
162758,42265,0,1.0,1
117606,39275,0,1.0,1
16989,21195,0,0.058824,0
40422,37825,0,0.027027,0
77208,27363,0,1.0,1
200073,40396,0,0.5,0
198202,32463,0,0.333333,0
8656,21938,0,0.1,0
140607,30489,1,0.111111,0
109374,8732,0,0.166667,0
96996,39149,0,0.25,0
102059,43876,0,0.1,0
82516,31066,0,0.5,0
203651,35629,0,0.03125,0
163207,46041,0,0.027778,0
74201,33401,0,0.5,0
94691,3339,1,1.0,1
94009,7862,0,0.333333,0
174663,12290,0,0.333333,0
64470,7628,0,1.0,1
141195,18531,0,0.066667,0
30127,1935,0,1.0,1
142300,39108,0,0.2,0
183244,46804,0,0.5,0
59604,260,0,0.166667,0
101636,6528,0,0.066667,0
79351,45007,0,0.25,0
138839,5876,0,0.5,0
55173,48527,0,0.25,0
159571,48775,1,0.333333,0
47232,16965,0,0.027027,0
168993,36070,0,0.5,0
77171,34745,0,0.058824,0
132112,17008,0,1.0,1
151305,24964,0,0.2,0
170143,28521,0,0.125,0
85539,14851,0,0.2,0
203721,11140,0,1.0,1
157755,40310,0,0.111111,0
143078,48075,0,0.166667,0
111128,20327,0,0.05,0
161860,3957,0,0.083333,0
128637,7693,0,0.5,0
182576,37474,1,1.0,1
75589,40910,0,0.090909,0
198465,42699,0,1.0,1
187153,24184,0,1.0,1
107418,20854,0,0.04,0
30723,34243,0,1.0,1
155266,9387,0,0.5,0
142195,48450,0,0.041667,0
38264,44471,0,0.333333,0
158188,2519,0,0.333333,0
182194,14875,0,0.333333,0
138716,45535,0,0.071429,0
78965,18963,0,0.090909,0
190947,29675,0,0.25,0
133192,49478,0,0.5,0
165749,28934,1,0.333333,0
58617,17794,0,0.052632,0
38469,31066,0,0.25,0
71879,26620,0,1.0,1
189545,18381,0,0.25,0
47897,12276,0,0.05,0
64698,27336,0,1.0,1
143228,46676,0,0.5,0
136888,35629,0,0.038462,0
142195,8277,0,1.0,1
71622,26032,0,0.052632,0
93803,23177,0,0.125,0
111596,8927,0,0.25,0
135497,44988,0,0.125,0
35493,21260,0,0.166667,0
82686,13870,0,1.0,1
17031,21436,0,0.090909,0
157345,23622,0,0.038462,0
160260,33852,0,0.5,0
14913,10613,0,1.0,1
70102,31477,1,1.0,1
67911,2480,0,1.0,1
168133,24386,0,0.125,0
153077,9314,0,0.090909,0
1992,4138,0,0.034483,0
201712,39275,0,0.034483,0
117571,18278,0,0.090909,0
173118,4692,1,1.0,1
59552,6844,0,1.0,1
169590,16837,0,0.5,0
109332,31553,0,0.25,0
129926,20524,0,0.333333,0
191789,17706,0,1.0,1
181706,21903,0,0.25,0
105286,7401,0,0.076923,0
67975,25223,0,0.032258,0
144737,19677,0,1.0,1
185527,31371,0,0.111111,0
108311,38456,0,0.5,0
87333,14211,0,0.333333,0
26400,10453,0,0.333333,0
173520,38200,0,0.142857,0
43742,46226,0,0.5,0
50571,42612,0,0.333333,0
36478,3459,0,0.090909,0
32676,33352,0,0.055556,0
83934,21982,0,0.019608,0
158072,40760,0,0.2,0
79837,8251,0,0.5,0
148776,35750,0,0.5,0
101121,39408,1,0.142857,0
83934,15290,0,0.111111,0
152355,7948,0,0.2,0
90669,8518,0,0.037037,0
101895,48174,0,0.25,0
163506,34876,0,0.1,0
143824,41844,0,0.25,0
15647,6593,0,0.037037,0
79838,4957,0,0.166667,0
30086,43789,0,1.0,1
157716,23554,0,0.111111,0
91975,31553,0,1.0,1
148298,8277,0,0.142857,0
135932,35973,0,0.2,0
21267,36393,0,0.027027,0
37954,22935,0,0.25,0
4794,22281,1,1.0,1
55988,24267,0,0.166667,0
145844,40604,0,0.25,0
61049,34234,0,0.043478,0
34089,39180,1,1.0,1
183523,45194,0,0.04,0
82475,27416,0,0.333333,0
131,890,0,0.25,0
155310,13176,0,1.0,1
93303,49478,0,0.5,0
85406,13212,0,0.333333,0
62387,10749,1,1.0,1
142871,13250,0,0.166667,0
145786,45622,0,1.0,1
145495,1260,0,0.25,0
10665,46352,0,0.25,0
168843,16278,0,0.041667,0
9109,32538,0,0.333333,0
78670,1723,0,0.045455,0
56115,27344,0,0.058824,0
119687,32839,0,0.1,0
14039,16617,0,0.142857,0
68343,8859,0,1.0,1
16527,5077,0,0.2,0
137435,19678,0,0.25,0
155788,27978,0,0.03125,0
98755,17872,0,0.076923,0
176476,26360,0,0.027027,0
181080,43999,0,1.0,1
69821,39468,0,0.033333,0
188528,23995,0,0.5,0
150785,11821,1,0.5,0
84516,29272,0,1.0,1
98856,13802,0,0.25,0
184597,30064,0,0.333333,0
350,31683,0,0.090909,0
147979,38775,0,0.030303,0
203235,13212,1,0.032258,0
200527,25544,1,0.25,0
115665,39275,1,0.5,0
74767,38777,0,0.2,0
66790,35042,0,0.142857,0
190887,16185,0,0.076923,0
121370,20720,0,0.027027,0
100564,29669,0,1.0,1
49791,5876,0,0.2,0
155723,26940,0,0.020408,0
176063,4691,0,0.2,0
25425,22935,0,0.166667,0
92042,27104,0,0.1,0
202789,26283,0,0.038462,0
134015,20032,0,0.142857,0
99177,1335,1,1.0,1
77827,5438,0,0.142857,0
28137,28993,0,0.25,0
7474,47448,0,0.1,0
45154,47890,1,1.0,1
34628,8006,0,0.142857,0
203538,16083,0,0.25,0
59557,27179,0,0.5,0
27937,48144,0,0.111111,0
129563,43961,0,0.02439,0
151334,24797,0,0.0625,0
125586,24964,0,0.071429,0
206101,28123,0,0.5,0
33313,40545,0,0.076923,0
22510,26209,0,0.066667,0
81574,29127,0,0.1,0
1659,8103,0,0.055556,0
66460,45221,0,0.25,0
147695,43915,0,0.25,0
47073,15618,0,0.2,0
19177,44949,0,0.5,0
23138,8866,0,0.1,0
62549,42117,0,0.04,0
158385,4846,0,1.0,1
15421,24583,0,1.0,1
157716,21616,0,1.0,1
150459,31131,1,0.5,0
154674,49075,0,0.5,0
134493,3298,0,0.5,0
198189,25236,0,1.0,1
11848,8204,0,0.333333,0
14321,17310,0,0.022222,0
183329,2270,0,0.083333,0
28439,130,0,0.1,0
186319,33184,0,0.333333,0
777,31759,0,0.5,0
34684,28601,0,0.166667,0
9084,31043,0,0.055556,0
32464,43662,0,0.05,0
157520,31995,0,0.05,0
121825,3856,0,0.125,0
76695,27966,0,0.25,0
123308,33554,0,0.055556,0
70971,378,0,0.052632,0
77901,36361,0,1.0,1
162610,11361,0,0.5,0
150050,17216,0,0.125,0
200372,23333,0,0.076923,0
78879,33728,0,0.010526,0
140908,33122,0,1.0,1
47785,33731,0,0.5,0
162610,26904,0,0.333333,0
187049,311,0,0.2,0
24290,48679,1,1.0,1
189669,5374,0,0.015873,0
59033,20632,1,0.333333,0
166467,22400,0,0.25,0
174737,18362,0,0.083333,0
111443,12128,0,0.333333,0
76168,5886,0,0.5,0
71086,12941,0,0.016949,0
49133,46667,0,0.015625,0
174084,21295,0,0.019231,0
20242,24852,0,0.033333,0
49342,48595,0,0.333333,0
196823,11075,0,0.5,0
72526,31577,0,0.2,0
79135,10385,0,0.333333,0
91917,36695,0,0.026316,0
92611,30668,1,0.5,0
36804,43445,0,1.0,1
94957,14766,0,0.5,0
22400,41950,0,0.5,0
26846,33041,0,0.5,0
20814,4920,0,0.083333,0
29276,16174,0,1.0,1
90084,23215,0,0.058824,0
120163,35221,0,0.076923,0
123234,2435,0,0.25,0
24670,45007,0,0.25,0
37526,27531,0,0.066667,0
40619,42913,0,0.166667,0
77964,2966,1,0.333333,0
189176,2328,0,0.333333,0
109526,3698,0,0.5,0
204641,45190,0,0.142857,0
26693,44995,0,0.333333,0
95473,46346,0,0.5,0
3794,20119,0,0.25,0
74097,5315,0,0.2,0
72517,20392,0,1.0,1
185023,29127,0,1.0,1
151569,35467,1,0.2,0
124732,25659,0,1.0,1
53821,26754,0,0.166667,0
103262,39527,0,0.037037,0
126896,43352,0,0.035714,0
21203,37011,0,0.083333,0
37178,21405,0,0.333333,0
178250,29529,0,0.5,0
206053,29370,0,0.04,0
81765,24852,0,0.142857,0
142620,32691,1,0.5,0
58075,13176,0,0.125,0
63550,16570,0,0.25,0
104079,39982,0,0.5,0
47104,33926,1,1.0,1
22646,33827,0,0.333333,0
48411,10305,0,0.25,0
113211,45679,0,0.1,0
146511,18601,0,0.047619,0
40029,39408,0,0.111111,0
107381,19125,0,0.05,0
106287,17630,0,1.0,1
187574,48679,0,0.25,0
136258,35951,0,0.035714,0
34013,27156,0,0.142857,0
105583,13042,0,0.021739,0
159792,45037,0,0.058824,0
56864,36146,0,0.333333,0
141500,13740,0,0.090909,0
27210,6128,0,1.0,1
168864,16396,0,0.25,0
120253,3192,0,0.111111,0
75177,47766,0,1.0,1
107596,34590,0,1.0,1
179361,24345,0,0.333333,0
75191,19488,0,0.02439,0
167763,22154,0,0.025641,0
61899,21903,0,0.05,0
140762,47058,0,0.166667,0
48026,13643,0,0.2,0
198475,9669,0,0.111111,0
154581,19061,0,0.166667,0
91453,25544,0,1.0,1
25432,16616,0,1.0,1
20545,37733,0,0.5,0
70799,24968,0,0.0625,0
5446,26559,0,0.5,0
53976,40518,0,0.05,0
145401,38078,0,0.333333,0
30064,35140,0,0.052632,0
25871,16797,0,0.052632,0
202166,12,0,0.030303,0
97965,32691,0,0.047619,0
46118,40604,0,1.0,1
197762,30396,0,0.047619,0
154826,43961,0,1.0,1
190947,28464,0,0.2,0
80094,25304,0,0.333333,0
46691,5212,0,0.022222,0
64203,27104,0,0.5,0
142559,14727,0,0.5,0
21267,20021,0,0.058824,0
62470,14142,0,0.333333,0
174420,49517,0,0.142857,0
92747,27695,0,0.1,0
105507,3967,0,0.071429,0
113905,46313,0,0.2,0
9158,44628,0,0.017544,0
52746,10084,0,0.083333,0
90259,7704,0,0.020833,0
126028,28785,0,0.333333,0
156018,47740,0,1.0,1
196174,2350,0,0.021739,0
19627,16349,0,0.083333,0
135010,42988,0,0.125,0
151446,34255,0,0.25,0
26092,30831,0,0.25,0
183129,35336,0,0.125,0
27474,21903,0,0.5,0
41501,28476,0,0.083333,0
57330,8174,0,1.0,1
166419,46361,0,0.2,0
47231,34126,0,0.25,0
27637,27663,0,0.333333,0
179206,12230,0,0.25,0
114492,19450,0,1.0,1
176282,44142,0,0.333333,0
172769,38456,0,0.25,0
113462,43908,0,0.333333,0
110880,37131,0,1.0,1
101706,39055,0,0.166667,0
192954,16797,0,0.5,0
16173,22151,0,0.25,0
146754,29987,0,0.016393,0
39788,40467,0,0.5,0
134380,23368,0,0.047619,0
20146,17794,0,0.142857,0
182358,20119,1,1.0,1
74009,48553,0,0.083333,0
146393,22556,0,0.2,0
73191,6522,0,0.027778,0
106247,31477,1,1.0,1
30579,15772,0,0.2,0
137984,37993,0,0.111111,0
143768,16325,0,0.011765,0
25193,18660,0,0.016949,0
166061,13948,0,0.333333,0
69334,39448,0,0.055556,0
5891,274,0,0.041667,0
121860,38777,0,0.052632,0
145699,39993,0,0.027027,0
150767,10749,0,0.2,0
204823,2775,0,0.05,0
138795,18537,0,0.043478,0
23039,14074,0,0.034483,0
162055,22312,0,1.0,1
60642,48645,0,0.125,0
30411,39459,0,0.142857,0
61800,42768,0,0.142857,0
76393,25199,0,0.25,0
114592,28985,0,0.333333,0
9434,29801,0,0.25,0
120628,26648,0,0.066667,0
162856,32463,0,1.0,1
203762,33000,0,0.035714,0
137854,9808,0,0.2,0
38268,2537,0,0.030303,0
52399,11576,0,0.083333,0
176846,13976,0,0.5,0
18838,4605,0,0.5,0
103831,27171,0,0.052632,0
129856,44787,0,1.0,1
23992,29307,0,0.25,0
183244,17794,0,0.2,0
37001,27676,0,0.166667,0
74053,15453,0,0.076923,0
165491,20670,1,0.333333,0
92451,44359,0,0.25,0
168357,2335,0,0.125,0
107211,32227,0,0.166667,0
127234,33206,0,0.047619,0
75853,36866,1,1.0,1
114935,1468,0,0.025641,0
33466,5785,0,0.047619,0
128218,25034,0,0.027778,0
178538,43891,0,0.5,0
1671,22935,0,0.071429,0
82296,41665,0,0.5,0
138712,18441,0,0.043478,0
40374,34448,0,0.166667,0
121860,23554,0,0.025641,0
67750,37113,0,0.125,0
43256,7021,0,0.166667,0
138214,14355,0,0.041667,0
164341,47766,0,0.25,0
64684,46667,0,0.2,0
198886,45646,0,0.333333,0
95934,32689,0,0.166667,0
8290,16759,0,0.028571,0
5907,39475,0,0.5,0
114562,21709,0,1.0,1
135172,6292,0,1.0,1
51118,27665,0,0.052632,0
145925,39619,0,0.5,0
25507,17872,0,0.111111,0
154227,19003,1,0.166667,0
64855,6552,0,0.125,0
117635,17948,1,1.0,1
153843,28985,0,0.125,0
139107,25753,0,0.166667,0
185026,46022,0,1.0,1
22504,5339,0,0.5,0
46100,38426,0,0.125,0
140090,30391,1,1.0,1
63377,47369,0,1.0,1
191535,39327,0,1.0,1
13201,8292,0,0.125,0
18307,8021,0,0.166667,0
204768,42115,0,0.25,0
176688,4605,0,0.045455,0
199776,23385,0,0.066667,0
205691,8571,0,0.2,0
114612,13176,0,0.038462,0
95136,15592,0,0.071429,0
120009,8631,0,0.019608,0
28958,28836,0,0.090909,0
185909,8057,0,0.333333,0
161518,41065,0,0.071429,0
14737,34525,0,0.142857,0
176232,46676,0,0.090909,0
186111,38974,0,0.2,0
14448,22886,0,0.111111,0
38,40706,0,1.0,1
163373,13373,0,0.5,0
156784,38233,0,0.071429,0
61332,37158,0,0.2,0
171658,9558,0,1.0,1
47484,22935,0,0.2,0
15007,26216,0,0.333333,0
79382,38273,0,0.111111,0
165291,33731,0,0.030303,0
135439,12481,0,1.0,1
24029,10246,1,0.5,0
62784,21616,0,0.045455,0
164637,4317,0,0.2,0
122268,25199,0,1.0,1
71863,26497,0,0.142857,0
115659,19005,0,0.025641,0
71482,47654,0,0.166667,0
144307,12797,0,0.166667,0
43868,15576,0,0.5,0
168206,29180,0,0.055556,0
7139,40723,0,0.04,0
132967,15063,0,1.0,1
138537,15040,0,0.022727,0
76734,5876,0,0.5,0
190235,35951,0,0.055556,0
168724,11913,0,0.030303,0
190304,42821,0,0.05,0
133381,1234,0,0.5,0
187727,4966,0,0.166667,0
131763,24184,0,0.066667,0
143311,3265,0,0.166667,0
173779,20114,0,0.025,0
191342,21668,0,0.5,0
168460,18370,0,0.125,0
203811,47912,0,0.043478,0
182778,13595,0,0.090909,0
158310,43122,0,0.083333,0
72281,10761,0,0.020833,0
122781,44000,0,0.02,0
111295,34969,0,0.25,0
15181,30958,0,0.1,0
62156,30953,0,0.5,0
84774,5716,0,0.333333,0
61145,8048,0,0.166667,0
146586,34126,0,0.125,0
84758,14063,0,0.25,0
111846,45445,0,0.25,0
117945,49674,0,0.5,0
83722,42699,0,0.2,0
72177,34134,0,0.090909,0
86537,2314,0,0.142857,0
193330,13380,0,0.142857,0
99149,29987,0,0.041667,0
103677,40171,0,0.25,0
26097,43227,0,0.2,0
109709,25623,0,0.083333,0
157730,49284,0,0.25,0
85114,36724,0,0.2,0
81962,6324,0,0.111111,0
55146,47766,0,0.333333,0
131849,7963,0,0.027027,0
190159,27999,0,0.166667,0
45061,39040,0,0.333333,0
150669,46969,0,1.0,1
127144,8277,0,0.333333,0
56403,43389,0,1.0,1
135758,29901,0,0.083333,0
31597,11777,0,0.25,0
58306,39275,0,1.0,1
168724,33198,0,0.017857,0
655,31343,0,0.013158,0
109095,45150,0,0.076923,0
143768,14332,0,0.5,0
98343,2537,0,0.026316,0
147745,17482,0,0.047619,0
93977,25199,0,1.0,1
197242,11714,0,0.25,0
132851,41960,1,1.0,1
93883,25930,0,0.076923,0
8715,43768,0,0.5,0
186032,22888,0,0.111111,0
122652,3957,0,1.0,1
37313,5646,0,0.333333,0
97013,23822,0,0.071429,0
120633,44912,0,0.066667,0
97703,48364,0,0.166667,0
128068,4957,0,0.111111,0
32675,24362,0,0.333333,0
186681,27363,0,0.333333,0
38002,21115,0,0.25,0
115711,48624,0,0.142857,0
187564,13457,0,0.125,0
23057,30839,0,0.1,0
183263,33294,0,0.02381,0
155421,5612,0,0.5,0
107494,14462,0,0.025,0
186078,21927,0,0.058824,0
2273,37220,0,0.5,0
68294,23029,0,0.1,0
59830,47418,0,0.125,0
94995,42557,0,0.5,0
99767,44570,0,0.142857,0
12581,40198,0,0.5,0
168990,4396,0,0.052632,0
27265,34584,0,0.030303,0
191871,30908,0,0.333333,0
202676,28985,0,0.035714,0
188674,46802,0,0.25,0
125774,5231,0,0.04,0
160226,21727,0,0.043478,0
15835,11461,0,0.1,0
182297,10883,0,1.0,1
124329,23165,0,0.021739,0
122059,38504,0,1.0,1
119039,10504,0,0.090909,0
130925,17419,0,0.111111,0
61498,29439,0,0.030303,0
129005,14567,0,0.5,0
65572,10621,0,0.04,0
177305,33352,0,1.0,1
130235,22765,1,0.5,0
142779,32433,0,0.111111,0
201473,4942,0,0.5,0
92574,5456,0,0.25,0
76734,16349,0,0.166667,0
153965,21614,1,0.333333,0
189600,44375,0,0.2,0
94058,16797,1,1.0,1
100070,37754,0,0.033333,0
154204,47717,0,0.04,0
196623,38557,0,0.025,0
92508,35321,0,0.333333,0
23202,1181,0,0.037037,0
54181,25017,0,0.333333,0
76461,46069,0,0.02381,0
78218,34166,0,0.05,0
167122,35939,0,1.0,1
17521,39990,0,0.166667,0
112680,15290,0,0.333333,0
144846,39275,0,0.25,0
204928,4347,0,0.166667,0
158409,13870,0,0.25,0
192652,33351,0,0.111111,0
8513,36606,0,0.5,0
162053,2962,0,0.090909,0
101465,39928,0,0.166667,0
169800,12916,0,0.142857,0
43155,26914,0,0.2,0
197100,13885,0,0.034483,0
20980,47209,1,1.0,1
115659,13536,0,0.037037,0
143552,20995,1,0.5,0
125745,22825,0,0.142857,0
8352,48697,0,0.2,0
144121,13984,0,0.25,0
109043,44683,0,1.0,1
122382,16864,0,0.166667,0
165291,5646,0,0.125,0
80623,15414,0,0.2,0
158077,11071,0,0.032258,0
135429,35547,0,1.0,1
83362,38694,0,1.0,1
44091,37229,0,1.0,1
101250,42117,0,0.0625,0
43982,43525,0,0.0625,0
194026,35207,0,0.03125,0
25504,26209,0,0.25,0
76712,2444,0,0.25,0
51496,46720,0,1.0,1
23283,15290,0,0.142857,0
113482,39275,1,0.5,0
74437,42342,0,0.25,0
201845,44142,0,0.041667,0
92397,23322,0,0.047619,0
72917,25223,0,0.25,0
93673,48041,0,0.5,0
181999,45066,0,0.333333,0
152970,13629,1,1.0,1
8458,45208,0,0.1,0
160005,8174,0,0.142857,0
19574,27845,0,1.0,1
145332,5912,0,0.25,0
41210,5646,0,1.0,1
83634,5564,0,1.0,1
205161,26500,1,1.0,1
8027,17794,0,0.071429,0
127837,34126,0,0.076923,0
152052,6647,0,0.125,0
59852,35321,0,0.166667,0
101603,46667,0,0.055556,0
182469,42650,0,0.125,0
74570,27966,0,0.032258,0
164881,34459,0,0.166667,0
59535,3296,0,0.011364,0
154407,43122,0,0.043478,0
197543,45007,0,0.333333,0
42358,44717,0,0.5,0
179294,30962,0,0.333333,0
173050,26369,0,0.333333,0
201585,19660,0,0.111111,0
77713,24964,0,1.0,1
181055,38456,0,0.166667,0
159567,4658,0,0.25,0
148560,29487,0,0.2,0
117577,36591,0,0.142857,0
114761,8912,0,1.0,1
95676,42258,0,0.023256,0
128561,6332,0,0.076923,0
192923,29506,0,0.142857,0
203757,19003,0,0.333333,0
69794,43689,0,0.166667,0
114285,26940,0,0.142857,0
159812,41950,0,0.1,0
151158,14159,0,0.166667,0
186533,30057,0,0.166667,0
106474,16797,0,0.333333,0
16032,21773,0,0.2,0
119270,25745,0,0.045455,0
48680,4274,0,0.142857,0
60501,9862,0,0.041667,0
122239,5322,0,1.0,1
180158,25854,0,0.1,0
77664,37284,0,0.5,0
150313,36333,0,0.016949,0
94406,24852,0,0.5,0
201787,43749,0,0.090909,0
79816,39097,0,0.076923,0
50683,38465,0,0.034483,0
153819,37977,0,0.5,0
85141,2113,0,0.166667,0
103471,26604,0,0.333333,0
20656,17759,0,0.090909,0
26447,40055,0,1.0,1
10901,16797,0,0.5,0
7821,46347,0,0.083333,0
77365,43394,0,0.021739,0
104193,7179,0,1.0,1
157562,33568,0,0.035714,0
66173,24852,0,0.052632,0
68788,35403,0,0.5,0
167540,13176,0,0.5,0
180397,49235,0,0.1,0
110898,27695,1,1.0,1
151394,38777,0,0.05,0
173466,3007,0,0.2,0
109213,27294,1,1.0,1
22005,13287,0,0.066667,0
187684,22842,0,0.5,0
108979,33352,0,0.333333,0
105169,10390,0,0.5,0
34370,16797,0,0.04,0
70212,17341,0,0.03125,0
64127,47141,0,0.125,0
40381,22180,0,0.25,0
30411,46651,0,1.0,1
166479,13541,0,0.5,0
180456,41290,0,0.142857,0
135492,33198,0,0.083333,0
58244,11030,0,1.0,1
72573,27845,0,1.0,1
103217,27454,0,0.029412,0
139495,11520,0,1.0,1
122439,1514,0,0.5,0
174134,6104,0,0.076923,0
202283,28281,0,0.5,0
103937,45965,0,0.0625,0
88963,37528,0,0.5,0
89684,4516,0,0.1,0
92751,44201,0,1.0,1
22267,48183,0,0.125,0
58788,41433,0,0.037037,0
119985,17706,0,0.028571,0
12097,46688,0,0.038462,0
190304,21162,0,0.076923,0
5301,29995,1,0.5,0
57630,4321,0,0.5,0
182508,21938,1,1.0,1
71427,17794,0,0.2,0
160352,24097,0,0.333333,0
47968,38996,0,0.030303,0
72137,34407,0,1.0,1
64356,44912,0,0.076923,0
107949,35842,0,0.0625,0
9566,16818,0,1.0,1
146504,5746,0,0.2,0
138214,13535,0,0.047619,0
128332,22245,0,1.0,1
203692,44912,0,0.1,0
68160,5337,0,0.045455,0
133126,37687,1,1.0,1
43982,42959,0,0.5,0
204923,8277,0,0.5,0
170518,20840,0,0.333333,0
15662,23400,0,0.5,0
183224,26165,0,0.142857,0
68888,32833,0,0.333333,0
196619,6292,0,0.2,0
95,27142,0,0.142857,0
42904,6197,0,0.2,0
39682,8467,0,0.333333,0
191504,40593,0,0.25,0
63306,29447,0,1.0,1
172755,40999,0,0.090909,0
45465,42913,0,1.0,1
39054,35951,0,0.2,0
187945,39984,0,0.142857,0
152717,40415,0,0.333333,0
15072,45447,0,0.038462,0
84392,24852,0,0.5,0
44473,45862,0,0.083333,0
169798,48205,1,1.0,1
168436,47912,0,0.090909,0
186979,34608,0,0.2,0
184589,28601,0,1.0,1
104936,4844,0,0.0625,0
176793,37642,0,0.25,0
148352,33280,0,0.045455,0
68344,18926,0,0.142857,0
119226,24852,0,0.25,0
128446,27554,0,0.025,0
112550,15091,0,0.142857,0
63752,20723,0,0.111111,0
79056,21524,0,1.0,1
119214,33214,0,0.083333,0
89832,37504,0,1.0,1
100536,42284,0,0.034483,0
41746,35085,0,1.0,1
38469,36956,0,0.5,0
155135,5922,0,0.083333,0
165611,6167,0,0.2,0
176229,48726,0,1.0,1
25495,43662,0,0.5,0
66765,7987,0,0.2,0
149412,13110,0,0.066667,0
99175,33462,0,0.055556,0
182821,33862,0,0.011494,0
198629,10173,0,0.111111,0
5002,2311,0,0.037037,0
200004,34619,0,1.0,1
138512,6046,0,0.1,0
36484,39363,0,0.043478,0
69685,17395,0,0.083333,0
168983,9759,0,0.111111,0
166058,1006,0,0.083333,0
6774,46802,0,0.041667,0
65464,20518,0,0.2,0
117191,45296,0,0.5,0
33051,23339,0,0.142857,0
74925,5597,0,0.5,0
175905,38490,0,0.25,0
201630,48383,0,1.0,1
131586,18465,0,0.125,0
36712,7175,0,0.5,0
65862,20244,0,1.0,1
56833,27156,0,0.1,0
159847,13176,0,0.5,0
3286,36695,0,1.0,1
192931,29153,0,0.03125,0
66060,17284,0,0.333333,0
64120,26497,0,0.5,0
106637,23322,0,0.037037,0
196492,47766,0,0.5,0
52472,2651,0,0.052632,0
102520,46672,0,0.05,0
196184,30406,0,0.111111,0
85886,9387,0,1.0,1
135439,34752,0,0.166667,0
41560,14168,0,0.111111,0
20239,22957,0,0.25,0
41556,27783,0,0.071429,0
72395,10145,0,0.5,0
161264,9159,0,0.090909,0
140433,28123,0,0.25,0
170888,6128,0,0.5,0
15459,27197,0,0.166667,0
185060,28204,0,0.2,0
14923,3204,0,0.076923,0
8179,8424,0,0.333333,0
108794,10310,0,1.0,1
147836,46206,0,0.333333,0
129694,33875,0,1.0,1
189034,10234,0,0.027027,0
82810,9839,0,0.142857,0
190814,48116,0,0.25,0
199851,34203,0,1.0,1
148441,48682,0,0.02381,0
129767,24184,0,1.0,1
97764,44717,0,0.05,0
46089,30021,0,0.071429,0
138115,38777,0,0.058824,0
11236,34969,0,0.02381,0
57980,20734,0,0.055556,0
119107,26940,0,0.058824,0
203009,42356,0,0.076923,0
102059,38797,0,0.055556,0
78958,29307,0,0.125,0
122428,28849,0,0.166667,0
76025,7948,1,0.125,0
143845,11782,0,0.333333,0
201545,14715,0,0.1,0
72507,49533,0,0.2,0
164900,44632,0,0.5,0
52404,34584,0,0.25,0
15624,16797,0,0.333333,0
47777,35419,0,0.25,0
49145,9689,0,0.035714,0
44149,30672,0,0.025641,0
55155,16570,0,1.0,1
154247,35171,0,0.2,0
139966,26315,0,1.0,1
30579,32455,0,0.333333,0
50675,30776,0,0.03125,0
48427,12276,0,0.5,0
125916,18090,0,0.04,0
180043,46691,0,0.142857,0
95953,33919,0,0.05,0
142439,28204,0,0.333333,0
100115,3044,0,1.0,1
157113,29307,1,0.5,0
109474,38395,0,0.2,0
74861,28993,0,0.5,0
116422,38159,0,0.25,0
77941,11759,0,1.0,1
109823,38558,0,0.5,0
125975,27086,0,0.333333,0
19753,17835,0,1.0,1
132737,30489,0,0.333333,0
192218,27156,0,0.125,0
200254,38266,0,0.1,0
26027,26384,0,0.111111,0
55100,5750,0,0.142857,0
155816,22782,0,1.0,1
193677,26172,0,0.142857,0
25304,28443,0,0.058824,0
21978,24184,0,0.5,0
137083,31252,0,0.090909,0
190866,20583,0,0.125,0
82525,13292,0,0.011628,0
118649,30855,0,0.076923,0
147628,8174,0,0.5,0
146000,44683,0,0.5,0
61111,13727,0,0.5,0
70738,32691,0,0.083333,0
69929,18234,0,0.5,0
36383,25817,0,1.0,1
154766,11712,0,0.142857,0
197683,34128,0,0.2,0
201420,11323,0,1.0,1
95129,26976,0,0.076923,0
17121,13083,0,0.166667,0
65322,22882,0,0.166667,0
153657,44479,0,1.0,1
19353,14267,0,0.333333,0
95565,8536,0,0.045455,0
92249,5794,0,0.5,0
123386,34005,0,1.0,1
25245,22218,0,0.02439,0
94786,39945,0,0.166667,0
45930,8490,0,0.027027,0
172983,26881,0,0.333333,0
172875,6873,0,0.125,0
94764,15233,0,0.04,0
31963,43545,0,0.1,0
90652,939,0,0.014706,0
88247,4792,1,0.166667,0
80981,10291,0,0.125,0
85316,1529,0,0.111111,0
61832,36179,0,1.0,1
3858,19048,0,0.125,0
190688,41523,0,1.0,1
191500,35163,0,0.166667,0
68150,48900,0,0.166667,0
58245,3957,0,0.058824,0
40753,27548,0,1.0,1
104993,41621,0,1.0,1
55897,45608,0,1.0,1
36268,45646,0,0.142857,0
170144,26456,0,0.333333,0
85124,28289,0,0.25,0
67501,33783,1,0.166667,0
102020,21683,0,0.25,0
113885,44371,0,1.0,1
178491,25464,0,0.5,0
92048,30233,0,0.5,0
171673,23165,0,0.142857,0
177088,26209,0,1.0,1
61448,44864,0,1.0,1
187378,45646,1,0.2,0
54285,39024,0,1.0,1
41877,16283,0,0.04,0
35649,12075,0,0.038462,0
26092,27104,0,0.166667,0
50095,46979,0,0.029412,0
188184,651,0,0.5,0
157416,40604,0,0.5,0
32487,12075,0,0.5,0
121669,21616,0,0.083333,0
79216,5782,0,0.333333,0
98816,32939,0,0.5,0
78154,35752,0,0.03125,0
181336,47209,0,0.333333,0
98163,46886,1,0.5,0
162248,9075,0,0.166667,0
191676,41711,0,0.5,0
106407,35855,0,0.166667,0
169632,28842,0,0.025641,0
80122,21137,0,0.333333,0
7665,13424,0,0.055556,0
113241,13370,0,0.027027,0
10287,27521,0,0.5,0
43277,45177,0,0.090909,0
152781,44051,0,0.125,0
3387,48907,0,0.0625,0
171386,35939,0,0.5,0
23946,19732,0,0.015152,0
193880,31585,0,1.0,1
150655,28976,0,1.0,1
75791,30696,0,1.0,1
101038,37103,0,0.333333,0
109904,25295,0,0.090909,0
42123,23516,0,0.045455,0
20561,40516,0,0.1,0
36986,37912,0,0.090909,0
53589,9076,0,0.035714,0
151102,14161,0,0.014925,0
115912,41149,0,0.25,0
31711,47521,0,1.0,1
193051,38703,0,0.142857,0
194290,15902,0,0.038462,0
74081,18811,0,0.076923,0
74840,37518,0,0.142857,0
176190,44910,0,0.1,0
109634,35633,0,0.25,0
174607,42958,0,1.0,1
43326,39844,0,0.071429,0
59866,35221,0,0.5,0
23542,26882,0,0.2,0
150834,36640,0,0.333333,0
53925,47845,0,0.125,0
140458,13763,0,0.083333,0
56890,26790,0,1.0,1
117356,31888,0,0.2,0
195019,44533,0,0.1,0
166479,39558,0,0.2,0
62746,47209,0,0.5,0
8100,9339,0,0.142857,0
42209,44525,0,0.25,0
63742,14032,0,0.125,0
178045,15290,0,0.2,0
30222,9648,0,0.033333,0
5936,48679,0,0.333333,0
97264,19614,0,0.027778,0
65974,40992,0,0.5,0
44234,5077,0,0.5,0
147874,44628,0,0.090909,0
118040,18599,0,0.333333,0
58010,24954,1,1.0,1
77033,19057,0,0.333333,0
90006,36695,1,1.0,1
157278,11837,0,0.027778,0
118430,44449,0,0.2,0
140192,44359,0,0.033333,0
61402,5782,0,0.166667,0
23207,3583,0,0.034483,0
31963,47546,0,0.1,0
179939,24852,0,1.0,1
157314,853,1,1.0,1
39610,43867,0,0.5,0
17957,29274,0,0.055556,0
80381,14332,0,0.166667,0
193659,18140,0,0.058824,0
122613,20119,0,0.5,0
124194,42404,0,0.5,0
183334,38241,0,0.041667,0
33906,16254,0,0.052632,0
110708,7314,0,0.030303,0
153850,42522,0,0.033333,0
182761,18880,0,0.111111,0
136976,500,0,0.5,0
17939,24097,0,0.5,0
20082,47225,0,0.04,0
73075,737,0,0.166667,0
126475,23892,0,0.166667,0
69052,45007,0,0.5,0
180188,1465,0,0.2,0
43848,11520,1,1.0,1
104079,41351,0,0.166667,0
197181,22890,0,0.142857,0
138463,30233,0,0.5,0
20377,7722,0,0.5,0
80505,27243,0,1.0,1
5315,22825,0,0.5,0
199421,2519,0,0.047619,0
31367,7500,0,0.5,0
52435,5618,0,0.333333,0
165154,16407,0,0.1,0
18307,30707,0,0.058824,0
54729,22782,0,0.02381,0
89636,42265,0,0.111111,0
108702,35042,0,0.142857,0
122968,8518,0,0.5,0
153372,41690,0,0.047619,0
53719,1181,0,0.083333,0
1095,8834,0,0.066667,0
133707,46665,0,0.03125,0
94792,45656,0,0.04,0
40732,41169,0,0.071429,0
174798,46802,0,0.166667,0
184755,24852,0,0.083333,0
28835,31015,1,0.076923,0
94260,17758,0,0.111111,0
66621,37046,0,0.033333,0
27090,30584,0,1.0,1
127786,2536,0,1.0,1
188318,45007,0,0.055556,0
146431,8940,0,0.071429,0
156258,21903,1,0.5,0
69365,35004,0,0.25,0
195986,7628,0,0.2,0
90073,19019,0,1.0,1
155687,14647,0,0.333333,0
191,31853,0,0.333333,0
162960,8004,0,0.142857,0
131526,8174,0,0.04,0
125980,30928,0,0.25,0
52255,18799,0,0.2,0
74279,432,0,0.05,0
192827,5792,0,0.058824,0
86479,11520,0,0.071429,0
103950,41480,0,0.076923,0
110103,24903,0,1.0,1
200095,13423,0,1.0,1
171027,39190,0,0.5,0
42385,47766,0,0.142857,0
91772,1057,0,0.5,0
95594,32478,0,1.0,1
49537,37552,1,1.0,1
48412,42620,0,0.047619,0
130004,10644,0,0.055556,0
152121,4209,0,0.045455,0
109625,6177,0,0.5,0
177234,42265,0,0.0625,0
135968,23410,0,0.333333,0
64433,18281,0,0.5,0
69124,28132,0,0.25,0
59007,3265,0,0.111111,0
35169,14394,0,0.142857,0
162620,3526,0,0.2,0
6806,9601,0,0.2,0
198699,31343,0,0.5,0
49684,5618,0,0.333333,0
51814,8888,0,0.025,0
187378,162,1,0.111111,0
82573,2237,0,0.333333,0
63002,7241,0,0.25,0
64589,2101,0,0.029412,0
51841,35518,0,0.071429,0
128839,5642,0,0.2,0
92432,39475,0,1.0,1
16580,39057,0,0.333333,0
13057,10424,0,0.333333,0
25818,17224,0,0.125,0
79394,43087,0,1.0,1
60755,24964,0,0.25,0
123134,47672,0,0.2,0
160780,18432,0,0.142857,0
20452,38236,0,0.25,0
73514,11926,0,0.333333,0
180622,260,0,0.125,0
17034,10957,0,0.5,0
3294,13085,0,0.166667,0
201585,40501,0,0.043478,0
147226,20824,0,0.166667,0
194628,5932,0,0.066667,0
188184,49215,0,0.037037,0
76886,31506,0,0.1,0
59545,47734,0,0.142857,0
8162,40377,0,0.25,0
74804,17299,0,0.066667,0
71257,21050,0,0.1,0
104692,33768,0,0.0625,0
142476,21709,0,0.5,0
163569,39558,0,1.0,1
70561,5077,0,0.142857,0
108286,27288,0,1.0,1
144702,8494,0,0.111111,0
52870,36070,1,0.1,0
204613,30489,0,0.047619,0
204390,28204,0,0.1,0
137318,32467,0,1.0,1
138845,20448,0,0.1,0
41959,38164,0,0.333333,0
6268,48642,0,0.047619,0
175728,30489,0,0.083333,0
187763,196,0,1.0,1
143555,39469,0,0.333333,0
82007,23848,0,0.25,0
160342,47962,0,0.071429,0
197404,35951,0,0.0625,0
111495,44325,0,0.333333,0
2895,4920,0,0.5,0
4442,16185,0,0.017544,0
5296,17284,0,0.027778,0
781,33065,0,0.142857,0
148809,24759,0,0.2,0
13449,41748,0,0.076923,0
28924,32134,0,1.0,1
178430,19048,0,0.2,0
59545,13431,0,0.2,0
126397,37119,0,0.142857,0
173707,46692,0,0.166667,0
138164,18127,1,1.0,1
57097,33198,0,0.5,0
144965,9739,0,1.0,1
162046,46510,0,0.5,0
16191,4799,0,0.2,0
142904,45116,0,0.111111,0
37174,17866,0,0.058824,0
171861,12290,0,0.25,0
137669,9531,0,0.333333,0
111281,39561,0,0.111111,0
97975,20114,0,0.166667,0
127006,30461,0,0.02439,0
65188,4605,0,1.0,1
155725,38456,0,0.090909,0
104692,42071,0,0.034483,0
92124,35108,0,0.5,0
105724,4565,0,0.25,0
34994,34816,0,0.02439,0
55281,16823,0,1.0,1
144846,26994,0,0.027027,0
114215,4966,0,0.2,0
37531,35547,0,0.1,0
104638,39787,0,0.142857,0
77598,260,0,0.5,0
92401,16616,0,0.142857,0
153850,37766,0,0.071429,0
198099,34134,0,0.1,0
30692,6859,0,0.25,0
121311,16759,0,0.111111,0
124534,27104,0,1.0,1
66925,5251,0,0.25,0
112416,31090,0,0.166667,0
4527,23165,0,0.076923,0
33042,21769,0,0.25,0
103831,27243,0,0.25,0
197196,46167,0,0.2,0
140656,29307,0,0.333333,0
50779,9871,0,1.0,1
177691,6573,0,0.111111,0
124464,5097,0,1.0,1
13960,10492,0,0.1,0
51797,22760,0,1.0,1
188933,20883,0,0.166667,0
67755,18370,0,0.5,0
127124,40470,0,0.1,0
108482,19982,0,1.0,1
147301,8277,0,0.2,0
135394,24852,0,0.333333,0
203851,36082,0,1.0,1
147482,23892,0,1.0,1
150225,3840,0,0.016393,0
46345,24964,0,0.333333,0
92960,33915,0,1.0,1
50000,32463,1,0.5,0
135167,33493,0,0.166667,0
105788,33731,0,0.2,0
52814,6046,0,0.5,0
127202,37687,0,0.1,0
66072,34126,0,1.0,1
24157,23888,0,0.083333,0
200529,1313,0,0.333333,0
176752,28515,0,0.333333,0
107338,41771,0,1.0,1
41525,11513,0,0.125,0
159269,8277,0,0.5,0
165330,11532,0,1.0,1
30172,40709,0,0.1,0
66808,19268,0,0.25,0
85791,13988,0,0.142857,0
180437,40852,0,0.045455,0
132310,15280,0,0.047619,0
196952,46979,0,0.045455,0
29450,39462,0,0.1,0
151429,6615,0,0.066667,0
5263,27695,0,1.0,1
196163,26292,0,0.017241,0
83934,28278,0,0.022727,0
165173,24082,0,0.5,0
78927,44910,1,0.25,0
31590,42888,0,0.05,0
197880,42617,1,0.05,0
91467,21405,0,0.5,0
93885,34590,0,0.5,0
191706,19570,0,0.333333,0
117575,38313,0,0.5,0
95013,29487,0,0.5,0
139923,3399,0,0.052632,0
19528,38374,0,0.027778,0
92749,6046,1,1.0,1
64624,42585,0,0.090909,0
2659,48395,0,0.1,0
51984,45906,0,1.0,1
142084,47734,1,0.2,0
127540,22935,0,1.0,1
3990,16823,0,0.1,0
150340,23313,0,1.0,1
275,2452,0,0.5,0
163156,35887,0,0.333333,0
84995,39174,0,0.125,0
150983,1787,0,1.0,1
40131,47977,1,0.333333,0
30348,27801,0,0.142857,0
52203,5884,0,0.076923,0
129716,18441,0,0.25,0
46508,36736,0,1.0,1
41231,30489,0,0.027027,0
114098,40063,0,0.2,0
51121,36766,1,1.0,1
131478,35269,0,0.071429,0
89607,45633,0,0.166667,0
41501,42585,0,0.333333,0
52975,31553,0,0.25,0
49120,9871,0,0.5,0
125123,17630,0,0.066667,0
95477,42974,0,0.1,0
189951,2078,0,0.333333,0
130304,33527,0,0.5,0
178738,40310,0,0.142857,0
1206,45066,0,0.333333,0
116855,46131,0,0.142857,0
122239,7622,0,0.25,0
198885,22000,0,0.076923,0
169064,8017,0,0.033333,0
67689,17002,0,0.0625,0
105879,16830,0,0.333333,0
191972,49683,0,0.25,0
72973,39928,0,0.0625,0
142756,2326,0,0.052632,0
64047,9608,0,0.083333,0
119273,12341,0,0.333333,0
65617,38383,0,0.333333,0
95714,38051,0,0.125,0
32052,14678,0,0.5,0
124341,3919,0,0.047619,0
36030,46667,0,0.076923,0
70213,3868,0,0.025641,0
119697,25903,0,1.0,1
193406,21137,1,1.0,1
65253,633,0,0.333333,0
5870,5876,0,0.333333,0
41142,27093,1,0.090909,0
100830,31717,0,0.071429,0
192731,45633,0,0.125,0
24290,34126,1,1.0,1
157916,29327,0,0.5,0
100854,24852,0,1.0,1
174583,10460,0,0.5,0
184028,28185,0,0.032258,0
165212,10673,0,0.055556,0
91691,13176,0,0.1,0
131273,39636,0,0.166667,0
136782,21459,0,0.142857,0
79850,10246,0,0.035714,0
64223,7781,0,0.066667,0
120440,32099,0,1.0,1
119322,48628,0,0.333333,0
22316,45198,0,0.166667,0
102632,25330,0,1.0,1
25151,39275,0,0.066667,0
106229,26800,0,1.0,1
69324,22959,0,1.0,1
97345,43662,0,0.0625,0
42124,14780,0,0.25,0
102622,14580,0,0.2,0
143989,9366,0,1.0,1
11137,42625,0,0.5,0
84515,14161,0,0.333333,0
165684,4137,0,0.2,0
41728,27959,0,0.25,0
129806,26604,0,1.0,1
27952,46616,0,0.022727,0
138774,19003,0,0.5,0
101674,47792,1,0.5,0
200437,36332,0,0.125,0
204152,25197,0,0.05,0
103552,26604,0,0.166667,0
59321,31585,0,0.333333,0
21016,13885,0,1.0,1
3593,26629,0,0.035714,0
189034,47042,0,0.014085,0
5848,8193,0,0.071429,0
3990,41950,0,0.25,0
121824,40706,0,0.2,0
153778,35217,0,0.25,0
40425,38903,0,0.038462,0
18511,13170,0,0.5,0
14332,21137,0,0.5,0
45061,48057,0,0.5,0
199167,11798,0,0.066667,0
140340,49325,0,0.111111,0
59364,32338,0,1.0,1
156301,3376,0,0.333333,0
149560,11182,0,1.0,1
198259,21903,1,1.0,1
190075,4541,0,0.027027,0
44463,41400,0,0.333333,0
17112,18594,0,0.25,0
59354,8053,0,0.111111,0
34393,43967,0,0.047619,0
54607,7088,0,0.2,0
94123,21903,1,1.0,1
47862,24181,0,0.2,0
147181,45083,0,0.071429,0
145147,31066,0,0.333333,0
29046,25659,0,1.0,1
54523,15660,0,0.028571,0
9726,17429,0,1.0,1
79235,10749,0,0.029412,0
106797,24810,0,0.125,0
112057,49247,0,0.1,0
58146,41290,1,1.0,1
79417,48679,0,0.166667,0
20583,19453,0,0.125,0
189771,27440,0,1.0,1
190513,21137,0,0.083333,0
191717,47144,0,0.5,0
73318,41970,0,0.25,0
145536,27845,1,0.2,0
86054,41950,0,0.111111,0
200427,47418,0,0.026316,0
150720,40706,1,0.166667,0
26830,47209,0,0.333333,0
89388,30352,0,0.052632,0
180074,32390,0,0.083333,0
139464,26604,0,1.0,1
46752,35221,0,0.111111,0
168396,13198,0,1.0,1
22053,23765,0,0.125,0
102018,34448,0,0.5,0
5471,3339,0,1.0,1
195169,30994,0,0.052632,0
204920,1076,0,0.333333,0
37690,5876,0,0.166667,0
59107,17902,0,0.045455,0
95888,33043,0,0.090909,0
155613,6348,1,0.5,0
16175,14992,0,0.090909,0
24197,275,0,0.25,0
95630,16641,0,0.0625,0
63448,46572,0,0.333333,0
48539,30720,0,0.5,0
55708,24561,0,1.0,1
197169,31066,0,0.333333,0
168374,41844,0,1.0,1
53628,38596,0,0.125,0
15626,22058,0,0.029412,0
21247,30489,1,1.0,1
66173,26017,0,0.032258,0
159573,204,0,0.166667,0
54627,25642,0,0.045455,0
107418,30463,0,0.1,0
106819,43768,0,0.2,0
13310,33956,0,1.0,1
127584,44193,0,0.5,0
26225,10343,0,0.083333,0
151994,22015,0,0.020833,0
81126,43867,0,0.083333,0
112426,47626,1,1.0,1
155582,823,0,0.25,0
170086,32864,0,0.25,0
160579,34448,0,0.166667,0
52212,48745,0,0.5,0
32479,4824,0,0.333333,0
200792,21783,0,0.052632,0
131525,48697,1,0.5,0
108985,14992,0,1.0,1
15229,38596,0,0.011364,0
158142,5449,0,0.5,0
148159,40604,0,0.04,0
65300,42536,0,1.0,1
68439,42134,0,0.058824,0
116961,25931,1,1.0,1
142394,20277,0,0.2,0
118811,37250,1,1.0,1
37610,24125,0,1.0,1
165330,31717,0,0.25,0
105883,42677,0,0.111111,0
139495,15200,0,1.0,1
32540,16911,0,0.25,0
7923,34466,0,0.1,0
153270,41950,1,0.5,0
79556,45011,0,0.333333,0
91159,41273,0,0.04,0
71549,47626,0,0.333333,0
82446,11182,0,0.125,0
98917,31388,0,0.052632,0
96441,28058,0,0.111111,0
164266,22268,0,0.333333,0
74774,1160,0,0.25,0
151584,40691,0,1.0,1
73425,43122,0,1.0,1
178803,46676,0,0.333333,0
107581,43961,0,0.166667,0
12011,18232,0,0.5,0
29775,26209,0,0.032258,0
60011,24852,0,0.166667,0
75001,20995,0,0.022727,0
82392,44303,0,0.111111,0
136957,31528,0,0.25,0
55825,14147,0,0.333333,0
46303,5019,0,0.055556,0
76758,24759,0,0.041667,0
44461,44122,0,1.0,1
60661,41787,0,1.0,1
127365,43279,0,0.5,0
194566,47781,0,0.111111,0
136708,16759,0,0.25,0
2659,29363,0,0.5,0
94348,16978,0,0.166667,0
46257,12499,0,1.0,1
48913,39370,0,1.0,1
131426,8518,0,0.25,0
34907,44426,0,0.5,0
51719,28785,0,0.2,0
153224,36386,0,0.333333,0
43448,27365,0,0.055556,0
122736,46347,0,0.5,0
189813,19691,0,0.125,0
119771,21333,1,0.5,0
15012,35976,0,0.055556,0
50143,32788,0,0.05,0
115369,47626,0,0.5,0
157437,45646,0,0.111111,0
93287,40338,0,0.25,0
52075,28849,0,0.166667,0
36990,10333,0,0.142857,0
86377,21150,0,0.25,0
57707,16139,0,0.5,0
175565,14142,0,0.029412,0
102484,11755,0,1.0,1
128601,46041,0,0.333333,0
21553,19111,0,0.333333,0
137857,38657,0,0.2,0
46055,196,0,0.333333,0
143278,10826,0,0.022222,0
23949,9444,0,0.035714,0
91840,5863,0,0.166667,0
30527,16986,0,0.5,0
89980,24009,0,1.0,1
169889,25513,0,1.0,1
78217,38164,0,0.05,0
198343,45608,0,0.333333,0
80163,29622,0,0.333333,0
194379,43768,0,1.0,1
41508,30165,0,0.1,0
103490,39812,0,1.0,1
136661,42719,0,0.2,0
197992,10749,1,0.333333,0
74097,18987,0,0.333333,0
179420,12772,0,0.055556,0
90995,37065,0,0.333333,0
131501,10017,0,0.166667,0
139110,27392,0,0.5,0
127202,41437,0,0.333333,0
173491,14669,0,1.0,1
43393,20114,0,0.5,0
170327,10504,0,0.03125,0
47802,23909,0,0.25,0
95975,28199,1,0.111111,0
195678,29694,0,0.142857,0
159563,12899,0,0.111111,0
113356,10453,0,1.0,1
120303,4932,0,0.033333,0
177764,25890,0,0.25,0
68996,15285,0,1.0,1
133368,19734,0,0.2,0
15316,48775,0,0.076923,0
46623,8169,0,0.166667,0
135292,10504,0,0.052632,0
200893,13176,1,1.0,1
132594,20887,0,0.5,0
44676,32864,0,1.0,1
139877,6873,0,0.026316,0
67975,6638,0,0.038462,0
109757,15937,0,0.025,0
36369,7358,0,0.022222,0
168795,5696,0,0.25,0
143753,14992,0,0.333333,0
135658,8113,0,0.125,0
182406,23499,0,0.166667,0
127111,22159,0,0.111111,0
113885,39275,0,0.166667,0
70613,26165,1,1.0,1
85303,10616,0,1.0,1
201524,10621,0,0.142857,0
43305,6142,0,0.066667,0
119173,7014,0,0.166667,0
149525,10248,0,0.25,0
165918,39877,0,0.5,0
62244,27544,0,0.076923,0
194466,39877,1,1.0,1
8334,6385,0,0.2,0
98895,162,0,0.0625,0
192130,40397,0,0.2,0
166530,24852,0,0.333333,0
6672,1947,0,0.0625,0
176919,7146,0,0.333333,0
194417,18534,1,0.5,0
56422,47732,0,0.5,0
163962,12381,0,0.038462,0
147379,35042,0,0.5,0
153446,23622,0,0.5,0
38826,32139,0,0.166667,0
21175,37033,0,0.5,0
155541,3020,0,0.066667,0
55911,42110,0,0.333333,0
80108,48440,1,1.0,1
49778,43428,0,0.142857,0
172932,48453,0,0.2,0
28140,22180,0,0.066667,0
119867,22035,0,0.5,0
193148,24484,0,0.2,0
69942,43129,0,0.125,0
183683,40706,0,0.5,0
48408,48395,0,0.125,0
71,37973,1,0.071429,0
110774,30489,0,0.1,0
181210,36082,0,0.111111,0
54272,48290,0,0.5,0
15357,25146,0,1.0,1
142163,8695,0,1.0,1
121990,27355,0,0.045455,0
92645,30668,0,0.028571,0
185537,19488,1,1.0,1
3601,48205,0,1.0,1
51295,31553,0,1.0,1
136518,21903,0,0.25,0
102643,13802,0,0.333333,0
26813,5652,0,1.0,1
76374,13176,0,0.5,0
189212,7559,0,0.5,0
184906,311,0,0.011111,0
28470,16198,0,0.076923,0
120691,46758,0,0.5,0
58218,46812,0,0.333333,0
119521,44359,0,0.333333,0
58271,49683,0,0.2,0
87333,2097,0,0.2,0
196463,27521,0,0.090909,0
61592,40571,0,0.142857,0
1834,12333,0,0.25,0
116584,1629,0,0.142857,0
150406,9007,0,0.5,0
114560,8174,0,0.2,0
145844,2635,0,0.2,0
119315,43352,0,1.0,1
62530,24489,0,0.090909,0
114423,48679,0,0.038462,0
67632,22504,0,0.030303,0
51496,35939,0,0.166667,0
203757,36170,0,0.125,0
94187,22825,0,0.25,0
51172,17083,0,0.1,0
5285,2326,0,1.0,1
15229,27104,0,0.014286,0
203910,36316,0,1.0,1
106443,29487,0,0.022727,0
199805,18382,0,0.0625,0
104668,5912,0,0.052632,0
24840,33704,1,0.333333,0
182005,29285,0,0.333333,0
178953,34745,0,0.5,0
6895,4462,0,0.2,0
60041,16894,0,0.333333,0
12835,28465,0,0.25,0
160860,15398,0,0.125,0
92258,49683,0,1.0,1
27575,40593,0,0.047619,0
34226,5031,0,0.2,0
190665,46620,0,0.142857,0
87438,2361,0,0.333333,0
6451,28985,0,0.5,0
123000,41103,0,0.333333,0
66137,32734,0,1.0,1
129795,432,0,0.5,0
79699,6244,0,1.0,1
195169,26488,0,0.1,0
59635,36082,0,0.142857,0
87489,4210,0,1.0,1
114166,30233,0,0.5,0
47079,32951,0,0.25,0
171982,4086,0,0.5,0
30599,4347,0,0.066667,0
188536,12409,0,0.5,0
40424,21386,0,0.076923,0
182406,28715,0,0.142857,0
142211,43263,0,0.5,0
83797,44500,1,0.25,0
200977,26620,0,0.5,0
151763,1979,0,1.0,1
201515,18117,0,1.0,1
126613,44683,0,0.04,0
149334,40925,0,0.066667,0
169284,10246,0,0.2,0
80710,4920,0,0.090909,0
76142,32360,0,0.016129,0
14923,10314,0,0.03125,0
136679,23252,0,0.333333,0
154119,23165,0,0.5,0
102494,44632,0,1.0,1
104424,22788,0,0.2,0
148352,19653,0,0.333333,0
170224,44825,0,0.090909,0
88201,23958,0,0.0625,0
2970,21903,0,0.125,0
182778,32605,0,1.0,1
42385,16185,0,1.0,1
109017,27456,0,0.166667,0
40741,18956,0,0.076923,0
14094,19706,0,0.25,0
96577,18670,0,0.019608,0
156517,42327,0,0.166667,0
68910,343,0,1.0,1
47954,20520,0,0.5,0
74300,16524,0,0.2,0
115083,13176,1,0.5,0
48669,23288,0,0.076923,0
109812,7228,0,0.038462,0
114225,25096,0,0.125,0
128671,6274,0,0.125,0
76360,47884,0,0.0625,0
183173,40706,0,1.0,1
29344,9839,0,0.052632,0
53775,22790,0,1.0,1
109634,32650,0,0.25,0
34393,29660,0,0.166667,0
22893,11182,0,0.333333,0
115750,45066,0,0.034483,0
10703,21376,0,0.333333,0
60113,41351,0,1.0,1
114841,22247,0,0.25,0
42718,42701,0,0.03125,0
16669,9390,0,0.027778,0
54307,32478,1,0.5,0
51982,28985,0,0.25,0
16850,17706,0,0.166667,0
97975,22736,0,0.1,0
178016,5013,0,0.25,0
93325,2240,0,0.043478,0
2862,27966,1,0.333333,0
49130,4799,0,0.142857,0
136998,48135,0,0.333333,0
89842,49192,0,0.333333,0
179199,12845,0,0.25,0
158870,41909,0,0.058824,0
157279,21288,0,1.0,1
47271,33439,0,0.052632,0
184781,10473,0,1.0,1
87331,27514,0,0.333333,0
177369,47626,0,0.2,0
85838,43713,0,1.0,1
29014,46820,0,0.043478,0
188627,14917,0,1.0,1
193100,5322,0,0.25,0
4512,13712,0,0.333333,0
171827,22025,0,1.0,1
20723,19731,0,0.25,0
108231,44014,0,0.142857,0
160321,5025,0,0.333333,0
85534,47209,0,0.083333,0
105564,10036,0,0.333333,0
80353,1185,0,0.125,0
205747,7453,0,1.0,1
15763,5991,0,0.142857,0
97013,5479,0,1.0,1
43634,9623,0,1.0,1
146347,26209,0,0.25,0
69312,14332,0,0.25,0
187714,8277,0,0.25,0
102655,47734,0,0.015873,0
19889,3376,0,0.5,0
151133,20114,0,0.5,0
205383,28999,0,0.125,0
25855,5114,0,0.2,0
60764,23288,1,0.333333,0
148439,823,0,0.125,0
95676,20358,0,0.027027,0
171320,2966,0,0.25,0
52698,1559,0,0.166667,0
58731,34465,0,0.05,0
105939,23744,0,0.5,0
108702,7175,0,1.0,1
142363,18792,0,1.0,1
37207,2794,0,0.333333,0
186853,47189,0,0.055556,0
42520,2320,0,0.03125,0
123817,30406,0,0.5,0
96649,28204,0,0.333333,0
96424,38108,0,0.083333,0
142943,47626,0,0.333333,0
150049,32843,0,0.058824,0
78666,264,0,0.0625,0
109709,138,0,0.016393,0
171519,34370,0,0.5,0
112680,19272,0,0.25,0
91355,17794,0,1.0,1
80565,19453,0,0.166667,0
118629,21903,1,1.0,1
144497,22920,0,0.25,0
105566,15746,0,0.026316,0
24670,17795,0,1.0,1
22393,10685,0,1.0,1
194379,41348,0,0.166667,0
103806,26209,0,0.25,0
132207,4799,0,0.333333,0
138212,13984,0,0.111111,0
837,22959,0,1.0,1
121575,40199,0,0.058824,0
6729,16797,0,0.5,0
148582,3459,0,0.111111,0
63236,41787,0,0.016949,0
126687,25340,0,0.014286,0
140742,26002,0,0.125,0
105950,40358,0,0.333333,0
118430,42579,0,0.058824,0
184365,43271,0,0.5,0
150992,18382,0,0.25,0
24399,19513,0,0.25,0
168785,24852,0,0.333333,0
60431,34551,0,0.25,0
70871,18020,0,0.2,0
111846,41570,0,0.2,0
38364,45290,0,0.142857,0
41398,21174,0,0.25,0
77973,34789,0,0.142857,0
29065,3952,0,0.2,0
18462,12206,0,0.111111,0
107936,40002,0,0.0625,0
75259,32864,0,0.333333,0
72059,23375,0,0.333333,0
41022,49401,0,0.25,0
141557,38770,0,0.083333,0
75140,7669,0,0.25,0
58576,17316,0,0.5,0
102247,30391,0,0.166667,0
41185,44987,0,0.25,0
175151,27695,0,0.1,0
79426,25551,0,1.0,1
113299,43871,0,0.25,0
112300,23537,0,0.037037,0
200821,7751,0,0.166667,0
115130,5782,0,0.166667,0
179870,25010,0,0.142857,0
97551,48094,0,0.142857,0
196138,32747,0,1.0,1
30808,4472,0,0.166667,0
130543,45664,0,0.018868,0
87323,9839,0,0.5,0
108202,28745,0,0.076923,0
124806,30406,0,0.333333,0
129634,27104,0,0.25,0
84211,48205,0,0.043478,0
63073,24086,0,0.030303,0
153616,42736,0,0.166667,0
75175,34262,0,0.071429,0
131570,22372,1,0.142857,0
147841,4421,0,0.076923,0
16668,27966,0,1.0,1
185005,26604,0,1.0,1
4525,516,0,0.25,0
186310,45066,0,0.5,0
150420,10998,0,0.058824,0
87992,5042,0,0.166667,0
77964,15902,0,0.333333,0
155135,21417,0,0.5,0
201586,14491,1,0.5,0
177691,33787,0,1.0,1
138520,47209,0,0.111111,0
18836,6016,0,1.0,1
155589,40268,0,0.5,0
147918,27336,0,0.5,0
51430,21304,0,0.052632,0
172119,30549,0,0.0625,0
6334,4605,0,0.166667,0
87438,1090,0,0.066667,0
15072,36372,0,0.2,0
36650,21951,0,0.5,0
108346,20449,0,1.0,1
182761,47209,0,0.083333,0
66193,25691,0,1.0,1
30760,4618,0,0.052632,0
59877,21782,0,0.333333,0
34945,38291,1,0.142857,0
132976,5933,0,0.090909,0
190713,21338,0,0.034483,0
12855,10749,0,0.2,0
111561,17123,0,0.0625,0
197496,43986,0,0.333333,0
135916,9808,0,0.058824,0
116603,14147,1,1.0,1
26812,23322,0,1.0,1
84805,10460,0,0.125,0
23898,35973,0,0.333333,0
198330,44359,0,0.125,0
26688,10337,0,0.5,0
75770,38383,0,0.055556,0
167366,34134,0,0.016129,0
42454,39247,0,0.5,0
43334,5646,0,0.047619,0
132163,21292,0,0.071429,0
63767,8670,0,0.5,0
204326,37766,0,0.090909,0
134880,12397,0,1.0,1
149966,36664,0,0.25,0
44990,47848,0,0.1,0
1814,21349,0,1.0,1
14865,18465,0,0.333333,0
177942,7806,0,0.025641,0
152276,44142,0,0.5,0
175555,38739,1,1.0,1
36614,39275,0,0.058824,0
72712,34092,0,0.037037,0
93046,3798,0,1.0,1
165708,13263,0,0.015152,0
165694,15622,0,0.25,0
179181,27705,0,0.125,0
88230,36070,0,0.111111,0
57097,8479,0,0.038462,0
170489,21769,0,1.0,1
2316,13629,1,0.5,0
186065,31506,0,0.2,0
133592,23165,0,1.0,1
8337,25493,0,0.5,0
25495,27858,0,0.076923,0
94729,35866,0,0.333333,0
125847,43565,0,1.0,1
200101,21137,0,0.25,0
54724,40229,0,0.045455,0
10765,42719,0,0.125,0
44955,23516,0,0.071429,0
134927,9092,0,0.333333,0
118885,30850,0,1.0,1
64223,27323,0,0.1,0
95455,5031,0,0.5,0
34531,36746,0,0.033333,0
96555,5161,0,0.2,0
199776,21137,1,0.333333,0
132971,22656,0,0.333333,0
111040,31553,0,0.5,0
156455,23545,0,0.2,0
58990,40706,0,0.25,0
55509,47672,0,1.0,1
186720,12980,0,0.5,0
144863,13280,0,0.1,0
71126,23849,0,0.5,0
30634,14853,0,1.0,1
169455,7781,0,0.04,0
141829,28373,0,0.5,0
55658,36005,0,0.5,0
194451,23288,0,0.333333,0
154830,9339,0,0.25,0
41026,13541,0,0.015385,0
105599,9550,0,0.333333,0
128530,28531,0,0.2,0
43982,260,0,0.090909,0
206045,38456,0,0.035714,0
56866,20957,0,0.03125,0
97699,12079,0,0.5,0
139355,651,0,1.0,1
18,36861,0,0.333333,0
155794,3007,0,0.038462,0
8953,11845,0,1.0,1
179224,14161,1,0.5,0
205024,49191,0,1.0,1
82545,11261,0,0.045455,0
3320,30700,0,1.0,1
203779,44142,0,1.0,1
194819,43705,0,0.083333,0
59588,21903,0,0.076923,0
101356,17758,0,0.166667,0
184659,2535,0,1.0,1
143687,43122,0,0.25,0
23198,44570,0,0.5,0
8670,329,1,1.0,1
109106,13113,0,0.5,0
142332,36135,0,0.066667,0
148882,4138,0,0.058824,0
96316,26476,0,0.2,0
200607,43086,0,0.5,0
81529,12797,0,0.5,0
26877,18288,0,1.0,1
172631,42221,0,0.083333,0
29012,22035,0,0.019231,0
138480,7969,0,0.071429,0
80114,5258,0,1.0,1
19829,48848,0,0.013699,0
42971,41127,0,0.022222,0
102038,8174,0,0.2,0
168282,35951,0,0.5,0
106903,48123,0,0.05,0
139049,29447,0,0.333333,0
103648,32958,0,1.0,1
72738,18531,0,0.333333,0
77365,23931,0,0.019608,0
37859,4605,0,0.333333,0
13192,12481,0,0.25,0
48945,44170,0,0.111111,0
200254,27966,0,0.083333,0
46691,47193,0,0.028571,0
55794,41999,0,0.019231,0
34505,27845,1,0.2,0
51533,13528,0,0.166667,0
76115,26768,0,0.5,0
175035,47854,0,0.5,0
148198,24852,0,0.333333,0
64941,34503,0,0.1,0
67890,21174,0,0.142857,0
193393,29662,0,0.017857,0
27017,19382,0,0.058824,0
133919,29363,0,0.076923,0
20048,11233,0,1.0,1
204613,26604,0,0.142857,0
72971,33401,0,0.026316,0
141756,41950,0,0.047619,0
16341,1215,0,0.090909,0
92580,13176,0,0.125,0
143022,47792,0,0.033333,0
113299,2447,0,0.032258,0
132310,19048,0,0.125,0
172102,17461,0,0.125,0
40425,12898,0,0.333333,0
1021,26307,0,0.05,0
113336,21137,1,0.333333,0
18413,13535,0,0.333333,0
160595,39428,0,1.0,1
69821,35461,0,0.033333,0
159219,13176,0,0.2,0
186829,15407,0,0.04,0
11193,44632,0,1.0,1
78785,13740,0,0.047619,0
58827,30391,0,0.142857,0
152005,24720,0,0.111111,0
155989,37158,0,0.166667,0
145333,29307,0,0.2,0
114532,28782,0,0.125,0
18275,2081,0,0.014706,0
138603,46676,0,0.25,0
102568,3114,0,0.166667,0
39544,37687,0,0.058824,0
105865,44843,0,0.333333,0
57971,38527,0,0.333333,0
174434,7736,0,0.2,0
13950,11454,0,1.0,1
56599,47119,0,1.0,1
113300,17485,0,0.04,0
99767,6403,0,0.333333,0
156082,39954,0,0.25,0
68308,19625,0,0.038462,0
99575,9464,0,0.5,0
186761,47117,0,0.125,0
119167,39984,0,0.333333,0
111618,45169,0,0.076923,0
74430,27796,0,0.333333,0
136015,4606,0,0.2,0
155884,11265,0,0.052632,0
203811,12845,0,0.5,0
130369,31805,0,0.25,0
73227,246,0,0.071429,0
146696,24203,0,1.0,1
141592,39491,0,0.047619,0
52410,17600,0,0.0625,0
123330,41171,0,1.0,1
189760,15223,0,0.076923,0
153512,7631,0,0.333333,0
146540,48186,0,0.052632,0
60431,32035,0,0.076923,0
71106,27243,0,0.041667,0
55367,13780,0,0.5,0
60661,41463,0,0.333333,0
7407,9387,0,0.111111,0
164237,17149,0,0.066667,0
124489,34300,0,0.076923,0
36149,16768,0,0.018182,0
192008,27966,1,1.0,1
101777,43483,0,0.5,0
135149,14011,0,1.0,1
91452,15261,0,0.5,0
94150,4366,1,1.0,1
141007,20930,0,1.0,1
15064,30695,0,0.5,0
87811,890,0,0.142857,0
1887,21137,0,0.5,0
37732,30391,0,1.0,1
161795,43352,0,0.142857,0
1912,27475,0,0.083333,0
194135,22935,0,0.055556,0
178547,5621,0,0.5,0
53628,18531,0,0.083333,0
4057,19982,0,0.142857,0
170062,31573,0,1.0,1
174264,48259,0,0.045455,0
3127,5693,0,0.125,0
87638,28204,0,0.014493,0
52008,19348,0,0.043478,0
60049,43076,0,0.022727,0
90256,45061,0,0.111111,0
17757,11390,0,0.5,0
173207,16797,0,0.25,0
157244,21903,1,1.0,1
26204,36854,0,0.333333,0
80537,40332,0,0.333333,0
12574,27286,0,0.333333,0
139106,32237,0,0.25,0
127154,18027,0,0.5,0
50867,6025,0,1.0,1
143992,7781,0,0.025,0
2518,23291,0,0.166667,0
61597,48726,0,1.0,1
113230,21573,0,0.5,0
186768,10246,0,1.0,1
74730,16864,1,0.166667,0
125138,7781,0,1.0,1
183912,9177,1,0.5,0
166734,29987,0,0.125,0
169314,35163,0,0.142857,0
157894,24005,0,0.333333,0
114799,48103,0,0.2,0
52814,33401,0,0.2,0
159137,6115,1,1.0,1
95908,34638,0,0.125,0
97773,432,0,1.0,1
136130,16415,0,1.0,1
8567,13176,0,1.0,1
88872,27522,0,0.2,0
5036,13076,0,0.5,0
199392,10912,0,0.1,0
107000,24002,0,0.090909,0
102930,46692,0,0.5,0
180850,36130,0,0.25,0
79895,2295,0,0.2,0
187026,29503,0,0.333333,0
165120,33957,0,0.055556,0
198885,4605,1,0.058824,0
201929,33245,1,1.0,1
10009,37646,0,1.0,1
51069,43087,0,0.0625,0
107494,581,0,0.03125,0
22704,12312,0,0.333333,0
87589,43961,0,1.0,1
136679,46050,0,1.0,1
92574,46962,0,0.166667,0
151259,38985,0,0.25,0
78298,27966,0,0.333333,0
181094,206,0,0.025,0
188318,22474,0,0.037037,0
89427,24235,0,1.0,1
81126,26172,0,0.166667,0
118626,42556,0,0.333333,0
58919,22474,0,0.02381,0
66250,43464,0,1.0,1
50784,26604,0,0.071429,0
144504,35750,0,0.142857,0
52220,28553,0,0.166667,0
28284,48442,0,0.015385,0
42868,21616,0,0.5,0
14493,16973,0,0.025,0
194188,2198,0,0.5,0
185155,47223,0,0.052632,0
191484,40709,0,0.333333,0
3006,24221,0,0.142857,0
168866,3957,0,1.0,1
199815,22825,1,1.0,1
7549,38889,0,0.0625,0
81519,48119,0,0.142857,0
168874,31717,0,0.5,0
155500,46906,0,0.333333,0
124074,49683,0,0.166667,0
34757,13176,1,1.0,1
162856,49401,0,0.25,0
139463,20549,0,1.0,1
26755,46676,0,0.071429,0
140846,24852,0,0.25,0
158066,38548,0,0.2,0
81324,31506,0,1.0,1
111025,41290,0,1.0,1
78941,12620,0,1.0,1
21537,46616,0,0.2,0
137037,18382,0,0.052632,0
105574,47042,0,0.041667,0
11888,14540,0,0.027027,0
191210,26756,0,0.166667,0
66137,45002,0,0.090909,0
40424,26088,0,0.333333,0
32825,37158,0,0.333333,0
93153,37460,0,0.5,0
113612,7090,0,0.333333,0
126965,21131,0,0.333333,0
28340,35600,0,0.333333,0
109946,48437,0,0.035714,0
9042,13708,0,0.25,0
53762,13718,0,0.5,0
120997,26805,0,1.0,1
154915,15377,0,0.03125,0
173440,47209,0,1.0,1
173868,8322,0,0.142857,0
122957,13249,0,0.333333,0
21666,11526,0,0.090909,0
115233,24964,0,0.2,0
43334,9387,0,0.090909,0
162348,3305,0,0.2,0
186509,15704,0,0.333333,0
84005,11777,0,0.2,0
25801,12637,0,1.0,1
28336,10749,0,1.0,1
12232,37065,0,0.5,0
119770,21572,0,0.047619,0
192218,48953,0,1.0,1
58186,18963,0,0.333333,0
81527,8518,0,0.033333,0
205442,32041,0,0.027027,0
12587,7835,0,0.038462,0
131125,19904,0,0.032258,0
172744,4422,0,0.1,0
77453,33401,0,0.166667,0
59685,27177,0,0.25,0
57097,24629,0,0.038462,0
102807,24489,0,0.333333,0
89175,14467,0,0.033333,0
5386,46979,0,1.0,1
55281,36646,0,0.142857,0
86789,47042,0,0.5,0
200087,24390,0,0.2,0
120342,26701,0,1.0,1
4442,37067,0,0.090909,0
61101,30489,0,0.111111,0
59309,39162,0,0.071429,0
179053,4595,0,0.166667,0
60875,581,0,0.071429,0
43697,24093,0,0.111111,0
175654,11804,0,0.142857,0
94710,7021,0,0.5,0
113238,9076,0,1.0,1
157980,19508,0,0.5,0
198372,24184,0,0.5,0
186878,28085,0,0.083333,0
85070,29307,0,0.111111,0
12319,38293,0,0.015385,0
59783,34276,0,0.125,0
188221,13380,0,0.25,0
90668,20114,0,0.333333,0
4352,21707,0,0.071429,0
6761,83,0,0.5,0
33919,10246,0,0.333333,0
81344,28156,0,1.0,1
62355,18881,0,0.333333,0
104208,42710,0,0.5,0
50531,31717,0,0.125,0
102038,36618,0,0.022222,0
65526,30620,0,0.333333,0
155788,37549,0,0.166667,0
99788,27690,0,0.333333,0
52167,41751,0,0.013699,0
123392,34243,1,0.2,0
162817,43772,0,0.333333,0
21679,6061,0,0.026316,0
126438,18567,0,0.1,0
92991,9422,0,1.0,1
40352,32246,0,0.043478,0
79285,17795,0,0.25,0
77365,10017,0,1.0,1
76154,23375,0,0.333333,0
85571,26124,0,0.333333,0
91942,30040,0,0.333333,0
34989,36550,1,1.0,1
129824,39469,0,0.05,0
7481,10106,0,0.333333,0
117161,31371,0,0.5,0
31239,41787,0,0.333333,0
100206,32717,0,0.125,0
179818,18761,0,0.333333,0
64658,34551,0,0.2,0
81588,22912,0,0.5,0
145942,28918,0,0.1,0
124578,40593,0,0.058824,0
108287,723,0,0.25,0
134985,18449,0,0.052632,0
73947,2228,0,0.083333,0
97661,23894,0,0.111111,0
74840,18601,0,0.027027,0
74818,34565,0,0.5,0
82749,46047,0,0.043478,0
147009,17284,0,0.5,0
24712,46984,0,0.2,0
63430,22935,0,0.076923,0
171690,33255,0,0.111111,0
32186,6871,0,0.043478,0
188576,27275,0,0.125,0
64480,44987,0,1.0,1
87274,36856,0,0.25,0
37268,9154,0,0.2,0
132919,12011,0,0.25,0
28338,11090,0,0.2,0
11716,23985,1,0.25,0
109861,17948,0,0.166667,0
154100,40604,0,0.25,0
166255,22849,0,0.5,0
166060,11440,0,0.25,0
115434,34126,0,0.142857,0
44646,6046,1,0.25,0
80565,19660,0,1.0,1
143954,30450,0,0.111111,0
7843,26604,0,0.0625,0
74532,44008,0,0.035714,0
19080,23576,0,0.25,0
123620,12020,0,0.066667,0
194379,49610,1,0.333333,0
38741,31422,0,0.25,0
34772,5825,0,0.023256,0
187156,29403,0,0.05,0
152051,13646,0,0.033333,0
54294,16953,0,0.166667,0
756,20632,0,0.125,0
61094,10110,1,1.0,1
104902,39993,0,0.5,0
21331,19311,0,1.0,1
180850,20457,0,0.2,0
119708,22959,1,1.0,1
82545,10737,0,0.125,0
188755,42719,0,0.090909,0
17782,18908,0,1.0,1
158650,24372,0,0.5,0
10786,37807,0,1.0,1
93612,32167,0,0.333333,0
51784,43789,0,0.333333,0
106154,48119,0,0.5,0
63318,35168,0,0.333333,0
150438,47216,0,1.0,1
152198,32079,1,0.2,0
160810,49605,1,0.333333,0
140766,34969,0,0.25,0
57841,48183,0,0.5,0
30086,27156,0,0.076923,0
73080,10492,0,0.010417,0
30003,39812,0,0.055556,0
71113,26800,0,0.5,0
164507,38777,0,0.333333,0
127461,41445,0,0.022727,0
194996,26668,0,0.125,0
161469,25584,0,0.25,0
203492,40396,0,0.2,0
719,21051,0,0.021277,0
48018,26882,0,0.166667,0
101604,37835,0,0.166667,0
82605,28466,1,0.5,0
153819,15097,0,0.5,0
13459,17122,1,0.166667,0
137387,9839,0,0.333333,0
185316,7896,0,0.333333,0
101784,25588,0,0.045455,0
135479,9477,0,0.047619,0
167359,19660,0,0.5,0
169113,10145,0,1.0,1
88281,14678,1,0.5,0
803,44628,0,0.2,0
131641,21267,0,0.2,0
5325,21903,0,0.041667,0
4534,32691,0,0.5,0
163493,13176,0,1.0,1
91339,23537,0,0.052632,0
55236,31506,0,0.076923,0
15899,48057,0,0.04,0
82164,12572,0,0.333333,0
155289,2735,0,0.02439,0
95332,2295,0,0.5,0
56599,5973,0,0.333333,0
168456,48720,0,0.055556,0
58129,18370,0,1.0,1
163221,5373,0,1.0,1
112139,14514,0,0.090909,0
73769,49583,1,1.0,1
83524,40199,0,0.1,0
52819,8744,0,0.333333,0
110102,48118,0,0.5,0
52327,40261,0,0.090909,0
56718,26698,0,1.0,1
65617,27156,0,0.333333,0
153789,36724,0,0.1,0
17448,30450,0,0.052632,0
76685,35124,0,0.083333,0
73427,3952,0,1.0,1
200536,47226,0,0.166667,0
87983,33894,0,0.5,0
78079,39619,0,0.037037,0
132856,7500,0,0.038462,0
54991,16361,0,0.047619,0
196445,13444,0,0.25,0
73680,13517,0,0.333333,0
153935,19677,0,0.5,0
74589,18479,0,0.25,0
60040,47890,0,0.166667,0
63119,3607,0,1.0,1
27348,20520,0,0.083333,0
87479,44422,0,0.2,0
130296,46724,0,0.142857,0
70212,27413,0,0.043478,0
32953,48357,0,0.142857,0
7209,13176,1,1.0,1
148162,49520,0,0.019608,0
157524,41198,0,0.1,0
74908,46294,0,1.0,1
35492,44142,0,0.333333,0
174868,46796,0,0.05,0
80236,21616,1,0.25,0
66497,46294,0,0.043478,0
63656,40706,0,0.5,0
169608,35213,0,0.034483,0
201213,2481,0,0.333333,0
30261,26047,0,1.0,1
126319,19482,0,0.5,0
959,8012,0,0.5,0
175407,14364,0,1.0,1
155286,43904,0,0.1,0
121867,17704,0,0.066667,0
86148,8803,0,0.5,0
123870,31698,0,0.25,0
161557,26790,0,1.0,1
151893,40587,0,0.083333,0
2100,29363,0,0.047619,0
38588,40545,0,0.043478,0
169534,47766,0,1.0,1
168938,12276,0,0.047619,0
25604,35951,0,0.111111,0
43983,11520,1,1.0,1
199298,25466,1,1.0,1
156882,4656,0,0.047619,0
78670,17931,0,0.2,0
84147,8903,1,0.333333,0
31880,34706,0,0.090909,0
135653,12395,0,0.022222,0
54597,5212,0,0.071429,0
93808,36180,0,0.125,0
83473,49417,0,0.2,0
94653,18609,0,0.058824,0
134726,44413,1,1.0,1
144434,18090,0,0.05,0
88860,7076,0,0.142857,0
37871,20021,0,0.25,0
51452,44912,0,0.142857,0
67259,29627,0,0.166667,0
2850,49131,0,0.25,0
65456,45763,0,0.5,0
73182,43760,0,1.0,1
171175,18531,0,0.166667,0
158758,44566,0,0.333333,0
169131,44142,0,0.142857,0
203181,5699,0,0.166667,0
88810,22959,0,0.333333,0
146710,13176,1,1.0,1
47305,11869,1,0.5,0
111439,14947,0,1.0,1
146575,24852,0,0.333333,0
177934,31640,0,0.25,0
44392,30664,0,0.5,0
61838,26701,0,0.25,0
111815,21847,0,0.125,0
188575,5450,0,1.0,1
13081,37029,0,0.125,0
201975,23540,0,0.5,0
59107,45681,0,0.020408,0
132872,7371,0,0.052632,0
131911,22963,0,0.25,0
30655,26394,0,1.0,1
22666,13914,0,1.0,1
58125,2596,0,1.0,1
139456,43662,0,1.0,1
47801,23734,0,0.166667,0
198488,17957,0,0.0625,0
79945,32455,0,0.2,0
186111,29327,0,0.166667,0
151334,2275,0,0.0625,0
47727,29176,0,0.5,0
194011,5460,0,0.125,0
66973,46022,0,0.1,0
18097,25689,0,0.029412,0
190267,18072,0,0.025641,0
96441,49383,0,0.029412,0
89699,21225,0,0.2,0
23199,33364,0,0.033333,0
188390,48702,0,1.0,1
167404,39636,0,0.038462,0
204215,760,0,0.2,0
176216,10504,0,0.5,0
68405,6201,0,0.2,0
41653,13976,0,0.5,0
174084,41950,0,0.5,0
146881,25154,0,0.5,0
113698,30962,0,0.5,0
62244,34969,0,0.035714,0
159573,8021,0,0.333333,0
185464,44142,0,0.5,0
190692,877,0,0.5,0
90719,12341,0,0.125,0
75590,47672,0,1.0,1
167613,581,0,0.032258,0
163202,9387,0,0.111111,0
197184,36307,0,0.055556,0
10525,39922,0,0.071429,0
89409,11414,0,0.166667,0
183569,14084,0,1.0,1
35,43789,0,0.166667,0
195401,4799,0,1.0,1
22169,24852,0,1.0,1
63428,40261,0,0.035714,0
204757,29095,0,0.333333,0
37402,6975,0,0.5,0
4850,17835,0,1.0,1
194558,24382,0,0.142857,0
172968,13536,0,1.0,1
92991,41220,0,0.071429,0
80988,39928,0,0.027027,0
127786,28466,0,0.090909,0
131634,19310,0,0.015385,0
29429,31683,1,1.0,1
181094,19765,0,0.041667,0
6726,23291,0,1.0,1
179437,8467,0,0.066667,0
160010,21621,0,0.142857,0
38501,30021,0,0.125,0
67722,19006,0,0.333333,0
92873,4186,0,0.333333,0
157339,27966,0,0.142857,0
45930,47136,0,0.015385,0
190887,40427,0,0.010638,0
167366,49026,0,0.2,0
60778,25588,0,0.05,0
12184,33957,0,0.019231,0
138298,3740,0,0.25,0
113453,18272,0,0.25,0
143491,42736,0,0.111111,0
179711,26348,0,0.052632,0
125694,14126,0,0.066667,0
143707,38772,0,0.090909,0
37252,6402,0,0.090909,0
107217,41623,1,0.142857,0
162665,4600,0,1.0,1
132872,26635,0,0.030303,0
176131,17454,0,1.0,1
168064,25439,0,0.076923,0
30380,17248,0,0.25,0
148505,19653,0,1.0,1
41126,18159,0,0.2,0
52721,29344,0,1.0,1
165372,11182,0,0.071429,0
97105,38400,0,0.055556,0
56269,30489,0,0.038462,0
106865,4163,0,1.0,1
94374,9290,0,0.333333,0
87878,12209,0,0.2,0
62517,11282,0,0.090909,0
187945,10112,0,0.037037,0
195596,29441,0,0.333333,0
168943,46906,0,1.0,1
82768,30918,0,0.166667,0
45008,49383,0,0.018868,0
55160,39911,0,1.0,1
102494,27683,0,0.05,0
144763,12078,0,0.111111,0
125143,32453,0,0.032258,0
86865,47962,0,0.111111,0
91543,38919,0,0.166667,0
161737,29826,0,0.5,0
126671,36923,1,1.0,1
89586,40216,0,1.0,1
81762,15937,0,1.0,1
185142,7952,0,0.142857,0
3534,46062,0,0.333333,0
90520,45106,0,1.0,1
96623,34969,0,0.333333,0
68081,9544,0,0.125,0
32860,47766,0,0.166667,0
31394,37999,0,1.0,1
174205,38293,0,0.2,0
122377,39558,0,0.066667,0
128659,6522,0,0.5,0
72124,16797,0,0.111111,0
49317,19677,1,1.0,1
154771,2228,0,0.166667,0
39896,13641,0,0.125,0
88358,898,0,0.047619,0
7489,16096,0,0.2,0
135653,5991,0,0.03125,0
89387,43221,0,1.0,1
25183,3473,0,0.333333,0
157847,8277,0,0.5,0
114883,7628,0,0.058824,0
181333,196,0,0.2,0
64470,13838,0,0.1,0
110413,30391,0,0.333333,0
162988,43789,0,0.058824,0
95063,12060,0,0.25,0
204813,18531,0,0.333333,0
38756,33198,0,0.03125,0
193627,21903,0,1.0,1
130070,6291,0,0.333333,0
19528,30720,0,0.017544,0
32066,49683,0,0.047619,0
159563,48667,0,1.0,1
85773,20549,0,0.032258,0
147435,26209,0,0.5,0
143911,14143,0,0.333333,0
23808,43165,1,0.2,0
121860,8900,0,0.043478,0
128614,21198,0,0.333333,0
147374,22935,0,0.037037,0
169950,16797,0,0.02381,0
204799,21137,0,1.0,1
26994,23296,0,0.5,0
69058,45645,0,0.035714,0
170335,31264,1,1.0,1
137857,24852,0,0.25,0
135188,22825,0,0.1,0
154442,38223,0,0.1,0
7039,33198,0,0.047619,0
99598,31371,0,0.076923,0
177166,18200,0,0.5,0
202166,15846,0,0.2,0
79349,34358,0,0.25,0
162744,18409,0,0.010526,0
115374,83,0,0.047619,0
64055,24382,0,0.2,0
114582,19991,0,0.25,0
13939,27845,0,1.0,1
89383,21195,0,0.333333,0
94648,33220,0,0.2,0
158400,9480,0,0.090909,0
113571,1958,0,0.2,0
85908,45535,0,0.083333,0
22294,16145,0,0.047619,0
168300,8380,0,0.2,0
202919,18202,0,0.1,0
51295,6532,0,0.5,0
129198,276,0,0.017544,0
72683,49576,0,0.090909,0
171352,44632,1,1.0,1
93821,44667,0,0.25,0
80639,17872,0,1.0,1
31939,34969,0,0.142857,0
80494,46642,0,0.25,0
113241,25608,0,0.029412,0
86761,6287,0,0.25,0
21889,17985,0,1.0,1
119155,21903,0,1.0,1
155042,39947,0,0.019231,0
144023,33000,0,0.014085,0
845,31040,1,1.0,1
178033,18625,0,0.083333,0
7665,10831,0,0.030303,0
31716,47145,0,0.071429,0
13378,48790,0,0.142857,0
47949,24221,0,0.166667,0
127124,23405,0,0.111111,0
74818,46906,0,0.5,0
82013,26165,0,1.0,1
4820,43986,0,0.25,0
178775,12614,0,1.0,1
111997,14875,1,0.166667,0
117975,48140,0,0.166667,0
67263,14536,1,0.023256,0
177063,1117,1,0.1,0
155596,14432,0,0.5,0
113067,24093,0,0.2,0
113871,41351,0,0.111111,0
22767,329,0,0.25,0
28460,29439,0,0.032258,0
175809,9007,0,1.0,1
9615,30062,0,0.090909,0
57027,16797,0,0.013889,0
78934,9634,0,0.333333,0
171877,24382,0,0.2,0
184881,40604,0,0.055556,0
204206,38248,0,0.5,0
143789,26604,0,0.037037,0
53775,9387,0,0.25,0
102494,4957,0,0.333333,0
41094,29095,0,0.5,0
57177,13431,0,0.0625,0
119705,41844,1,0.25,0
79606,4163,0,1.0,1
145086,27613,0,0.066667,0
56795,44518,0,1.0,1
70797,41637,0,1.0,1
148055,44628,0,0.047619,0
182587,36287,0,0.333333,0
151016,14385,0,0.25,0
27414,1104,0,0.0625,0
117380,12144,0,0.03125,0
52721,46979,1,1.0,1
169906,21083,1,0.5,0
109858,46222,0,1.0,1
139770,23165,0,0.016949,0
178765,19261,0,0.333333,0
140079,42625,0,0.142857,0
102655,35939,0,0.2,0
116314,35042,0,0.026316,0
203318,15455,0,0.04,0
179581,49355,0,0.333333,0
63038,16518,0,0.5,0
153721,46514,1,0.333333,0
49348,41072,0,0.25,0
6427,37385,0,1.0,1
190713,37358,0,0.034483,0
9699,44969,0,1.0,1
197007,35147,0,0.043478,0
72814,21900,0,0.034483,0
8954,19691,0,0.333333,0
53259,4421,0,0.333333,0
38057,17461,0,0.058824,0
89152,19167,0,0.1,0
108702,21137,0,0.111111,0
571,42342,0,1.0,1
53925,40396,0,1.0,1
151994,10193,0,0.04,0
182406,30788,0,1.0,1
58410,35894,0,1.0,1
148213,35247,0,0.111111,0
35385,19389,0,0.5,0
29261,9076,0,0.052632,0
61772,43014,0,1.0,1
125039,44142,0,1.0,1
176769,19051,0,0.1,0
109979,24933,0,0.083333,0
33741,35973,0,0.25,0
95986,7606,0,0.166667,0
8596,34197,0,0.034483,0
18838,4853,0,0.5,0
153973,1559,0,0.166667,0
117945,45356,0,0.333333,0
99400,14852,0,0.018182,0
76678,2314,0,0.014706,0
112176,5876,0,0.090909,0
24465,22627,0,0.083333,0
188575,22332,0,0.2,0
67632,41118,0,1.0,1
162937,40880,0,0.111111,0
167653,28420,0,0.166667,0
202217,8193,0,1.0,1
188510,16752,0,0.25,0
74157,32691,0,0.05,0
147575,34448,0,0.166667,0
156145,27355,0,0.0625,0
176791,3072,0,1.0,1
158072,10235,0,0.125,0
135188,397,0,0.02381,0
26727,26638,0,0.083333,0
164491,41276,0,0.2,0
71677,27966,0,1.0,1
79995,40706,0,0.25,0
1982,4605,1,0.25,0
103748,20827,0,0.066667,0
10863,32566,0,0.166667,0
134421,9076,0,0.02,0
79555,45646,0,0.166667,0
71028,16561,0,1.0,1
40781,36315,0,0.5,0
164186,35530,0,0.25,0
122059,4086,0,0.5,0
161488,1540,0,0.052632,0
162657,2452,0,0.166667,0
95387,21724,0,0.142857,0
195416,49110,0,0.035714,0
30804,46516,0,0.166667,0
112281,42585,0,0.04,0
138584,19424,0,0.5,0
151986,38456,0,0.1,0
127111,42735,0,0.1,0
162039,44219,0,0.0625,0
146904,28842,0,0.5,0
77968,23165,0,0.017241,0
75202,4957,0,0.2,0
91905,27344,0,1.0,1
18307,17791,0,0.0625,0
151925,39877,0,0.5,0
47733,38293,0,0.125,0
197924,37449,1,1.0,1
52498,17122,1,0.333333,0
34087,26104,0,1.0,1
115020,21174,0,0.5,0
77503,9409,0,0.034483,0
26250,26384,0,0.090909,0
95982,42585,0,0.2,0
9469,18531,0,1.0,1
36422,7559,0,0.111111,0
196157,38777,0,0.1,0
21705,29346,0,0.1,0
181210,23165,0,0.25,0
75578,22312,0,0.090909,0
201545,46260,0,0.2,0
59471,5322,0,0.111111,0
97973,24964,0,1.0,1
49574,19057,0,0.026316,0
168843,36793,0,0.041667,0
102015,26859,0,1.0,1
112402,46022,0,0.066667,0
62523,3798,1,0.5,0
64131,42265,0,0.2,0
174256,25157,0,0.026316,0
7398,48246,0,0.1,0
85038,43662,0,0.5,0
124400,36437,0,0.076923,0
53694,21150,0,1.0,1
149008,47766,0,0.111111,0
82573,4920,0,0.2,0
99346,18309,0,0.5,0
132294,39581,0,0.2,0
171002,32251,0,0.5,0
84146,21405,0,0.25,0
146654,8153,0,0.333333,0
94437,4546,0,1.0,1
178284,34635,0,0.032258,0
8367,20495,0,0.25,0
62074,1398,0,0.333333,0
129470,43607,0,0.038462,0
143768,1025,0,0.025,0
83568,24964,0,0.020408,0
80468,2228,0,0.05,0
183842,1747,0,1.0,1
77943,2002,1,0.25,0
37266,5086,0,1.0,1
89541,12554,0,0.2,0
36374,17584,0,0.090909,0
69173,49383,0,0.2,0
76179,25005,0,0.111111,0
123256,17579,1,1.0,1
145503,14036,0,1.0,1
83284,33000,0,0.111111,0
148671,47209,1,0.142857,0
31970,38275,0,0.333333,0
4129,581,1,1.0,1
74682,49565,0,0.333333,0
141321,21019,0,0.5,0
168108,40229,0,0.5,0
175982,45007,0,0.333333,0
203392,14144,0,0.5,0
141952,11265,0,0.125,0
2734,48706,0,0.166667,0
134177,44359,0,0.111111,0
99845,5120,0,0.125,0
185475,30135,0,0.142857,0
23023,27966,0,0.018182,0
34757,2855,1,1.0,1
77403,46229,0,0.037037,0
145618,27985,0,0.5,0
35228,22142,0,0.041667,0
193987,26606,0,0.1,0
63912,27959,0,1.0,1
118177,34446,0,0.333333,0
41900,41751,0,0.090909,0
170034,38135,0,0.333333,0
156257,33352,0,0.166667,0
101032,44683,0,0.25,0
153702,33028,0,0.2,0
12230,21903,0,0.5,0
173512,40723,0,0.125,0
61499,33722,0,0.2,0
136473,8424,0,0.5,0
161563,47209,0,1.0,1
127255,40063,0,0.2,0
56659,32139,0,0.5,0
28767,39430,0,1.0,1
6668,43086,0,0.1,0
93293,6948,0,0.166667,0
90652,26128,0,0.033333,0
125319,16521,0,0.333333,0
106016,8079,0,0.25,0
50264,20468,0,0.058824,0
33345,812,0,0.25,0
24179,46906,0,0.022727,0
143962,30901,0,0.066667,0
146218,43713,0,0.090909,0
163745,20255,0,0.083333,0
827,4792,0,0.5,0
22386,23029,0,0.166667,0
171175,15965,0,0.5,0
164408,23405,0,0.5,0
127746,16616,0,0.5,0
194326,21775,0,0.025641,0
97852,3899,0,0.5,0
188930,5258,0,0.090909,0
188810,10246,0,0.013333,0
64342,48492,0,1.0,1
177305,8736,1,1.0,1
185896,45066,0,0.2,0
7474,23375,0,0.1,0
68651,44683,0,1.0,1
150293,29265,0,0.125,0
13314,10308,0,0.090909,0
54599,2966,1,0.333333,0
91924,37576,0,0.333333,0
85125,13166,0,0.028571,0
59031,11456,0,1.0,1
167994,10819,0,0.333333,0
90414,30406,0,0.2,0
71056,37825,0,0.2,0
154973,9065,0,1.0,1
182333,16797,0,0.5,0
68339,32163,0,0.5,0
128777,39041,1,0.25,0
193616,14867,0,0.333333,0
80995,41534,0,0.333333,0
163624,7173,0,0.25,0
118134,26790,0,0.5,0
59447,31506,0,0.090909,0
102366,38693,0,0.25,0
175535,25670,0,1.0,1
174422,35973,0,0.058824,0
174063,25659,0,0.25,0
35269,24497,0,0.5,0
175168,44987,0,0.083333,0
155827,46166,0,0.032258,0
79438,30064,0,0.25,0
46372,34448,0,0.142857,0
60824,40268,0,0.5,0
68293,16987,0,0.090909,0
152177,37453,0,0.142857,0
137930,6519,0,0.030303,0
38482,12686,0,0.333333,0
177706,5275,0,1.0,1
119638,27801,0,0.5,0
120713,8409,0,0.055556,0
50867,5077,0,0.5,0
156718,33796,0,0.333333,0
75897,41055,0,0.035714,0
200463,46479,0,1.0,1
62108,49120,0,0.2,0
50183,42565,0,0.5,0
105789,14148,0,0.333333,0
181528,15392,0,0.2,0
171043,33682,0,0.5,0
133021,44371,0,0.5,0
55139,27715,0,1.0,1
95991,5621,0,0.055556,0
28603,38490,0,0.1,0
3473,17207,0,1.0,1
26218,41665,0,0.142857,0
97074,19863,0,0.333333,0
174459,48812,1,0.2,0
96267,5818,0,0.1,0
149383,14553,0,0.066667,0
100330,7179,0,0.033333,0
86481,41400,0,0.03125,0
200281,32475,0,0.5,0
116558,46842,0,0.052632,0
178607,13249,0,0.2,0
22983,27451,0,0.019231,0
79002,9203,0,0.333333,0
42971,35286,0,0.011494,0
2934,12916,0,1.0,1
21311,46359,0,0.166667,0
151334,1969,0,0.026316,0
68450,48204,0,1.0,1
205877,38444,0,0.04,0
187771,40723,0,0.038462,0
104433,18747,0,0.333333,0
30722,46049,0,1.0,1
50604,38871,0,0.04,0
90166,43352,0,1.0,1
64246,28985,0,0.5,0
124802,27429,1,1.0,1
8717,19766,0,0.333333,0
4776,27960,0,1.0,1
133426,46782,0,0.013333,0
143122,14129,0,0.333333,0
87419,31717,0,1.0,1
43742,24852,0,0.333333,0
189528,30220,0,1.0,1
111405,8091,0,0.076923,0
148237,44987,0,0.066667,0
91957,4605,1,0.02,0
80364,9687,0,1.0,1
186727,26283,0,0.5,0
29908,46666,0,0.028571,0
65460,38996,0,0.05,0
118942,38248,0,0.166667,0
202252,19048,0,0.1,0
128529,24964,0,1.0,1
193700,48364,1,0.142857,0
28307,48808,0,0.1,0
75175,22935,0,0.2,0
63208,25513,0,0.055556,0
132803,11757,0,0.2,0
77587,11865,0,0.5,0
167060,23569,0,1.0,1
87178,13610,0,0.166667,0
136158,36070,0,0.2,0
22662,11182,0,0.043478,0
47436,27104,0,0.5,0
162734,28993,0,0.5,0
38820,24838,0,1.0,1
117009,16589,0,0.052632,0
164262,30252,0,0.030303,0
127124,23180,0,0.066667,0
134074,46522,0,1.0,1
156650,47940,0,0.25,0
171557,44739,0,0.026316,0
737,18855,0,0.090909,0
136192,11494,0,1.0,1
126993,29898,0,0.011765,0
55902,4853,0,0.5,0
148632,11511,0,1.0,1
34873,22227,0,0.026316,0
53057,26124,0,0.030303,0
85773,25802,0,0.04,0
112,6656,0,0.052632,0
126337,19678,0,0.125,0
191210,40199,0,0.0625,0
55445,45161,0,0.020408,0
166738,36550,0,0.5,0
127487,10305,0,0.04,0
138721,16759,0,0.111111,0
89954,37460,0,1.0,1
95437,4162,0,0.333333,0
61738,43210,0,0.021277,0
162657,38293,0,0.066667,0
171600,21903,0,1.0,1
171699,7388,0,0.166667,0
111064,35629,0,0.022222,0
134597,27845,0,0.028571,0
50276,39578,0,0.029412,0
163031,15498,0,0.066667,0
94596,27544,0,0.25,0
23054,43014,0,0.5,0
191148,25588,0,0.2,0
93229,9178,0,0.2,0
100619,5068,0,0.333333,0
143457,46175,0,0.071429,0
73584,48023,0,0.333333,0
120273,30620,0,0.5,0
70703,42768,1,0.5,0
201314,48004,0,0.142857,0
168436,2846,0,0.111111,0
80259,7008,0,0.2,0
23701,26620,0,0.066667,0
135724,44359,0,0.142857,0
60649,33731,0,0.090909,0
100149,31717,0,1.0,1
118629,41220,1,0.25,0
15662,39877,1,1.0,1
193424,16290,0,0.5,0
67661,47766,0,1.0,1
182574,2966,0,0.25,0
91331,7485,0,0.166667,0
99191,12916,0,0.038462,0
181827,26250,0,0.25,0
160342,21829,0,0.166667,0
1090,21195,0,0.25,0
135836,4269,0,0.333333,0
62824,13548,0,0.017857,0
155289,14159,0,0.038462,0
182761,37029,0,0.029412,0
119544,27156,0,0.125,0
127584,48205,0,0.05,0
159573,25890,1,0.333333,0
46131,49605,0,0.25,0
59348,48015,0,0.25,0
126541,4137,0,0.2,0
24655,27104,0,0.066667,0
153965,35939,0,0.071429,0
109017,37825,0,0.090909,0
159214,44413,0,0.166667,0
3230,2164,0,0.5,0
27592,34881,0,0.25,0
64134,23054,0,0.033333,0
39693,20842,0,0.125,0
190449,17616,0,0.090909,0
28168,20904,0,0.333333,0
202044,33086,0,0.1,0
25116,13851,0,0.058824,0
34995,47865,0,0.111111,0
48466,39275,0,0.014085,0
113931,37803,0,0.333333,0
205451,5398,0,0.333333,0
111377,39113,0,0.333333,0
1992,14161,0,0.045455,0
26934,22281,0,0.045455,0
125081,43122,0,1.0,1
147291,41540,0,0.021277,0
23053,21137,0,0.333333,0
79092,29616,0,1.0,1
138214,7936,0,1.0,1
186509,29898,0,0.1,0
171405,27845,1,0.5,0
36190,35072,0,0.166667,0
139408,44039,0,0.071429,0
73208,4037,0,0.125,0
34225,1377,0,0.5,0
191531,17794,0,0.041667,0
58015,22825,0,0.05,0
91904,8539,0,0.083333,0
2186,8104,0,0.166667,0
152403,33007,0,0.1,0
87656,26604,0,0.2,0
120633,13852,0,0.014706,0
84189,3529,1,0.2,0
72571,13536,0,0.066667,0
99346,45066,0,0.333333,0
47894,46900,0,0.125,0
38635,21938,0,0.090909,0
3580,9825,0,0.333333,0
190267,2078,0,0.025641,0
22599,24838,0,0.015625,0
2066,26604,0,0.333333,0
23283,2519,0,0.142857,0
59225,25765,0,0.125,0
157608,2063,0,0.026316,0
19220,13976,0,0.25,0
189895,47912,1,1.0,1
159932,5819,0,0.111111,0
7074,2047,0,0.0625,0
144161,40332,0,1.0,1
46150,10768,0,0.2,0
74975,35336,1,0.5,0
194938,46593,0,0.2,0
101246,17044,0,0.047619,0
144015,20607,0,0.5,0
76360,27690,0,0.071429,0
181492,24852,1,1.0,1
68293,38777,0,0.032258,0
111731,17079,0,1.0,1
69803,26348,0,1.0,1
81066,19005,0,0.055556,0
142866,41844,0,0.1,0
99154,44628,0,0.5,0
105914,13709,0,0.052632,0
47931,25152,0,0.04,0
180122,45343,0,0.05,0
107232,39108,0,0.166667,0
13783,26648,0,1.0,1
72619,2716,0,0.5,0
46621,37645,0,0.0625,0
126965,37849,0,0.333333,0
21171,25072,0,0.2,0
183948,34953,0,0.1,0
193406,34497,0,0.166667,0
202529,14992,0,0.333333,0
2490,38739,0,0.333333,0
137022,8518,0,0.2,0
159015,5491,0,0.166667,0
115396,8104,0,0.2,0
75376,20791,0,0.5,0
85038,25965,0,0.1,0
94460,33120,0,0.052632,0
206113,42659,0,0.5,0
6334,4487,0,1.0,1
149022,40198,0,0.5,0
112511,9387,0,0.090909,0
190521,31231,0,1.0,1
195169,41117,0,0.04,0
91678,7503,0,0.2,0
103714,28204,0,0.2,0
142427,39877,0,0.015873,0
136379,4293,0,0.055556,0
166056,23959,0,0.5,0
127247,32700,0,1.0,1
53548,22825,0,0.142857,0
196222,7500,0,0.083333,0
152958,8204,0,0.125,0
107459,26586,0,0.111111,0
51213,47438,0,0.041667,0
64353,5077,0,0.052632,0
206178,26283,0,0.076923,0
140395,6182,0,0.014925,0
167517,28175,0,0.5,0
183229,14429,0,0.5,0
153097,29398,0,0.027778,0
164404,34126,0,0.038462,0
151081,31288,0,0.5,0
170533,40706,0,0.111111,0
90334,32734,0,0.142857,0
44623,38124,0,0.166667,0
145067,19519,0,0.047619,0
172993,26940,0,0.058824,0
147280,34214,0,0.25,0
111864,32369,0,0.5,0
12580,30850,0,0.5,0
167039,37642,0,0.125,0
153727,39837,0,0.333333,0
173011,47626,0,0.2,0
146624,16953,0,0.5,0
132976,34590,0,0.333333,0
82810,31372,0,0.090909,0
110263,4175,0,1.0,1
99227,48104,0,0.083333,0
160200,28547,0,0.25,0
179437,47042,0,0.5,0
10344,36746,0,0.333333,0
136646,45007,0,0.333333,0
7341,42190,0,1.0,1
110737,46697,0,1.0,1
23735,33731,0,0.1,0
88441,3382,0,1.0,1
136978,3957,0,0.333333,0
114664,1025,0,0.05,0
168938,49621,0,0.04,0
42712,30795,1,0.037037,0
147575,45646,0,0.333333,0
173525,39180,0,0.083333,0
33108,48523,0,0.111111,0
180868,27104,0,0.2,0
168535,49027,0,0.25,0
115415,33756,0,0.5,0
35490,8479,0,0.021739,0
143586,45368,0,0.5,0
3810,25877,0,0.5,0
110141,2091,0,0.013699,0
68883,11755,0,0.5,0
97855,39739,0,0.25,0
36189,35042,0,0.333333,0
40658,10246,0,0.25,0
158762,40001,1,1.0,1
82223,47766,0,0.032258,0
108202,41950,0,0.058824,0
14321,30928,0,0.02381,0
93608,27196,1,0.011236,0
3549,8021,1,0.5,0
15521,42869,0,0.125,0
205007,12409,0,0.090909,0
142661,19048,0,0.25,0
29630,34557,0,0.333333,0
71482,45064,1,1.0,1
138875,24964,0,0.142857,0
102539,12341,0,0.5,0
150919,2240,0,0.083333,0
41185,49683,0,0.2,0
122426,28682,0,1.0,1
73206,48925,0,0.25,0
155291,11136,1,0.5,0
158372,23579,0,0.5,0
121968,14161,0,0.5,0
49508,29623,0,0.090909,0
200214,38689,0,1.0,1
181305,6184,1,1.0,1
140292,20964,0,0.014085,0
105002,21508,0,0.166667,0
83752,46842,0,0.2,0
84340,34126,0,0.076923,0
20887,43488,0,0.166667,0
85351,39182,0,0.25,0
144865,11968,0,0.111111,0
8925,44910,0,0.0625,0
14208,3020,0,0.333333,0
137946,32446,0,0.25,0
23219,36777,0,0.166667,0
78223,17872,0,0.083333,0
30137,18027,1,0.5,0
161649,5646,1,0.5,0
154235,10749,0,1.0,1
186363,43654,0,0.0625,0
61067,41540,0,1.0,1
40235,22678,0,0.166667,0
88441,18362,1,0.2,0
130326,22802,1,1.0,1
185815,41621,0,0.076923,0
199884,6187,0,1.0,1
15242,2295,0,0.111111,0
49917,1447,0,0.25,0
83780,16859,0,0.2,0
164723,18587,0,0.05,0
140183,39040,0,0.058824,0
112036,37646,0,0.142857,0
140375,28628,0,0.1,0
36781,43647,0,1.0,1
4262,34969,0,0.333333,0
50,40709,0,0.025,0
52478,6615,0,0.2,0
891,40310,0,0.1,0
14201,13629,1,1.0,1
141305,26384,0,0.166667,0
34356,45063,0,0.142857,0
11904,26115,0,0.058824,0
57119,47877,1,1.0,1
5016,4920,0,1.0,1
115325,1214,0,0.2,0
153640,29447,0,0.333333,0
41703,8169,0,0.166667,0
84411,2053,0,0.02381,0
11330,32964,0,1.0,1
67086,13198,0,0.027027,0
128606,36923,0,0.5,0
41485,4920,0,1.0,1
188507,49247,0,0.2,0
137274,35561,0,0.1,0
175841,36872,0,0.083333,0
29543,47601,0,0.021739,0
183129,11452,0,0.012195,0
153097,5002,0,0.090909,0
91610,24867,0,0.083333,0
78110,45613,0,0.2,0
123000,31663,0,1.0,1
78724,44632,0,0.333333,0
145272,41352,0,0.166667,0
9451,19240,0,0.25,0
32998,43829,0,0.125,0
129191,6104,0,0.333333,0
127161,27356,0,1.0,1
28481,4495,0,0.5,0
101279,33462,0,0.2,0
136097,37141,0,0.071429,0
74840,48179,0,0.013333,0
38377,46676,0,1.0,1
102576,27454,0,0.25,0
102052,15887,0,0.166667,0
185689,18339,0,0.076923,0
202853,28020,0,0.25,0
27210,41316,0,1.0,1
118869,12341,0,0.066667,0
161094,39922,0,0.038462,0
29688,42342,0,0.5,0
39394,3466,0,0.052632,0
195946,24852,0,1.0,1
36740,13874,0,0.011111,0
189432,14032,0,0.2,0
157688,18625,0,0.25,0
168226,13732,0,0.25,0
58647,44422,0,0.25,0
200372,16185,0,0.5,0
198262,6719,0,0.125,0
35061,43519,0,0.010204,0
47044,36736,0,0.166667,0
174134,1999,0,0.5,0
28345,42194,0,0.333333,0
67890,12395,0,0.333333,0
33957,24214,0,0.5,0
80163,38827,0,0.04,0
199195,26709,0,1.0,1
47869,14028,0,0.017857,0
3465,14161,0,0.333333,0
159903,16254,0,0.066667,0
25611,41844,0,1.0,1
138074,29993,0,1.0,1
61603,5077,0,0.166667,0
58245,24964,0,0.2,0
21509,43014,0,0.5,0
73662,31915,0,0.0625,0
132052,36443,0,0.142857,0
20028,39108,0,0.076923,0
21891,8416,0,0.076923,0
59237,8736,0,0.25,0
153025,17283,0,0.25,0
39919,28571,0,0.5,0
2475,12276,0,0.076923,0
41054,29088,0,0.142857,0
94406,6473,0,0.032258,0
203752,22204,0,0.034483,0
190542,44282,0,0.012195,0
184047,31964,0,0.333333,0
25900,9510,0,0.111111,0
281,29650,0,0.033333,0
203523,6111,0,1.0,1
116487,46049,0,0.2,0
11588,781,0,0.013158,0
13781,6828,0,0.166667,0
199780,21527,0,0.1,0
154513,25569,0,1.0,1
90763,1217,0,0.333333,0
30559,35242,0,0.043478,0
96192,4210,0,1.0,1
126217,44566,0,0.5,0
142150,11323,0,0.04,0
81603,48356,0,0.142857,0
19063,16127,0,0.0625,0
201831,47526,0,0.25,0
124110,9128,0,0.125,0
183158,49448,0,0.166667,0
110141,5161,0,0.020833,0
124178,3682,0,0.083333,0
102018,34050,0,0.2,0
127837,38684,0,0.076923,0
139820,14922,0,0.1,0
114111,13646,0,0.333333,0
92604,33871,0,0.166667,0
37995,25753,0,0.04,0
85072,1919,0,0.043478,0
100737,1347,1,0.5,0
51480,45200,0,0.071429,0
131526,9741,0,0.25,0
91377,47042,0,0.066667,0
184847,33731,0,0.055556,0
190887,37646,0,1.0,1
176870,28199,0,0.111111,0
41906,45544,0,1.0,1
3580,37766,0,0.2,0
25871,7346,0,0.5,0
77410,1819,0,0.052632,0
12764,44632,1,0.5,0
83508,30482,0,1.0,1
158142,25242,0,0.058824,0
38400,18918,0,0.5,0
58102,9327,0,0.1,0
14800,27801,0,1.0,1
20906,22144,0,0.142857,0
97821,11865,0,0.032258,0
181317,32237,0,0.047619,0
52449,44878,0,0.083333,0
166282,10749,0,0.333333,0
112343,21903,1,1.0,1
125364,24810,0,0.2,0
187748,27663,0,0.013889,0
189338,4269,0,0.111111,0
108162,39465,0,0.333333,0
143175,46434,0,0.2,0
205219,49113,0,0.2,0
29387,13176,0,0.017544,0
7314,16147,0,0.083333,0
145001,25659,0,0.166667,0
61597,2966,0,0.166667,0
184942,26369,0,1.0,1
66522,20955,0,0.333333,0
34552,30450,0,0.111111,0
8162,47630,0,1.0,1
180275,16695,0,0.025641,0
113138,9849,0,0.5,0
72571,11614,0,0.041667,0
2311,30482,0,0.5,0
158554,7999,0,0.2,0
97699,39794,0,0.014493,0
95069,27344,0,1.0,1
16579,44375,0,1.0,1
9694,13139,0,0.083333,0
132115,21914,0,0.0625,0
13216,34214,0,0.166667,0
1264,38777,0,0.035714,0
138212,27966,0,0.02,0
146203,21131,0,1.0,1
15012,32700,1,1.0,1
146819,14852,0,0.333333,0
41205,47626,0,0.047619,0
20962,30391,0,0.076923,0
164123,28842,0,0.25,0
190354,16664,0,0.2,0
148184,19660,0,0.0625,0
14564,5068,0,0.25,0
101394,29079,0,0.041667,0
104400,18411,0,0.5,0
9628,12260,0,0.038462,0
19794,14811,0,0.125,0
128808,6740,0,0.055556,0
160961,8518,0,0.25,0
49778,31338,0,0.047619,0
7006,25466,1,1.0,1
205357,47672,0,0.333333,0
64246,38751,0,0.090909,0
117410,23764,0,0.2,0
111864,4562,0,0.333333,0
203523,19938,0,0.020408,0
70648,42318,0,0.5,0
49201,9337,0,0.030303,0
58745,3397,0,0.166667,0
78866,9755,0,0.043478,0
194234,34243,0,0.25,0
78785,36900,0,0.1,0
37933,190,0,0.055556,0
199619,23782,0,0.333333,0
89577,45104,0,0.076923,0
28029,45771,0,0.142857,0
62824,40660,0,0.083333,0
67689,4357,0,0.066667,0
167997,18918,0,0.111111,0
37665,45671,0,1.0,1
188013,44142,0,0.066667,0
102632,29007,0,1.0,1
110358,26384,0,0.2,0
56198,5134,0,0.25,0
53096,5746,0,0.090909,0
183470,26209,0,0.071429,0
107972,21810,0,0.022222,0
151778,44359,0,1.0,1
95780,28842,1,0.5,0
188514,19611,0,0.142857,0
127622,43154,0,0.166667,0
14470,8021,0,0.2,0
1246,22210,0,0.071429,0
130082,46720,0,0.047619,0
2886,17981,0,0.333333,0
170318,13176,0,0.5,0
70409,44688,0,1.0,1
168164,17264,0,0.5,0
48897,15261,0,0.011628,0
132559,33129,0,0.1,0
147047,36865,0,0.333333,0
7069,3550,0,0.047619,0
132958,16696,0,1.0,1
163914,31717,0,0.166667,0
162921,13870,0,0.014493,0
186653,38849,0,0.5,0
197897,27966,0,0.5,0
5296,48204,0,0.010753,0
25253,47626,0,0.333333,0
36781,16154,0,0.5,0
12435,12169,0,0.04,0
61807,5467,0,1.0,1
135843,9092,0,0.25,0
121990,14429,0,1.0,1
14293,37029,1,1.0,1
185909,20280,0,0.25,0
41603,16748,1,1.0,1
135386,47766,0,0.2,0
66304,25146,0,1.0,1
71762,43758,0,0.066667,0
183303,24759,0,1.0,1
152146,1940,0,1.0,1
131203,3762,0,0.045455,0
126551,31506,0,1.0,1
131690,36591,0,0.5,0
86962,39812,0,0.333333,0
136649,44142,0,1.0,1
100205,27959,0,0.333333,0
151986,4605,0,0.333333,0
125780,39097,0,0.041667,0
39583,22825,0,1.0,1
131093,31790,0,0.052632,0
180273,34295,0,0.125,0
8683,7632,0,0.25,0
10425,12232,0,0.166667,0
169640,16174,0,0.090909,0
151158,13032,0,0.333333,0
185537,9284,0,0.090909,0
183101,18751,0,0.125,0
196138,24184,0,0.5,0
26447,18286,0,1.0,1
71198,21137,0,0.5,0
4405,19218,0,0.333333,0
24081,23322,0,0.052632,0
188221,40758,0,0.166667,0
160961,4062,0,0.043478,0
175365,23622,0,0.058824,0
20779,21137,1,0.166667,0
65149,46785,0,0.066667,0
65294,9018,0,1.0,1
108003,47875,0,0.047619,0
203404,38248,0,0.25,0
63144,12395,0,0.111111,0
94059,43154,0,1.0,1
80603,34594,0,0.037037,0
46753,26800,0,1.0,1
67941,14881,0,0.05,0
150050,21953,0,0.111111,0
10538,14837,0,0.2,0
195032,1380,1,1.0,1
192085,30975,0,0.083333,0
201456,31506,0,0.333333,0
88017,22935,0,0.125,0
78110,744,0,0.2,0
61169,49621,0,0.333333,0
135247,39475,0,0.047619,0
185360,24852,0,0.083333,0
191563,9142,0,0.166667,0
143769,9092,0,0.25,0
39508,21573,1,0.047619,0
51813,17264,0,0.076923,0
91789,17518,0,0.2,0
61605,13400,0,0.142857,0
193074,38647,0,0.111111,0
175040,35140,0,0.5,0
139205,29734,0,0.111111,0
181210,46575,0,0.2,0
101954,26369,0,0.25,0
160951,19348,0,1.0,1
118974,47601,0,0.333333,0
59817,46059,0,0.333333,0
28345,28785,1,0.026316,0
167689,397,0,0.041667,0
2396,10909,0,0.022727,0
3298,45007,0,0.04,0
96824,10807,0,0.25,0
31119,23181,0,0.032258,0
69252,7515,0,0.0625,0
40440,48071,0,0.142857,0
177650,21347,0,0.5,0
42124,45007,0,0.333333,0
77937,7911,0,0.5,0
6417,47990,0,0.027778,0
78733,17224,0,1.0,1
131979,2512,0,0.058824,0
56262,33276,0,0.083333,0
37973,19678,0,0.5,0
165281,31888,0,0.2,0
109743,11507,0,1.0,1
124806,26209,0,0.125,0
132472,27683,0,1.0,1
193858,48736,0,0.125,0
185638,4086,0,0.058824,0
6672,24830,0,0.071429,0
131108,40944,0,0.071429,0
202408,30604,0,0.166667,0
22133,2947,0,0.142857,0
128372,9290,0,0.032258,0
50583,27845,0,0.166667,0
56343,27328,0,0.1,0
146349,46740,0,0.125,0
107012,11495,0,0.071429,0
42345,28993,0,0.5,0
10246,33548,0,0.25,0
180122,8518,0,0.045455,0
83326,47209,0,0.5,0
93064,1463,0,1.0,1
16152,7413,0,0.0625,0
201449,48079,0,0.25,0
185441,45767,0,0.083333,0
31396,18234,0,0.025,0
125881,31506,0,0.017857,0
152985,22646,0,1.0,1
123608,31717,0,0.038462,0
101557,9839,0,1.0,1
98491,43471,0,0.037037,0
85026,16348,0,1.0,1
166425,17704,0,0.111111,0
77987,32935,0,0.125,0
203825,30756,0,0.142857,0
127946,9913,0,0.017857,0
65770,22888,0,0.142857,0
137671,21902,0,1.0,1
156869,25146,0,0.142857,0
190978,32689,1,1.0,1
57800,45633,0,0.2,0
199213,28301,0,0.25,0
30042,21616,0,0.025641,0
125741,11361,0,1.0,1
98953,34556,0,0.25,0
65994,24239,0,0.5,0
179545,16797,0,0.1,0
1912,22719,0,0.1,0
68809,16283,0,0.2,0
130018,4957,1,1.0,1
49791,22935,0,0.125,0
76631,32655,0,0.25,0
120645,43744,0,1.0,1
112445,35132,0,0.111111,0
181452,28842,0,0.142857,0
193391,19051,0,1.0,1
164237,27177,0,0.2,0
37283,1398,0,0.5,0
21305,2965,0,0.052632,0
66286,38382,0,0.166667,0
107159,5233,0,0.5,0
1545,7461,0,0.055556,0
205905,38944,1,0.25,0
192834,11658,0,0.166667,0
148179,30406,0,0.166667,0
115052,44632,0,1.0,1
1424,38159,0,0.023256,0
101409,5415,0,0.25,0
81603,4037,0,0.021739,0
108979,24231,0,0.1,0
60467,432,0,0.5,0
845,421,0,0.2,0
58571,29223,0,1.0,1
96770,5716,1,0.333333,0
164558,21616,0,1.0,1
59405,18987,1,1.0,1
186681,34126,0,1.0,1
184028,29698,0,0.066667,0
94068,46979,0,0.111111,0
102608,1463,0,0.333333,0
111513,21543,0,0.333333,0
1629,35200,0,0.1,0
71767,19519,0,0.076923,0
22377,31076,0,0.076923,0
14523,28745,0,0.5,0
125968,37982,1,1.0,1
153599,13176,0,0.1,0
165041,42265,0,0.25,0
123322,8518,0,0.083333,0
159840,32839,0,0.25,0
180250,21137,0,0.2,0
43836,29989,0,0.333333,0
66285,33198,0,0.05,0
84905,24964,0,0.333333,0
95768,43662,0,0.111111,0
23386,7751,0,0.142857,0
40305,28238,0,0.5,0
124341,1940,0,1.0,1
105204,21553,0,0.083333,0
129262,13733,0,0.333333,0
157113,23594,0,0.25,0
201692,33819,0,0.055556,0
75226,25659,0,0.25,0
112968,28380,0,0.071429,0
58274,11782,0,0.25,0
62355,17794,0,0.045455,0
160245,6933,1,1.0,1
194802,11837,0,0.1,0
37225,44091,0,0.083333,0
163102,15673,0,0.166667,0
58936,46979,0,1.0,1
154631,47439,0,0.111111,0
61197,46802,0,0.05,0
196156,8570,0,0.142857,0
181652,30340,0,0.034483,0
66231,31717,0,0.333333,0
157739,41355,0,1.0,1
65188,33709,0,0.111111,0
168985,23067,0,0.030303,0
12132,11182,0,0.071429,0
128004,25023,0,0.2,0
93893,22035,0,1.0,1
171236,37464,0,0.021277,0
59685,16797,0,0.333333,0
158052,21903,0,0.5,0
21762,20127,0,0.125,0
37122,28204,0,0.333333,0
89513,47345,0,0.035714,0
175833,18418,0,0.25,0
9982,14508,0,0.125,0
87680,40581,0,0.142857,0
116823,23106,1,0.5,0
60078,27610,0,0.04,0
84467,43269,0,1.0,1
34414,16518,0,0.011364,0
77468,30720,0,0.142857,0
18573,8563,0,0.142857,0
178547,22935,0,0.5,0
163828,20889,0,0.1,0
96710,34949,0,0.0625,0
102971,24852,1,0.5,0
66379,1581,0,0.333333,0
17684,6740,0,0.066667,0
132952,13176,0,0.2,0
117788,38763,0,0.333333,0
63373,5876,0,0.125,0
11808,25659,0,0.022727,0
137921,28842,0,1.0,1
8150,790,0,0.333333,0
68257,46627,0,0.028571,0
165534,41950,0,0.5,0
77935,16494,0,0.333333,0
37941,31343,0,0.5,0
42563,16797,0,0.333333,0
13979,28465,0,1.0,1
93676,13640,0,0.2,0
82434,14634,0,0.2,0
57893,30036,0,0.2,0
171358,38293,0,0.142857,0
80553,14084,0,0.2,0
171861,29274,0,0.038462,0
114261,33720,0,0.125,0
172783,28572,1,0.5,0
14856,12481,0,0.333333,0
94406,36316,0,0.090909,0
41039,40186,0,0.1,0
57005,42733,0,0.2,0
16804,24535,0,0.125,0
7264,30406,0,0.111111,0
193896,41055,0,0.090909,0
72827,28842,1,1.0,1
97074,34892,0,1.0,1
15048,16759,0,0.2,0
36647,33647,0,0.043478,0
29473,29176,1,0.5,0
62158,10749,0,0.028571,0
128585,9871,0,1.0,1
155617,39275,0,0.5,0
42087,1321,0,0.166667,0
179353,39216,0,0.125,0
87473,45200,0,0.012658,0
74948,36695,0,0.041667,0
113322,36107,0,0.25,0
136782,17334,0,0.333333,0
183141,11925,0,0.066667,0
42652,878,0,0.142857,0
193721,42193,0,0.5,0
170924,6184,0,0.333333,0
120240,15950,0,0.2,0
82909,47766,1,0.5,0
191012,1804,0,0.017241,0
82227,31477,0,0.25,0
147546,397,0,0.0625,0
49881,3235,0,0.25,0
125609,18159,0,0.166667,0
48306,44008,0,0.333333,0
23174,21777,0,0.090909,0
177274,9092,0,0.25,0
101691,12427,0,0.142857,0
130948,44479,0,0.5,0
116017,24184,0,0.083333,0
151120,5025,0,0.071429,0
184111,7376,0,0.125,0
199327,29617,0,0.05,0
123330,7103,0,0.142857,0
151157,45037,1,0.5,0
15626,44142,0,0.5,0
17162,1556,0,0.028571,0
131505,47672,0,0.083333,0
7718,24852,0,1.0,1
178046,44142,0,0.2,0
19449,47626,0,0.090909,0
202304,46108,0,0.029412,0
140548,1057,0,0.058824,0
159927,34565,0,1.0,1
50352,22935,0,0.166667,0
100519,34134,0,1.0,1
10501,21757,0,0.076923,0
120768,22922,0,0.125,0
24539,40008,0,0.142857,0
444,21938,1,1.0,1
164089,17858,0,0.125,0
132846,49505,0,0.125,0
169468,46294,0,0.04,0
105566,47042,0,0.020833,0
202280,42724,0,0.25,0
28328,48179,0,1.0,1
105019,45840,0,0.142857,0
182898,47626,0,0.333333,0
43734,3318,1,0.071429,0
19882,46656,0,0.25,0
6248,47698,0,0.058824,0
33711,15923,0,0.25,0
157267,9337,0,0.5,0
193650,16696,0,0.047619,0
89679,43961,0,0.333333,0
12325,39242,0,0.027027,0
98456,30406,0,1.0,1
76155,19173,0,0.2,0
205406,40568,0,0.1,0
98868,21506,0,0.0625,0
16840,40278,0,0.166667,0
93703,21709,0,0.5,0
138150,28431,0,1.0,1
100330,47866,0,0.045455,0
36694,24214,0,0.076923,0
151924,34448,0,0.333333,0
32837,8382,0,0.071429,0
15295,45161,0,0.2,0
133546,17468,0,0.090909,0
94838,11068,0,0.04,0
127482,16866,1,0.333333,0
142113,37409,0,0.035714,0
147197,25272,1,1.0,1
118866,45608,0,0.333333,0
88831,32227,0,1.0,1
126101,41787,0,0.2,0
102494,49520,0,1.0,1
2965,44142,0,0.0625,0
167255,32553,0,0.1,0
147244,41096,0,0.076923,0
179968,19653,0,0.111111,0
62838,46346,0,0.020833,0
169728,43295,0,0.111111,0
50796,859,0,0.066667,0
34819,43205,0,0.125,0
131403,48205,0,0.1,0
108519,37047,0,0.333333,0
52493,30635,0,0.111111,0
106142,40706,1,0.333333,0
300,42737,0,0.03125,0
148352,36075,0,0.333333,0
114480,47766,0,1.0,1
114818,26278,0,0.2,0
21936,25086,0,0.166667,0
172210,44560,0,0.5,0
197103,48317,0,0.166667,0
166508,21709,1,0.055556,0
198929,3944,0,0.076923,0
104292,5449,0,0.142857,0
203114,37825,0,0.5,0
96180,14867,0,0.058824,0
170086,14204,1,1.0,1
192384,16797,0,0.083333,0
75853,36326,0,0.125,0
72302,42828,0,0.333333,0
60421,18498,0,0.02381,0
51069,44449,0,0.05,0
11857,48697,0,0.333333,0
91406,35939,0,1.0,1
68050,25087,0,0.111111,0
82633,37557,0,1.0,1
99229,45642,0,0.25,0
28992,42265,0,0.5,0
93252,47156,0,0.142857,0
92149,3616,0,0.142857,0
85952,26911,0,0.029412,0
188561,3464,0,0.333333,0
195058,29311,0,0.1,0
5328,40516,0,0.25,0
28906,24859,0,0.058824,0
105404,691,0,0.166667,0
32916,9076,0,0.5,0
195030,15100,0,0.166667,0
104919,36978,0,0.090909,0
53685,41220,0,0.2,0
5090,34551,0,0.2,0
160117,25146,0,0.25,0
31191,39136,0,0.071429,0
178851,44142,0,0.047619,0
44202,41273,0,0.071429,0
121860,3339,0,0.012658,0
143118,204,0,0.25,0
161094,15162,0,0.04,0
87106,29553,0,1.0,1
59209,10054,0,0.05,0
172469,3865,0,0.2,0
38763,33076,0,0.2,0
1890,5450,0,1.0,1
92521,7500,0,0.013333,0
188224,22922,0,0.111111,0
30982,13176,0,1.0,1
200092,7715,0,0.076923,0
140767,8955,0,0.076923,0
85060,9431,0,0.333333,0
74419,22129,0,1.0,1
81872,32734,0,0.125,0
190891,13176,0,0.125,0
139877,3376,0,0.03125,0
128102,34688,0,0.1,0
148258,29487,0,0.333333,0
169036,20920,0,0.333333,0
34990,21810,0,0.041667,0
62690,21288,0,0.333333,0
167118,9913,0,1.0,1
157730,40723,0,0.25,0
104417,29849,0,0.090909,0
47834,43129,0,0.111111,0
193606,42625,0,0.166667,0
157038,10752,0,0.25,0
54668,7099,0,0.076923,0
5471,3376,0,0.1,0
47076,11599,0,0.028571,0
101279,13765,0,0.125,0
156171,47626,0,0.2,0
104369,11688,0,0.045455,0
81872,15527,0,0.111111,0
193353,15271,0,0.5,0
66000,37358,0,0.142857,0
183512,12456,0,0.2,0
104746,45094,0,0.333333,0
154003,20217,0,0.5,0
156304,7054,0,1.0,1
117806,11087,0,0.083333,0
146565,26471,0,0.071429,0
77807,37634,0,1.0,1
86224,26631,0,1.0,1
45689,7308,0,0.5,0
142687,40604,0,0.5,0
158741,43908,0,0.014925,0
158768,33522,0,0.25,0
12661,40758,0,0.142857,0
149063,45123,1,0.5,0
126533,34449,0,1.0,1
90652,16131,0,1.0,1
137705,27344,0,0.083333,0
200214,44961,0,0.05,0
36404,5451,0,0.333333,0
152296,22070,1,1.0,1
174717,34530,0,0.076923,0
69,45364,0,0.5,0
32440,19767,0,0.125,0
66781,47011,0,0.333333,0
108993,23288,0,0.2,0
185011,39075,0,0.25,0
30094,46049,0,0.5,0
74578,13423,0,0.111111,0
40196,36418,0,0.5,0
84515,17794,0,0.1,0
104894,24100,0,0.166667,0
1656,46041,0,0.2,0
140612,29077,0,0.25,0
1538,7186,0,0.5,0
163925,7381,0,0.142857,0
91178,21511,0,1.0,1
81762,45965,0,0.5,0
99402,48364,0,0.5,0
60862,24841,0,0.052632,0
144696,32360,0,1.0,1
113246,47000,0,0.25,0
91519,3023,1,1.0,1
108245,21385,1,0.333333,0
126800,23765,0,0.125,0
104920,9547,0,0.25,0
205140,24852,0,1.0,1
84755,21288,0,0.25,0
124885,7019,0,0.083333,0
8418,27683,0,0.111111,0
146047,18986,0,0.02381,0
26785,46729,0,0.5,0
162612,34993,0,0.05,0
161240,20658,0,0.333333,0
200960,37646,0,1.0,1
40128,260,0,0.090909,0
120226,21863,0,0.090909,0
60716,22849,0,0.017544,0
78334,3957,0,0.125,0
138722,40706,0,1.0,1
24940,23607,0,0.166667,0
204759,19691,0,0.2,0
177544,18471,0,0.333333,0
201640,3732,0,0.166667,0
190623,35108,0,0.25,0
181892,47672,0,0.2,0
191368,39877,0,0.029412,0
137494,7821,0,0.25,0
52196,6567,0,0.022727,0
55027,12479,0,0.5,0
128068,35986,0,0.038462,0
174624,46595,0,0.166667,0
80639,42110,0,0.125,0
90112,31766,1,0.25,0
165879,4897,0,0.2,0
160527,22034,0,1.0,1
92574,20520,0,1.0,1
168320,20192,0,0.5,0
200475,39475,0,0.333333,0
193764,36735,1,0.5,0
203546,32413,1,1.0,1
184215,16797,0,0.018868,0
133866,21288,0,0.1,0
148836,46022,0,0.142857,0
69652,27104,0,0.066667,0
91345,44987,0,0.083333,0
78240,5884,0,0.032258,0
53976,38291,0,0.055556,0
21528,2151,0,0.25,0
162077,7485,0,0.125,0
204499,37276,0,0.2,0
17983,18465,0,0.052632,0
27944,10749,0,1.0,1
2357,28934,0,0.125,0
50174,49533,0,0.052632,0
105939,44728,0,0.5,0
183865,25072,0,0.125,0
25982,46979,0,0.052632,0
167599,40991,0,0.111111,0
6865,17157,0,0.25,0
70598,45123,0,0.111111,0
136696,37468,0,0.166667,0
32860,42768,0,0.029412,0
106704,36523,0,0.1,0
178556,1382,0,1.0,1
179438,5710,0,0.090909,0
183860,19459,1,0.333333,0
64529,27683,1,0.5,0
47549,14364,0,0.1,0
91766,31506,0,0.2,0
107778,3826,0,1.0,1
56117,10312,0,1.0,1
99167,40571,0,0.047619,0
116387,22035,0,0.25,0
100919,28204,0,1.0,1
130102,40516,0,1.0,1
23168,32047,0,0.125,0
35061,49324,0,0.125,0
198273,35124,0,0.2,0
180353,7559,0,0.090909,0
133262,33043,0,0.142857,0
63204,39947,0,1.0,1
159797,24561,1,1.0,1
119024,4261,0,0.055556,0
45638,22469,0,0.111111,0
136874,45633,0,1.0,1
37596,5854,0,0.111111,0
85352,1025,0,0.2,0
30854,28733,0,1.0,1
31945,35510,0,0.333333,0
110159,48278,0,0.076923,0
122343,13911,0,0.041667,0
157975,8193,0,0.052632,0
100789,45860,0,0.142857,0
31484,16994,0,0.058824,0
2077,34129,0,1.0,1
188684,48017,0,0.125,0
20566,24830,0,0.166667,0
101713,42356,0,0.166667,0
89168,21249,0,0.25,0
118868,10108,0,0.2,0
92873,4920,0,0.5,0
66193,25804,0,0.5,0
106865,5785,0,0.090909,0
157523,13380,0,0.1,0
151253,24852,0,0.333333,0
15792,36606,0,0.047619,0
203801,49683,0,0.2,0
141791,14897,0,0.5,0
152103,33642,0,0.090909,0
38382,37192,0,0.333333,0
69766,31394,1,0.2,0
102254,47209,0,0.111111,0
165246,2175,0,0.083333,0
56629,24382,0,0.090909,0
119636,45258,0,0.043478,0
106093,20323,0,0.052632,0
199619,22882,0,0.03125,0
88460,47990,0,0.090909,0
29396,44408,0,0.066667,0
57343,26668,0,0.041667,0
34531,39812,0,0.071429,0
17036,28204,0,0.111111,0
5641,66,0,0.125,0
44842,47766,0,0.083333,0
42358,24734,0,0.125,0
82692,27978,0,0.1,0
98410,19862,0,0.2,0
124464,46522,0,0.058824,0
111486,40919,0,0.111111,0
78947,19173,0,0.25,0
172768,594,1,0.25,0
171386,29397,0,0.5,0
45565,20119,0,1.0,1
97101,47993,0,0.5,0
13774,6343,0,0.333333,0
95572,35650,0,0.25,0
26475,38228,0,0.125,0
3894,27325,0,0.2,0
112988,39984,0,1.0,1
65061,13629,0,0.111111,0
18449,39561,0,0.083333,0
65157,41351,0,0.041667,0
156304,40174,0,0.045455,0
8090,48310,0,0.25,0
199619,5456,0,0.043478,0
129674,46903,0,1.0,1
179424,33754,0,0.033333,0
56736,5782,1,0.333333,0
169636,11007,1,1.0,1
42430,33812,0,0.083333,0
206037,20734,0,0.090909,0
175465,40706,1,0.5,0
63477,10305,0,0.166667,0
96418,37053,0,0.333333,0
32922,49139,0,0.1,0
41764,6184,1,0.333333,0
192130,28785,0,0.04,0
108465,17741,0,0.5,0
200536,3384,0,0.083333,0
98755,5373,0,0.1,0
70048,28842,0,0.043478,0
35880,21019,0,0.333333,0
136940,7948,0,0.1,0
204524,14742,0,0.166667,0
173551,24518,0,0.2,0
33189,40706,0,0.5,0
57026,9358,0,1.0,1
190012,18880,0,0.25,0
106708,1891,0,0.030303,0
96770,7419,0,0.04,0
166291,44855,0,0.125,0
89795,36064,0,0.5,0
154762,37738,0,0.333333,0
40422,31066,0,0.083333,0
35404,3896,1,0.333333,0
74156,33493,0,0.2,0
134984,30233,0,1.0,1
171557,37490,0,0.018868,0
173850,32691,0,0.011905,0
119424,34497,0,0.090909,0
55284,36351,0,0.076923,0
129843,46676,0,0.076923,0
198183,23484,0,0.047619,0
140381,4920,0,0.166667,0
58982,32563,1,0.2,0
14641,18828,0,0.142857,0
57343,7948,0,0.066667,0
12146,22935,0,0.166667,0
131791,40877,0,0.066667,0
134754,36956,0,0.333333,0
36226,33462,0,0.333333,0
26613,32538,0,0.333333,0
132579,28829,0,0.071429,0
60119,27865,0,1.0,1
129390,11136,0,0.2,0
43156,28579,0,0.125,0
177403,42944,0,1.0,1
144160,41290,0,0.04,0
139231,43961,0,0.111111,0
48136,47626,0,0.2,0
203013,13176,0,0.333333,0
70671,13629,0,0.2,0
168282,21903,0,0.5,0
124110,31683,0,0.020833,0
58308,24852,1,1.0,1
61311,45246,0,0.022222,0
157028,44422,0,0.333333,0
86099,37067,1,0.5,0
139086,4329,0,0.052632,0
114558,17122,0,0.071429,0
10427,23594,0,1.0,1
195061,6549,0,0.5,0
203924,15485,0,0.090909,0
57695,17734,0,0.333333,0
135571,26679,0,0.2,0
120157,35430,0,0.083333,0
185883,5477,0,0.066667,0
13922,4787,0,0.2,0
199669,24184,0,0.090909,0
60430,20995,0,0.052632,0
78073,41238,0,0.1,0
12612,3836,0,0.5,0
138246,37524,1,1.0,1
110809,19348,0,0.5,0
124737,10193,0,0.142857,0
134691,5913,0,0.076923,0
66256,34,0,0.333333,0
129806,21783,0,1.0,1
28481,45177,0,0.5,0
89681,28289,0,1.0,1
150285,8277,0,0.333333,0
83157,35939,0,0.041667,0
118879,13304,0,0.333333,0
76295,22247,0,0.021739,0
154341,41149,0,0.2,0
10440,28985,1,0.5,0
50644,3172,0,1.0,1
74094,8204,0,0.055556,0
193409,40587,0,1.0,1
59225,11078,0,0.023256,0
73662,32177,0,0.25,0
22779,43295,1,0.5,0
137930,47492,0,0.025,0
32421,26138,0,0.5,0
32597,9434,0,0.071429,0
22591,40120,0,0.5,0
88250,29672,0,0.111111,0
182839,22227,0,0.030303,0
91565,5077,0,1.0,1
86434,12204,0,0.25,0
107914,3991,1,1.0,1
27017,27471,0,0.111111,0
156614,48109,0,1.0,1
69580,9808,0,0.5,0
110404,48241,0,0.166667,0
182308,31338,0,0.1,0
29088,1217,0,0.5,0
115537,4920,1,1.0,1
170970,5876,0,0.1,0
148228,11512,0,1.0,1
136097,34673,0,0.333333,0
73755,23405,0,0.5,0
70463,43295,0,0.037037,0
36690,6948,0,0.055556,0
37462,10032,0,0.166667,0
199421,148,0,0.076923,0
169064,274,0,0.017857,0
15235,605,0,0.2,0
49131,32864,0,0.04,0
181460,30117,0,0.142857,0
62430,26606,0,1.0,1
86297,9604,0,0.04,0
51853,15438,0,0.038462,0
205363,24852,1,1.0,1
146951,27796,0,0.111111,0
131482,35217,0,0.142857,0
82173,2497,1,0.5,0
125128,20955,1,0.333333,0
20289,26369,0,0.5,0
98614,12212,0,0.076923,0
12740,21010,0,0.055556,0
170099,40696,0,0.041667,0
53303,20126,0,1.0,1
203507,1678,0,0.333333,0
79767,47379,0,0.083333,0
195948,27104,0,0.25,0
11146,21614,1,1.0,1
27741,5908,0,0.333333,0
2156,26209,0,0.5,0
118529,19505,0,1.0,1
50418,29650,0,0.125,0
29915,48745,0,0.5,0
83655,23360,0,0.5,0
2970,16349,0,0.083333,0
25290,9561,0,0.025,0
131246,581,0,0.1,0
145386,28199,0,1.0,1
59784,38456,0,0.5,0
18937,39275,0,0.333333,0
50863,38154,0,0.333333,0
197081,47766,0,0.017857,0
59274,13176,1,1.0,1
40231,45834,0,0.333333,0
103742,43768,0,0.142857,0
73769,24964,0,0.25,0
81783,21938,0,0.333333,0
196374,44359,0,0.018182,0
184780,4142,0,0.142857,0
65369,42216,0,0.071429,0
1360,24184,0,0.333333,0
25245,26094,0,0.5,0
25276,9322,0,0.014286,0
197103,48720,0,0.333333,0
131723,21929,0,1.0,1
132123,27022,0,0.25,0
117426,33543,0,0.032258,0
7911,21195,0,0.041667,0
16945,18908,0,0.090909,0
99173,39475,0,1.0,1
62792,22025,0,0.066667,0
168456,12703,0,0.019608,0
98386,24850,0,0.04,0
181081,46662,0,0.142857,0
146796,11629,0,0.052632,0
169284,1406,0,0.083333,0
191789,12016,0,0.25,0
141982,26172,0,0.090909,0
2449,6878,0,0.25,0
205947,890,0,0.333333,0
95399,4966,0,0.111111,0
201371,29848,0,1.0,1
118626,18625,0,0.1,0
89607,15200,0,0.333333,0
24989,47766,0,1.0,1
64131,45747,0,0.25,0
160171,6046,0,0.111111,0
188235,49683,0,0.142857,0
122352,24946,0,0.076923,0
101496,31102,0,0.071429,0
58040,38456,0,0.020833,0
232,70,0,0.125,0
121333,27521,1,1.0,1
170366,35752,0,0.5,0
76115,260,0,0.047619,0
197865,12545,0,0.333333,0
201572,38456,1,0.25,0
60476,38928,0,0.066667,0
56162,27796,0,0.5,0
51116,40663,0,1.0,1
178236,4421,0,0.066667,0
127247,10241,1,1.0,1
79844,13984,0,0.032258,0
8258,24622,0,0.111111,0
191004,5460,0,0.018868,0
100133,35584,0,0.25,0
143627,47766,0,1.0,1
64698,42183,0,0.1,0
126986,22890,0,0.5,0
141564,31196,0,1.0,1
124014,30558,0,0.333333,0
18482,46041,0,0.5,0
95377,25659,0,0.142857,0
162798,14197,0,0.5,0
48245,207,0,0.166667,0
115481,24184,0,0.032258,0
54014,3464,0,0.166667,0
12254,17313,1,1.0,1
5453,13176,1,0.5,0
161649,29007,0,0.25,0
200388,3481,0,0.142857,0
29715,9339,0,0.333333,0
120590,32407,0,0.2,0
159983,27782,0,1.0,1
4802,12872,0,0.142857,0
205721,26493,1,1.0,1
63073,20995,0,0.03125,0
97708,27355,0,0.333333,0
47076,5134,0,0.5,0
7543,1582,0,0.5,0
22169,43768,0,0.2,0
69583,9299,0,0.0625,0
23591,39432,0,0.066667,0
198933,6201,0,1.0,1
127757,45835,0,1.0,1
156953,22950,0,0.090909,0
15192,18471,0,0.142857,0
127773,3648,0,0.035714,0
32319,36813,0,0.083333,0
54915,18180,0,0.058824,0
80090,7898,0,0.111111,0
84758,10795,0,0.1,0
74081,10885,0,0.333333,0
17521,13733,0,0.2,0
52123,22035,0,1.0,1
85682,41220,0,0.25,0
113877,47668,0,0.25,0
66183,26495,0,0.166667,0
110774,28985,0,0.05,0
51063,21846,0,0.076923,0
164262,32656,0,0.1,0
115200,30696,0,0.5,0
75791,15134,0,0.333333,0
193785,21663,0,0.5,0
39006,9177,0,0.166667,0
142345,20842,0,0.111111,0
196540,38444,0,0.333333,0
172755,24852,0,0.333333,0
145444,44449,0,0.166667,0
151994,30524,0,0.076923,0
134947,25903,0,0.333333,0
10105,15290,1,1.0,1
180198,16797,0,1.0,1
52721,15861,0,0.038462,0
170970,9906,0,0.0625,0
167076,47144,0,0.166667,0
190070,44229,0,0.016393,0
156674,28413,0,0.25,0
122502,41588,0,0.142857,0
163507,35195,0,0.25,0
144800,11130,0,0.033333,0
76860,29926,0,0.071429,0
139869,27845,0,0.5,0
108464,21709,0,1.0,1
155838,27055,0,0.25,0
13227,43957,0,0.333333,0
21463,26620,0,0.071429,0
198789,31992,0,0.2,0
77777,7177,0,0.125,0
37059,34217,1,1.0,1
159407,15495,0,0.0625,0
144023,20127,0,0.029412,0
84337,46104,0,0.25,0
11224,22150,0,0.333333,0
190513,45007,1,1.0,1
53200,33015,0,1.0,1
35763,16257,0,0.5,0
19336,41073,0,0.125,0
132713,33206,0,0.166667,0
6448,26419,0,0.017857,0
144211,38456,0,0.25,0
53343,34262,0,0.028571,0
97409,22247,0,0.5,0
145674,32251,0,1.0,1
14097,5876,0,0.071429,0
22510,30305,0,0.02,0
32014,1485,0,0.25,0
159975,43654,0,0.25,0
124132,36070,0,0.058824,0
77459,7054,0,0.333333,0
134598,12406,0,0.05,0
181108,36425,0,0.333333,0
173580,27196,1,0.333333,0
189455,25762,0,0.25,0
128973,33731,0,1.0,1
39023,3382,0,0.083333,0
93045,46654,0,0.047619,0
176000,10151,0,0.5,0
132958,27730,0,0.333333,0
25192,27104,0,0.5,0
58384,22656,0,0.066667,0
159563,9387,0,1.0,1
110400,12033,0,0.5,0
127525,2022,0,0.125,0
112176,18444,0,0.2,0
25440,32537,0,0.076923,0
64470,12044,0,0.25,0
145114,26497,0,0.111111,0
197007,34216,0,0.02439,0
102064,21292,0,0.333333,0
4144,4388,0,0.5,0
64138,43504,0,0.076923,0
26533,14651,0,0.1,0
98867,5566,0,0.058824,0
194011,39491,0,0.1,0
15229,27171,0,0.028571,0
101250,25824,0,0.041667,0
70809,1261,1,1.0,1
37995,6992,0,0.111111,0
120290,20842,0,0.090909,0
137684,6576,0,0.5,0
104244,10388,0,0.029412,0
19141,34243,0,0.05,0
122210,43829,0,0.2,0
116085,24759,0,0.2,0
81,11365,0,0.142857,0
60119,17949,0,0.5,0
34542,6348,0,1.0,1
100869,46802,0,1.0,1
102199,48144,0,0.25,0
161831,39561,0,0.5,0
142746,45007,0,0.5,0
165505,12312,0,0.076923,0
152668,44625,0,0.333333,0
7103,31471,0,0.066667,0
121370,43961,0,0.2,0
5971,15937,0,0.013158,0
159004,48679,0,0.25,0
99495,5240,0,0.015873,0
113429,23909,0,0.25,0
71051,44948,0,0.166667,0
182069,30489,0,0.333333,0
154562,16759,0,0.166667,0
2228,9774,0,0.5,0
105204,22782,0,0.03125,0
139691,7559,0,0.142857,0
63285,43192,0,0.090909,0
44715,47759,0,0.111111,0
31716,37051,0,0.333333,0
110312,15008,0,0.2,0
187984,32959,0,0.027778,0
138528,17619,0,0.142857,0
177537,44172,0,0.5,0
106819,30727,0,0.25,0
198271,27086,0,1.0,1
120253,20607,0,0.066667,0
203507,39132,0,0.333333,0
91808,19660,0,0.142857,0
191786,7408,0,0.25,0
205982,45161,0,0.333333,0
97595,43488,0,0.055556,0
97011,23165,0,0.5,0
150670,14429,1,0.5,0
10606,18382,0,0.5,0
17806,42736,0,1.0,1
193295,34827,0,0.333333,0
53693,43768,1,0.125,0
104981,19730,0,0.071429,0
43305,29095,0,0.111111,0
203009,7503,0,0.066667,0
184212,24852,0,0.333333,0
178633,9472,0,0.333333,0
46089,34407,0,0.5,0
119884,36107,0,0.5,0
149287,24631,0,0.052632,0
17474,2927,0,0.052632,0
117053,28836,0,0.066667,0
198288,12392,0,0.076923,0
129430,22031,0,0.0625,0
19318,21938,0,0.047619,0
143768,2593,0,0.05,0
18505,19068,1,0.5,0
154231,17634,0,0.111111,0
105626,21616,0,0.025,0
95428,5438,0,0.090909,0
50326,42265,0,0.058824,0
166973,29392,0,0.166667,0
203343,38456,0,0.111111,0
29108,990,0,0.333333,0
38582,1176,1,0.25,0
120029,37317,0,0.166667,0
185278,35206,0,0.166667,0
95558,1313,0,0.25,0
26145,38567,0,0.090909,0
61581,26346,0,0.5,0
194709,40354,0,0.125,0
106231,37940,0,0.333333,0
98830,19895,0,1.0,1
204200,44786,0,0.142857,0
107608,47766,0,0.013158,0
4512,5353,0,0.25,0
146047,22414,0,0.037037,0
13190,21213,0,0.166667,0
147841,14332,0,0.142857,0
202516,45593,0,0.166667,0
134216,45125,0,0.1,0
88996,19559,0,0.04,0
143687,31528,0,0.5,0
106450,39180,0,1.0,1
104373,5251,0,0.5,0
157488,9839,0,0.333333,0
115665,11945,0,0.5,0
104904,13733,0,0.111111,0
92196,20973,0,0.333333,0
126425,8277,0,0.083333,0
51322,29926,0,0.142857,0
78879,40604,0,0.058824,0
137356,31343,0,0.142857,0
96422,13838,0,0.333333,0
25978,1883,0,0.166667,0
33101,25498,0,0.2,0
2984,19678,0,0.142857,0
63375,23375,0,0.166667,0
139495,47547,0,0.027027,0
65369,27548,0,0.1,0
70278,36766,0,0.013699,0
88281,3464,0,0.047619,0
22069,10246,0,0.142857,0
132916,25533,0,0.333333,0
195765,29565,0,0.111111,0
167730,4562,0,0.25,0
190457,22236,0,0.25,0
196413,30391,0,0.1,0
25208,41540,1,1.0,1
54245,6047,0,0.029412,0
70048,36695,0,0.071429,0
157847,24279,1,0.25,0
84403,18963,0,0.0625,0
48125,12118,1,1.0,1
12249,20583,0,0.2,0
13595,6691,0,0.333333,0
182757,22827,0,0.5,0
133617,2657,0,1.0,1
100123,8174,0,0.071429,0
103003,18362,0,0.083333,0
108939,24099,0,0.035714,0
146886,23775,0,0.111111,0
178214,8571,0,1.0,1
14051,7559,0,0.166667,0
104570,1446,0,0.166667,0
95374,43960,0,0.5,0
85970,43789,0,0.166667,0
81300,27548,0,1.0,1
27648,8424,0,0.1,0
134756,47144,0,0.125,0
172153,34049,0,0.2,0
106502,29926,0,0.333333,0
120865,41665,0,0.043478,0
195338,9430,0,0.142857,0
97473,4071,0,0.111111,0
134045,46979,0,0.333333,0
124347,17794,0,0.142857,0
103553,30561,0,0.333333,0
73579,49416,0,0.142857,0
179375,14862,0,0.111111,0
54158,45104,0,0.5,0
62242,28560,0,0.25,0
66823,33198,0,0.076923,0
197668,30776,0,0.25,0
90924,49026,0,1.0,1
12663,28613,0,0.5,0
140340,44570,0,0.333333,0
4722,20463,0,0.142857,0
36486,3798,0,0.25,0
50294,24964,0,0.2,0
37773,32020,0,0.5,0
132872,25352,0,0.025,0
86130,23645,0,0.5,0
75961,20842,0,0.058824,0
26107,48481,0,0.5,0
57573,29311,0,0.5,0
203523,25623,0,0.018519,0
21184,6047,0,1.0,1
11799,12741,0,0.125,0
149542,37825,0,0.142857,0
198103,17224,0,0.052632,0
80428,49235,0,0.125,0
81703,19449,0,0.166667,0
169903,27791,0,1.0,1
182327,45007,1,0.111111,0
77072,5771,0,1.0,1
152763,36789,0,0.030303,0
49200,27105,0,0.012658,0
113016,26620,0,0.0625,0
59156,17789,0,0.111111,0
21267,35440,0,1.0,1
108341,13870,0,1.0,1
73214,21850,0,1.0,1
53925,39332,0,1.0,1
193254,23734,0,0.333333,0
199669,12206,0,0.125,0
18332,47042,0,0.045455,0
184174,12341,1,0.111111,0
65927,945,0,0.028571,0
14231,39275,0,0.076923,0
103189,23233,0,1.0,1
171173,27509,1,1.0,1
39083,5876,0,0.25,0
32282,42701,0,0.142857,0
150741,6457,0,0.25,0
102906,45003,0,0.5,0
134602,27104,0,1.0,1
147816,16290,1,1.0,1
78721,2838,0,0.032258,0
158572,27845,0,0.333333,0
146836,44292,0,0.034483,0
98026,27307,0,0.058824,0
168154,49201,0,0.25,0
19626,44557,1,0.5,0
17817,47990,0,0.333333,0
197558,17946,0,0.166667,0
125420,34448,0,0.142857,0
52643,29223,1,0.5,0
133697,14719,0,1.0,1
117238,34048,0,0.333333,0
135569,12207,0,0.125,0
91826,26604,0,0.090909,0
75126,890,1,0.142857,0
175809,44570,0,0.1,0
125782,13595,0,0.333333,0
163966,39715,0,1.0,1
172673,5684,1,1.0,1
183504,3061,0,0.125,0
189034,31066,0,0.018182,0
145390,35167,0,0.125,0
98867,23405,0,0.066667,0
165308,42241,0,0.076923,0
756,10761,0,0.058824,0
122361,13535,0,0.052632,0
188561,3738,0,0.05,0
145010,4210,0,1.0,1
124681,3023,0,1.0,1
117871,123,0,0.25,0
130262,39415,0,0.066667,0
185702,7916,0,0.333333,0
17474,121,0,0.052632,0
61084,37521,0,0.5,0
81490,34203,1,0.5,0
41137,15617,0,1.0,1
46078,15392,0,0.166667,0
81808,27695,0,0.333333,0
74361,38118,0,1.0,1
11377,27069,0,1.0,1
163308,13176,0,1.0,1
758,16965,0,0.25,0
168450,24427,0,0.071429,0
99344,79,0,0.055556,0
198929,7559,0,0.058824,0
92848,32605,0,0.111111,0
105063,12207,0,0.076923,0
150264,12299,0,0.027027,0
151734,2295,0,0.333333,0
100830,13176,0,0.125,0
77849,47766,1,1.0,1
14153,18881,0,1.0,1
64035,34199,0,0.166667,0
174063,29598,0,0.027027,0
143627,23165,0,0.25,0
132075,19324,0,0.333333,0
57765,42637,0,0.027027,0
181970,39984,0,0.012821,0
44878,22935,0,0.333333,0
113697,21543,0,0.5,0
179438,343,0,0.030303,0
109531,15455,0,0.090909,0
111429,26283,0,0.022727,0
84828,6871,0,1.0,1
157431,28842,0,0.25,0
196064,30707,0,0.166667,0
63426,34584,0,0.333333,0
64981,48309,0,0.045455,0
67438,12638,0,0.166667,0
51353,33957,0,0.1,0
154582,36315,0,0.166667,0
192186,24009,0,0.111111,0
870,46906,0,0.058824,0
49522,27811,0,0.111111,0
192064,47672,0,0.090909,0
125287,14335,0,0.333333,0
155273,11673,0,0.333333,0
22089,47209,0,0.1,0
103344,44359,0,0.5,0
105127,27778,0,0.25,0
92914,14573,0,0.25,0
197581,5020,0,0.125,0
125586,22993,0,0.014085,0
151447,2562,0,0.333333,0
89402,22935,0,0.083333,0
201408,43961,0,0.2,0
133638,15510,0,0.05,0
153345,4605,0,0.25,0
9823,46802,0,0.2,0
143487,10613,0,1.0,1
201135,46916,0,1.0,1
82516,26629,0,0.25,0
121990,46169,0,0.1,0
168855,3583,0,0.5,0
195254,26351,0,0.090909,0
56485,31338,0,0.090909,0
36663,32864,1,1.0,1
69584,46979,0,0.076923,0
164346,11777,0,0.166667,0
60619,45613,0,0.125,0
129016,7021,0,0.2,0
88100,45582,0,0.076923,0
16295,49683,0,0.25,0
159549,36273,0,0.05,0
163195,20955,0,0.5,0
168839,39619,1,1.0,1
155102,3957,0,0.125,0
196704,19057,0,0.090909,0
7718,31717,0,0.1,0
169352,23794,0,0.02439,0
20188,35989,0,1.0,1
69704,27104,0,0.03125,0
4939,24235,0,1.0,1
29227,25623,0,0.125,0
140287,46363,0,0.5,0
169530,25705,0,0.5,0
137423,46616,0,1.0,1
184614,5621,0,0.03125,0
26250,10292,0,0.111111,0
48370,16797,0,1.0,1
204605,18641,0,0.076923,0
150533,19706,0,1.0,1
191180,2350,0,0.071429,0
186448,6177,0,0.020408,0
128933,13176,0,1.0,1
199575,20211,0,0.033333,0
10780,4781,0,0.2,0
136998,34126,0,0.166667,0
138244,11281,0,0.5,0
95265,21070,0,0.25,0
191484,29698,0,0.1,0
70236,11005,0,0.028571,0
16437,14678,0,0.2,0
25507,28713,0,0.5,0
160713,39236,0,0.125,0
121635,12324,0,0.333333,0
8100,48775,0,0.038462,0
38720,26364,0,0.016129,0
119617,13212,0,0.083333,0
176804,21709,0,0.333333,0
84995,47177,0,0.25,0
99698,46149,0,0.2,0
101694,1203,0,0.2,0
92353,39185,0,1.0,1
69949,24964,0,0.5,0
83780,2151,0,0.071429,0
191563,1408,1,0.111111,0
44610,38694,0,0.142857,0
82778,17634,0,0.166667,0
133759,23288,0,0.5,0
179460,38996,0,0.027027,0
71345,29027,0,0.0625,0
110469,34584,0,0.055556,0
7913,25613,0,0.2,0
79789,39921,0,1.0,1
33169,47766,0,0.04,0
54744,29848,0,0.5,0
143672,42557,0,0.5,0
138826,39479,0,0.066667,0
86697,5876,1,1.0,1
164144,24425,1,0.1,0
89162,32773,0,0.2,0
120328,18372,0,0.083333,0
161079,49492,0,0.034483,0
15229,27664,0,0.035714,0
71709,45638,0,1.0,1
42316,26915,0,0.083333,0
187748,14917,0,0.047619,0
84048,19732,0,1.0,1
20494,34690,0,0.125,0
34945,15810,0,0.333333,0
160649,41970,1,1.0,1
151328,36750,0,0.5,0
148686,2359,0,0.071429,0
98760,45586,0,1.0,1
196391,14161,0,0.2,0
50188,23165,1,1.0,1
117575,24852,0,1.0,1
150237,14280,0,0.058824,0
131959,18709,0,0.125,0
141490,5646,0,0.125,0
131677,8277,0,0.071429,0
117762,41544,0,0.2,0
170506,27796,1,1.0,1
193134,49217,0,0.333333,0
116537,12817,0,0.333333,0
52237,13979,0,0.047619,0
94764,28473,0,0.5,0
75584,32689,0,0.020408,0
196174,14381,0,0.022222,0
103599,31351,0,0.038462,0
193291,39408,0,0.125,0
93424,37374,0,0.125,0
137900,20995,1,0.333333,0
112968,40182,0,0.021277,0
94374,22892,0,0.1,0
125128,30731,0,0.05,0
92419,5045,0,0.125,0
38501,19779,0,0.055556,0
165273,42550,0,0.090909,0
74969,48679,0,0.052632,0
30060,5670,0,0.5,0
44814,47365,0,1.0,1
11772,21576,0,0.033333,0
15213,21910,0,0.333333,0
179526,12218,0,0.034483,0
131846,43129,0,0.142857,0
153695,43488,0,0.333333,0
102991,21938,0,1.0,1
72715,46107,0,0.1,0
38910,33942,0,0.25,0
72610,44987,1,1.0,1
188059,20448,0,0.333333,0
27474,3060,0,0.5,0
179268,43692,0,0.333333,0
85088,160,0,0.022727,0
113697,16986,0,0.041667,0
97319,9421,0,0.038462,0
126416,25646,0,0.125,0
131899,6340,0,0.333333,0
14509,24706,0,0.090909,0
89768,44926,0,0.041667,0
129589,27966,0,0.25,0
135298,43961,0,1.0,1
14792,34355,0,1.0,1
101356,45007,0,0.5,0
90884,38274,0,0.111111,0
17980,18880,0,0.5,0
100183,39408,0,0.090909,0
120270,35786,0,0.5,0
141456,28918,0,0.090909,0
158355,40376,0,0.071429,0
124376,16570,0,0.2,0
66304,46572,0,0.1,0
205805,97,0,0.142857,0
32218,48205,0,0.090909,0
177544,18889,0,0.333333,0
150034,31469,0,0.2,0
155490,5025,0,0.125,0
73701,47209,0,0.166667,0
118871,41319,0,1.0,1
9158,26882,0,0.011111,0
26523,47209,0,0.1,0
194262,21137,0,0.25,0
130741,6568,0,0.035714,0
166112,8025,0,0.5,0
168982,26509,0,0.333333,0
72756,23,1,0.5,0
59387,25952,0,0.071429,0
199005,18610,0,0.052632,0
185857,13924,0,0.076923,0
117814,33198,0,0.038462,0
81228,46979,0,0.5,0
183974,21903,0,1.0,1
6,48679,0,0.333333,0
8337,36086,0,0.025641,0
158639,13070,0,0.041667,0
43454,39705,0,0.166667,0
157269,11773,0,1.0,1
18047,7500,0,0.111111,0
143018,33636,0,0.043478,0
3238,39886,0,0.166667,0
114990,28985,0,0.333333,0
177995,31553,0,0.333333,0
160953,46309,0,0.018182,0
167684,46720,0,0.166667,0
137833,46667,0,0.076923,0
130509,7778,1,1.0,1
46993,4472,0,0.142857,0
6274,27999,0,1.0,1
50171,18740,0,0.2,0
117415,8567,0,0.333333,0
52440,39408,0,1.0,1
115621,1890,0,0.333333,0
83634,3988,0,0.2,0
39786,38772,0,0.025,0
60404,37119,0,0.125,0
181981,29418,0,0.017241,0
62239,32197,0,0.014925,0
87746,11520,0,0.25,0
102443,47915,0,0.333333,0
12294,21115,0,0.333333,0
180888,28252,0,1.0,1
177988,22504,0,0.029412,0
179606,33468,0,0.5,0
91519,45645,0,0.125,0
36413,24799,0,0.333333,0
199518,20114,0,0.5,0
52787,349,0,0.333333,0
109805,7401,0,1.0,1
171439,15383,0,0.142857,0
85844,46992,1,0.166667,0
26146,33527,0,0.1,0
125134,5115,0,0.111111,0
142332,19348,0,0.142857,0
162350,31215,0,0.037037,0
107588,31886,0,0.5,0
188128,3855,0,0.111111,0
43927,40931,0,1.0,1
56892,27881,0,0.029412,0
94113,25659,0,0.5,0
94465,10305,0,0.05,0
103890,48205,0,0.066667,0
180610,5093,0,0.5,0
205886,30106,0,0.090909,0
66713,48679,0,0.05,0
28440,6448,0,0.166667,0
76640,13176,1,1.0,1
149159,46558,0,1.0,1
109676,6550,1,0.333333,0
141363,29987,0,0.041667,0
123089,44487,0,0.5,0
50352,27023,0,0.022222,0
199039,8501,0,0.071429,0
193045,26839,0,0.041667,0
151910,29592,0,0.090909,0
61551,35395,0,0.333333,0
51411,45633,0,0.111111,0
81069,32652,0,1.0,1
4316,46567,0,0.25,0
149452,28849,0,0.25,0
69369,41596,0,0.166667,0
73844,6187,0,1.0,1
179511,13984,0,1.0,1
158355,19389,0,0.333333,0
35067,36011,0,0.5,0
24179,4576,0,0.02381,0
28370,36403,0,0.111111,0
34620,32225,0,0.142857,0
53694,5438,0,0.2,0
52410,9020,0,0.0625,0
70356,38890,0,0.025,0
57752,8903,0,1.0,1
183948,27196,0,0.037037,0
97286,9390,1,0.2,0
7483,1999,0,0.333333,0
166942,5876,0,1.0,1
137612,20175,0,0.166667,0
136022,38456,0,0.166667,0
196602,6166,0,0.25,0
109588,43920,0,0.090909,0
191988,24759,0,0.125,0
182612,13733,0,0.333333,0
132836,47766,0,0.333333,0
56622,20738,0,1.0,1
117767,9327,0,0.2,0
108776,47209,0,0.041667,0
121982,39374,0,0.2,0
52618,39877,0,0.090909,0
21045,3098,0,0.034483,0
109625,40571,1,0.1,0
22316,35042,0,0.5,0
125155,13176,0,1.0,1
142986,21506,0,0.25,0
5055,13914,0,0.0625,0
31234,17795,0,0.1,0
113426,43903,0,1.0,1
188679,2780,0,0.125,0
106824,43154,0,0.043478,0
114667,40723,0,0.2,0
164262,14992,0,0.04,0
67012,38662,0,0.111111,0
191944,28199,0,0.166667,0
69402,40396,0,1.0,1
177169,46642,0,0.25,0
76950,39190,0,0.166667,0
205886,38739,0,0.0625,0
163843,3515,0,0.090909,0
139301,29960,0,1.0,1
61128,37374,0,0.5,0
97586,15599,0,1.0,1
65495,8105,0,0.043478,0
41420,18923,0,0.333333,0
11156,34658,0,0.5,0
111094,890,0,0.1,0
148698,33147,0,0.2,0
185127,24184,0,0.5,0
62754,27966,0,0.5,0
141765,43768,0,0.25,0
102110,48679,0,0.055556,0
46257,22935,0,0.166667,0
129201,30233,0,1.0,1
84943,5533,0,1.0,1
145305,47626,0,1.0,1
3244,8006,0,0.2,0
131738,15630,0,0.333333,0
84351,27336,0,0.25,0
39207,21616,0,0.5,0
184627,39117,0,0.25,0
183717,43967,0,1.0,1
89511,8423,0,1.0,1
22234,17592,0,0.1,0
23168,30391,0,0.142857,0
68788,7999,0,0.071429,0
128026,37940,0,1.0,1
197520,15528,0,0.5,0
15767,47904,0,0.2,0
181190,29650,0,0.066667,0
200821,27104,0,0.111111,0
47252,424,0,0.04,0
42454,46979,0,0.2,0
163395,14634,0,0.076923,0
203480,12035,0,0.333333,0
188295,25591,1,1.0,1
117435,45007,0,0.5,0
200404,43920,0,0.25,0
173032,18599,0,0.142857,0
153694,21903,0,0.5,0
47429,18534,0,0.333333,0
118705,26638,0,0.05,0
95464,40063,0,0.142857,0
57621,22753,0,0.012195,0
30497,39216,0,0.25,0
101954,38383,0,0.125,0
107313,46572,0,0.035714,0
46218,4799,0,0.5,0
61101,47439,0,1.0,1
167652,28999,0,0.142857,0
174991,44310,0,0.166667,0
144840,19057,0,0.25,0
183523,47873,0,0.05,0
189391,17836,0,1.0,1
161476,22115,0,0.055556,0
114921,6297,0,1.0,1
188561,24320,0,0.111111,0
91995,25548,0,0.25,0
29351,38051,0,0.090909,0
129824,25340,0,0.041667,0
130732,38200,0,0.333333,0
143558,19660,0,1.0,1
132974,21137,0,1.0,1
21705,41062,0,0.25,0
62988,40571,0,1.0,1
19328,4957,0,0.052632,0
161452,24235,0,0.5,0
175033,14222,0,0.111111,0
23615,40141,0,0.083333,0
67441,22935,0,0.5,0
32052,32190,0,1.0,1
87552,12916,0,0.5,0
191520,17352,0,0.058824,0
87629,1757,0,0.020833,0
163340,9076,0,0.125,0
142863,23666,1,0.333333,0
127202,25926,0,0.333333,0
87804,45066,0,1.0,1
147966,13176,0,1.0,1
24141,5785,0,0.5,0
197880,27086,1,1.0,1
131718,28204,0,0.047619,0
27952,47626,0,1.0,1
24720,9554,0,0.0625,0
185750,45737,0,0.017857,0
183242,35887,0,1.0,1
80779,49174,0,0.111111,0
206079,17794,0,0.025641,0
91929,21513,0,0.038462,0
92451,21978,0,0.066667,0
45465,2441,1,1.0,1
163295,28842,0,1.0,1
194126,12831,0,0.5,0
49987,8048,0,0.2,0
74027,4932,0,0.25,0
143995,37070,0,0.090909,0
53267,32989,0,0.043478,0
129759,46820,0,0.083333,0
50352,43712,0,0.02,0
130955,19046,0,0.111111,0
34823,27104,0,1.0,1
115834,35749,0,0.25,0
90911,2102,0,0.083333,0
58946,41357,0,0.333333,0
205095,16262,0,1.0,1
57621,21367,0,0.125,0
108580,39984,0,1.0,1
21189,8277,0,1.0,1
83420,4562,0,0.2,0
190402,39812,0,1.0,1
199733,33401,0,1.0,1
31226,7781,0,0.5,0
124341,5067,0,0.025641,0
110573,41259,0,0.333333,0
65549,17795,0,0.052632,0
173850,12466,0,0.01087,0
122723,8467,0,1.0,1
52705,26238,0,0.014286,0
192827,40062,0,0.5,0
102349,11512,0,0.5,0
171274,23645,0,0.333333,0
11250,20327,0,0.25,0
159645,34126,0,0.058824,0
12130,5785,0,0.125,0
170682,42736,0,0.25,0
171181,8277,0,0.2,0
183259,26021,0,1.0,1
62669,49655,0,0.142857,0
109942,25043,0,0.066667,0
108250,7150,0,0.111111,0
139495,19048,0,0.035714,0
190400,49615,1,1.0,1
117440,6909,0,0.03125,0
8677,23383,0,0.0625,0
63517,15261,0,0.333333,0
42500,26620,0,0.2,0
156600,13913,0,0.166667,0
205448,8615,0,0.2,0
103484,47766,0,1.0,1
48786,26940,0,0.2,0
143013,24535,0,1.0,1
203504,6287,0,0.333333,0
37059,15405,0,0.333333,0
102199,17259,0,0.058824,0
180909,47144,0,0.25,0
5706,8121,0,0.111111,0
71546,24852,0,1.0,1
41998,24489,0,0.5,0
144517,15537,0,0.333333,0
37357,30480,1,0.5,0
16464,28092,0,0.2,0
153834,3990,0,0.25,0
69583,17871,0,0.058824,0
103009,28289,0,0.076923,0
4192,30450,0,0.0625,0
120890,28597,0,0.142857,0
52888,24964,0,0.2,0
200337,13654,0,0.083333,0
129209,34012,0,0.333333,0
197551,27247,0,0.05,0
61652,19701,0,0.0625,0
7275,40199,0,1.0,1
97461,10441,0,1.0,1
14969,5606,0,0.2,0
204106,10482,0,0.5,0
68121,5184,0,0.083333,0
130098,28902,0,0.038462,0
40527,42736,0,0.1,0
164322,33037,0,0.166667,0
28591,9324,0,0.038462,0
59826,39721,0,0.5,0
199304,22963,0,1.0,1
200439,44310,0,0.25,0
78065,3213,0,0.052632,0
146769,29223,0,0.038462,0
73994,5077,0,1.0,1
147022,34489,0,1.0,1
103217,10246,0,0.028571,0
200167,49683,1,0.25,0
204099,49615,0,0.041667,0
92880,10185,0,0.333333,0
123586,5456,0,0.2,0
129106,44880,0,0.0625,0
56308,22037,0,0.166667,0
170086,46962,0,0.25,0
169124,47877,1,0.25,0
185812,27695,0,1.0,1
145624,28986,0,0.125,0
47737,47672,0,0.014706,0
56262,21863,0,0.1,0
168864,16823,0,0.066667,0
132528,17830,0,0.5,0
189283,13198,0,1.0,1
119985,2562,0,0.5,0
142804,45007,0,1.0,1
50121,14715,0,0.043478,0
89980,8230,0,0.333333,0
148607,38200,0,0.166667,0
172058,26882,0,0.076923,0
83524,47193,0,0.125,0
18120,28199,0,0.142857,0
4007,13176,0,0.166667,0
97773,47144,0,1.0,1
78733,33290,0,0.1,0
144034,48364,0,0.5,0
70278,47803,0,0.25,0
63226,46616,0,0.043478,0
53222,43789,0,0.052632,0
141748,8519,0,0.066667,0
189373,43713,0,0.142857,0
72868,44008,0,0.076923,0
183818,5841,0,0.25,0
192358,33819,0,0.166667,0
127478,45279,0,0.333333,0
95455,49072,0,1.0,1
139877,37011,0,0.022727,0
80428,32156,0,0.055556,0
2420,6889,0,0.090909,0
22169,28798,0,0.333333,0
72194,10831,0,0.166667,0
119095,25197,0,1.0,1
114654,2825,0,0.333333,0
46347,28934,0,0.142857,0
116558,31573,0,0.083333,0
51811,18023,0,0.076923,0
139415,9138,0,0.035714,0
15389,12481,0,0.5,0
146974,47029,0,1.0,1
99767,1543,0,0.111111,0
25974,6991,0,0.333333,0
145213,44910,0,0.015385,0
47727,196,0,0.076923,0
49230,35221,0,1.0,1
15441,29307,0,0.2,0
37881,35217,0,0.25,0
20887,5449,0,0.083333,0
193216,27429,0,1.0,1
102790,7762,0,0.5,0
53307,37739,0,0.125,0
58368,3988,0,0.030303,0
86745,37710,0,0.5,0
62450,13176,1,0.333333,0
127390,28465,0,0.5,0
35155,36848,0,0.142857,0
157314,40436,0,0.2,0
116750,25659,0,0.142857,0
180550,21405,0,0.333333,0
131702,24524,0,1.0,1
154814,12811,0,1.0,1
114229,41865,0,0.012987,0
171540,39993,0,0.0625,0
34630,13176,1,0.333333,0
54549,26250,0,0.333333,0
137331,26209,0,1.0,1
157590,30192,0,0.25,0
104659,1025,0,0.125,0
14321,32655,0,0.052632,0
83652,26497,0,0.333333,0
36605,34969,0,0.5,0
131946,24489,0,0.111111,0
194395,8239,0,0.111111,0
105659,29363,0,1.0,1
158420,13870,0,0.5,0
23808,22425,0,0.027027,0
186227,17725,0,0.019231,0
124187,42315,0,0.058824,0
106527,13083,0,0.25,0
75584,41588,0,0.038462,0
30382,38266,0,0.25,0
13681,2780,0,0.5,0
2921,11773,0,0.111111,0
171216,32256,0,1.0,1
199833,37011,0,0.2,0
57354,1214,0,0.018519,0
25632,6489,0,1.0,1
177927,12481,0,0.166667,0
89905,31506,0,0.055556,0
46485,25544,0,0.25,0
100205,35132,0,0.2,0
110617,42637,0,0.090909,0
124840,23985,1,0.1,0
82945,39812,0,0.2,0
152540,27292,0,0.333333,0
64433,30489,0,0.333333,0
201990,16953,0,0.166667,0
189920,48933,0,0.2,0
35529,3546,0,0.025,0
150789,14332,0,0.03125,0
41205,4428,0,0.038462,0
9158,49215,0,0.125,0
149417,46820,0,0.058824,0
159488,35167,0,0.025641,0
202050,44683,0,0.333333,0
171661,47503,1,0.125,0
108583,43961,0,0.333333,0
166115,42969,0,0.333333,0
98664,12115,0,0.2,0
167584,21850,0,0.166667,0
43718,46802,0,1.0,1
54283,44449,0,0.058824,0
70009,20015,1,1.0,1
119467,19376,0,0.2,0
141331,46802,0,0.021739,0
30599,47366,0,0.2,0
34763,46900,0,0.111111,0
110089,19938,0,1.0,1
108924,45453,0,1.0,1
148256,27012,0,1.0,1
80057,1439,0,0.052632,0
184636,49247,0,0.166667,0
159240,25825,0,1.0,1
148161,28248,0,0.25,0
68743,2635,0,0.076923,0
117684,2864,0,0.166667,0
56199,48812,1,0.5,0
191314,16797,0,0.5,0
77361,41950,0,0.333333,0
133737,24964,0,1.0,1
34606,8594,0,0.333333,0
164904,32585,0,0.066667,0
189293,30214,0,0.142857,0
29444,41213,0,0.333333,0
22255,7325,0,0.034483,0
150269,47209,0,0.033333,0
55229,46820,0,0.045455,0
96038,47042,0,0.055556,0
35169,3020,0,0.0625,0
40907,21137,0,1.0,1
35180,38920,0,0.055556,0
73364,46473,0,0.013158,0
108052,2770,1,1.0,1
42786,34126,0,0.166667,0
82865,10172,0,0.066667,0
163399,33352,0,0.333333,0
149287,26620,0,0.5,0
122781,41290,0,0.026316,0
112943,2974,0,0.1,0
48097,24197,0,0.5,0
31956,20976,0,0.25,0
93308,4461,0,0.125,0
14779,23888,0,0.111111,0
198175,38596,0,0.5,0
112628,9076,0,0.111111,0
44106,18489,0,0.25,0
126159,21903,0,0.058824,0
130561,13198,0,0.090909,0
38828,5876,0,0.2,0
154884,36899,0,0.034483,0
83028,16754,0,0.090909,0
94437,46990,0,0.5,0
128089,33206,0,0.034483,0
7371,45066,0,0.333333,0
197668,13176,0,0.5,0
79231,37425,1,1.0,1
199884,37766,0,0.166667,0
173042,48523,1,1.0,1
73470,45134,0,0.052632,0
119887,32153,0,0.166667,0
141328,14723,0,0.333333,0
23949,2295,0,1.0,1
146643,35547,0,0.5,0
76243,10749,0,0.5,0
111163,15269,0,0.111111,0
42718,34036,0,0.142857,0
114301,25576,0,0.25,0
15286,10199,0,1.0,1
113410,3798,0,0.1,0
128275,13984,0,0.2,0
64319,28985,0,1.0,1
168879,13269,0,0.1,0
39111,46802,0,0.5,0
139561,8744,0,0.166667,0
51747,13977,0,0.2,0
38885,20995,0,0.2,0
82950,23763,0,0.2,0
23997,32655,0,0.142857,0
4892,42404,0,0.142857,0
121090,19003,0,0.025,0
202983,12872,0,1.0,1
167507,29830,0,0.2,0
197683,30011,0,0.0625,0
49002,26486,0,0.333333,0
70443,48808,0,0.028571,0
83885,196,0,0.5,0
19594,47209,0,0.166667,0
192761,23181,0,0.047619,0
146796,24489,0,0.0625,0
151737,16223,0,0.333333,0
182560,7379,0,0.5,0
128169,36183,0,0.071429,0
194432,47209,0,0.022727,0
3871,11408,0,0.333333,0
200152,6184,0,0.05,0
83087,44501,0,0.090909,0
154621,23484,0,0.166667,0
204641,20323,0,0.028571,0
176030,1559,0,0.083333,0
116544,24799,0,1.0,1
11161,49478,0,0.333333,0
37897,24964,0,0.090909,0
160317,40592,0,0.045455,0
40132,34584,0,0.083333,0
50131,31506,0,0.076923,0
125440,41220,0,1.0,1
144504,41950,0,0.0625,0
199115,42500,0,0.055556,0
29113,47357,0,0.2,0
152694,28745,0,0.090909,0
64047,13535,0,0.02439,0
160284,12276,0,0.5,0
19984,48501,0,0.25,0
33388,32864,0,1.0,1
133018,3562,0,0.25,0
200312,31506,0,0.058824,0
124220,26915,0,0.166667,0
185742,47229,0,0.142857,0
104694,5615,0,0.030303,0
130481,12144,0,0.5,0
1025,43713,0,1.0,1
123165,14283,0,0.022727,0
7027,17706,0,0.5,0
106285,10603,0,0.037037,0
118380,44359,0,0.5,0
15379,20114,1,1.0,1
63159,6121,0,0.25,0
71198,1158,0,0.25,0
132594,5250,0,0.111111,0
6122,37940,0,0.111111,0
166191,37646,0,0.076923,0
162475,16363,0,1.0,1
60169,43961,0,0.166667,0
33617,13627,0,0.2,0
109960,26940,0,0.166667,0
113697,23822,0,1.0,1
3485,30489,0,0.166667,0
4460,15683,0,0.2,0
128446,7120,0,0.021739,0
41998,7485,0,0.125,0
62825,11643,0,0.076923,0
101893,37687,0,0.026316,0
132520,13870,0,1.0,1
4663,14477,0,0.071429,0
27942,5502,0,0.5,0
61583,11068,1,0.5,0
198801,7628,0,0.142857,0
191989,27243,0,0.333333,0
117393,1710,0,1.0,1
64047,31766,0,0.111111,0
172714,15751,0,1.0,1
146563,24697,0,0.032258,0
201533,2120,1,0.5,0
107549,13646,0,0.076923,0
118651,46562,0,0.125,0
119400,5708,0,0.333333,0
55017,38236,0,0.25,0
64778,37067,0,1.0,1
68322,31423,0,1.0,1
193659,7358,0,0.05,0
69784,27086,0,0.333333,0
203270,48679,0,0.0625,0
138214,48795,0,0.5,0
127673,37158,0,0.25,0
21936,34974,0,0.083333,0
104825,429,0,0.052632,0
152350,47209,0,0.2,0
150232,16589,1,0.25,0
161629,34358,1,1.0,1
33466,42441,0,0.090909,0
38696,22935,0,0.25,0
67959,31040,0,0.1,0
60425,42768,1,0.25,0
189232,5787,0,0.25,0
65452,17313,0,0.25,0
197317,13798,0,0.25,0
21611,10054,0,0.2,0
29200,2823,0,1.0,1
89520,14159,0,0.2,0
142396,29855,0,0.2,0
84586,47192,0,0.333333,0
25985,26648,0,0.5,0
107981,25196,0,0.071429,0
156460,44359,0,1.0,1
185579,15541,0,0.028571,0
168015,16521,0,0.5,0
35023,30326,0,0.333333,0
22653,37330,0,0.034483,0
4930,37374,0,0.066667,0
150995,44771,0,0.166667,0
8290,1463,0,0.066667,0
201630,44987,0,0.125,0
181218,44328,1,0.5,0
7665,41690,0,0.055556,0
52359,29077,0,0.0625,0
203126,4304,0,0.090909,0
170099,46239,0,0.052632,0
9748,49175,0,0.166667,0
194290,44514,0,0.047619,0
195115,48176,0,0.25,0
154438,8542,0,0.25,0
190600,24954,1,1.0,1
80642,10957,0,1.0,1
114537,14233,0,0.166667,0
147174,28493,0,0.5,0
107992,13083,0,0.5,0
16309,49235,0,1.0,1
205034,8518,0,0.5,0
151081,47672,0,0.2,0
20498,21334,0,1.0,1
68755,46676,0,0.111111,0
145163,260,0,0.071429,0
147244,38049,0,0.071429,0
153976,17572,1,1.0,1
77275,22124,0,1.0,1
83427,3645,0,0.333333,0
95565,19226,0,0.02439,0
40574,19048,0,0.017544,0
84555,32211,0,0.333333,0
23650,21903,1,0.2,0
14153,39411,0,0.071429,0
186696,38273,0,0.125,0
68737,48679,0,0.045455,0
134540,18441,0,0.038462,0
181920,7700,0,0.125,0
105355,42834,0,0.333333,0
74908,47717,0,1.0,1
170131,42265,0,0.111111,0
188777,26201,0,1.0,1
128387,35669,0,0.125,0
109504,9366,0,1.0,1
63026,47717,0,0.125,0
185791,47967,0,0.2,0
6291,4045,0,0.052632,0
52870,8174,0,0.111111,0
192545,9431,0,0.333333,0
199299,5120,0,0.5,0
73182,18140,0,0.25,0
189770,34195,0,0.166667,0
22914,34969,0,0.142857,0
39254,37449,0,0.055556,0
138721,49235,0,0.333333,0
155098,32909,0,0.166667,0
70297,45946,1,1.0,1
168164,35948,1,1.0,1
129880,5535,0,1.0,1
34020,15630,0,0.1,0
171761,30489,1,0.166667,0
178817,3217,0,0.035714,0
30005,3951,0,0.25,0
140742,45761,0,0.1,0
197827,38455,0,0.018519,0
80057,34380,0,0.066667,0
40045,4350,0,0.2,0
99934,18370,0,0.25,0
44024,34829,0,0.111111,0
199213,30567,0,0.026316,0
182587,32177,0,0.333333,0
146173,3957,0,0.1,0
129454,43483,0,1.0,1
5301,29312,0,1.0,1
171353,30561,0,0.076923,0
198183,24852,0,1.0,1
162463,4920,0,0.1,0
125346,43352,1,1.0,1
191133,47209,0,0.033333,0
126993,5449,0,0.052632,0
89298,20900,0,0.5,0
185941,40778,0,0.1,0
147745,177,0,0.1,0
104263,37646,0,0.025641,0
42941,15297,0,1.0,1
132456,45200,0,1.0,1
136084,32939,0,0.043478,0
199765,16454,0,0.333333,0
182342,9397,0,1.0,1
73698,46106,0,0.25,0
101465,36086,0,0.166667,0
82516,38164,0,0.125,0
61749,196,1,0.142857,0
86131,1022,0,0.038462,0
66431,47766,0,0.2,0
147970,45954,0,1.0,1
89989,14333,0,0.021277,0
93077,31506,0,0.5,0
42341,43908,0,1.0,1
20797,26209,1,0.333333,0
199064,18168,0,0.2,0
24720,37646,0,0.333333,0
61178,6104,0,0.5,0
70692,35221,0,0.5,0
59182,42768,0,0.125,0
171854,45064,1,1.0,1
96098,26638,0,0.071429,0
13533,24730,0,0.05,0
98755,14678,0,0.166667,0
33926,12099,0,0.025641,0
181866,3599,0,0.0625,0
102312,44359,0,0.2,0
127653,20549,0,0.111111,0
47429,37004,0,0.5,0
135091,283,0,1.0,1
105039,27845,1,0.25,0
54549,20244,0,0.333333,0
99705,25903,0,0.5,0
177274,34552,0,0.058824,0
109861,34551,0,0.055556,0
40210,26882,0,0.25,0
111811,6187,0,0.142857,0
171020,1359,0,0.333333,0
116921,34040,0,0.5,0
193514,46359,0,0.333333,0
109472,10241,0,0.2,0
69667,15100,0,0.076923,0
43352,32691,0,0.027027,0
20064,2846,0,0.5,0
164723,23630,0,0.25,0
180208,48614,0,0.333333,0
99285,32622,0,0.333333,0
46374,48183,0,0.111111,0
155551,24838,0,0.071429,0
141844,26604,0,0.083333,0
109661,31553,0,0.25,0
72013,30192,0,0.1,0
169198,20114,0,0.333333,0
97228,21295,0,0.166667,0
135466,7021,0,1.0,1
99229,21010,0,0.038462,0
81062,45954,0,0.5,0
34124,39963,0,0.142857,0
103401,47877,0,0.02381,0
36369,2350,0,0.032258,0
26475,5077,0,0.25,0
58962,39910,0,0.5,0
161849,1449,0,1.0,1
137410,26497,0,0.2,0
69966,31477,0,0.166667,0
131478,43136,0,0.5,0
68444,27665,0,0.076923,0
123340,31528,0,0.5,0
145401,25584,0,0.111111,0
54662,11182,0,1.0,1
26031,35886,0,0.125,0
68788,15703,0,0.071429,0
100737,27881,0,0.142857,0
163166,39275,0,0.125,0
134166,14947,0,0.5,0
181052,32315,0,0.333333,0
87366,39275,0,0.5,0
136322,2846,0,0.142857,0
109709,18370,0,0.076923,0
41906,33043,0,0.333333,0
205784,37328,0,0.125,0
134020,16185,0,0.5,0
13989,48364,0,0.5,0
131903,46802,0,0.333333,0
40035,25659,0,0.333333,0
201987,2426,0,0.04,0
110103,25525,0,0.25,0
205617,42240,0,0.2,0
93266,24291,0,0.022727,0
60816,19340,0,0.037037,0
174318,30583,0,0.2,0
150393,37215,0,0.125,0
33504,6473,0,0.125,0
166467,38273,1,0.166667,0
36781,46257,0,0.090909,0
141628,20865,0,0.111111,0
192427,22654,0,0.333333,0
151160,45066,0,0.058824,0
157416,11046,0,0.2,0
22429,33000,1,0.2,0
156860,36144,0,0.083333,0
198885,42585,0,0.019608,0
150879,33198,0,0.25,0
172197,4163,0,1.0,1
203844,11777,0,0.071429,0
43724,12254,0,0.02,0
182359,12986,0,0.1,0
107217,34584,0,0.5,0
137048,18670,0,0.066667,0
201787,21009,0,0.1,0
155469,35430,0,0.021739,0
205273,37687,0,0.5,0
165858,46654,0,0.111111,0
8615,49098,0,0.5,0
112216,329,0,0.125,0
149437,9883,0,0.25,0
6895,34981,0,0.022727,0
87489,25146,0,1.0,1
1094,9598,0,0.333333,0
163395,27344,0,0.5,0
143992,5876,0,0.029412,0
6281,26940,0,1.0,1
146511,12381,0,0.076923,0
15586,13702,0,0.125,0
107376,31453,0,0.166667,0
55160,3873,0,0.5,0
195877,37696,0,0.023256,0
27952,24834,0,0.022727,0
101706,22935,0,0.058824,0
135296,44116,0,0.083333,0
125586,21903,0,0.25,0
190007,18023,0,0.333333,0
19958,17224,0,0.034483,0
180980,5649,0,0.071429,0
139381,46906,0,0.166667,0
118742,79,0,1.0,1
115904,14161,0,0.333333,0
60397,18232,0,1.0,1
199550,30795,1,1.0,1
57829,35266,0,0.071429,0
92044,49101,0,0.25,0
10344,33401,0,0.066667,0
132939,35336,0,0.071429,0
34794,23622,0,0.1,0
118077,45007,0,1.0,1
157894,47672,0,0.333333,0
140301,21137,0,0.333333,0
190694,6046,0,0.125,0
40235,2799,0,1.0,1
168288,7401,0,0.5,0
91405,47144,0,0.2,0
77119,5479,0,0.333333,0
190387,24852,0,0.166667,0
26610,48762,0,0.166667,0
148396,9387,0,0.142857,0
20017,27407,0,0.111111,0
184850,32465,0,0.5,0
116212,46045,0,0.02381,0
85908,13212,0,0.04,0
34635,49235,0,0.1,0
154086,5456,0,0.142857,0
130543,1446,0,0.019231,0
92196,47877,0,0.035714,0
138072,28849,0,0.142857,0
195992,449,0,0.142857,0
14397,22089,0,0.071429,0
173481,27759,0,0.333333,0
21773,10758,0,0.125,0
22130,4920,0,0.5,0
94252,28427,0,0.333333,0
72089,2593,0,0.333333,0
194614,34940,0,1.0,1
92747,38896,0,1.0,1
91377,7559,0,0.055556,0
157899,17795,0,1.0,1
182899,5022,0,0.333333,0
151994,41602,0,1.0,1
149717,33990,0,0.055556,0
23099,40310,1,0.333333,0
1137,7195,0,0.090909,0
59721,19949,0,0.090909,0
93325,49621,0,0.1,0
86040,39877,0,1.0,1
61253,49383,0,0.0625,0
157357,36848,0,0.111111,0
15433,23644,0,0.166667,0
135019,17553,0,0.035714,0
105935,30776,0,1.0,1
136029,25985,0,0.25,0
143992,47766,0,0.043478,0
205905,22175,0,0.2,0
198004,16185,0,0.090909,0
48563,26683,0,0.25,0
46708,9766,0,0.083333,0
59405,15976,1,1.0,1
76154,8174,0,0.166667,0
86865,33127,0,0.052632,0
190075,38508,0,0.25,0
68679,9047,0,0.035714,0
3549,24841,0,0.5,0
75089,43772,0,0.142857,0
181383,47516,0,0.125,0
130284,24768,0,0.030303,0
130362,38399,0,1.0,1
59182,33401,0,0.0625,0
130651,25199,1,1.0,1
187743,33569,0,0.111111,0
113115,41301,0,0.142857,0
122096,30391,0,0.1,0
10638,7353,0,0.25,0
54910,4392,0,0.035714,0
104311,20280,0,0.111111,0
81790,42768,0,0.333333,0
115518,19057,0,1.0,1
24309,27104,0,0.1,0
82834,22035,0,0.2,0
65807,32537,0,0.043478,0
143274,32151,0,0.033333,0
173771,49383,1,0.333333,0
164648,24662,0,0.03125,0
75532,8424,0,0.333333,0
158690,42828,0,0.333333,0
115162,43394,0,0.166667,0
142794,33314,0,0.5,0
113482,35163,0,0.2,0
194426,8736,1,1.0,1
153139,28601,0,0.2,0
50026,36618,0,0.333333,0
7665,5134,0,0.076923,0
89175,1695,0,1.0,1
111536,7008,0,1.0,1
140925,24852,0,0.25,0
78271,41787,0,1.0,1
173117,39933,0,0.5,0
95457,13176,1,1.0,1
26785,25466,0,0.033333,0
149863,2131,0,0.04,0
110573,39275,0,1.0,1
121427,16759,0,0.25,0
186303,39993,0,0.052632,0
136404,18171,0,0.045455,0
55504,18811,0,0.055556,0
135601,1711,0,1.0,1
81170,2309,0,0.066667,0
150048,39699,0,0.1,0
60261,49235,0,0.5,0
69242,34069,0,1.0,1
2410,28054,0,1.0,1
70786,13966,0,0.1,0
62103,17403,0,0.5,0
16669,5769,0,0.018868,0
100389,6317,0,0.055556,0
77275,4429,0,0.5,0
71164,29615,0,0.333333,0
97155,48095,0,1.0,1
161703,4920,0,0.071429,0
107457,4920,0,0.5,0
185961,4664,0,0.333333,0
201797,21137,0,0.5,0
41517,45104,0,0.030303,0
144455,25340,0,1.0,1
123147,21573,1,0.2,0
134782,25659,0,1.0,1
135984,48538,0,0.076923,0
183352,2350,0,0.055556,0
157611,8143,0,0.052632,0
5090,13176,0,1.0,1
93370,16797,0,0.125,0
6532,19046,0,0.058824,0
119874,31338,0,0.333333,0
139570,11046,0,0.071429,0
183782,16254,0,0.1,0
44060,27104,0,0.111111,0
156314,45987,0,0.04,0
28269,23819,1,1.0,1
204039,18288,0,0.017241,0
199991,44631,1,1.0,1
22637,27966,0,0.022727,0
195543,45,0,0.166667,0
6379,23060,0,0.333333,0
149068,43465,0,0.090909,0
57273,40332,0,1.0,1
87863,22935,0,0.1,0
203757,37542,0,0.5,0
115684,28842,0,0.166667,0
184780,31372,0,0.037037,0
112441,14962,0,1.0,1
155015,34479,0,0.25,0
131072,32740,0,0.090909,0
36972,38275,0,0.333333,0
105999,44245,1,0.052632,0
44070,14715,0,1.0,1
122343,43772,0,0.5,0
72281,41437,0,0.5,0
112703,36591,0,1.0,1
135355,1063,0,0.5,0
119507,27086,0,1.0,1
179511,37825,0,0.05,0
151986,31096,0,1.0,1
63812,14199,0,0.25,0
201741,39558,0,0.125,0
96373,35561,0,0.033333,0
132103,3500,0,0.2,0
27251,18239,0,0.2,0
118295,36914,0,0.018519,0
138325,4799,0,0.05,0
187151,37067,1,0.333333,0
166281,38557,0,0.045455,0
25471,41220,0,0.045455,0
68865,10514,0,0.25,0
112154,8022,0,0.083333,0
131503,48423,0,0.5,0
55189,5022,0,0.023256,0
190331,41249,0,0.090909,0
157670,26497,0,0.025,0
99312,24217,0,1.0,1
64055,22260,0,0.333333,0
83887,30489,0,1.0,1
37142,44980,0,0.011905,0
57404,19019,0,0.166667,0
170924,37067,0,1.0,1
203177,9390,0,0.2,0
140514,7751,0,0.333333,0
20688,3847,0,0.071429,0
155137,2019,0,1.0,1
198413,31020,0,1.0,1
137410,21678,0,0.1,0
198643,41787,0,0.166667,0
82433,18790,0,0.2,0
144869,5456,0,0.025641,0
78165,15683,0,0.090909,0
152559,39877,0,1.0,1
123960,37436,0,0.2,0
159753,25930,0,0.04,0
124974,9825,0,0.333333,0
189238,26800,0,0.052632,0
7774,41488,0,0.076923,0
40186,38945,0,0.052632,0
98999,42695,0,0.166667,0
54892,20607,0,0.2,0
183274,49038,0,0.0625,0
184594,48697,0,0.2,0
204911,31506,0,0.5,0
50264,46829,0,0.03125,0
65495,27316,0,0.2,0
61699,24231,0,0.166667,0
98081,7503,0,0.071429,0
94832,13984,0,0.142857,0
134078,10849,0,0.052632,0
5878,18598,0,0.25,0
181115,21293,0,0.066667,0
57211,26751,0,0.076923,0
60077,36117,0,0.25,0
36946,18598,0,1.0,1
170282,25318,0,0.25,0
93450,2326,1,1.0,1
130651,1468,0,1.0,1
25870,32,0,0.5,0
170045,18632,0,0.2,0
123307,9006,0,1.0,1
37174,33768,0,0.125,0
150133,47197,0,0.2,0
166426,29529,0,0.333333,0
104181,29553,0,0.25,0
72699,22312,0,0.032258,0
46877,25630,0,0.03125,0
108222,18960,0,0.032258,0
32105,40545,0,0.25,0
35807,5912,1,0.066667,0
19080,46820,0,1.0,1
91917,45819,0,0.043478,0
103864,15528,0,0.142857,0
64645,47223,0,0.076923,0
42685,28199,0,0.333333,0
54909,27117,0,0.076923,0
169409,16973,0,0.111111,0
8613,29658,0,0.5,0
10786,2966,0,0.25,0
74919,21026,0,0.125,0
163261,9477,0,0.333333,0
160754,8413,0,0.03125,0
35599,16236,0,0.071429,0
190211,33746,0,0.066667,0
111651,17862,0,0.012658,0
139684,36707,0,0.2,0
99542,8277,0,0.333333,0
203170,13310,0,1.0,1
98868,17956,0,0.142857,0
24077,15386,0,1.0,1
138897,14493,0,0.25,0
30906,4920,0,0.028571,0
48854,9881,0,0.090909,0
27348,3713,0,0.090909,0
25871,5438,0,0.018519,0
18573,33351,0,0.5,0
125394,31727,0,0.058824,0
129758,39275,0,0.333333,0
10770,25686,0,0.066667,0
166940,26604,1,0.111111,0
129541,47788,0,0.5,0
93535,2164,0,1.0,1
156105,44750,0,1.0,1
34890,48628,0,0.5,0
121090,17758,0,0.026316,0
19241,20887,0,0.083333,0
50940,49549,0,0.111111,0
8492,19658,0,0.5,0
7826,42736,1,0.333333,0
95063,2581,0,0.076923,0
110363,28762,0,0.166667,0
45651,9743,0,0.166667,0
158528,34601,0,0.111111,0
184193,28985,0,1.0,1
168272,19469,1,1.0,1
121376,15392,0,1.0,1
133046,28915,1,1.0,1
76812,10017,0,1.0,1
80302,32163,0,0.5,0
32796,21839,0,0.2,0
183516,25048,0,0.333333,0
131034,35004,0,0.111111,0
53895,28849,0,0.333333,0
191334,5933,0,0.010989,0
28440,14197,0,0.166667,0
38291,44471,0,0.071429,0
171338,15290,0,0.111111,0
6448,8141,0,0.090909,0
172755,2944,0,0.026316,0
66032,38883,1,0.5,0
31403,22794,0,1.0,1
115302,5876,1,1.0,1
134985,31529,0,0.041667,0
19472,18301,0,0.2,0
95460,14951,0,0.5,0
52676,17794,0,0.333333,0
34242,11576,0,0.5,0
23023,39503,0,0.018519,0
14765,196,0,0.045455,0
113901,26030,0,0.333333,0
44328,42828,0,1.0,1
174489,16254,0,0.058824,0
141227,6799,0,0.25,0
83847,42211,0,0.018182,0
178905,13866,1,1.0,1
73618,2432,0,0.090909,0
196729,39032,0,0.1,0
190901,13176,0,0.2,0
103314,18879,0,0.333333,0
203062,35921,0,0.166667,0
40840,39475,1,1.0,1
114107,4721,0,0.333333,0
172978,8803,0,1.0,1
3794,7600,0,0.090909,0
19758,22935,0,0.076923,0
198465,36198,0,1.0,1
45247,24964,1,1.0,1
154677,41809,0,0.5,0
156332,31041,0,0.5,0
104721,10246,0,0.166667,0
127247,49481,0,0.5,0
135569,20327,0,0.1,0
35201,44632,0,1.0,1
159847,17568,0,0.090909,0
53030,43643,0,1.0,1
37142,36316,0,0.2,0
58613,22275,0,0.142857,0
36549,47141,0,0.2,0
70400,34969,0,1.0,1
168599,33731,0,0.5,0
133283,44912,0,0.2,0
52694,3678,0,0.083333,0
184373,34160,1,1.0,1
55576,49670,0,0.071429,0
102117,34722,0,0.2,0
130683,19057,0,0.5,0
87823,42014,0,0.090909,0
200128,31778,0,0.333333,0
8925,46720,0,0.125,0
50198,8424,0,1.0,1
968,26209,0,0.027778,0
180476,21405,0,0.2,0
120890,28985,0,1.0,1
59709,22035,0,0.016949,0
142590,36976,0,0.030303,0
121323,8174,0,0.2,0
46450,43867,0,0.125,0
178640,33558,0,0.2,0
67101,1511,0,0.125,0
36465,43659,0,0.111111,0
8891,42073,1,1.0,1
201229,11452,0,0.142857,0
135059,5449,0,0.333333,0
138190,43765,0,0.5,0
145250,36361,0,0.2,0
193939,44683,0,0.052632,0
165289,36397,0,0.1,0
137628,20114,0,0.5,0
150695,21405,0,0.066667,0
78974,33716,1,1.0,1
148607,21137,0,1.0,1
201943,47144,0,0.2,0
177779,7021,0,0.125,0
56886,33043,0,0.2,0
54912,15662,0,0.026316,0
189624,5011,0,0.333333,0
111999,26856,0,0.25,0
154581,26604,0,0.1,0
205745,38383,0,0.043478,0
135407,48118,0,0.5,0
36000,11662,0,0.142857,0
103742,18201,0,0.071429,0
180937,5991,0,0.03125,0
38696,21810,0,0.111111,0
146862,20152,0,0.5,0
137495,14531,0,0.142857,0
165837,20379,0,0.142857,0
33983,41036,0,0.2,0
69999,47766,1,0.5,0
186995,47890,0,0.111111,0
15521,20632,0,0.021277,0
168535,14488,0,0.25,0
99601,5456,0,0.076923,0
125768,25653,0,0.25,0
69173,39436,0,0.142857,0
98863,22275,0,0.25,0
130375,24654,0,0.02439,0
59702,44021,0,0.333333,0
120552,26723,0,0.055556,0
155816,24629,0,1.0,1
190561,13431,0,0.111111,0
69970,26410,0,1.0,1
132417,7963,0,0.041667,0
153053,28204,0,0.166667,0
82573,28115,0,0.1,0
196441,28199,0,0.5,0
180703,11182,0,0.0625,0
44463,36472,0,0.2,0
105805,22124,0,1.0,1
50981,11265,0,0.5,0
164580,23915,1,0.071429,0
12835,39993,0,0.25,0
47727,8451,0,0.076923,0
168213,8518,0,0.25,0
125721,48109,0,0.016393,0
19129,4518,0,0.166667,0
168979,24497,0,0.5,0
72699,36772,0,1.0,1
60698,42253,0,0.125,0
102034,9076,0,1.0,1
166693,8758,0,0.029412,0
101012,8277,0,0.5,0
138649,16304,0,0.1,0
61770,17530,0,0.04,0
9384,24852,1,1.0,1
85767,8277,0,0.047619,0
59635,24964,0,0.5,0
6895,20015,0,0.043478,0
86767,29553,0,0.333333,0
147285,49683,0,0.2,0
149433,6218,0,0.5,0
113591,43768,0,0.083333,0
205877,44245,0,0.052632,0
98844,16254,0,0.25,0
172031,9681,1,0.5,0
149863,16826,0,0.034483,0
19890,28156,0,0.25,0
38305,42931,0,0.25,0
79396,46667,0,0.0625,0
31773,49175,0,0.125,0
52830,41787,0,0.142857,0
179086,37055,0,1.0,1
5856,25138,0,0.5,0
132584,39190,0,1.0,1
191916,31343,0,0.333333,0
3219,12157,0,0.2,0
95953,38180,0,0.142857,0
93612,3122,0,0.166667,0
121858,14462,0,0.083333,0
163993,17668,0,0.5,0
124335,47626,0,0.019231,0
105726,25272,0,0.023256,0
186218,27156,0,0.5,0
116943,27407,0,0.076923,0
100477,22935,0,0.111111,0
7310,47209,0,0.5,0
117923,19057,0,0.5,0
142643,16478,0,1.0,1
36691,38400,0,0.035714,0
69312,41220,0,0.5,0
2940,881,0,0.25,0
60740,12872,0,0.5,0
63725,42364,0,1.0,1
93517,43768,0,0.142857,0
112061,32369,0,0.125,0
161515,22890,0,1.0,1
203544,14650,0,0.033333,0
81835,3376,0,0.015625,0
112910,39534,0,1.0,1
68505,13176,0,1.0,1
177936,22620,0,0.041667,0
177706,23909,0,0.166667,0
101713,42265,0,0.333333,0
194117,42265,0,0.333333,0
158226,12917,0,0.076923,0
88572,33219,1,0.5,0
39707,47866,0,0.125,0
147206,47492,0,0.025641,0
47859,20114,0,0.142857,0
27896,21162,0,0.083333,0
51542,27370,0,0.25,0
48334,30873,0,0.333333,0
95695,27156,0,1.0,1
84669,47144,0,1.0,1
77230,28226,0,0.142857,0
51778,31805,0,0.047619,0
194026,14992,1,0.034483,0
161951,10673,0,0.166667,0
155725,6532,0,0.2,0
40275,36431,0,0.333333,0
112674,42030,0,0.0625,0
194412,12914,1,0.142857,0
166534,42731,0,0.017857,0
185630,42912,0,0.333333,0
165220,43889,0,0.2,0
33641,48762,0,0.5,0
198993,9337,0,0.333333,0
174013,493,0,0.166667,0
127959,9694,0,0.125,0
20707,15618,0,0.142857,0
160325,17550,1,1.0,1
152536,5258,1,0.333333,0
52089,39512,0,0.041667,0
81603,37947,0,0.090909,0
13670,26634,0,0.142857,0
70904,2699,0,0.2,0
160762,4472,0,0.5,0
148585,8053,0,0.2,0
160860,32828,0,0.083333,0
89427,42450,0,0.333333,0
112239,21883,0,1.0,1
187219,31717,1,0.166667,0
152121,20169,0,0.071429,0
69712,7563,0,0.2,0
24587,8105,0,0.02,0
10429,6873,0,0.022727,0
7205,33540,0,0.018519,0
107629,17122,0,0.055556,0
119148,22963,0,0.027027,0
142485,8230,0,1.0,1
143255,16617,0,0.090909,0
7401,24955,0,0.333333,0
134612,45603,1,1.0,1
60672,22935,1,0.333333,0
150919,14861,0,0.25,0
37795,37489,0,0.045455,0
13330,13841,0,0.015625,0
96766,42110,0,1.0,1
184142,37646,0,0.066667,0
125901,9092,0,0.2,0
124436,37067,0,0.2,0
132863,28836,0,0.013514,0
1490,19421,0,0.333333,0
160936,39275,0,0.1,0
134209,35561,0,0.027778,0
60683,44389,0,1.0,1
59698,19713,0,1.0,1
172353,7181,0,0.045455,0
106994,4367,0,0.090909,0
144542,47893,0,0.018519,0
60946,13176,1,0.5,0
150225,26032,0,0.25,0
39727,39272,0,0.066667,0
65092,8016,0,0.333333,0
55215,47626,0,0.111111,0
74654,32585,0,0.2,0
105437,40723,1,0.5,0
192675,23726,0,0.142857,0
53525,16797,1,0.058824,0
134601,34220,0,0.333333,0
173301,46842,0,0.333333,0
194576,40593,0,0.125,0
140014,262,0,0.125,0
181920,32463,0,0.017544,0
130747,47626,0,1.0,1
52332,6593,0,0.076923,0
54337,15937,0,0.25,0
8656,41874,0,0.041667,0
83369,44107,0,0.5,0
32508,2979,0,0.333333,0
92022,44779,0,0.333333,0
107580,1117,0,0.038462,0
134218,16994,0,0.166667,0
68888,4210,0,0.25,0
117009,22935,0,0.5,0
176660,14366,0,0.5,0
24404,42265,0,0.166667,0
35023,4559,0,0.5,0
141592,16363,0,0.166667,0
66713,31869,0,0.066667,0
10252,17794,0,0.033333,0
186585,21938,0,0.2,0
5287,38456,0,0.014925,0
152074,36082,0,0.047619,0
17872,31343,0,0.043478,0
150021,5769,0,0.333333,0
55367,29675,0,1.0,1
52519,28842,0,0.333333,0
136998,19508,0,0.055556,0
101321,148,0,0.125,0
167730,4421,0,0.2,0
122883,24507,0,0.018519,0
12115,13672,0,0.045455,0
34027,5818,0,0.041667,0
129285,32578,0,1.0,1
46902,37357,1,1.0,1
191428,38419,0,0.333333,0
178236,36550,0,0.038462,0
171616,11987,0,1.0,1
124012,14792,0,0.032258,0
92252,5098,0,0.111111,0
146403,48946,0,1.0,1
158866,31506,0,1.0,1
14333,22825,1,0.071429,0
164453,46434,0,0.0625,0
89120,24713,0,1.0,1
38607,22959,0,0.5,0
108979,49131,1,1.0,1
11729,9438,0,1.0,1
58919,34126,0,0.071429,0
481,34584,0,0.1,0
171673,21137,0,0.025641,0
103732,41277,0,0.037037,0
161379,15647,0,0.029412,0
102459,10006,0,0.125,0
809,16262,0,0.076923,0
191916,3298,0,0.166667,0
126056,44116,0,0.2,0
52008,34581,0,0.035714,0
129127,32197,0,0.052632,0
5091,43182,1,0.5,0
31164,46812,0,0.5,0
86100,42075,0,0.047619,0
204106,13380,0,0.25,0
153351,5373,0,0.5,0
192707,17429,0,0.5,0
5557,21137,0,0.5,0
85736,48745,0,0.5,0
67654,46357,0,0.142857,0
129181,21476,0,0.25,0
148666,2589,0,0.021739,0
144023,32734,0,1.0,1
42550,16793,0,0.041667,0
7474,39046,0,1.0,1
177427,3192,0,0.125,0
16579,11984,0,0.2,0
50131,9387,0,0.166667,0
157248,47962,0,0.166667,0
102349,32648,0,1.0,1
30808,14992,0,0.1,0
121202,17872,0,0.25,0
188440,33731,0,0.142857,0
184080,32177,0,0.166667,0
127622,2433,0,1.0,1
63538,35108,0,0.2,0
154372,20119,0,1.0,1
123807,35842,0,0.052632,0
70212,7200,0,0.083333,0
118083,26036,0,0.25,0
163707,4294,0,0.5,0
47727,4338,0,0.076923,0
89713,24816,0,0.041667,0
182469,27086,0,0.5,0
64550,31553,0,1.0,1
130852,38028,0,0.2,0
164404,47182,0,0.5,0
139948,43070,0,0.333333,0
36712,21616,0,0.25,0
162762,31371,1,1.0,1
63755,605,0,0.333333,0
181981,46807,0,0.037037,0
75815,42669,0,0.142857,0
154926,19173,0,0.333333,0
9785,36550,0,0.25,0
25679,18656,0,0.5,0
28460,46676,0,0.052632,0
30452,39621,0,0.333333,0
116129,48057,0,1.0,1
80162,40555,0,1.0,1
137001,46361,0,0.111111,0
54472,48299,0,0.5,0
7718,7241,0,0.111111,0
143164,28204,0,0.142857,0
75238,22447,0,1.0,1
120488,39928,0,0.142857,0
189867,29116,0,0.1,0
136679,11182,0,0.0625,0
162742,20114,0,1.0,1
204237,21338,0,0.333333,0
29400,260,0,0.5,0
19137,6473,0,0.083333,0
132737,4960,0,0.1,0
189750,41372,0,0.166667,0
138423,9421,0,1.0,1
9684,23579,0,1.0,1
11450,18670,0,0.032258,0
25709,44643,0,0.125,0
34000,27695,0,0.011494,0
192633,48628,0,0.5,0
35953,32782,0,1.0,1
149344,32864,0,0.5,0
116415,48903,0,0.142857,0
93325,7021,0,0.035714,0
165699,47672,0,1.0,1
16865,37524,0,0.2,0
58245,39303,0,0.5,0
98816,48226,0,0.5,0
146599,24248,0,1.0,1
158919,7628,0,0.333333,0
107550,20524,0,0.5,0
156916,12811,0,0.066667,0
137820,18362,0,0.333333,0
132112,44843,0,0.166667,0
3219,17183,1,1.0,1
136893,45007,0,0.1,0
65040,49320,0,0.2,0
161008,30391,0,0.076923,0
190663,5162,0,0.333333,0
116283,38533,0,0.142857,0
104723,5206,0,0.125,0
4726,22159,0,0.166667,0
10037,36600,0,0.090909,0
58470,42445,0,0.333333,0
85460,39475,0,1.0,1
14577,3376,0,0.5,0
159573,18523,0,0.2,0
115383,4675,0,0.076923,0
16357,28800,0,0.011628,0
43192,26369,0,0.25,0
173982,117,0,0.019608,0
131931,1969,0,0.111111,0
148549,8204,1,0.111111,0
168525,18643,0,0.2,0
128599,14462,1,1.0,1
171730,29934,0,0.142857,0
120418,19448,0,0.083333,0
176344,1621,1,0.5,0
34794,21903,0,0.038462,0
102264,9756,0,0.1,0
61603,46473,0,0.043478,0
60619,28204,0,0.111111,0
14075,7416,0,0.125,0
46146,4605,0,1.0,1
117078,8539,0,0.25,0
183141,43961,0,0.5,0
176553,26431,0,0.333333,0
24098,17747,0,0.090909,0
192051,45084,0,0.333333,0
110141,30881,0,0.028571,0
198993,16019,0,1.0,1
23713,32816,0,0.111111,0
25327,1695,0,0.05,0
200347,13861,0,1.0,1
172054,6765,0,0.052632,0
18998,43637,0,0.017857,0
168879,39024,0,0.076923,0
70297,44479,0,1.0,1
53753,21137,0,0.5,0
199884,45066,0,0.25,0
40963,29344,0,0.076923,0
96995,35629,0,0.025641,0
40029,651,0,0.142857,0
120211,6482,0,0.066667,0
95390,18362,0,0.2,0
128637,6867,0,0.166667,0
53061,17835,1,0.5,0
195898,16133,0,0.076923,0
93325,29204,0,0.030303,0
149159,44310,0,0.5,0
98200,14084,1,1.0,1
10152,40313,0,0.1,0
35398,4302,0,0.066667,0
24362,36956,0,0.5,0
206201,14861,0,0.045455,0
201330,3952,0,0.032258,0
128752,21903,1,0.5,0
51118,31635,0,0.125,0
89298,790,0,0.333333,0
140484,4086,0,0.2,0
117767,32904,0,0.333333,0
154372,17949,0,0.25,0
177535,32403,0,0.052632,0
78721,10603,0,0.333333,0
31517,39275,0,0.083333,0
34124,14788,0,0.0625,0
144391,46129,0,0.2,0
109037,27344,0,0.333333,0
144870,15950,0,0.25,0
145842,9434,0,0.5,0
71779,26369,1,1.0,1
135658,10749,0,0.333333,0
15503,36360,0,1.0,1
192143,27554,0,1.0,1
119781,17322,0,0.2,0
163295,1158,0,0.142857,0
179437,24231,0,0.058824,0
176504,49235,0,1.0,1
19928,15134,0,0.142857,0
137360,14462,0,0.125,0
184962,10326,0,0.076923,0
152538,30390,0,0.030303,0
177881,26131,0,0.5,0
18332,41319,0,0.019608,0
152877,44099,0,0.016393,0
5487,1827,0,0.333333,0
31013,35911,0,0.111111,0
148748,34358,0,1.0,1
144785,22963,0,0.111111,0
188666,23405,0,0.1,0
148698,4552,0,0.5,0
45094,47042,0,0.5,0
78492,38419,0,0.25,0
49842,27966,0,0.2,0
191612,14858,0,0.2,0
146495,33819,0,0.05,0
7666,11193,0,0.090909,0
85903,47209,0,0.066667,0
47077,34466,0,0.013158,0
157339,27695,0,0.25,0
73182,27845,1,0.5,0
11847,5161,0,0.166667,0
136402,30776,0,0.166667,0
172173,26790,0,1.0,1
162947,35725,0,0.090909,0
199325,31506,0,0.1,0
11232,45190,0,1.0,1
119078,16840,0,0.015873,0
145505,32563,0,0.02381,0
52259,41948,0,0.066667,0
178638,34584,0,1.0,1
150517,37687,0,0.142857,0
90511,32553,0,0.25,0
82296,34234,0,0.333333,0
57074,32478,0,0.333333,0
136683,10504,0,0.333333,0
171542,24852,0,0.034483,0
177466,7175,0,0.5,0
870,12980,0,0.033333,0
107936,9382,0,0.03125,0
174588,2297,0,0.333333,0
12730,4162,0,0.166667,0
150101,35321,0,0.25,0
67722,10151,0,0.037037,0
127645,27839,0,0.5,0
108346,36672,0,0.04,0
8977,20345,0,1.0,1
97132,43789,0,0.066667,0
25892,48726,0,1.0,1
47253,10246,1,0.5,0
58385,34126,0,0.25,0
81753,2622,0,0.052632,0
154321,35249,0,0.033333,0
144387,15610,0,0.035714,0
15052,2091,0,0.5,0
147717,26369,0,0.142857,0
76449,36746,0,0.066667,0
129128,16759,0,0.5,0
103552,40604,0,0.142857,0
179507,5991,0,0.5,0
58750,47962,0,0.5,0
113482,21137,0,0.5,0
5927,8809,0,0.5,0
71103,40571,1,0.111111,0
192602,9808,0,0.333333,0
167308,33232,0,1.0,1
98847,2983,0,0.142857,0
133655,30391,0,1.0,1
159917,46673,0,1.0,1
24571,36005,0,0.5,0
63607,26949,1,1.0,1
127111,23400,0,1.0,1
181317,2350,0,0.090909,0
167076,45249,0,0.2,0
110138,35473,0,1.0,1
47064,47672,0,0.5,0
176780,1685,0,0.5,0
17874,39040,1,0.055556,0
133146,37646,0,0.25,0
109154,4920,0,0.5,0
202588,47209,0,0.5,0
164265,5077,0,0.25,0
67010,42139,0,0.1,0
9786,34448,0,0.5,0
198212,42796,0,0.083333,0
105169,26002,0,0.142857,0
153016,7378,0,0.02439,0
7952,30620,0,0.166667,0
163454,36256,0,1.0,1
204799,43352,0,0.25,0
26929,32734,0,0.083333,0
2390,38313,0,0.25,0
63334,7156,0,0.5,0
45410,31299,0,0.2,0
106718,7156,0,0.028571,0
81765,28204,0,0.090909,0
193496,45066,0,0.052632,0
55281,4799,0,0.071429,0
184441,7500,0,0.25,0
81303,29327,0,0.166667,0
199298,49451,0,0.333333,0
72919,6348,0,0.333333,0
201678,33945,0,0.25,0
87097,35633,0,0.1,0
166399,33198,0,0.090909,0
43023,24079,0,0.2,0
119024,21630,0,0.090909,0
31093,30463,0,0.083333,0
79743,33736,0,0.333333,0
84755,31328,0,0.083333,0
130115,34217,0,0.090909,0
195846,5438,0,0.2,0
88422,8628,0,0.04,0
163221,10749,0,0.166667,0
189678,15689,0,0.5,0
109320,41276,1,0.25,0
194494,26257,0,1.0,1
45131,979,0,0.166667,0
129355,28204,0,1.0,1
113749,18827,0,0.1,0
100465,27695,0,0.2,0
128537,2116,0,0.5,0
127366,8057,0,0.166667,0
198099,9159,0,0.333333,0
95991,17541,0,0.333333,0
204605,46616,0,0.027027,0
105529,22093,0,0.142857,0
119423,20588,0,1.0,1
90760,18142,0,0.166667,0
33216,43371,0,0.047619,0
89622,2228,0,0.333333,0
23650,49683,0,1.0,1
46979,21009,0,0.5,0
149437,41165,0,0.5,0
85141,4317,0,0.5,0
106204,11034,0,0.047619,0
48744,14828,0,0.076923,0
64971,49585,0,0.142857,0
196297,38087,0,0.026316,0
178735,14761,0,0.043478,0
128453,2091,1,0.25,0
161493,22521,0,0.1,0
202455,7255,0,1.0,1
117733,31371,0,0.2,0
170323,17328,1,1.0,1
27808,16617,0,0.25,0
102646,5086,0,0.25,0
198933,18987,0,0.083333,0
188688,2298,0,0.04,0
183496,43735,0,0.5,0
95991,46667,0,1.0,1
47737,43421,0,0.25,0
116943,10255,0,0.25,0
142150,30720,0,0.011494,0
131848,34358,0,0.166667,0
47379,26776,0,1.0,1
131273,33636,0,0.333333,0
92343,45007,0,0.142857,0
112293,5120,0,0.030303,0
48132,31500,0,0.0625,0
34606,32869,0,0.333333,0
134080,41488,0,0.2,0
156151,33509,0,0.090909,0
194459,16965,0,0.125,0
98820,17487,0,1.0,1
34578,49683,0,0.041667,0
87498,46260,0,1.0,1
45094,33731,0,0.0625,0
22031,31343,0,1.0,1
103553,8518,0,0.066667,0
14075,38593,0,0.166667,0
149473,33746,0,0.090909,0
86377,14197,0,0.5,0
14279,30391,0,0.333333,0
8090,31987,0,0.2,0
50153,2078,0,0.5,0
143707,5212,0,0.1,0
71562,25146,0,0.142857,0
57210,5077,0,0.5,0
63720,21293,0,0.1,0
103636,13535,0,1.0,1
9785,41544,0,0.5,0
75126,128,0,0.166667,0
134675,42768,0,0.25,0
87490,20479,0,0.25,0
34505,46979,0,0.111111,0
136003,28928,0,0.125,0
107376,27237,1,0.1,0
2884,14650,0,0.166667,0
107832,38647,0,0.25,0
58218,49241,0,0.2,0
55741,47672,1,0.035714,0
175040,11198,0,0.066667,0
166049,39275,0,1.0,1
16165,14414,0,0.142857,0
205961,6343,0,0.333333,0
63073,11136,0,0.017241,0
313,49175,0,0.25,0
120667,3689,0,0.125,0
122343,28682,0,0.058824,0
65010,39337,1,1.0,1
185464,31268,0,0.5,0
198949,16363,0,0.066667,0
75036,2309,0,0.25,0
179437,41610,0,0.058824,0
140121,47626,0,0.034483,0
188507,25741,0,0.071429,0
13449,46139,0,0.047619,0
59937,12899,0,0.066667,0
86107,8929,0,1.0,1
177680,35633,0,0.055556,0
75020,19821,0,0.2,0
135404,12258,0,1.0,1
84086,40377,0,0.166667,0
154299,2763,0,0.090909,0
74953,25472,0,1.0,1
151105,6908,0,0.125,0
112656,3880,0,0.5,0
111128,45495,1,0.333333,0
26849,21526,0,0.333333,0
195552,2846,0,0.333333,0
166291,19809,0,1.0,1
88441,32734,0,0.0625,0
125155,7021,0,0.090909,0
36328,23400,0,1.0,1
9988,10749,0,1.0,1
73929,14267,0,0.030303,0
139039,17505,0,0.2,0
17153,46969,0,1.0,1
101603,5194,0,0.5,0
201992,24838,0,0.2,0
49145,21038,1,0.333333,0
200273,24561,0,1.0,1
19794,12858,0,0.1,0
200775,32365,0,0.333333,0
719,33857,0,0.142857,0
127006,23088,0,0.016949,0
121473,2450,0,1.0,1
173413,28008,0,0.058824,0
23998,27796,0,0.052632,0
52440,25899,0,0.025641,0
132961,21393,0,0.2,0
107306,33985,0,0.045455,0
126896,27156,0,0.043478,0
140648,36005,0,0.25,0
175965,10246,0,0.083333,0
23179,33572,0,0.25,0
85092,5132,1,0.5,0
85088,6870,0,0.020833,0
168546,9531,0,0.5,0
65333,19613,0,0.2,0
81603,23537,0,0.058824,0
71187,27951,0,0.333333,0
85176,48364,0,1.0,1
185290,2966,0,0.142857,0
197815,1408,0,0.083333,0
40622,43295,0,1.0,1
112497,7952,0,0.090909,0
179973,15438,0,0.0625,0
109836,30489,0,1.0,1
202402,49111,0,0.1,0
4226,8193,0,0.166667,0
200442,33195,0,0.2,0
74412,46979,0,0.090909,0
59759,34126,0,1.0,1
39206,35119,0,1.0,1
160812,11109,0,0.045455,0
169551,7987,0,0.25,0
130137,7788,0,0.111111,0
144175,21174,0,1.0,1
165235,19612,0,0.25,0
96643,48192,0,0.076923,0
98386,17704,0,0.066667,0
149662,22963,1,0.5,0
80710,23917,0,0.052632,0
163401,23537,0,0.333333,0
184155,33073,0,1.0,1
76886,20608,0,0.076923,0
179870,28373,0,0.111111,0
20712,5876,0,0.090909,0
175728,890,0,0.037037,0
166044,37257,0,0.5,0
116041,3298,0,0.25,0
194566,25230,0,1.0,1
73101,16797,0,0.166667,0
190679,8193,0,1.0,1
13562,35535,0,0.038462,0
4517,22935,0,1.0,1
160605,34126,0,0.333333,0
205417,39275,0,0.25,0
125090,31744,0,0.333333,0
22617,37497,0,1.0,1
178601,13874,0,0.25,0
66477,9881,0,0.333333,0
52089,44027,0,0.090909,0
168276,30391,0,0.333333,0
122346,49079,0,0.333333,0
64778,33080,0,1.0,1
119503,26324,0,1.0,1
63860,15028,0,0.25,0
141340,47479,0,0.5,0
62116,1511,0,1.0,1
156105,40708,0,0.5,0
142038,33232,0,1.0,1
5910,5746,0,0.25,0
132156,6740,0,1.0,1
80094,27240,0,0.166667,0
27038,22935,0,0.5,0
75770,15091,0,0.333333,0
77466,1181,0,0.2,0
61038,38949,0,0.166667,0
163569,39619,0,0.333333,0
53102,13170,0,0.166667,0
14991,31915,0,0.1,0
146667,33647,0,1.0,1
206127,31102,0,0.5,0
130571,15479,0,0.04,0
10555,32655,0,0.333333,0
20061,43933,0,0.142857,0
25403,39275,1,0.333333,0
108161,4913,0,0.5,0
76159,5097,0,1.0,1
7817,16419,0,1.0,1
180670,34735,0,0.142857,0
45538,32850,0,0.2,0
72815,5258,0,0.03125,0
81297,7925,0,0.25,0
51872,44632,0,0.5,0
59252,9387,0,0.166667,0
190561,17830,0,0.025,0
17526,12663,0,1.0,1
57124,26706,0,0.333333,0
152051,35547,0,0.25,0
99675,33636,0,0.05,0
35828,31215,0,1.0,1
203126,16185,0,0.2,0
50236,5077,0,0.2,0
86915,43376,0,0.166667,0
74840,19821,0,0.013889,0
69521,19904,0,0.166667,0
88860,48246,0,0.25,0
102170,47626,0,0.166667,0
129487,46275,0,1.0,1
89337,46979,0,0.5,0
65320,4945,0,0.012195,0
55911,13780,0,0.083333,0
121178,33237,1,1.0,1
43982,46697,0,0.25,0
5295,18418,0,1.0,1
178284,10831,0,0.033333,0
146059,39430,0,0.25,0
205110,26249,0,0.076923,0
66403,27744,0,1.0,1
157028,5876,0,0.142857,0
64305,32442,0,0.017241,0
15257,37250,0,1.0,1
169323,27292,0,0.5,0
154593,18441,0,0.2,0
164037,20520,0,0.066667,0
69266,7948,0,1.0,1
189062,24273,0,0.055556,0
204321,8424,0,1.0,1
61385,5876,0,0.2,0
121252,7131,0,0.333333,0
53184,37250,0,0.5,0
33544,22124,0,0.333333,0
183059,8012,0,0.125,0
193580,21295,0,0.5,0
193204,23926,0,0.111111,0
181383,23032,0,0.055556,0
53222,16439,0,0.2,0
171390,11953,0,0.066667,0
444,2979,1,1.0,1
124341,43352,0,0.2,0
137392,31217,0,0.055556,0
92379,36652,0,0.142857,0
188395,48118,0,0.25,0
196428,20682,0,1.0,1
126818,42368,0,0.142857,0
17915,4920,0,0.333333,0
105939,35647,0,0.018182,0
26406,11448,0,0.1,0
197291,14553,0,0.2,0
120617,37213,0,0.333333,0
90464,35418,0,0.032258,0
186303,27966,0,0.5,0
96825,40120,0,0.25,0
106562,17823,0,0.090909,0
109942,12756,1,0.333333,0
113405,44008,0,0.5,0
174963,29079,0,0.083333,0
113862,44632,0,0.5,0
20090,34358,0,0.142857,0
141711,22247,0,0.142857,0
35606,24830,0,1.0,1
42336,37248,0,0.5,0
5195,46393,0,0.333333,0
26314,23543,0,0.5,0
135172,21903,1,1.0,1
914,40691,0,0.071429,0
91772,26369,0,0.5,0
77597,5450,0,0.333333,0
113238,32537,0,0.333333,0
189217,11250,0,1.0,1
163202,41581,0,0.090909,0
168324,28842,0,0.2,0
183818,33000,0,0.25,0
62565,39298,0,0.052632,0
192811,47759,0,0.333333,0
194307,10724,0,0.166667,0
106491,8955,0,0.5,0
145114,14514,0,0.142857,0
145048,40292,0,1.0,1
117402,43122,0,0.0625,0
49804,42265,0,0.333333,0
66024,27104,1,1.0,1
22040,36291,0,1.0,1
197827,13911,0,0.04,0
135538,38799,0,0.5,0
142279,9492,0,0.25,0
189711,32537,0,0.125,0
25403,28123,0,0.071429,0
4831,44008,0,1.0,1
158763,11152,0,0.333333,0
57800,28380,0,0.028571,0
51312,12254,0,0.2,0
79231,48956,0,0.2,0
12026,24516,0,0.5,0
173308,24263,0,0.333333,0
174212,8467,0,0.166667,0
59182,43504,0,0.166667,0
124009,39163,0,0.2,0
25364,36994,0,0.5,0
168326,39475,0,0.5,0
138423,37201,0,0.25,0
22974,5612,0,0.5,0
157395,29668,0,1.0,1
168059,41140,0,0.083333,0
104264,3344,0,0.083333,0
147617,31921,0,0.5,0
120296,24841,0,0.052632,0
6141,14486,0,0.333333,0
196158,16823,0,1.0,1
32264,5438,0,0.333333,0
124421,33819,0,1.0,1
143948,22178,0,0.333333,0
204827,17461,0,0.2,0
58698,27913,0,1.0,1
10877,31717,0,1.0,1
194188,14332,0,0.125,0
76600,32385,0,0.1,0
204818,35989,0,1.0,1
117541,11777,0,0.333333,0
78560,5266,0,0.142857,0
17036,2295,0,0.066667,0
182282,41960,0,0.090909,0
185640,43183,0,0.5,0
159778,36310,0,0.083333,0
10037,35042,0,0.166667,0
36213,7751,1,0.333333,0
188390,28384,0,0.017241,0
172904,14159,0,0.066667,0
19200,5621,0,0.1,0
184716,49319,0,0.04,0
16760,10453,0,0.166667,0
23306,24852,1,0.5,0
43305,16797,0,0.1,0
124192,27530,0,0.5,0
102962,276,0,0.038462,0
168531,4149,0,0.071429,0
48296,41679,1,1.0,1
130573,18498,0,0.058824,0
143687,22935,0,0.142857,0
92189,2979,0,0.090909,0
23241,41238,0,0.166667,0
43437,13772,0,0.125,0
156679,47209,0,1.0,1
16843,45007,0,0.25,0
54627,31215,0,0.142857,0
29074,43986,0,1.0,1
40422,26751,0,0.111111,0
148076,19893,0,0.2,0
155976,37825,0,0.2,0
46589,7948,0,0.142857,0
84363,2573,0,0.2,0
49475,7781,0,0.083333,0
121695,8075,0,0.2,0
147704,20502,0,0.111111,0
119617,4269,0,0.1,0
130471,39491,0,0.045455,0
172936,7641,0,0.04,0
49187,33303,0,0.5,0
127313,36107,0,1.0,1
71879,13351,0,1.0,1
179291,11849,0,0.2,0
110667,14493,0,0.25,0
69205,21376,0,1.0,1
64636,32943,0,0.5,0
159840,43758,0,0.5,0
131570,6795,0,0.2,0
155793,21243,0,1.0,1
198273,18395,0,1.0,1
64684,5912,0,1.0,1
194857,6160,0,0.333333,0
167747,33886,1,0.333333,0
101747,40300,0,0.333333,0
150125,18117,0,0.034483,0
147650,36640,0,1.0,1
108560,30482,0,1.0,1
756,1621,0,0.05,0
182997,29363,0,0.058824,0
69750,39693,0,0.142857,0
179834,18465,1,1.0,1
140852,38269,0,0.111111,0
2484,45578,0,0.333333,0
112744,17738,0,0.2,0
7385,8518,0,0.047619,0
73838,40969,0,0.142857,0
75068,2231,0,0.125,0
10326,44238,0,0.142857,0
109588,28425,0,0.5,0
190021,32478,1,0.333333,0
179973,31506,0,0.25,0
148814,13500,0,0.25,0
88513,24333,0,0.022727,0
70440,30639,0,0.03125,0
168525,25354,0,1.0,1
11873,25745,0,0.25,0
1373,3793,0,0.142857,0
113801,22238,0,0.041667,0
59952,45544,0,0.5,0
36342,4724,0,1.0,1
132299,130,0,0.025,0
130284,34689,0,0.111111,0
6433,18353,0,0.016129,0
53836,43961,0,0.058824,0
142096,17231,0,0.333333,0
124328,5564,0,0.142857,0
104705,42629,0,0.034483,0
179699,27275,0,0.2,0
202876,16432,0,0.016129,0
95513,32293,0,0.333333,0
70729,12341,1,1.0,1
46374,10032,0,0.1,0
14035,22736,0,0.033333,0
111654,2643,0,0.043478,0
181406,35594,0,1.0,1
132672,49615,1,0.5,0
107974,42736,0,0.045455,0
205805,21953,0,0.1,0
180884,34449,0,0.1,0
91377,29328,0,0.052632,0
128687,21174,0,0.333333,0
29529,49079,0,0.5,0
3802,21288,0,0.25,0
59221,19683,0,0.066667,0
51213,31589,0,0.03125,0
70016,890,0,0.0625,0
122937,39561,0,0.028571,0
18083,28311,0,0.034483,0
136064,19508,0,0.033333,0
101725,20944,0,0.5,0
72814,32864,0,0.5,0
135309,6089,0,0.045455,0
31278,3055,0,1.0,1
85952,7704,0,0.022727,0
101546,39469,0,0.5,0
48580,33401,0,0.02439,0
101577,15153,0,0.142857,0
108909,33700,0,0.2,0
195427,18954,0,0.035714,0
33291,11143,0,0.2,0
13788,9597,0,0.333333,0
55658,18339,0,0.333333,0
164808,45013,0,0.333333,0
84883,6046,0,0.0625,0
205018,43961,0,1.0,1
23057,40516,0,0.071429,0
57097,260,0,0.5,0
124758,39947,0,0.166667,0
96424,44090,0,0.5,0
161240,48568,0,0.02381,0
151983,23102,0,0.166667,0
41142,40380,0,0.05,0
94534,28985,0,0.5,0
43982,31683,0,0.052632,0
194188,605,0,0.021277,0
177484,10960,0,0.25,0
83249,1639,0,0.2,0
6562,3858,0,0.111111,0
120672,4605,0,0.025641,0
131411,25885,0,0.03125,0
197970,37749,0,0.066667,0
14503,44116,0,1.0,1
155258,20063,0,0.166667,0
60627,33509,0,0.055556,0
4047,49683,0,1.0,1
97168,21547,1,0.333333,0
65730,31506,0,0.111111,0
53963,47209,0,0.5,0
162447,25647,0,0.055556,0
177889,16769,0,0.071429,0
67772,28465,0,1.0,1
76678,42322,0,0.04,0
196119,24852,0,0.2,0
77968,17568,0,0.111111,0
103217,33043,0,0.090909,0
194109,23643,0,0.030303,0
25636,31683,1,0.5,0
70801,36835,1,1.0,1
167547,27845,0,1.0,1
116855,45854,0,0.142857,0
155582,4317,0,0.2,0
153786,29662,1,1.0,1
116810,21938,0,0.333333,0
43304,28849,0,1.0,1
165708,21230,0,0.014493,0
168978,24009,0,0.090909,0
167649,27966,1,0.333333,0
177069,29487,0,0.5,0
84374,22309,0,1.0,1
21535,8390,0,0.03125,0
10538,11619,0,0.090909,0
8423,18634,0,0.25,0
3168,43961,0,0.083333,0
112654,23554,0,0.03125,0
61845,24489,0,0.5,0
201142,45007,1,0.142857,0
192827,17807,1,1.0,1
49574,18465,0,0.045455,0
140203,34969,0,1.0,1
51853,38777,0,0.034483,0
143111,31343,0,0.142857,0
25892,39218,0,1.0,1
143831,4210,0,0.052632,0
82475,1573,0,0.0625,0
110001,12545,0,0.0625,0
30265,26210,0,0.0625,0
107946,18339,0,1.0,1
6622,47500,0,1.0,1
23281,44142,0,0.142857,0
130461,28088,0,0.142857,0
44280,45946,0,0.166667,0
75407,40706,0,0.25,0
54859,25824,0,0.125,0
66758,4421,0,0.066667,0
141456,34358,0,0.1,0
26359,25659,0,1.0,1
114570,46584,0,0.02439,0
120164,6184,0,0.333333,0
22319,16521,0,0.125,0
5919,27521,0,1.0,1
28813,39877,0,0.2,0
4431,34027,0,0.333333,0
50540,34878,0,0.142857,0
205203,9421,0,0.333333,0
151994,34321,0,0.02381,0
177266,44632,0,0.166667,0
127486,22035,0,0.038462,0
192423,29095,0,0.166667,0
21825,9076,0,0.333333,0
96953,46346,0,1.0,1
178046,26209,0,0.333333,0
197911,19048,0,0.2,0
67438,546,0,0.029412,0
124003,32971,0,0.5,0
71051,40878,0,0.333333,0
53852,41950,0,0.041667,0
166254,39984,0,0.5,0
106704,13646,1,1.0,1
8059,39928,0,0.090909,0
112872,48205,0,0.045455,0
70729,13431,1,1.0,1
172596,34243,0,1.0,1
142477,20114,0,0.142857,0
7440,19019,0,0.029412,0
111596,33438,0,1.0,1
126522,9076,0,0.5,0
66895,4920,0,0.166667,0
88548,22395,0,1.0,1
152712,781,0,0.142857,0
184990,6873,1,1.0,1
17108,13858,0,0.043478,0
165235,35871,0,1.0,1
88644,47912,1,0.25,0
172852,44088,0,0.2,0
28789,30489,1,0.142857,0
93728,12845,0,0.333333,0
101048,33768,0,0.2,0
204590,22866,1,0.5,0
97132,7156,0,0.0625,0
157055,12144,0,1.0,1
79746,48896,0,0.5,0
47077,27374,0,0.013333,0
101020,14505,0,0.058824,0
21165,20485,0,0.142857,0
57363,43961,1,1.0,1
76449,12925,0,0.076923,0
164837,9906,0,0.029412,0
4509,47305,0,0.5,0
180933,46709,0,1.0,1
76168,4931,0,0.2,0
178236,19478,0,0.066667,0
29291,47209,0,0.5,0
78240,39877,0,0.052632,0
81317,16518,0,0.5,0
94624,12230,0,0.05,0
38272,10017,0,0.2,0
77519,16589,0,0.5,0
87105,31130,0,0.25,0
158241,5120,0,0.05,0
43741,7131,0,0.142857,0
58040,18963,0,0.03125,0
30363,38400,0,0.333333,0
20853,21872,0,0.05,0
177104,2966,0,1.0,1
195704,28928,0,1.0,1
127753,8955,0,0.142857,0
137043,9387,0,0.083333,0
132076,39590,0,0.083333,0
101321,19820,1,1.0,1
132151,34025,0,0.166667,0
108019,28785,0,0.090909,0
13173,31506,0,0.076923,0
204436,34012,0,0.166667,0
77403,30489,0,0.035714,0
109999,16759,0,0.25,0
200804,32303,0,0.5,0
146516,28805,0,0.125,0
71223,5322,0,1.0,1
22818,12341,0,1.0,1
116825,28733,0,0.076923,0
95978,36431,0,0.5,0
121981,31717,0,1.0,1
87936,28427,0,0.142857,0
49472,890,0,1.0,1
204632,6383,1,0.5,0
55236,25642,0,0.125,0
67847,2298,0,0.2,0
25434,46526,0,0.021739,0
100780,29837,0,1.0,1
61000,38456,0,0.076923,0
140210,21137,0,1.0,1
193148,29700,0,0.083333,0
4726,9554,0,0.090909,0
79838,14633,0,1.0,1
131260,34451,0,0.333333,0
72493,32331,0,0.333333,0
40338,29987,0,0.142857,0
108402,5550,0,0.090909,0
100047,43352,0,1.0,1
175960,26369,0,0.333333,0
42113,47026,0,0.030303,0
97049,40199,0,0.125,0
26679,47209,0,0.5,0
136554,39561,0,0.111111,0
109426,49139,0,0.2,0
201515,605,0,0.5,0
194861,27553,0,0.071429,0
5557,23630,0,0.047619,0
34772,43545,0,0.166667,0
150761,46969,0,0.25,0
152074,48679,0,0.076923,0
109106,12404,0,0.25,0
177369,42556,0,0.333333,0
17933,7806,0,0.5,0
182510,41658,0,0.2,0
84610,9177,0,0.125,0
55713,46935,0,0.023256,0
191012,49533,0,0.052632,0
107677,32784,0,0.5,0
4192,19446,0,0.019608,0
194464,18727,0,1.0,1
131131,10644,0,0.142857,0
136491,16454,0,0.071429,0
55388,22312,0,0.1,0
72008,25504,0,0.022222,0
183274,47209,0,0.0625,0
73821,21903,1,1.0,1
41552,45007,0,0.5,0
16837,35333,0,0.090909,0
199879,39921,0,0.111111,0
70305,20583,0,1.0,1
141094,37646,0,0.035714,0
45244,35419,1,0.333333,0
5551,17085,0,0.5,0
161187,24852,0,1.0,1
29074,27714,0,0.5,0
43762,20776,0,0.25,0
162921,13263,0,0.01087,0
62010,37053,0,0.333333,0
150090,31818,0,0.090909,0
156784,36780,0,0.05,0
118466,18441,0,0.2,0
28546,38618,0,0.055556,0
30820,25705,0,1.0,1
13955,43875,0,0.333333,0
5384,5547,0,0.125,0
125355,44570,0,0.020408,0
89182,25144,0,1.0,1
11698,26384,0,0.1,0
50649,5068,0,0.083333,0
148364,1940,0,0.25,0
111782,26209,0,0.04,0
158091,28204,0,0.030303,0
8925,31663,0,0.2,0
111376,4713,0,0.125,0
168724,17622,0,0.018519,0
31484,125,0,0.083333,0
187748,10998,0,0.083333,0
4192,2537,0,0.02439,0
124868,47601,1,0.333333,0
108322,18709,0,0.090909,0
123617,21405,0,1.0,1
151189,5578,0,0.333333,0
133016,12564,0,0.142857,0
88879,42356,0,1.0,1
167864,1463,0,0.028571,0
21227,18594,0,1.0,1
173281,16797,0,1.0,1
15235,46692,0,0.166667,0
138762,37193,0,0.0625,0
141321,1757,0,0.125,0
180622,34396,0,0.055556,0
89858,14197,0,0.5,0
128796,48697,0,0.076923,0
158006,41588,0,0.071429,0
165430,20370,0,1.0,1
99680,35400,0,0.076923,0
182558,95,0,0.018868,0
189079,13565,0,1.0,1
154350,9755,0,0.166667,0
168334,40268,0,0.125,0
167761,22556,0,1.0,1
8677,3339,0,0.055556,0
108322,7177,0,0.1,0
200473,5933,0,0.333333,0
186246,15897,0,0.142857,0
59602,15324,0,0.25,0
165337,16174,0,0.083333,0
202388,49235,0,0.142857,0
93040,25952,0,0.142857,0
168334,12464,0,0.1,0
38291,7781,0,0.166667,0
75825,39561,0,0.043478,0
92568,35838,0,0.066667,0
202189,49488,0,0.1,0
42408,36735,0,0.0625,0
137724,39719,0,1.0,1
34407,49235,0,0.5,0
123582,8903,0,0.2,0
97816,44949,0,0.038462,0
184538,37637,0,0.058824,0
10828,35042,0,1.0,1
124903,12276,0,0.166667,0
176846,19514,0,0.125,0
12103,5961,0,0.090909,0
172362,7835,0,0.5,0
36149,12419,0,0.0625,0
205745,49128,0,0.055556,0
150189,20119,1,1.0,1
92252,121,1,0.125,0
56584,45633,0,0.045455,0
58368,8277,0,0.5,0
18384,3376,0,0.333333,0
130102,16953,0,0.2,0
27104,3962,0,0.02,0
122539,14678,0,0.25,0
106267,23576,0,0.2,0
94463,25272,0,0.2,0
48125,39470,0,0.25,0
76589,13176,0,0.111111,0
98614,18716,0,0.5,0
37678,3656,0,0.142857,0
48463,24881,0,1.0,1
84586,28862,0,0.25,0
154819,31275,0,0.5,0
160911,5450,0,1.0,1
114771,47209,0,0.5,0
34705,33731,0,0.2,0
68439,41570,0,0.013889,0
193514,44449,0,0.076923,0
63353,27573,0,0.333333,0
32863,40448,0,0.5,0
47354,35946,1,0.5,0
178374,5897,0,0.1,0
21951,20118,0,1.0,1
125881,11132,0,0.083333,0
149348,27796,0,0.333333,0
89857,22268,0,0.041667,0
146257,36736,0,0.030303,0
2396,33523,0,0.5,0
124188,38622,1,1.0,1
152011,30638,0,0.5,0
80161,44912,0,0.058824,0
107053,14462,0,0.166667,0
80603,13885,0,0.052632,0
93251,13605,0,0.02381,0
70165,44245,0,0.2,0
127071,27355,0,0.1,0
181652,18198,0,0.02439,0
166983,22365,0,0.5,0
184549,43234,1,0.5,0
68944,46672,0,0.5,0
24279,11198,0,0.05,0
175809,12909,0,1.0,1
97544,22825,1,0.5,0
69935,7021,0,0.5,0
168640,3545,0,0.25,0
197184,47738,0,0.0625,0
47565,21903,0,0.25,0
98700,46979,0,0.083333,0
159240,31958,0,0.05,0
51256,9839,0,1.0,1
74705,41165,0,0.090909,0
62624,36885,0,0.2,0
151986,32259,0,0.05,0
144905,22504,0,0.2,0
162117,27156,0,0.083333,0
99758,22395,0,0.125,0
187878,36736,0,0.1,0
56096,2452,0,0.5,0
186178,46455,0,0.25,0
168442,46515,0,0.333333,0
133426,27336,0,0.333333,0
28607,11520,0,1.0,1
5655,35887,0,0.055556,0
111078,17872,0,0.25,0
68020,16185,0,1.0,1
115600,31553,0,1.0,1
63237,14927,0,0.071429,0
25401,13176,1,0.5,0
52070,26648,0,1.0,1
199280,2996,0,0.016667,0
128238,27243,0,0.166667,0
37961,36011,0,1.0,1
198933,41351,0,0.037037,0
13253,21292,0,0.5,0
127466,4421,0,0.1,0
158993,32052,0,0.1,0
157312,29848,0,0.25,0
12241,952,0,0.034483,0
129055,29926,0,0.030303,0
58075,48118,0,0.142857,0
47584,30204,0,0.111111,0
34567,10668,1,1.0,1
105407,30849,0,0.033333,0
69513,35986,0,0.090909,0
160991,33950,0,0.125,0
123810,44424,0,1.0,1
68315,35939,0,0.1,0
190676,35948,0,0.010526,0
183782,39029,0,0.02381,0
37617,40898,0,0.058824,0
1538,19537,0,0.125,0
68298,22788,0,0.142857,0
108790,49683,0,0.083333,0
197620,5337,0,1.0,1
139425,18115,0,0.25,0
71315,43612,0,0.25,0
169183,24009,0,1.0,1
154541,34450,1,1.0,1
98267,13702,0,0.111111,0
62824,31338,0,0.025641,0
194839,37687,1,1.0,1
58774,47626,0,0.333333,0
200821,25659,0,0.1,0
105667,39040,0,0.090909,0
61175,44422,0,0.125,0
7572,45633,0,0.027027,0
106819,14811,0,0.333333,0
137663,14536,0,0.125,0
22025,46654,1,0.5,0
140466,28204,1,0.2,0
60754,9945,0,0.111111,0
180930,9076,0,0.058824,0
24728,8988,0,0.034483,0
68070,46383,0,0.142857,0
150566,42265,1,1.0,1
127605,4957,0,0.055556,0
149525,44663,0,0.090909,0
184538,42620,0,0.0625,0
157716,42976,1,0.125,0
100330,23535,0,0.083333,0
119885,19048,0,1.0,1
152958,37004,0,0.125,0
122704,29092,0,0.045455,0
138105,40682,0,0.333333,0
121548,23288,0,1.0,1
105527,35340,0,0.066667,0
57242,39055,0,0.333333,0
98905,41148,0,0.038462,0
52360,4957,0,0.2,0
150237,39225,0,0.03125,0
18998,43352,0,0.012048,0
130495,14881,0,0.25,0
162126,21616,0,1.0,1
203595,7547,0,0.2,0
150090,26831,0,0.111111,0
97595,35077,0,0.052632,0
163761,12015,0,0.052632,0
102199,14197,0,0.037037,0
37982,21681,0,0.038462,0
171865,40348,0,0.25,0
77665,13176,0,1.0,1
67237,45345,0,0.021277,0
21507,5383,0,0.2,0
87244,30292,0,1.0,1
91204,27086,1,0.333333,0
131890,21616,0,0.25,0
90392,38583,0,0.058824,0
154409,22228,0,0.052632,0
15411,16797,0,0.5,0
102962,32465,0,0.025641,0
163096,39275,0,0.166667,0
177487,18876,0,0.2,0
174084,26856,0,0.05,0
3584,19006,0,0.2,0
36274,49478,0,0.142857,0
38821,40199,0,0.03125,0
75664,28769,0,0.010204,0
39761,16797,1,1.0,1
137785,23785,0,0.083333,0
175768,10872,0,0.047619,0
5393,48364,0,0.5,0
53350,10895,0,1.0,1
114532,10126,0,0.032258,0
23949,32839,0,0.032258,0
175565,12756,0,0.022222,0
97151,34582,0,1.0,1
115383,34940,0,0.083333,0
98004,29311,0,0.125,0
175303,10749,0,1.0,1
29230,49683,0,1.0,1
203998,41950,0,0.125,0
116943,22142,0,0.041667,0
90884,13535,0,0.041667,0
8832,42533,0,0.041667,0
169252,39787,0,0.2,0
168662,20650,0,0.125,0
20737,31469,0,0.2,0
77571,34126,0,0.066667,0
117543,432,0,0.2,0
152938,31736,0,0.058824,0
98197,24852,0,0.076923,0
14268,40026,0,0.055556,0
190292,48482,0,0.5,0
87003,39275,0,0.029412,0
38164,141,0,0.05,0
128000,1158,0,0.1,0
122439,19691,0,0.1,0
4442,17794,0,0.033333,0
148834,40836,0,0.5,0
179003,36759,0,1.0,1
99979,18234,0,1.0,1
201355,21019,1,0.333333,0
13783,10243,0,0.03125,0
15134,24964,0,0.333333,0
178412,17794,0,0.041667,0
56886,39247,0,0.027027,0
191426,25890,0,1.0,1
96030,4163,0,0.25,0
1150,27845,0,0.038462,0
150438,17545,0,1.0,1
205886,22142,0,0.111111,0
176650,21573,0,0.5,0
66868,21608,0,1.0,1
39721,28934,0,1.0,1
195793,24764,0,0.083333,0
74349,19389,0,0.029412,0
71709,9825,0,0.25,0
77897,45633,0,0.027778,0
52868,19468,0,0.012048,0
50796,19057,0,0.125,0
129300,21174,1,0.5,0
181652,5819,0,0.5,0
12223,13380,1,1.0,1
12895,5566,0,0.125,0
19981,30146,0,1.0,1
152601,20502,0,0.5,0
61581,39812,0,0.04,0
122937,39928,0,0.090909,0
38015,46393,0,0.125,0
202819,44765,1,1.0,1
152763,4920,0,0.2,0
202844,28104,0,0.5,0
103033,5588,0,0.142857,0
198273,23734,0,1.0,1
180067,18838,0,0.083333,0
177082,27471,0,0.25,0
189954,21137,0,0.02381,0
64061,36070,0,0.111111,0
46033,43295,0,1.0,1
181676,3376,0,0.5,0
48649,1202,0,1.0,1
128263,16797,0,0.125,0
158589,27442,0,0.5,0
190354,3298,0,0.25,0
179310,30529,0,0.047619,0
119744,25830,0,0.25,0
117247,27291,0,0.045455,0
43072,36082,0,1.0,1
65281,22828,0,0.125,0
41551,47848,0,0.076923,0
203267,27801,0,0.111111,0
141693,4962,0,0.125,0
133597,30169,0,0.5,0
185448,1695,0,0.5,0
78721,43122,0,0.1,0
53222,35824,0,0.1,0
142241,21614,0,0.2,0
85552,2078,0,1.0,1
121984,18411,0,0.033333,0
122073,27845,0,0.111111,0
166255,10749,0,1.0,1
110296,49605,0,0.333333,0
173804,10305,0,0.111111,0
30568,5876,0,1.0,1
87398,20561,0,1.0,1
8270,26540,0,0.027778,0
197169,14992,0,0.2,0
136888,44168,0,0.05,0
102186,30638,0,0.2,0
9384,36695,0,0.166667,0
7228,39097,0,0.047619,0
11828,38159,0,0.071429,0
128164,44142,0,0.1,0
152178,34927,0,0.25,0
101292,15672,0,0.25,0
118040,17948,0,0.04,0
13229,12583,0,0.034483,0
113974,21410,0,0.25,0
114133,43772,0,0.038462,0
56886,41844,0,0.011236,0
196458,13988,0,0.076923,0
65557,48990,0,1.0,1
197112,47301,0,0.076923,0
71601,14159,0,0.04,0
190097,44683,0,0.5,0
164319,34713,0,0.111111,0
99193,47734,0,0.083333,0
8706,15406,0,0.2,0
144780,27548,0,0.25,0
202580,4920,0,0.015873,0
48936,26604,0,0.028571,0
150695,23898,0,0.333333,0
206045,40836,0,0.032258,0
91159,28228,0,0.142857,0
36182,18534,0,0.5,0
140766,7628,0,0.1,0
97345,22270,0,0.043478,0
173356,9358,0,0.5,0
175654,19938,0,0.333333,0
79538,3283,0,0.5,0
70742,44156,0,0.166667,0
153970,20114,0,0.5,0
27477,8277,0,0.076923,0
80639,26604,0,0.166667,0
110136,717,0,0.25,0
77884,8590,0,0.030303,0
181352,5750,0,1.0,1
120933,33589,0,0.034483,0
60404,24082,0,0.142857,0
157437,25416,0,1.0,1
34414,41695,0,0.5,0
165243,37524,0,0.1,0
180178,46294,0,0.055556,0
102846,1359,0,0.25,0
109097,1463,0,0.25,0
189528,6348,0,0.333333,0
31213,2238,0,0.111111,0
151712,17747,0,0.166667,0
176884,23339,0,0.333333,0
29364,19057,0,0.1,0
152074,25340,0,0.05,0
63812,20788,0,0.05,0
182587,39877,0,0.5,0
41546,17819,0,0.142857,0
50385,32429,0,0.035714,0
2504,18079,1,1.0,1
53694,46945,0,0.142857,0
193764,22963,0,0.25,0
49314,43122,0,0.142857,0
129256,35042,0,0.5,0
38204,14992,0,0.5,0
148607,5612,0,0.017544,0
111396,29987,0,0.02,0
55576,22211,0,0.071429,0
118903,42356,0,0.166667,0
145250,4808,0,0.25,0
41030,20323,0,0.142857,0
41094,17419,0,1.0,1
138231,26509,0,0.333333,0
27265,16823,0,0.2,0
157215,48364,0,0.076923,0
7039,31678,0,0.071429,0
182797,33198,0,0.125,0
65754,32638,0,0.2,0
119298,4347,0,0.25,0
44058,16549,0,0.041667,0
136922,20327,0,0.333333,0
194379,27796,0,0.5,0
87273,1025,0,0.166667,0
47959,17766,0,1.0,1
132018,5884,0,0.166667,0
106713,35951,0,1.0,1
50595,38949,0,0.5,0
45163,48485,0,0.166667,0
188295,8590,1,1.0,1
196602,21349,0,1.0,1
17162,10749,0,0.333333,0
50576,29077,1,1.0,1
69744,6508,0,0.5,0
187620,15290,0,0.166667,0
51931,28289,0,0.083333,0
142635,29603,0,0.1,0
91905,9366,0,0.090909,0
1517,37462,0,0.25,0
11837,3275,0,0.5,0
54784,13869,1,0.333333,0
59341,20608,0,0.071429,0
186178,31102,0,0.076923,0
152139,41169,0,0.058824,0
172018,5385,1,0.25,0
127673,28326,0,0.083333,0
91691,48559,0,0.071429,0
119856,11112,0,0.2,0
75853,13255,0,1.0,1
64589,30353,0,0.142857,0
33390,5713,0,0.166667,0
99151,4920,0,0.111111,0
161563,19678,0,0.022727,0
181210,40706,0,0.02,0
157847,5479,0,0.25,0
147475,30489,0,0.25,0
157523,33274,0,0.026316,0
191675,41596,0,0.25,0
94786,32465,0,0.5,0
76107,20168,0,0.333333,0
10172,48007,0,0.1,0
205877,47024,0,0.037037,0
167104,7781,1,1.0,1
49537,34128,0,0.142857,0
20744,25199,0,0.017544,0
141844,26128,0,0.076923,0
167308,24373,0,0.1,0
203637,28515,0,0.25,0
181866,6474,0,0.025641,0
74528,25340,0,0.045455,0
14268,19468,0,0.023256,0
10424,14284,0,1.0,1
152324,20549,0,0.015385,0
106161,14579,0,0.012821,0
112445,21526,0,0.1,0
150033,14462,0,0.029412,0
168859,7500,0,0.033333,0
176791,45154,0,0.058824,0
194125,13249,0,0.083333,0
135658,28204,0,0.1,0
7345,21709,0,0.5,0
10519,13802,0,0.090909,0
89786,47766,0,1.0,1
6532,22312,0,0.033333,0
40627,43122,0,0.025,0
5328,46616,0,0.025641,0
188282,15672,0,0.333333,0
16668,33352,0,1.0,1
111388,10840,0,0.055556,0
195672,41220,0,0.333333,0
96206,925,0,0.034483,0
20280,21938,0,1.0,1
74857,29392,0,0.333333,0
196602,24852,0,0.076923,0
117913,47772,0,0.066667,0
194026,24701,0,0.1,0
150707,30353,1,1.0,1
4646,48423,0,0.090909,0
70229,29382,0,0.05,0
147717,47848,0,1.0,1
33598,22124,1,1.0,1
3546,44632,1,1.0,1
126671,32047,0,0.333333,0
89898,43263,0,0.2,0
70697,12456,0,1.0,1
166239,790,0,0.25,0
33559,39877,0,0.076923,0
60040,48026,0,0.5,0
140622,34063,0,0.333333,0
58035,25837,0,0.5,0
37795,16463,0,0.142857,0
189642,29346,0,0.2,0
44298,47402,0,0.083333,0
152499,36591,0,0.5,0
52196,16731,0,0.2,0
81874,47209,0,0.5,0
67741,46802,0,0.125,0
174212,5699,0,0.5,0
64134,47357,0,0.04,0
80647,5755,0,0.017544,0
135839,7390,0,0.2,0
5934,35943,0,0.045455,0
185442,13176,0,0.5,0
130164,12409,0,0.027778,0
110152,7781,0,0.090909,0
62250,15861,0,0.166667,0
118626,13776,0,0.125,0
91102,21616,0,0.142857,0
2609,45104,0,0.0625,0
186768,45788,0,0.2,0
192045,15613,0,0.142857,0
124158,16137,0,0.045455,0
47915,46969,0,0.038462,0
61519,2446,0,0.090909,0
26693,18460,1,0.2,0
17273,4605,0,0.142857,0
105169,21333,0,0.125,0
132976,11140,0,0.019231,0
119424,49075,0,0.083333,0
59084,21405,0,0.25,0
163464,31517,0,0.090909,0
59209,28204,0,0.066667,0
110315,26717,0,0.333333,0
78154,43409,0,0.035714,0
8232,14715,0,0.020833,0
166099,10711,0,0.029412,0
23581,42736,0,0.5,0
181830,17794,0,0.166667,0
65798,14273,0,0.014286,0
72650,15100,0,0.142857,0
120488,22385,0,0.333333,0
146586,39059,0,0.2,0
97401,19816,0,0.333333,0
141959,9741,0,0.02,0
22133,11000,0,0.166667,0
186878,29370,0,0.090909,0
69985,35989,0,0.012987,0
46621,28632,0,0.022727,0
108341,29623,0,0.0625,0
165534,41842,0,0.166667,0
73300,47780,0,0.090909,0
124178,34358,1,0.2,0
122891,27336,1,0.5,0
177942,19057,0,0.043478,0
28760,25753,1,1.0,1
109072,42110,0,0.025641,0
171395,43961,0,0.111111,0
108176,49187,0,0.125,0
66996,39046,0,0.5,0
195846,21077,0,0.5,0
198393,2829,0,0.5,0
162379,31683,0,0.5,0
16879,30570,0,0.035714,0
135864,2962,1,1.0,1
132972,42736,0,0.166667,0
66465,30776,0,0.015625,0
127009,23139,0,0.027027,0
10009,41593,0,1.0,1
97498,8277,0,1.0,1
10164,49235,0,0.076923,0
176301,30559,0,0.0625,0
55017,1516,0,0.076923,0
1820,6901,0,0.25,0
120975,23375,0,0.2,0
149854,16136,0,0.2,0
86506,16274,0,0.333333,0
138214,17444,0,1.0,1
188514,44479,0,0.083333,0
135377,38159,0,0.038462,0
25039,26593,0,0.5,0
106093,16525,0,0.071429,0
71922,5613,0,1.0,1
130560,33884,0,0.033333,0
53738,13176,0,0.0625,0
25855,47888,0,0.055556,0
141696,43768,0,1.0,1
111082,46844,0,0.142857,0
116213,8518,0,0.043478,0
79597,1,0,0.142857,0
91377,30839,1,1.0,1
118826,21174,0,0.066667,0
78494,38383,0,0.333333,0
148704,27307,0,0.5,0
49133,42208,0,1.0,1
84553,22788,0,0.125,0
133972,31343,0,0.5,0
48936,1783,0,0.02,0
139980,30559,0,0.047619,0
128777,18439,0,0.5,0
15357,49383,0,0.020408,0
110737,27442,0,1.0,1
196580,4645,0,1.0,1
26272,36485,0,0.071429,0
124885,5025,0,0.066667,0
24910,5240,0,0.5,0
43555,13858,0,0.038462,0
142025,32265,0,0.25,0
131979,30759,0,0.027778,0
28453,41480,0,0.142857,0
82778,23600,0,0.2,0
39759,651,0,0.25,0
25493,23516,0,0.076923,0
150516,16759,0,0.25,0
145032,38694,0,0.125,0
103471,27683,0,0.333333,0
167728,42667,0,0.166667,0
199465,6036,0,0.333333,0
167653,12932,0,0.032258,0
95984,4030,1,0.5,0
2273,5373,0,1.0,1
52814,1376,0,0.125,0
202017,42817,0,0.25,0
198522,23296,1,1.0,1
105706,27429,0,0.333333,0
57897,30985,1,1.0,1
133181,49269,0,0.5,0
22970,30391,1,0.166667,0
200711,38508,0,0.076923,0
193708,23029,0,1.0,1
153278,15176,0,1.0,1
97977,28990,0,1.0,1
86005,39928,0,0.125,0
111609,42768,0,0.5,0
170415,37687,0,0.037037,0
63237,21334,0,0.166667,0
183631,27790,0,0.142857,0
28351,5110,0,0.2,0
154077,48364,0,0.038462,0
19544,40724,0,0.333333,0
36190,33846,0,0.058824,0
33010,27966,0,0.333333,0
52589,6184,0,1.0,1
179236,8189,0,0.25,0
154521,49026,0,1.0,1
31210,20904,0,0.076923,0
38878,42736,0,0.166667,0
204814,8670,0,0.026316,0
175905,32689,0,0.333333,0
648,32691,0,1.0,1
144015,8903,1,1.0,1
49005,8390,0,0.5,0
47343,21709,0,0.5,0
49653,43263,0,1.0,1
203523,6844,0,0.04,0
160650,40587,0,0.5,0
95471,43765,0,0.014286,0
179001,33370,0,0.5,0
6586,10102,0,0.2,0
165212,22795,0,0.027778,0
120185,26272,0,0.018868,0
94525,10534,0,0.1,0
128123,10447,0,1.0,1
68619,48239,0,1.0,1
147229,39275,1,0.5,0
184212,21903,1,0.25,0
157318,13027,0,0.333333,0
27030,41745,0,0.111111,0
147970,48183,0,0.076923,0
82192,17794,0,0.090909,0
159887,16521,0,0.1,0
30536,18234,0,1.0,1
68492,19057,0,0.5,0
65730,26209,1,1.0,1
9433,27750,0,0.333333,0
155310,12320,0,0.125,0
60049,24184,0,0.2,0
32794,5114,0,0.25,0
139474,8277,0,1.0,1
142779,38596,0,0.111111,0
113238,31469,0,0.25,0
187984,4920,0,0.142857,0
149858,46041,0,0.083333,0
105428,28985,0,0.25,0
189951,15872,1,1.0,1
85114,6808,0,0.083333,0
149784,24497,0,0.1,0
152937,32652,0,0.5,0
102616,25691,1,0.25,0
111465,47626,0,0.2,0
126073,49,0,0.333333,0
173997,44533,0,0.5,0
126510,16797,0,1.0,1
120296,27336,0,0.032258,0
494,2326,1,1.0,1
182171,36848,0,1.0,1
107077,20323,0,0.2,0
191747,30827,0,0.111111,0
32813,44632,0,1.0,1
90681,40706,1,0.5,0
56040,38425,1,1.0,1
97647,47501,0,0.0625,0
175218,49134,0,0.5,0
128635,39984,0,0.5,0
68075,33568,0,0.5,0
109960,33884,0,0.166667,0
61699,16278,0,0.041667,0
94310,13176,0,1.0,1
47590,17821,0,0.25,0
201974,36322,0,0.111111,0
169503,11737,1,0.333333,0
29168,42697,0,1.0,1
76954,24184,0,0.166667,0
84352,37072,1,1.0,1
188430,39871,0,0.05,0
119081,16797,0,0.25,0
62355,47630,0,0.5,0
171175,42768,0,0.066667,0
2432,27243,0,0.066667,0
86635,32478,0,1.0,1
179973,26209,0,0.066667,0
73016,24231,0,1.0,1
35590,24838,0,1.0,1
133638,38596,0,1.0,1
25900,39428,0,0.2,0
181371,38515,0,0.1,0
121467,4799,1,1.0,1
116328,23400,0,0.25,0
40338,890,0,0.333333,0
16406,1071,0,0.090909,0
10443,33000,0,0.2,0
181263,17461,0,0.333333,0
151584,3513,0,0.1,0
15503,10666,0,0.111111,0
148707,48679,0,0.25,0
111486,24852,0,0.076923,0
157960,33731,0,0.090909,0
116063,39427,0,0.166667,0
160216,44413,0,0.2,0
87018,4945,1,1.0,1
86767,47144,0,0.090909,0
11539,46562,0,0.5,0
199765,29182,0,0.0625,0
193865,21137,0,1.0,1
55511,47740,0,0.034483,0
66854,27521,1,1.0,1
91303,9327,0,0.034483,0
140395,9517,0,0.041667,0
179310,44142,0,0.02439,0
97101,23881,0,0.5,0
104036,47144,0,0.333333,0
195853,6193,0,0.1,0
200869,9030,0,0.055556,0
84586,29463,0,0.142857,0
67684,12312,0,0.25,0
87473,4614,0,0.011236,0
5896,44280,0,0.333333,0
67263,33113,0,0.111111,0
147782,20794,0,0.5,0
15634,196,0,0.333333,0
138362,38508,0,0.083333,0
172463,29742,0,0.125,0
197911,21903,0,1.0,1
137832,10912,0,0.5,0
139318,21472,0,0.166667,0
201721,5684,0,0.333333,0
140014,21131,0,0.055556,0
44299,10574,0,0.047619,0
7228,32013,0,0.058824,0
61799,7781,0,0.038462,0
39735,7093,0,1.0,1
44027,18389,0,0.25,0
71922,17596,0,1.0,1
13730,17299,0,1.0,1
94499,28785,0,0.5,0
69332,26723,0,0.125,0
99749,36735,0,1.0,1
88938,34262,0,0.125,0
143993,35547,0,0.090909,0
156163,6550,0,0.333333,0
36691,24179,0,0.1,0
52167,30599,0,0.028571,0
152781,47626,0,0.090909,0
23591,36929,0,1.0,1
22640,3367,0,0.166667,0
175720,4605,0,0.083333,0
42446,11182,0,0.5,0
114661,11345,1,1.0,1
48306,6210,1,1.0,1
95317,9327,0,0.25,0
128615,7644,0,0.142857,0
147797,26569,0,0.030303,0
78050,40556,0,0.1,0
155204,34321,0,0.090909,0
105950,10957,0,0.083333,0
164116,28204,0,0.5,0
72340,11422,0,0.032258,0
132336,21953,0,0.090909,0
122704,43713,0,0.038462,0
178443,22210,0,0.071429,0
133917,22952,0,0.166667,0
6562,44987,0,0.034483,0
10795,39275,0,0.111111,0
13503,10761,0,0.5,0
180459,46979,0,0.166667,0
170099,15404,0,1.0,1
151132,20814,0,0.041667,0
138673,10132,0,1.0,1
180836,32691,0,0.5,0
117356,42943,0,0.142857,0
156928,36189,0,0.2,0
97018,2646,0,1.0,1
145262,45066,0,0.142857,0
124725,516,0,0.090909,0
125441,48423,0,0.333333,0
3006,21267,0,0.333333,0
14666,41844,0,1.0,1
21300,7130,0,0.5,0
139378,24908,0,0.066667,0
70119,16349,0,1.0,1
82164,31801,0,0.111111,0
185720,5785,0,0.5,0
13562,36256,0,0.018519,0
180533,32869,0,0.125,0
73043,27316,0,1.0,1
103385,39013,0,0.090909,0
29029,44570,0,0.5,0
128315,39620,0,0.333333,0
131034,31355,0,0.166667,0
88884,35333,0,0.2,0
3450,24954,0,0.166667,0
126425,2361,0,0.111111,0
9398,24499,0,1.0,1
59291,3376,0,0.25,0
898,23852,0,0.026316,0
173460,25630,0,1.0,1
23956,18370,0,0.25,0
99780,41951,0,0.125,0
117615,22656,0,0.1,0
125128,9584,0,1.0,1
168241,18234,0,0.333333,0
177895,28851,0,0.333333,0
122696,15359,0,0.083333,0
184856,46226,0,0.166667,0
203416,37820,0,0.041667,0
80883,45010,0,0.02439,0
20397,15100,0,0.5,0
145868,37524,0,0.5,0
197448,26660,0,0.0625,0
97013,30148,0,0.066667,0
8028,46916,0,0.058824,0
42555,23025,0,0.333333,0
99334,42506,0,0.05,0
88273,45840,0,0.028571,0
112110,1,0,0.071429,0
128380,3111,0,0.083333,0
104659,47766,0,0.333333,0
34321,24985,0,0.041667,0
76473,33198,0,0.142857,0
113426,29695,0,0.2,0
62382,37065,0,0.2,0
191368,44424,0,0.038462,0
64654,14992,0,0.166667,0
14365,43421,0,0.2,0
178415,18615,0,0.142857,0
206042,9213,0,0.5,0
53071,47601,0,0.5,0
96577,28836,0,1.0,1
199327,2086,0,0.033333,0
152340,41148,0,0.166667,0
194140,27683,0,0.1,0
156151,4656,0,0.142857,0
190562,31462,0,0.2,0
160718,21777,1,1.0,1
143948,2380,0,0.0125,0
108637,16617,0,0.2,0
202113,16797,0,1.0,1
32124,45965,0,0.2,0
131034,27156,0,0.333333,0
79555,4647,0,0.2,0
31403,32638,0,0.142857,0
76473,41787,0,0.333333,0
164404,47274,0,0.058824,0
116416,42341,0,0.166667,0
176272,44766,0,0.142857,0
44299,26976,0,0.5,0
114664,486,0,0.142857,0
198291,1217,0,0.111111,0
127006,34335,0,0.025641,0
13433,10749,0,0.166667,0
26225,39669,0,0.25,0
67237,34557,1,1.0,1
30910,5550,0,1.0,1
58271,12805,0,0.125,0
63226,42139,0,0.058824,0
31191,40088,0,0.090909,0
65641,46654,0,0.05,0
113482,47209,0,0.2,0
79727,16622,0,1.0,1
80988,2180,0,0.025641,0
5896,35825,0,0.2,0
86792,34458,0,0.032258,0
157089,7021,0,1.0,1
199881,10070,0,0.333333,0
129181,21903,0,0.333333,0
36972,22276,0,0.055556,0
167488,42625,0,0.333333,0
195202,3738,0,1.0,1
86915,31433,0,0.083333,0
117210,39619,0,0.142857,0
86479,41960,0,1.0,1
12232,22034,0,0.090909,0
172031,6343,0,1.0,1
148112,35951,0,0.142857,0
27351,23621,0,1.0,1
77321,39247,0,0.25,0
185809,46979,1,0.5,0
44060,1511,0,0.5,0
82895,15261,0,0.032258,0
44463,49269,0,0.2,0
137243,11365,0,0.2,0
91330,49235,0,1.0,1
112154,4957,0,0.5,0
74375,4920,0,1.0,1
15805,17781,0,0.04,0
201609,29780,0,0.166667,0
155474,28897,0,0.333333,0
59364,15160,0,0.045455,0
150225,10083,0,0.043478,0
52688,7213,0,0.111111,0
87363,28695,0,0.058824,0
33795,41950,0,0.333333,0
173608,47526,0,0.083333,0
23153,28842,0,0.027778,0
180353,35121,0,0.5,0
190561,47492,0,0.333333,0
153405,36759,0,0.02381,0
55713,45007,0,1.0,1
4262,2124,0,0.333333,0
20275,14168,0,0.25,0
68991,4256,0,0.5,0
28791,24964,0,0.1,0
118389,24852,0,0.2,0
156905,13578,0,1.0,1
160378,25931,1,0.5,0
89694,46047,0,0.2,0
96381,21903,0,1.0,1
41552,35561,0,0.166667,0
155066,16896,0,0.25,0
181507,23047,0,0.5,0
27470,10957,0,0.1,0
189357,39877,1,1.0,1
164346,14849,0,0.2,0
68651,45116,0,1.0,1
155976,30949,0,1.0,1
152350,742,0,0.333333,0
62410,24561,0,1.0,1
119910,47672,0,0.071429,0
6557,35263,0,0.25,0
128218,9122,0,0.333333,0
60650,29615,0,0.5,0
67463,19734,0,0.111111,0
144685,14992,0,0.142857,0
88000,9020,0,0.333333,0
199878,18702,0,0.5,0
95853,10246,0,0.333333,0
92864,42828,0,0.25,0
6895,39911,0,0.018182,0
175732,47141,0,0.142857,0
115071,31717,0,1.0,1
78550,8479,0,0.2,0
83563,9703,0,0.333333,0
93964,12403,0,0.166667,0
125484,20282,0,0.166667,0
167684,21616,0,0.076923,0
45003,13885,0,0.1,0
193301,24125,0,0.2,0
128848,13870,0,0.25,0
129247,13212,0,0.013514,0
127390,2238,0,1.0,1
12903,30391,0,0.166667,0
199299,1076,0,0.333333,0
59188,39781,0,0.142857,0
193131,39275,0,0.2,0
80923,16322,0,0.2,0
144160,42625,0,0.066667,0
176152,31022,0,0.2,0
59471,17224,0,0.1,0
149858,42602,0,0.029412,0
14737,1440,0,0.025641,0
59471,22915,0,0.5,0
13225,3689,0,0.111111,0
176910,3717,0,0.333333,0
119382,39980,0,0.026316,0
163921,16234,0,0.25,0
153819,8366,1,0.5,0
159647,11412,0,0.5,0
134670,14715,1,1.0,1
89184,28985,0,0.25,0
164709,758,0,0.25,0
85072,23765,0,0.055556,0
23054,8518,0,0.166667,0
115674,8204,0,0.333333,0
36267,18656,0,1.0,1
120273,16083,0,0.090909,0
177016,43908,0,0.043478,0
37650,23234,0,0.166667,0
146655,32293,0,0.333333,0
107005,21195,0,0.5,0
53195,26763,0,0.05,0
75805,37710,1,0.1,0
153155,13829,0,0.166667,0
46761,24009,0,0.018182,0
84308,2238,0,0.2,0
198699,26497,1,0.5,0
194213,22034,0,0.333333,0
188089,32460,0,0.333333,0
132456,45535,0,0.083333,0
105845,41755,0,0.1,0
176212,28983,0,0.025,0
137878,44408,0,0.111111,0
53360,13535,0,0.125,0
53818,16759,0,1.0,1
31278,46654,0,1.0,1
152355,22144,0,1.0,1
21554,17988,0,0.058824,0
188732,24043,0,0.333333,0
83763,3988,0,0.055556,0
119290,24933,0,0.047619,0
189898,18531,0,0.333333,0
202394,8518,0,0.5,0
146754,38622,0,0.0625,0
17553,28204,0,0.2,0
65452,21288,0,0.333333,0
78670,31495,0,0.041667,0
23386,28476,0,0.083333,0
172732,27966,0,0.166667,0
36694,39997,0,0.05,0
48259,34727,0,0.166667,0
48125,39275,0,1.0,1
7184,23645,0,0.333333,0
33021,7175,0,0.333333,0
119348,1234,0,0.142857,0
204247,43352,0,0.25,0
26533,23181,0,0.2,0
70267,42183,0,0.333333,0
21553,9901,0,0.025641,0
61899,47652,0,0.047619,0
181981,39190,0,0.038462,0
25696,7736,0,0.083333,0
70971,34862,0,0.033333,0
145772,24830,0,0.25,0
54859,13906,0,0.111111,0
17851,17915,0,0.333333,0
98197,5025,0,0.142857,0
6448,46147,0,0.333333,0
184589,46667,0,0.333333,0
198217,49416,0,0.02,0
103420,9839,0,0.25,0
104692,42828,0,0.023256,0
7224,5884,0,0.076923,0
153548,42701,0,1.0,1
72536,35628,0,1.0,1
64317,39275,0,0.055556,0
21059,33279,0,0.038462,0
23822,16185,0,0.5,0
202252,45535,0,0.0625,0
78724,26209,0,1.0,1
70679,26894,0,0.05,0
45845,41242,1,1.0,1
61607,3599,1,1.0,1
74847,41273,0,1.0,1
96193,34668,0,0.111111,0
74043,25952,1,1.0,1
92856,41484,0,1.0,1
54154,21903,0,0.5,0
166566,7718,0,0.5,0
66500,14259,0,0.027778,0
153351,12456,0,0.25,0
183782,35535,0,0.25,0
21304,24197,0,0.333333,0
24553,39877,0,1.0,1
23797,23288,0,0.038462,0
75674,2646,0,0.5,0
43612,35523,0,1.0,1
126445,26405,1,0.5,0
62647,44303,0,0.02439,0
43072,34489,0,0.333333,0
9193,37096,0,0.142857,0
104659,34126,0,0.25,0
70971,34858,0,0.058824,0
132529,18927,0,0.5,0
1584,24850,0,0.055556,0
12787,39408,0,0.142857,0
186595,38185,1,1.0,1
10595,36961,0,0.333333,0
152877,48795,0,0.043478,0
153777,47734,0,0.166667,0
35382,11827,0,0.041667,0
133507,29077,0,0.142857,0
19527,20842,0,0.0625,0
53925,31433,0,0.125,0
4543,15392,0,0.025,0
105585,27681,0,0.066667,0
202100,20479,0,0.1,0
112110,27635,0,0.5,0
29012,9554,0,0.015873,0
74908,49531,0,0.25,0
184215,36759,0,1.0,1
44106,19254,0,1.0,1
84327,37947,0,0.25,0
152538,13245,0,0.125,0
53694,17021,1,0.25,0
185523,977,0,0.333333,0
48125,1935,0,0.076923,0
125204,36085,0,0.2,0
50742,5322,0,0.0625,0
168912,1870,0,0.03125,0
123888,20704,1,0.2,0
113129,26369,0,0.083333,0
136468,31040,0,0.0625,0
37320,49683,0,0.5,0
176301,24184,0,0.333333,0
203343,20995,0,0.111111,0
20688,40279,0,0.04,0
14692,37552,0,1.0,1
28227,41319,0,0.111111,0
106474,1468,0,0.083333,0
159827,46242,0,0.2,0
36928,24160,0,1.0,1
32388,1117,0,0.076923,0
193131,13736,0,0.166667,0
189680,16687,0,0.022222,0
89639,38679,0,0.045455,0
101225,27966,0,0.125,0
92193,7021,0,0.5,0
82945,7150,0,1.0,1
203593,5422,0,0.333333,0
36177,26790,0,0.166667,0
2316,22963,1,0.5,0
33599,40034,0,0.076923,0
169856,6649,0,0.142857,0
102484,5098,0,0.058824,0
68238,41570,0,1.0,1
144687,21288,0,1.0,1
28958,3880,0,0.333333,0
86816,17122,0,0.111111,0
177520,39545,0,0.166667,0
50469,12206,0,0.333333,0
5011,11520,0,0.333333,0
29857,5876,0,1.0,1
147532,32545,0,1.0,1
93902,5450,0,0.142857,0
165625,44142,0,0.05,0
42890,38456,0,0.076923,0
146613,43961,0,0.022222,0
69951,45622,0,0.125,0
45802,3397,0,0.333333,0
168016,11408,0,0.333333,0
137048,26620,0,0.1,0
156784,22995,0,0.142857,0
52334,28597,0,0.5,0
53535,33846,0,0.5,0
162366,26177,0,0.2,0
88448,12276,0,0.5,0
51645,23622,0,0.142857,0
16434,11005,0,0.5,0
31382,21184,0,0.0625,0
17915,44561,0,0.5,0
94868,15902,0,0.066667,0
46657,8518,0,0.25,0
50249,35183,0,0.333333,0
158022,40386,0,0.1,0
136235,5621,0,0.076923,0
27154,26355,0,0.25,0
148468,37711,0,0.166667,0
40437,6141,0,0.2,0
161775,20118,0,1.0,1
175767,30391,0,0.5,0
80218,4799,0,0.5,0
168275,47123,0,0.083333,0
94285,37552,0,0.015152,0
180890,42736,0,0.25,0
138600,47209,0,0.5,0
37409,45,0,0.076923,0
845,16617,0,0.047619,0
26929,24184,0,1.0,1
204884,26209,0,0.0625,0
124493,2537,0,1.0,1
16118,4605,0,0.090909,0
36688,41844,1,0.2,0
15626,15438,0,0.125,0
70786,17328,0,0.05,0
23568,27845,0,0.142857,0
118177,9112,0,0.333333,0
139415,2825,0,0.032258,0
31585,10385,0,0.5,0
168386,22218,0,0.125,0
5382,30981,0,0.023256,0
191191,13176,0,0.02,0
80607,6181,0,0.333333,0
127525,11218,0,0.04,0
156304,17794,0,0.090909,0
153065,21709,0,0.111111,0
87856,3464,0,0.333333,0
186249,10132,0,0.090909,0
148304,8174,0,0.0625,0
23852,21903,0,1.0,1
169180,25138,0,0.111111,0
189750,11011,0,0.066667,0
33535,34565,0,0.25,0
166459,39971,0,0.030303,0
197112,29604,0,0.125,0
94959,9092,0,0.090909,0
203504,41998,0,0.166667,0
199995,38293,0,0.142857,0
50146,46041,0,0.2,0
51006,41273,1,1.0,1
156203,20119,0,0.1,0
128137,21137,0,0.090909,0
156718,31066,0,0.076923,0
2404,16978,0,0.5,0
9530,4799,0,0.111111,0
166159,39353,0,0.027027,0
18496,22825,0,0.1,0
11378,46510,0,0.166667,0
20688,39758,0,0.035714,0
159240,39922,0,0.055556,0
103242,10749,0,0.142857,0
97401,36034,0,0.5,0
11729,40706,0,0.333333,0
135429,23879,0,0.25,0
1595,24489,0,1.0,1
169430,15860,0,0.090909,0
89699,30169,0,0.125,0
54610,22124,0,0.333333,0
65753,27966,0,0.5,0
73310,30853,0,0.022727,0
56040,33316,0,0.058824,0
31796,39275,0,0.166667,0
116929,36735,0,0.013514,0
85622,39475,0,0.045455,0
22662,7121,0,0.071429,0
205406,23288,0,0.166667,0
66096,11465,0,0.071429,0
133953,8021,0,1.0,1
40864,30623,0,0.142857,0
61197,17706,0,0.090909,0
50583,19731,0,0.013514,0
183353,3798,0,0.125,0
20951,14157,0,0.5,0
147903,26629,0,0.016667,0
51138,33153,0,0.032258,0
187945,31717,0,0.071429,0
148213,16521,0,0.090909,0
156882,35108,0,0.333333,0
34772,46802,0,0.02,0
125882,42615,0,0.090909,0
143033,46260,0,0.05,0
62239,46979,0,1.0,1
117356,16891,0,0.076923,0
46691,30420,0,0.015625,0
98430,19678,0,0.25,0
184373,43889,0,0.125,0
54133,14161,0,0.333333,0
152725,21351,0,0.058824,0
127455,30489,0,0.25,0
151737,8194,0,0.333333,0
47197,47209,0,0.125,0
38732,4605,0,0.034483,0
147112,16797,0,0.071429,0
131125,41665,0,0.017544,0
180734,47209,0,0.166667,0
124938,27323,0,0.090909,0
37897,21938,0,0.166667,0
105262,47284,0,0.333333,0
125955,18382,0,0.25,0
137495,41325,0,0.1,0
106556,10960,0,0.333333,0
127322,11782,0,0.022727,0
82591,6734,0,0.2,0
91619,35328,0,0.142857,0
204613,38164,0,0.033333,0
155666,26177,0,0.5,0
107629,42516,0,0.066667,0
178775,26280,0,0.25,0
119424,12797,0,0.052632,0
51616,39886,0,1.0,1
122821,4793,0,0.014493,0
78867,49273,0,0.028571,0
29195,13176,0,0.25,0
195360,38689,0,0.125,0
146915,3956,0,0.083333,0
200052,44359,0,0.5,0
145844,17316,0,0.333333,0
40180,2537,0,0.047619,0
27392,8803,0,0.111111,0
10595,23339,0,0.020408,0
121860,27142,0,0.5,0
133199,18234,0,0.25,0
172325,45497,0,0.076923,0
104636,5449,0,0.142857,0
124351,27179,1,0.111111,0
13631,49079,0,0.2,0
87811,9210,0,1.0,1
10316,21616,0,0.25,0
190389,32433,0,0.071429,0
201636,22922,0,1.0,1
5556,45613,0,0.5,0
200711,17858,0,0.166667,0
204210,26298,0,0.25,0
5378,17122,0,1.0,1
79795,40063,0,0.5,0
8748,24964,0,0.2,0
109338,3631,1,1.0,1
177224,21705,0,0.125,0
168871,16145,0,0.333333,0
51483,46692,0,0.333333,0
192533,35108,0,0.052632,0
48931,10709,0,0.090909,0
141268,5785,0,1.0,1
4663,17123,0,0.033333,0
74158,10221,0,0.058824,0
120200,12204,0,0.076923,0
60421,6224,0,0.083333,0
68679,7205,0,0.025,0
101465,21083,0,0.5,0
94033,42342,0,0.2,0
25944,32922,0,0.090909,0
18677,1752,0,0.052632,0
117654,5077,0,0.142857,0
21533,44830,0,0.5,0
108820,47209,0,0.166667,0
118430,42768,0,0.066667,0
193980,34861,0,0.076923,0
175643,25283,0,0.333333,0
122846,24838,0,0.142857,0
103784,38768,0,0.166667,0
104184,27625,0,0.125,0
89246,19678,0,0.1,0
5971,12606,0,0.030303,0
141547,32538,0,0.333333,0
56412,19151,0,0.034483,0
129961,31759,0,0.071429,0
175893,21376,0,0.25,0
194934,31981,0,0.125,0
125746,42936,0,0.125,0
77751,19508,0,0.5,0
189656,21295,0,0.5,0
66092,45007,0,0.166667,0
117023,5194,0,0.043478,0
181218,15902,0,1.0,1
42906,34688,0,0.166667,0
49480,37594,0,0.090909,0
151703,7354,0,1.0,1
192797,7987,0,0.125,0
72703,481,0,0.016667,0
40753,5024,0,1.0,1
111972,27398,0,0.05,0
130362,3631,1,0.125,0
148242,24852,0,1.0,1
179215,16254,0,0.2,0
175175,28348,0,0.2,0
40744,48241,1,1.0,1
49010,15290,0,1.0,1
166983,4793,0,0.25,0
161264,5031,0,0.2,0
144746,17027,1,1.0,1
173482,21349,0,0.333333,0
118718,20126,0,0.111111,0
19510,47910,0,0.035714,0
180067,37687,0,0.071429,0
6851,37107,0,0.045455,0
99758,6808,0,0.012048,0
132972,7500,0,0.111111,0
59545,45856,0,0.125,0
143526,19602,0,0.142857,0
64704,17835,0,0.166667,0
30877,45356,0,0.02381,0
39761,37107,0,0.035714,0
18142,16393,0,0.2,0
56791,18362,0,1.0,1
64925,1215,0,0.333333,0
52848,43619,0,0.111111,0
189895,38777,0,0.019231,0
132224,20842,0,0.111111,0
56570,25094,0,0.052632,0
71993,7371,0,1.0,1
49881,24852,0,0.333333,0
67042,9347,0,0.142857,0
45528,24184,1,0.333333,0
53155,40863,0,1.0,1
53634,21464,0,0.0625,0
53212,21137,0,0.2,0
53548,19678,0,0.166667,0
49685,45541,0,0.25,0
74279,21280,0,0.076923,0
16945,10482,0,0.083333,0
23086,38293,0,1.0,1
52144,13802,0,1.0,1
120997,2024,0,0.083333,0
9197,8518,0,0.25,0
118837,48679,0,0.166667,0
8013,40002,0,0.111111,0
147291,49424,0,1.0,1
29710,33000,0,1.0,1
85113,7751,0,1.0,1
91276,26790,1,1.0,1
157164,39491,0,0.142857,0
149346,7559,0,0.5,0
193951,21137,0,0.083333,0
98703,13304,0,0.045455,0
162742,2581,0,0.166667,0
44742,31640,0,1.0,1
24394,36601,0,0.2,0
111997,23744,0,0.125,0
174422,45066,0,0.25,0
177444,34243,0,0.2,0
92688,22757,0,1.0,1
15395,46720,0,0.125,0
9985,47626,0,0.1,0
73571,5194,0,0.014085,0
6613,32115,0,0.125,0
184373,23995,0,0.142857,0
141431,19690,0,0.5,0
189801,28204,0,0.142857,0
108870,27275,0,0.333333,0
51848,28469,0,0.333333,0
98816,39275,0,1.0,1
183274,48679,0,0.055556,0
111105,45570,0,1.0,1
67829,4472,0,0.030303,0
61282,47626,0,0.333333,0
160656,16797,0,1.0,1
173972,17795,0,0.055556,0
184942,48775,0,0.041667,0
122285,22935,1,1.0,1
66794,9092,0,0.037037,0
32713,3599,0,0.125,0
179284,7948,0,0.142857,0
127453,12864,0,0.111111,0
142461,48974,0,0.0625,0
45011,10246,0,0.5,0
184218,5818,0,0.5,0
120270,28745,0,0.047619,0
79366,5460,0,0.142857,0
175354,30169,0,0.25,0
164383,47357,0,0.076923,0
25992,16756,0,0.333333,0
15423,41220,0,0.055556,0
46129,40009,0,0.125,0
118146,16757,0,0.25,0
192360,31727,0,0.1,0
155797,6286,0,0.5,0
26613,5769,0,0.071429,0
74948,46413,0,0.25,0
75407,4945,0,0.142857,0
97526,48845,0,0.018868,0
120833,33000,0,0.02381,0
33057,24221,0,0.111111,0
193986,21573,0,0.1,0
69999,8929,0,0.166667,0
73701,7948,0,0.083333,0
141420,18090,0,0.083333,0
105879,7559,0,1.0,1
116209,49318,0,0.25,0
162873,43352,0,1.0,1
178045,21709,0,0.5,0
34489,35108,0,0.04,0
140132,17905,0,0.018519,0
187717,38525,0,0.111111,0
131420,34126,0,1.0,1
198692,37825,0,0.333333,0
41827,16436,0,0.066667,0
177082,38028,0,0.066667,0
15142,7371,0,0.5,0
113517,21083,0,0.125,0
87741,26604,0,0.033333,0
7607,26283,0,0.5,0
22599,3627,0,0.052632,0
167069,35420,0,0.012821,0
155011,4421,0,0.045455,0
165601,40464,0,0.5,0
139034,22031,0,0.2,0
85952,33198,1,1.0,1
66286,23516,0,0.090909,0
136611,24838,0,0.166667,0
4383,15130,0,0.5,0
165716,2314,0,0.037037,0
36972,16797,0,0.018868,0
53522,6224,0,0.25,0
152174,12312,0,0.0625,0
68591,1511,0,1.0,1
79213,19201,0,0.027778,0
62834,42224,0,0.111111,0
97286,47144,0,1.0,1
39752,31066,0,0.076923,0
152717,44267,1,0.25,0
27578,18441,0,0.5,0
120303,44887,0,1.0,1
44814,6137,0,0.083333,0
164843,2078,0,0.5,0
175238,1202,0,0.066667,0
114227,21403,0,0.5,0
55315,27966,0,0.1,0
11698,24964,0,0.25,0
15142,22935,0,0.066667,0
130082,45,0,0.028571,0
30052,21386,0,0.5,0
158036,46667,0,0.111111,0
2316,47133,0,0.333333,0
90095,49500,0,0.333333,0
86099,34497,0,0.166667,0
180735,7628,0,0.083333,0
193568,11078,0,0.5,0
25779,33636,0,0.25,0
184248,24009,0,0.019608,0
143487,34871,0,0.033333,0
126268,39275,0,1.0,1
51645,21938,0,0.058824,0
172053,10036,0,0.032258,0
102366,47626,0,1.0,1
43764,40603,0,1.0,1
181676,48781,0,0.066667,0
5002,19457,0,0.5,0
129223,26209,0,0.2,0
109101,23466,0,0.2,0
64037,5646,0,0.03125,0
140292,46584,0,0.018519,0
54160,4957,0,0.05,0
77694,8670,0,1.0,1
151805,30233,0,0.02381,0
117057,18872,0,0.076923,0
93870,19348,0,0.2,0
41826,34358,0,0.25,0
146951,6128,0,0.5,0
116619,32915,0,0.071429,0
177934,21137,0,0.055556,0
40150,47209,1,1.0,1
158372,33120,0,0.166667,0
178491,27325,0,0.125,0
115909,5134,1,1.0,1
92044,45656,0,0.066667,0
741,39275,0,0.111111,0
197683,47766,0,0.333333,0
199392,34368,0,0.047619,0
140539,46979,0,0.5,0
158382,45519,0,0.05,0
201241,23047,0,1.0,1
30079,23592,0,1.0,1
99551,13221,0,0.25,0
95337,24489,0,0.125,0
75446,2078,0,0.010309,0
90899,15976,0,0.111111,0
117287,30949,0,0.333333,0
116592,37766,0,0.012987,0
10329,38003,0,0.071429,0
115236,30326,0,0.25,0
146246,937,0,0.5,0
188250,15290,0,0.111111,0
113496,25804,0,0.111111,0
190501,21667,0,0.142857,0
15293,8910,0,0.25,0
125554,24852,0,0.5,0
52011,26452,0,0.071429,0
85952,6656,0,0.022727,0
870,40706,0,0.025641,0
189034,1104,0,0.047619,0
181866,5911,0,0.25,0
77403,40377,0,0.166667,0
56791,31215,0,0.25,0
85132,35336,0,1.0,1
38853,4796,0,0.2,0
29694,27104,0,0.2,0
46674,29662,0,0.142857,0
172353,30169,0,0.052632,0
120015,8671,0,0.25,0
25466,29622,0,0.058824,0
103204,45190,0,0.125,0
200324,28413,0,0.166667,0
97785,32285,0,0.083333,0
107314,46979,0,0.5,0
182618,18557,0,0.055556,0
155425,31964,0,0.2,0
136048,39958,0,0.166667,0
66229,36051,0,0.076923,0
82368,5984,0,0.142857,0
65151,47977,0,0.25,0
109757,49484,1,0.25,0
132299,35123,0,0.038462,0
46701,8638,0,0.021277,0
10844,33493,0,0.333333,0
169471,3477,0,0.055556,0
48026,17650,0,0.2,0
1240,39475,0,0.029412,0
59325,39492,0,0.047619,0
48957,38647,0,0.1,0
151197,48737,0,0.055556,0
186963,21295,0,0.166667,0
38158,3805,0,0.125,0
173347,8710,0,0.333333,0
42956,14335,1,1.0,1
133063,10528,0,0.142857,0
140331,28985,0,0.333333,0
39640,23909,1,1.0,1
96832,22282,1,0.5,0
166584,7758,0,0.076923,0
84065,18471,0,0.125,0
131890,43768,0,0.166667,0
72340,19348,0,1.0,1
154757,31564,1,0.5,0
33789,44961,0,0.111111,0
68269,39928,0,0.25,0
193576,35108,1,0.166667,0
142056,37033,0,1.0,1
92765,42471,0,0.142857,0
115780,7021,0,0.5,0
2241,12419,0,0.023256,0
2482,29315,0,1.0,1
14779,2180,0,1.0,1
92595,32139,0,1.0,1
134756,4605,0,0.2,0
49973,17747,0,0.015625,0
73899,12872,0,0.166667,0
23876,8379,0,0.166667,0
2118,32573,0,0.142857,0
5983,43788,0,0.5,0
80440,37234,0,0.5,0
53932,890,0,0.5,0
148112,13640,0,0.25,0
60228,40593,0,0.083333,0
77937,22035,0,0.142857,0
128262,24683,0,0.038462,0
169013,24852,0,0.166667,0
95441,37711,0,0.111111,0
158836,36929,0,0.5,0
87530,19678,0,0.333333,0
139423,30720,0,0.333333,0
197033,29894,0,0.333333,0
132004,39275,0,0.125,0
203987,28985,0,0.25,0
91840,48144,0,0.142857,0
150389,22312,0,0.0625,0
147087,10106,0,0.25,0
81424,5085,0,0.5,0
162981,7628,0,0.25,0
168093,22935,0,0.333333,0
32273,23029,0,0.083333,0
187768,31915,1,1.0,1
112367,39964,0,0.333333,0
181512,42423,0,0.333333,0
155976,6489,0,1.0,1
203561,40174,0,0.2,0
165820,15842,0,0.090909,0
195174,48697,0,1.0,1
198004,12916,0,0.090909,0
174515,10251,0,0.5,0
202076,1106,0,0.083333,0
44643,3040,0,0.047619,0
168319,31553,0,0.125,0
8162,47626,1,0.25,0
181283,38400,0,0.2,0
79746,7602,0,1.0,1
200804,13914,0,0.125,0
15165,34358,0,0.333333,0
175809,29429,0,0.125,0
198461,19057,0,0.125,0
148985,18000,0,0.25,0
80668,20730,1,0.166667,0
146547,18281,0,0.5,0
128583,46996,1,1.0,1
138176,33543,0,0.0625,0
134297,38052,1,0.166667,0
127182,27569,0,0.142857,0
141655,12385,0,0.142857,0
176231,16848,0,0.083333,0
164813,38768,1,0.076923,0
114602,20410,0,0.076923,0
50908,24363,0,0.045455,0
37625,44051,0,0.017544,0
464,46709,0,0.052632,0
33270,15290,0,0.25,0
41346,890,0,0.052632,0
26357,10673,0,0.25,0
41688,14467,0,0.2,0
52949,5922,0,0.5,0
57326,1463,1,1.0,1
23347,41565,0,0.1,0
194055,42342,0,0.333333,0
86443,13517,0,0.142857,0
48906,1086,0,0.333333,0
29074,45622,0,0.25,0
76438,6767,0,0.055556,0
154912,35951,1,1.0,1
51016,12508,0,0.05,0
133497,4487,0,0.055556,0
24494,23554,0,0.25,0
29476,7802,0,0.333333,0
142830,34969,0,0.0625,0
123089,31404,0,0.090909,0
23283,36322,0,0.142857,0
121443,4724,0,0.2,0
86673,29363,0,0.5,0
16109,34126,0,0.1,0
140008,30391,0,0.047619,0
66934,17341,0,0.052632,0
158552,21709,1,1.0,1
5017,5114,0,0.052632,0
7315,48685,0,0.2,0
129738,2374,0,0.5,0
15344,21526,1,0.5,0
104205,4957,0,0.333333,0
114857,44354,0,0.032258,0
68257,20632,0,1.0,1
171136,22788,0,0.045455,0
23189,44368,0,0.142857,0
115006,28985,0,0.5,0
68809,9076,0,0.125,0
136419,29910,0,0.25,0
76534,21927,0,0.2,0
827,49241,0,0.25,0
62512,19488,0,0.333333,0
107402,17794,0,0.043478,0
203343,32877,0,0.111111,0
27547,4920,0,1.0,1
102081,39491,0,0.5,0
95396,23712,0,0.333333,0
194026,9076,0,0.5,0
34489,41716,0,0.017857,0
75255,48246,0,0.5,0
32124,1935,0,0.25,0
46761,13519,0,0.025641,0
42524,42240,0,1.0,1
173512,1890,0,1.0,1
101602,32096,0,0.111111,0
110834,26767,0,1.0,1
57103,34838,0,0.25,0
23023,1440,0,0.038462,0
166624,44142,0,0.076923,0
113959,22507,0,0.125,0
120296,42265,0,0.04,0
29590,11816,0,0.125,0
93096,5853,0,0.071429,0
42337,21384,1,1.0,1
36422,8555,0,0.05,0
162105,43565,0,0.25,0
63698,37384,0,0.2,0
98376,12341,0,1.0,1
70212,31966,0,0.125,0
115617,28476,0,1.0,1
153850,48230,0,0.071429,0
148159,26604,0,1.0,1
32351,47521,0,0.142857,0
185908,11057,0,0.111111,0
27241,45007,0,0.2,0
61772,21376,1,0.333333,0
73618,29388,0,0.333333,0
177799,19691,0,0.333333,0
2278,23291,0,0.04,0
126993,12845,0,0.015873,0
166205,6587,0,0.027778,0
30429,37646,0,0.2,0
162677,7781,0,0.033333,0
43311,12099,0,0.5,0
115574,18557,0,0.25,0
90084,43875,0,0.016129,0
1500,44632,0,1.0,1
164811,12409,0,0.017857,0
56294,4957,0,0.125,0
70628,7693,0,0.083333,0
28723,30662,0,0.333333,0
97416,24489,0,0.5,0
61216,48615,0,0.1,0
47480,20082,1,1.0,1
55794,49235,0,0.125,0
57339,32526,0,0.5,0
105937,6020,0,0.125,0
159535,4799,0,0.142857,0
117356,25544,0,0.076923,0
103252,44500,0,0.125,0
8365,18660,0,0.019608,0
158166,15689,0,0.020408,0
185919,605,0,0.090909,0
171542,38192,0,0.333333,0
26211,40939,1,0.333333,0
128604,7632,0,0.1,0
34020,38188,0,0.035714,0
123335,37749,0,0.058824,0
203938,18867,0,0.125,0
81711,204,0,1.0,1
202723,13984,0,0.111111,0
164896,39619,0,0.142857,0
164499,33015,0,0.333333,0
113298,9076,0,0.333333,0
199817,47766,0,0.025641,0
70799,46666,0,1.0,1
8440,40329,0,0.045455,0
199299,49235,0,0.125,0
105003,1202,0,1.0,1
205384,5583,0,1.0,1
53030,5068,0,1.0,1
63680,24799,0,1.0,1
114935,34358,0,0.043478,0
196917,13029,1,0.5,0
26599,25170,0,0.125,0
136048,45603,0,0.166667,0
109686,35782,0,0.333333,0
101954,48679,0,0.333333,0
203399,44372,0,0.019608,0
101097,48697,0,0.142857,0
107910,12341,0,0.333333,0
124453,9881,0,0.5,0
184406,33731,0,0.333333,0
84890,47639,0,0.035714,0
181706,4605,0,1.0,1
70551,34551,0,0.5,0
11649,42752,0,1.0,1
162620,41192,0,1.0,1
178996,16108,1,0.25,0
32351,4605,0,0.333333,0
34505,18531,0,0.111111,0
22009,16154,0,1.0,1
47531,44640,0,0.071429,0
80245,32727,0,0.25,0
16772,32412,0,0.1,0
32863,37201,0,0.066667,0
87106,39758,0,0.333333,0
82380,2132,0,0.066667,0
198876,47783,0,0.1,0
151024,40706,0,0.166667,0
167805,22281,0,0.333333,0
44202,8451,0,0.055556,0
132299,42394,0,0.058824,0
183521,9434,0,1.0,1
205747,37973,0,0.090909,0
184113,17948,0,1.0,1
77361,28204,1,0.111111,0
2396,8479,0,0.076923,0
189571,13535,0,0.047619,0
133780,22451,0,0.033333,0
70935,25623,0,0.125,0
23998,6387,0,0.055556,0
60296,27477,0,0.125,0
98675,25230,0,0.071429,0
21422,26911,0,0.034483,0
152786,38231,0,0.083333,0
105981,42063,0,0.111111,0
73946,21903,0,0.25,0
57021,41821,0,0.076923,0
9678,25640,0,0.125,0
40279,26940,0,0.028571,0
152652,651,0,0.25,0
183842,43154,0,1.0,1
170359,34124,0,0.058824,0
65819,17706,1,1.0,1
188318,29328,0,0.035714,0
86537,37215,0,0.142857,0
128175,7952,0,1.0,1
107381,27336,0,0.05,0
82807,35108,0,0.1,0
204884,42768,0,1.0,1
65981,40516,0,1.0,1
144211,39812,1,0.111111,0
101954,12419,0,0.5,0
21535,21754,0,0.027027,0
114979,38508,0,0.038462,0
26843,20682,0,1.0,1
23060,18594,0,0.142857,0
128714,31066,0,0.045455,0
57226,44825,0,0.028571,0
126510,32638,0,1.0,1
197053,21903,0,1.0,1
67443,46516,1,1.0,1
112839,2452,1,0.5,0
129625,28199,0,0.083333,0
14392,19647,0,0.045455,0
122957,44053,0,0.142857,0
1629,8670,0,0.111111,0
55035,1633,0,0.5,0
8778,2272,0,0.5,0
49480,6104,0,0.142857,0
8232,20991,0,0.066667,0
116795,11123,0,0.066667,0
78039,21513,0,0.043478,0
193391,10504,0,0.5,0
171969,29694,0,0.5,0
45522,47843,0,0.05,0
102020,1556,0,0.047619,0
126766,30489,0,0.142857,0
55576,42450,0,0.166667,0
204792,6341,0,0.25,0
146163,10036,0,0.047619,0
188184,18020,0,0.5,0
103890,20842,0,0.02,0
80465,43961,0,0.5,0
120163,5134,0,0.027778,0
34703,37890,0,0.034483,0
70867,44683,0,0.111111,0
181782,32585,0,0.071429,0
94710,155,0,0.03125,0
22750,28911,0,0.333333,0
5557,21479,0,0.1,0
15575,40516,0,0.333333,0
112340,23809,0,0.111111,0
140614,10673,0,0.333333,0
140109,39002,0,0.052632,0
71,19019,0,0.071429,0
61699,40712,0,0.02439,0
149662,40587,1,1.0,1
164907,29926,0,0.25,0
171557,32224,0,0.027027,0
117577,23288,0,0.333333,0
161557,5322,0,0.083333,0
12639,9155,0,0.045455,0
88610,13212,0,0.071429,0
76640,9210,0,0.058824,0
6688,42536,0,0.2,0
97393,6742,0,0.071429,0
121430,41544,0,0.2,0
135400,32931,0,0.066667,0
50595,14895,0,0.5,0
25687,47626,0,1.0,1
36190,43406,0,1.0,1
13278,26486,0,0.142857,0
6235,47626,0,1.0,1
65130,32156,0,0.333333,0
131203,29094,1,1.0,1
178640,45633,0,0.25,0
5346,45007,0,0.058824,0
9944,43129,0,0.333333,0
150389,46667,0,0.142857,0
198288,2078,0,0.166667,0
135560,26324,0,0.5,0
132789,39275,0,0.25,0
156968,47087,0,0.125,0
193664,3616,0,0.5,0
195661,33198,0,0.5,0
162777,37931,0,0.076923,0
10666,39558,0,0.333333,0
67181,29439,0,0.5,0
75707,37147,0,0.076923,0
198099,26981,0,0.033333,0
164251,33120,1,1.0,1
121486,46802,0,0.5,0
153788,20760,0,1.0,1
173692,28790,0,0.1,0
117708,47626,1,0.5,0
193085,42110,0,0.125,0
78039,47766,0,0.0125,0
73290,4562,0,0.142857,0
7713,16965,0,0.016393,0
169468,30442,0,1.0,1
87259,22825,0,0.25,0
168938,23821,0,0.066667,0
81175,21914,0,0.083333,0
98968,15290,0,0.333333,0
25397,17862,0,0.1,0
79523,36011,0,0.166667,0
24562,35980,0,0.03125,0
55555,32707,0,0.333333,0
183781,30353,0,0.125,0
89782,13838,0,0.125,0
146624,6073,0,1.0,1
110872,47590,0,0.5,0
77797,40969,0,0.333333,0
72901,40233,0,0.066667,0
10592,22113,0,0.028571,0
79762,7753,0,0.333333,0
124341,33368,0,0.025641,0
184219,41131,0,0.125,0
133778,29987,0,0.083333,0
96381,19448,0,0.090909,0
23029,24231,0,0.02,0
201637,18370,0,0.166667,0
170970,2846,0,0.1,0
33703,21616,0,1.0,1
28980,31553,0,0.111111,0
130543,15654,0,0.038462,0
84553,24382,0,0.2,0
118843,46709,0,0.5,0
15598,14992,0,0.166667,0
24257,2086,0,0.5,0
57980,17231,0,0.2,0
201529,9124,0,0.090909,0
200827,7177,0,0.333333,0
23657,46969,0,0.045455,0
34124,16900,0,0.055556,0
11221,5388,0,0.066667,0
143343,26369,0,0.166667,0
5390,13966,0,1.0,1
85389,24622,0,0.2,0
9084,42887,0,0.055556,0
33336,30489,0,0.125,0
132641,47788,0,0.1,0
62976,27104,0,0.05,0
97436,45013,0,1.0,1
59130,44229,1,0.333333,0
18217,35176,0,1.0,1
43402,23524,0,0.125,0
138526,30169,0,0.166667,0
201645,43234,0,0.090909,0
32980,45570,0,0.2,0
153033,27845,0,0.028571,0
50321,33407,0,0.071429,0
63725,43933,0,0.076923,0
164116,28934,1,1.0,1
33695,14144,0,0.125,0
93403,31660,0,1.0,1
70880,31173,0,0.066667,0
127837,34530,0,0.027778,0
144314,48220,1,1.0,1
137447,21376,0,1.0,1
83562,35162,0,0.022727,0
100595,17858,0,0.076923,0
85124,17122,0,0.016667,0
94838,23236,0,1.0,1
163156,21872,0,0.032258,0
132364,44683,0,0.333333,0
132336,45066,0,0.090909,0
11576,39781,1,0.25,0
200321,45440,0,0.090909,0
20064,32553,0,1.0,1
182347,18709,0,1.0,1
141113,42629,0,0.2,0
99154,18479,0,0.333333,0
196952,14462,0,0.076923,0
41900,48946,0,0.05,0
141547,17862,0,0.055556,0
25425,24964,0,1.0,1
116407,23032,0,0.111111,0
155922,39275,1,0.5,0
153319,19678,0,0.25,0
34856,37011,0,0.066667,0
173662,17758,0,0.055556,0
155788,42719,0,0.033333,0
135687,7358,0,1.0,1
153850,5640,0,1.0,1
98004,41540,1,1.0,1
143422,33957,0,0.045455,0
22510,48679,0,0.5,0
7224,30778,0,0.333333,0
173112,44329,0,0.111111,0
87001,13838,0,0.5,0
198225,35395,0,1.0,1
83671,35072,0,0.333333,0
16298,35221,0,0.2,0
6198,30784,0,1.0,1
100032,19513,0,0.083333,0
20906,13176,0,1.0,1
106699,19706,0,0.04,0
193261,41055,0,0.333333,0
203851,5876,0,0.5,0
147253,1057,0,0.125,0
80868,26346,0,0.142857,0
157739,19495,0,0.333333,0
198056,47253,0,0.333333,0
161394,21137,0,0.066667,0
49259,36107,0,0.333333,0
203170,42992,0,1.0,1
48943,47229,0,0.083333,0
44391,31717,0,1.0,1
109015,9736,0,0.5,0
46559,14999,0,0.142857,0
126485,18413,0,0.333333,0
63748,12392,0,0.25,0
193065,18434,0,0.2,0
48776,18610,0,0.25,0
104373,48775,0,1.0,1
53694,16414,0,0.333333,0
54574,17794,0,1.0,1
162418,41610,0,0.035714,0
89402,39558,0,0.071429,0
144387,16144,0,0.5,0
56653,41400,1,1.0,1
55470,21019,0,0.5,0
152052,25544,0,0.125,0
183215,47601,0,0.5,0
61357,33791,0,0.5,0
51775,41273,0,0.2,0
199845,8536,0,0.333333,0
147443,12817,0,0.125,0
97399,14506,0,0.1,0
193254,4799,0,1.0,1
52493,15261,0,0.25,0
79213,32839,0,0.125,0
105914,21019,0,0.045455,0
180185,12341,1,1.0,1
80179,31717,0,0.333333,0
166917,36076,0,0.058824,0
42264,27571,0,0.5,0
94016,8518,0,0.25,0
140722,17223,0,1.0,1
200978,44628,0,0.111111,0
205634,5971,0,0.25,0
199328,16953,0,0.125,0
56406,37766,0,0.041667,0
65961,15290,0,0.1,0
191135,46605,0,0.2,0
200437,25272,0,0.125,0
83343,31692,0,0.333333,0
183683,17949,0,1.0,1
194996,13563,0,0.333333,0
1856,36865,1,1.0,1
199358,9337,0,0.25,0
144751,27318,0,0.25,0
181827,21144,0,0.027778,0
176076,19678,0,0.016949,0
140745,10246,0,0.333333,0
129582,2295,0,0.111111,0
44090,5910,0,0.083333,0
131394,42658,0,0.333333,0
203838,13176,0,0.033333,0
170224,1090,0,0.090909,0
189729,38273,0,1.0,1
78927,32156,0,0.25,0
131672,20278,0,0.5,0
25982,25718,0,0.083333,0
144847,12013,1,0.066667,0
154676,22105,0,0.090909,0
141768,20641,0,0.25,0
16130,13245,0,0.071429,0
194182,30021,0,0.071429,0
112061,42828,0,0.5,0
4178,18880,0,0.333333,0
159341,41787,0,0.125,0
101975,29204,0,0.2,0
163550,10017,1,0.25,0
86909,38871,0,0.090909,0
134468,34155,0,0.142857,0
188679,18362,0,0.142857,0
204184,19354,0,0.333333,0
193021,29345,0,0.25,0
173613,46979,0,1.0,1
33716,12845,0,0.052632,0
79887,30922,0,0.043478,0
186544,11174,0,0.037037,0
8270,41149,0,0.037037,0
59564,32965,0,0.2,0
183074,22530,0,0.5,0
173657,28682,0,0.142857,0
118871,20754,0,1.0,1
31939,19678,0,0.022727,0
132958,5296,0,0.333333,0
159240,44644,0,0.1,0
164454,26900,0,1.0,1
147836,9839,0,1.0,1
27145,4605,0,0.333333,0
31939,31126,0,0.020833,0
5055,196,1,1.0,1
36257,31136,0,0.5,0
169355,8174,0,0.1,0
189655,14399,0,0.1,0
202849,10193,0,0.020408,0
77434,31127,0,1.0,1
97900,17295,0,0.2,0
203851,40079,0,0.052632,0
203392,29553,0,1.0,1
90348,35752,0,1.0,1
52182,22935,0,0.083333,0
49173,13525,0,1.0,1
107505,2974,0,0.111111,0
27090,17858,0,0.333333,0
7831,38653,0,0.045455,0
189746,44632,1,0.5,0
143203,8184,0,0.066667,0
97061,10978,0,0.125,0
120230,3816,0,0.016393,0
34684,36923,0,0.111111,0
24571,49226,0,0.5,0
72148,30036,0,1.0,1
38955,17461,0,0.142857,0
31057,22007,0,0.027778,0
196604,36,0,0.25,0
24638,13733,0,0.333333,0
98478,22340,0,0.1,0
63517,27521,1,0.2,0
3659,41787,0,1.0,1
176948,3990,0,1.0,1
86909,11827,0,0.029412,0
24179,5380,0,0.034483,0
12249,6238,0,0.027027,0
20575,14870,0,0.045455,0
54917,5550,0,0.166667,0
97345,38610,0,0.5,0
132544,19151,0,0.2,0
79047,29545,0,0.111111,0
153685,32578,0,0.166667,0
40604,37983,0,1.0,1
172875,44910,0,0.043478,0
50434,16349,0,0.5,0
21027,42265,1,0.055556,0
89333,14778,0,0.142857,0
139023,5194,0,0.5,0
32539,32446,0,0.333333,0
204848,28849,0,0.1,0
96267,34991,0,0.071429,0
124341,27801,0,0.017241,0
138310,45125,0,0.333333,0
120892,4647,0,0.5,0
66895,34459,0,0.25,0
113257,8053,0,0.066667,0
109812,22935,0,0.014085,0
27762,45453,0,0.055556,0
91949,12080,0,0.125,0
85750,45303,0,1.0,1
34605,48695,1,0.333333,0
118905,42931,0,0.111111,0
16312,46226,0,1.0,1
58218,39578,0,0.333333,0
134020,12693,0,0.2,0
74678,11688,0,0.1,0
41517,5757,0,0.5,0
193746,21372,0,0.25,0
39438,15269,0,0.333333,0
13227,10246,0,0.333333,0
103211,2759,0,0.043478,0
16152,38383,0,0.333333,0
139110,24964,1,0.076923,0
102616,5970,0,0.2,0
1722,48086,1,1.0,1
26054,26165,0,0.5,0
92277,19660,0,1.0,1
92811,7054,0,0.166667,0
131791,16398,0,0.047619,0
139096,42958,0,0.25,0
4426,42475,0,0.333333,0
49370,6178,0,0.125,0
114046,21903,0,0.166667,0
67129,41874,0,0.25,0
19262,4945,1,1.0,1
113255,47626,0,0.142857,0
122218,42701,0,0.071429,0
100869,34358,0,0.25,0
184014,24506,0,0.333333,0
125265,38383,0,0.5,0
135984,33493,0,0.333333,0
53738,4138,0,0.333333,0
25855,23375,0,0.043478,0
7228,22825,0,0.111111,0
88303,5973,0,0.015385,0
30658,24852,0,0.5,0
193193,5271,1,1.0,1
101664,45296,0,0.166667,0
135187,12013,0,0.066667,0
80829,13757,0,0.2,0
137331,44479,0,1.0,1
148162,41338,0,0.083333,0
171158,15662,0,0.066667,0
182778,14877,0,0.5,0
154216,18027,0,0.125,0
89208,47630,0,0.5,0
103401,31156,1,1.0,1
193204,17789,0,0.066667,0
141295,35652,0,0.1,0
71688,13176,1,1.0,1
53281,1158,1,0.052632,0
132713,1313,0,0.166667,0
48132,32756,0,0.090909,0
163467,28427,0,0.058824,0
73175,5450,0,0.166667,0
78076,48370,0,1.0,1
82058,49401,0,0.083333,0
177166,43789,0,0.0625,0
82215,9462,0,0.333333,0
103262,6046,0,0.071429,0
194234,18465,0,0.058824,0
159979,790,0,0.1,0
8677,25093,0,0.055556,0
25283,34778,0,0.5,0
126902,6858,0,0.5,0
141683,10912,0,0.125,0
119159,12980,0,0.2,0
78487,45537,0,0.333333,0
146520,2086,0,0.071429,0
80581,2408,0,0.058824,0
59519,21506,0,0.090909,0
85870,16137,0,0.090909,0
60371,40467,0,0.5,0
199993,41055,0,0.034483,0
10446,30382,0,0.5,0
199815,10749,0,1.0,1
87810,2014,0,0.2,0
148285,29798,0,0.142857,0
76323,4605,0,0.028571,0
71903,16097,0,0.333333,0
57287,890,1,0.166667,0
18482,33884,0,0.1,0
18332,35108,0,0.045455,0
60834,25836,0,0.5,0
41153,17008,0,0.076923,0
45955,9438,0,0.5,0
67178,40878,0,0.333333,0
96424,38827,0,0.058824,0
55746,36658,0,0.166667,0
130953,35725,0,1.0,1
127709,34358,0,0.047619,0
80232,5242,0,0.011905,0
48959,40486,0,0.142857,0
60406,9703,0,0.047619,0
160409,14191,0,0.038462,0
42500,34137,0,0.142857,0
65798,18415,0,0.016129,0
155370,1485,0,0.111111,0
66060,35715,0,1.0,1
25304,41220,0,0.029412,0
175809,41178,0,0.333333,0
131979,15186,0,0.025,0
161797,2295,0,0.2,0
8820,22474,0,0.5,0
124556,26668,0,0.166667,0
114311,21850,0,0.032258,0
17739,16823,0,0.25,0
32569,9839,0,1.0,1
169366,47029,0,0.043478,0
165123,39581,0,1.0,1
203523,14462,0,0.02381,0
4152,1234,0,0.5,0
177652,47209,0,0.5,0
64014,41642,0,0.142857,0
72715,1648,0,1.0,1
154411,343,0,0.5,0
13062,19887,0,0.2,0
141283,23296,0,1.0,1
112747,47766,0,0.142857,0
89590,8277,0,0.0625,0
186619,46979,0,1.0,1
159274,27966,0,1.0,1
60396,2966,0,0.02381,0
124424,47058,0,1.0,1
143101,6288,0,0.5,0
202252,1862,0,0.034483,0
22352,15873,0,0.2,0
115586,44614,0,0.142857,0
1648,22234,0,0.25,0
79944,16479,0,1.0,1
63277,17956,0,0.2,0
34531,18200,0,0.021739,0
141383,20431,0,1.0,1
35315,39275,0,0.25,0
22309,37131,0,0.066667,0
82746,44514,0,0.142857,0
137392,40723,0,0.043478,0
167720,21077,0,0.111111,0
193632,44628,0,0.142857,0
16989,37220,0,0.166667,0
181460,28842,0,0.111111,0
167547,38067,0,0.333333,0
198699,35167,0,0.166667,0
91840,20983,0,0.333333,0
16692,25005,0,0.083333,0
121888,28842,0,0.066667,0
89694,22849,0,1.0,1
75487,24852,1,1.0,1
26838,43263,0,0.052632,0
158866,11068,0,0.2,0
62450,49520,0,0.05,0
134744,23565,0,0.071429,0
23007,26604,0,1.0,1
101816,18079,0,0.058824,0
23190,44910,0,0.142857,0
202580,17600,0,0.017544,0
189460,31683,0,0.5,0
158091,35914,0,1.0,1
71381,5212,0,1.0,1
67344,13780,0,0.125,0
186263,26165,0,0.5,0
53690,32338,0,0.071429,0
71817,46667,1,0.166667,0
45701,37029,0,0.5,0
102255,41055,1,0.034483,0
164448,36316,0,1.0,1
160961,16797,0,0.037037,0
71051,24852,0,0.5,0
202457,26183,0,0.166667,0
134080,15290,0,0.25,0
42481,13457,0,0.037037,0
187890,13263,0,0.142857,0
27441,26209,0,0.045455,0
133588,7054,0,0.5,0
39896,7628,0,0.166667,0
35422,49683,0,0.25,0
34266,25686,0,0.090909,0
76360,2164,0,0.111111,0
69853,38293,0,0.25,0
70743,6765,0,0.333333,0
104269,13031,0,1.0,1
6806,26764,0,0.041667,0
126687,22312,0,0.017241,0
202410,39339,0,1.0,1
179148,12541,0,0.125,0
79395,48205,1,0.5,0
127776,38563,0,0.010309,0
196174,49598,0,0.05,0
136579,3529,0,0.25,0
91917,204,0,0.083333,0
105852,26848,0,0.125,0
34797,21386,0,0.04,0
146321,25824,0,0.333333,0
199684,42857,0,0.03125,0
172654,31766,0,1.0,1
184663,37065,0,0.333333,0
104364,26111,0,0.142857,0
164426,19660,0,0.083333,0
70102,11182,1,1.0,1
154915,49235,0,1.0,1
113052,45063,0,0.5,0
206117,46087,0,0.023256,0
678,30229,0,0.5,0
99389,18069,0,0.333333,0
33932,481,0,0.2,0
15363,6347,0,0.111111,0
148891,17326,0,0.142857,0
50187,34169,0,1.0,1
155976,33731,0,0.2,0
118967,26521,0,0.166667,0
65495,20142,0,0.017857,0
147580,28221,0,0.071429,0
99934,29898,0,0.5,0
136271,37059,0,0.090909,0
77405,23137,0,0.029412,0
94152,36929,0,0.142857,0
46257,9871,0,0.25,0
75020,20431,0,0.125,0
163843,3389,0,0.083333,0
88449,10819,0,0.090909,0
22646,20985,0,0.2,0
187104,14197,0,0.2,0
155228,46811,0,0.04,0
120526,17794,1,1.0,1
204390,36854,0,0.25,0
23280,39636,0,0.055556,0
180289,35951,1,0.25,0
90685,38293,0,0.333333,0
133679,31558,0,0.166667,0
84835,34625,0,0.25,0
135407,38739,0,0.5,0
66387,7751,0,0.090909,0
168313,31486,0,0.047619,0
86769,43295,0,0.5,0
17292,3376,0,0.166667,0
47968,42244,0,0.5,0
15160,12986,0,0.166667,0
137856,28985,0,0.0625,0
173325,40706,0,0.1,0
75664,35921,0,0.071429,0
169787,27744,0,0.5,0
183401,28156,0,0.333333,0
26083,20580,0,0.2,0
97551,12756,0,0.2,0
69750,39928,0,0.1,0
161079,687,0,0.058824,0
85613,18150,0,0.142857,0
54283,25043,0,0.047619,0
16298,7862,0,0.016949,0
146295,27360,0,0.5,0
121153,29432,0,0.1,0
174478,17794,0,0.035714,0
185011,38504,0,0.071429,0
129705,15392,0,0.25,0
161766,12745,0,0.25,0
83780,8668,0,0.333333,0
143278,1862,0,0.071429,0
118958,21666,0,0.25,0
66777,31717,0,1.0,1
51288,47766,1,1.0,1
164319,28993,0,1.0,1
203062,24955,0,0.166667,0
143539,15386,0,0.25,0
65790,18394,0,0.333333,0
202778,31805,0,0.5,0
190389,34658,0,0.016949,0
49368,9480,0,0.111111,0
137233,2088,0,0.125,0
3514,11543,0,0.05,0
90227,31477,0,0.043478,0
6336,28204,0,0.111111,0
62549,2405,0,0.066667,0
147356,43122,1,1.0,1
198725,32782,0,0.2,0
77153,14671,0,0.5,0
48957,24964,0,0.076923,0
204793,12341,1,1.0,1
141612,25153,0,0.333333,0
5384,19048,0,1.0,1
174328,38558,0,0.025,0
47385,29009,0,1.0,1
140412,34321,1,0.5,0
16357,28012,0,0.0125,0
50210,19057,0,0.166667,0
179846,39984,0,1.0,1
202941,27243,0,0.066667,0
63057,47144,0,1.0,1
66285,12276,0,0.043478,0
80556,35181,0,0.2,0
84336,27104,0,1.0,1
84327,21698,0,1.0,1
64601,8571,1,1.0,1
23713,30191,0,0.058824,0
130359,45801,0,0.333333,0
92749,46692,0,0.083333,0
193028,5456,0,0.166667,0
140766,23106,0,0.04,0
176495,24830,0,0.022727,0
169468,31766,0,0.333333,0
104304,45066,0,0.03125,0
175725,37979,0,0.142857,0
129390,43961,0,1.0,1
88103,42475,0,0.2,0
39388,44632,0,0.333333,0
131706,32051,0,0.25,0
82392,7615,0,0.071429,0
150249,32717,0,0.5,0
92580,42299,0,0.083333,0
8073,32429,0,0.111111,0
151304,19436,0,0.038462,0
88837,1503,0,0.111111,0
119024,11807,0,0.052632,0
204930,44475,0,0.25,0
154973,3187,0,0.333333,0
149808,28985,0,1.0,1
69252,10644,0,0.04,0
152972,41220,0,0.0625,0
205708,14627,0,0.5,0
144542,43076,0,0.2,0
181970,22007,0,0.03125,0
49973,21092,0,0.026316,0
68716,5134,0,0.021739,0
121535,26767,0,0.019608,0
204215,11438,1,0.5,0
62634,34487,0,0.5,0
100773,14645,0,0.5,0
34006,34243,1,0.125,0
53548,34249,0,0.076923,0
159210,39561,0,0.333333,0
195416,28849,0,0.05,0
95565,12834,0,0.037037,0
145250,24711,0,0.111111,0
88813,25890,0,0.142857,0
174399,25132,0,0.166667,0
151915,32455,0,0.25,0
177942,21405,0,1.0,1
24179,22187,1,0.05,0
204278,1940,0,0.090909,0
56412,11755,0,0.142857,0
69991,44375,0,0.111111,0
127868,7751,0,0.012346,0
161679,34804,0,0.5,0
154404,36418,0,0.0625,0
92484,19760,0,0.25,0
72110,3231,0,0.018868,0
57199,25170,0,0.5,0
46485,22849,0,1.0,1
193500,43740,0,0.032258,0
57380,22245,0,1.0,1
44473,45717,0,0.0625,0
29621,38970,0,0.019231,0
89513,9796,0,0.013889,0
164307,45948,1,0.5,0
10055,44683,0,0.090909,0
111388,4605,0,1.0,1
104263,19057,0,0.027778,0
87026,24671,0,0.027778,0
152468,41352,0,0.05,0
154812,28985,0,0.055556,0
46768,26790,0,0.2,0
98081,16349,0,0.027778,0
77943,11198,0,0.055556,0
72391,26586,0,0.25,0
59698,45076,0,0.333333,0
73651,13176,0,0.25,0
73581,40706,0,0.058824,0
21535,40332,0,0.041667,0
13218,31343,0,0.5,0
115019,22275,0,0.25,0
159591,12672,0,0.333333,0
130966,9387,0,0.333333,0
3231,34466,0,0.25,0
501,27429,0,0.333333,0
160264,43968,0,0.052632,0
13330,30849,0,0.041667,0
169340,39545,0,1.0,1
173248,42356,0,0.5,0
117053,38637,0,0.125,0
66304,16818,0,0.125,0
158600,34243,0,0.25,0
149584,25495,0,0.5,0
102199,4006,0,0.0625,0
144151,48595,0,0.25,0
73957,3265,0,0.2,0
26059,19508,0,0.0625,0
25435,44466,0,1.0,1
83589,44422,0,0.5,0
189173,8502,0,1.0,1
148917,10369,0,0.010309,0
7214,37646,0,0.5,0
72917,16797,0,0.166667,0
67064,25659,0,0.25,0
143524,45013,0,1.0,1
17062,36287,1,1.0,1
46900,17027,0,0.2,0
30337,48679,1,1.0,1
78498,44449,0,0.125,0
205389,23314,0,0.1,0
110311,46206,0,0.083333,0
190729,8518,1,0.142857,0
25202,14444,0,0.5,0
108580,34126,0,0.5,0
204060,46671,0,0.02381,0
179335,43221,0,0.090909,0
53084,7461,0,0.5,0
444,33407,0,0.055556,0
199334,5025,0,0.071429,0
169280,42265,0,0.333333,0
188318,35939,0,0.166667,0
84782,48364,0,0.333333,0
108653,46402,0,1.0,1
136292,33120,0,1.0,1
192739,28020,0,0.2,0
21267,40220,0,0.166667,0
76025,13198,1,0.5,0
191587,35734,0,0.142857,0
97228,15290,0,0.111111,0
38202,45613,0,0.2,0
147903,45504,0,0.071429,0
117023,28597,0,0.045455,0
23969,43295,0,0.047619,0
146656,10,1,0.5,0
14321,23348,0,0.2,0
122799,29344,0,0.032258,0
126872,5794,0,0.333333,0
162651,1396,0,0.166667,0
114313,46941,0,0.142857,0
14140,47144,0,0.5,0
41898,11870,0,0.166667,0
75098,47059,0,0.5,0
105645,25086,0,0.090909,0
105343,2825,0,1.0,1
193650,14862,0,0.333333,0
198970,18352,0,0.071429,0
37859,47042,0,0.125,0
127774,39812,0,0.071429,0
167204,32177,0,0.333333,0
5049,37710,0,0.166667,0
120296,29987,0,0.037037,0
105547,37646,1,0.333333,0
133306,4704,0,0.333333,0
198627,37011,0,0.142857,0
193576,19048,0,0.052632,0
196704,31433,0,0.076923,0
126636,40795,0,0.1,0
68888,14161,0,0.125,0
115600,41131,0,1.0,1
4131,45066,0,0.166667,0
61012,24852,0,1.0,1
6456,39374,0,0.5,0
2997,1757,0,0.2,0
8458,26497,0,0.166667,0
36478,31553,0,0.25,0
198004,24830,0,0.014286,0
168213,13219,0,0.2,0
189680,37011,0,0.022727,0
151446,44548,0,0.043478,0
119079,45007,1,1.0,1
122613,41787,1,0.111111,0
65754,12285,0,0.25,0
151866,17902,0,1.0,1
8274,890,0,0.04,0
197567,27307,0,1.0,1
149942,810,0,0.166667,0
65481,2525,0,0.125,0
52909,44987,0,1.0,1
33466,44867,0,0.0625,0
27699,14992,0,0.333333,0
91925,12471,0,0.027027,0
168860,34466,0,1.0,1
181181,48043,0,0.166667,0
135196,3843,0,0.25,0
159047,25647,0,0.111111,0
31743,24852,0,0.5,0
59752,42350,0,0.333333,0
106903,35749,0,0.166667,0
42392,47439,0,0.030303,0
32312,28906,0,0.038462,0
152877,7500,0,0.028571,0
138279,35412,0,0.2,0
205513,24561,0,0.071429,0
77347,11352,0,0.125,0
171877,28985,1,0.25,0
118380,27170,0,0.05,0
52861,44042,1,1.0,1
105996,24838,1,1.0,1
64781,6673,0,0.076923,0
184664,24964,0,0.142857,0
205126,47626,0,0.071429,0
82938,8098,0,0.25,0
161246,48364,0,0.058824,0
156223,26032,0,0.111111,0
180850,46361,0,0.5,0
24918,29328,0,0.125,0
166291,17008,0,0.142857,0
14293,1940,1,1.0,1
89412,23909,0,0.111111,0
125709,44359,0,0.032258,0
115659,40723,0,0.02381,0
40202,22122,0,0.1,0
114990,141,0,0.333333,0
39614,41453,0,0.25,0
120042,21137,0,0.25,0
109644,13176,0,0.125,0
24696,11964,0,0.333333,0
187507,16097,0,0.25,0
20744,24221,0,0.018519,0
59156,47966,0,0.5,0
7793,14992,0,0.142857,0
101030,39353,0,0.047619,0
175565,32717,0,0.076923,0
43437,26384,1,0.333333,0
64972,8479,0,0.5,0
131500,13782,0,0.25,0
204745,19156,0,0.026316,0
138900,22034,0,0.027778,0
138647,36082,0,0.142857,0
182841,30391,1,1.0,1
53932,49327,0,0.25,0
178352,27374,0,1.0,1
157565,46881,0,0.030303,0
133871,43122,0,0.25,0
36740,20734,0,0.333333,0
23871,13735,0,0.25,0
153963,36695,0,0.083333,0
92353,30597,0,0.5,0
182311,16185,0,0.25,0
19154,24964,0,0.066667,0
86669,13829,0,0.5,0
24456,46056,0,0.5,0
103009,9076,0,0.038462,0
92176,3992,1,1.0,1
57300,13636,0,0.090909,0
17983,38192,0,0.0625,0
183428,35725,0,0.25,0
154077,6543,0,0.142857,0
34048,21083,0,0.5,0
100272,12872,0,0.071429,0
179810,40332,1,0.5,0
25327,44359,0,0.142857,0
157248,5077,0,0.25,0
144015,18998,0,0.071429,0
128473,40706,0,0.2,0
103784,37687,0,0.142857,0
183948,44449,0,0.02439,0
71164,6313,0,0.166667,0
179589,2295,0,0.166667,0
110325,42242,0,1.0,1
173696,5876,0,0.2,0
70679,48317,0,1.0,1
43999,17781,0,0.333333,0
136888,42701,0,0.125,0
171775,35752,0,0.047619,0
89396,33511,0,1.0,1
177484,8103,0,0.5,0
19482,46308,0,0.166667,0
65730,47890,0,0.02439,0
72366,17649,0,0.333333,0
51332,26177,0,0.142857,0
140124,46979,0,0.166667,0
139956,8245,0,0.090909,0
118341,40459,0,0.333333,0
105756,31040,0,0.052632,0
200316,7139,0,0.015385,0
41158,41400,0,0.333333,0
122577,11791,0,0.25,0
54817,20168,0,0.333333,0
53836,21019,0,0.125,0
37172,45007,0,1.0,1
167542,6999,0,0.25,0
91377,43961,0,0.125,0
159606,15872,0,0.333333,0
155650,13176,0,0.0625,0
42379,6020,0,1.0,1
128169,48038,0,0.076923,0
49770,48720,0,1.0,1
200609,9955,0,0.5,0
72699,27086,0,0.058824,0
201107,8277,0,0.142857,0
3534,28593,0,0.2,0
44645,47626,0,0.166667,0
19206,4487,0,0.111111,0
90548,49363,0,0.052632,0
1137,4354,0,0.090909,0
84995,2297,0,1.0,1
129460,21896,0,0.090909,0
76171,36389,0,0.25,0
29195,48205,0,0.027027,0
2920,5746,0,0.25,0
33204,46979,0,1.0,1
12661,4252,0,0.076923,0
140969,27509,0,0.012048,0
199765,6552,0,0.045455,0
52121,19156,0,0.090909,0
57030,5876,0,0.125,0
27678,48810,0,0.038462,0
74530,35601,0,0.043478,0
111801,7948,0,1.0,1
199719,38003,0,0.166667,0
92858,37903,0,0.2,0
177963,11390,0,0.045455,0
62242,16214,0,0.142857,0
8162,35951,0,1.0,1
43120,36599,0,0.125,0
110240,33056,0,0.071429,0
138782,24799,0,0.090909,0
174603,7862,0,0.142857,0
16804,41198,0,0.166667,0
199609,22849,0,0.2,0
154267,40488,0,0.2,0
200654,28123,0,0.5,0
6106,34126,0,0.125,0
189655,14104,0,0.1,0
200750,18370,0,0.142857,0
182904,8153,0,0.333333,0
121219,47209,0,0.25,0
166255,45310,0,0.058824,0
149637,40397,0,0.142857,0
204765,28601,0,0.166667,0
21680,18918,1,1.0,1
50576,44310,0,1.0,1
54823,27413,0,0.333333,0
125102,48004,0,0.25,0
167763,45007,1,0.5,0
32617,46900,0,0.030303,0
11582,7963,1,0.5,0
196613,29941,0,0.022222,0
43947,43488,0,0.333333,0
117711,8281,0,0.5,0
46621,14379,0,0.022727,0
189477,7103,0,1.0,1
29014,40354,0,0.066667,0
121950,27845,0,1.0,1
202568,16363,0,1.0,1
24589,44303,0,0.083333,0
46345,39275,1,1.0,1
60439,32139,0,0.166667,0
154231,38510,0,1.0,1
50683,9076,0,0.034483,0
183782,18382,0,0.023256,0
186995,3283,0,0.090909,0
141685,38159,0,0.066667,0
131611,29307,0,0.1,0
101172,17231,0,1.0,1
135296,44497,0,0.058824,0
120253,41352,0,0.035714,0
174266,41488,0,1.0,1
24489,44799,0,0.333333,0
35289,26209,0,1.0,1
27654,32211,0,0.071429,0
28995,33966,0,0.5,0
112469,31373,0,0.052632,0
34552,33316,0,0.022222,0
85011,13802,0,0.2,0
63057,38777,0,1.0,1
12884,20682,0,0.023256,0
178607,40342,0,0.047619,0
78497,28842,0,0.25,0
121746,36929,0,1.0,1
195678,35973,0,0.1,0
67494,14147,0,0.333333,0
187746,19025,0,0.020408,0
112987,42585,0,1.0,1
38268,26369,0,0.142857,0
186085,4194,0,0.25,0
72008,19895,0,0.1,0
39084,1969,0,0.333333,0
5002,38896,0,0.035714,0
167099,8263,0,0.5,0
150285,24954,0,0.076923,0
45861,13176,0,1.0,1
193939,7681,0,0.2,0
202124,20168,0,0.0625,0
93153,21601,0,0.5,0
146643,9595,0,0.333333,0
166322,26283,0,0.142857,0
162729,1382,0,0.05,0
185529,22035,0,0.5,0
231,21386,0,1.0,1
9311,26604,1,0.333333,0
126121,34678,0,0.043478,0
198544,19173,0,0.166667,0
83783,43961,0,0.090909,0
136518,21616,0,0.0625,0
135689,39275,0,0.166667,0
14019,26209,0,0.142857,0
197091,15424,0,0.5,0
186271,33957,0,0.058824,0
91834,47322,0,0.166667,0
8312,30784,0,0.1,0
128571,31382,0,0.25,0
159817,48249,0,0.5,0
41965,41065,0,0.5,0
151584,8740,0,0.142857,0
199229,9510,0,0.076923,0
203061,42585,0,1.0,1
143789,7175,0,0.071429,0
120395,6532,0,1.0,1
67283,13085,0,0.111111,0
62988,38456,0,1.0,1
146027,28985,0,1.0,1
127147,36695,0,0.333333,0
154020,16522,0,0.1,0
65974,13536,0,0.041667,0
86693,1890,0,0.5,0
35712,23537,0,0.2,0
60642,22468,0,0.076923,0
46924,46676,0,1.0,1
71223,1905,0,0.2,0
19958,26209,0,0.052632,0
77751,42585,0,0.111111,0
14481,49247,0,0.029412,0
11650,21137,0,0.2,0
138304,27966,0,0.1,0
46033,21137,1,0.05,0
112707,17230,0,0.2,0
117133,22989,0,0.142857,0
7834,31717,0,0.333333,0
121843,37107,0,0.25,0
202369,22598,0,0.125,0
19912,48399,0,0.166667,0
8946,26165,0,0.333333,0
86816,4462,0,0.25,0
110052,29447,0,0.026316,0
57980,9594,0,0.090909,0
11977,15290,0,0.25,0
182567,28371,1,1.0,1
141537,27663,0,0.5,0
49737,1935,0,0.333333,0
135429,6291,0,1.0,1
190,43961,0,0.076923,0
203801,11689,0,0.033333,0
152817,40377,0,1.0,1
70457,37904,0,1.0,1
194885,21914,0,0.037037,0
198789,20767,0,0.090909,0
31740,44949,0,0.076923,0
124178,13877,1,0.2,0
182732,32465,0,0.25,0
54395,36070,0,0.5,0
179479,35973,0,0.333333,0
89622,48777,0,0.1,0
152174,18288,0,0.111111,0
19450,46692,0,0.076923,0
119514,29864,0,0.5,0
160100,17273,0,1.0,1
20031,3476,0,0.125,0
74799,9786,0,0.25,0
91775,43183,0,0.066667,0
80468,8395,0,0.038462,0
123180,35561,0,0.090909,0
169280,11452,0,0.25,0
138212,5652,0,0.111111,0
125155,16616,0,0.25,0
122652,9839,0,0.2,0
199995,1244,0,0.25,0
173117,31553,0,0.333333,0
20449,21280,0,0.166667,0
54159,2722,0,0.25,0
200148,11563,0,0.25,0
83885,40618,0,0.5,0
200289,16797,0,0.5,0
95953,6985,0,0.058824,0
202566,5710,0,0.142857,0
150264,33290,0,0.066667,0
193743,31471,0,0.5,0
40436,23892,0,1.0,1
134949,2383,0,0.333333,0
11165,27845,0,0.090909,0
27186,26684,0,0.090909,0
11635,16965,0,0.066667,0
162856,41860,0,0.333333,0
149863,24915,0,0.033333,0
85369,1485,0,0.333333,0
146246,29640,0,0.2,0
97013,29898,0,0.2,0
18482,47479,0,0.333333,0
52075,12144,0,0.090909,0
125222,29473,0,1.0,1
79757,33065,0,0.125,0
22319,22935,0,0.5,0
51784,29672,0,1.0,1
3451,23026,0,0.125,0
142827,30021,0,0.142857,0
90106,28715,0,1.0,1
70665,26250,0,0.5,0
196387,30610,0,0.055556,0
68795,21387,0,0.05,0
161485,27104,0,0.125,0
198650,21417,0,1.0,1
172769,8174,0,0.333333,0
69304,14197,0,0.333333,0
124158,28946,0,0.035714,0
23153,6489,0,0.030303,0
8150,6789,0,0.071429,0
81300,46059,0,0.5,0
154446,21174,0,0.5,0
101948,9623,0,0.111111,0
107678,19268,0,1.0,1
32307,11365,0,0.05,0
198461,93,0,0.111111,0
167354,46906,0,0.25,0
74578,23744,0,1.0,1
179774,4920,0,0.166667,0
166895,17149,0,1.0,1
123330,47601,0,0.25,0
60826,424,0,0.166667,0
197081,21938,0,0.022727,0
29046,42527,0,0.029412,0
172473,17706,0,0.333333,0
49486,21177,0,0.2,0
34429,16490,0,0.166667,0
171020,44632,0,1.0,1
204210,46906,0,0.5,0
186271,33041,0,0.125,0
49977,39275,0,0.5,0
50143,8710,0,0.058824,0
105578,8385,0,0.033333,0
169471,1356,0,0.090909,0
15955,8518,0,0.0625,0
67178,29987,0,0.25,0
71661,10749,0,1.0,1
123392,20119,0,0.166667,0
132387,38473,0,0.333333,0
35422,36695,0,1.0,1
97855,45633,0,0.035714,0
199060,40910,0,0.071429,0
20083,45208,0,0.021277,0
182838,41844,0,0.111111,0
39614,47144,0,0.047619,0
173017,19734,0,0.5,0
83327,6046,0,0.333333,0
164695,27991,0,1.0,1
26272,28541,0,0.090909,0
199477,29740,0,0.25,0
37995,30855,1,1.0,1
104581,21653,0,0.5,0
17555,32706,0,0.03125,0
64454,45066,0,0.2,0
19343,14491,0,0.076923,0
119039,10481,0,1.0,1
11161,43122,0,0.25,0
123700,35547,0,0.5,0
8290,24489,0,0.125,0
76157,4138,0,0.5,0
134984,24964,0,1.0,1
111137,32047,0,0.083333,0
99385,35902,0,0.5,0
48772,11574,1,0.333333,0
23924,1090,0,0.166667,0
126209,5615,0,0.017241,0
186448,8519,0,0.020833,0
74345,47672,0,0.2,0
153777,21903,0,0.071429,0
140648,28221,0,0.125,0
189951,46812,0,0.142857,0
156694,27086,1,0.5,0
84455,1416,0,0.166667,0
71911,33575,0,0.333333,0
101020,45596,0,0.2,0
97006,42701,0,0.05,0
204415,23115,0,0.5,0
89924,39464,1,0.333333,0
56048,35004,0,0.02381,0
74705,20345,0,0.333333,0
30334,34969,0,0.1,0
69667,32537,0,0.076923,0
136554,34824,1,1.0,1
202876,39639,0,1.0,1
68717,9210,0,0.090909,0
14684,35420,0,0.028571,0
193074,20995,0,1.0,1
89511,45445,0,0.018182,0
956,44336,0,0.1,0
185745,42736,0,0.2,0
180289,890,0,0.142857,0
36771,40706,0,0.037037,0
101976,38902,0,1.0,1
80505,21938,0,0.333333,0
189042,11247,0,0.033333,0
106927,5101,0,0.166667,0
134063,18721,0,0.021739,0
25615,31482,0,0.5,0
184834,20574,0,0.5,0
182109,49235,1,0.076923,0
28806,16589,0,0.333333,0
73310,32689,0,0.017857,0
88460,46789,0,0.090909,0
89246,35378,0,0.5,0
191800,39993,0,0.5,0
32314,3957,1,1.0,1
89395,46616,0,0.125,0
185362,22882,0,0.125,0
69953,6846,0,0.111111,0
198868,28289,0,1.0,1
48408,46979,0,0.1,0
136922,13113,0,0.333333,0
174995,23761,0,0.2,0
62622,36735,0,0.25,0
96934,6046,0,0.25,0
173245,49205,0,0.0625,0
16751,8981,0,0.333333,0
202876,13910,0,0.125,0
82747,13535,0,0.25,0
161231,8490,0,0.5,0
135921,36737,1,1.0,1
6514,12557,0,0.25,0
118978,11755,0,1.0,1
184626,45504,0,0.333333,0
17862,42768,0,0.2,0
113697,2579,0,0.25,0
119718,11266,0,0.5,0
88422,16525,0,0.111111,0
38737,42660,0,1.0,1
153345,23695,0,0.25,0
190950,24413,1,0.5,0
134788,7639,0,0.083333,0
64589,23622,0,0.041667,0
122408,21709,0,0.2,0
133814,6585,0,0.083333,0
137602,45346,0,0.125,0
146885,29662,0,0.083333,0
107321,12206,0,0.111111,0
59252,21195,0,0.04,0
188390,29433,0,0.016949,0
151984,3214,0,0.25,0
135165,45037,0,0.028571,0
149749,8174,0,0.076923,0
153983,46041,0,0.25,0
121530,9070,0,0.055556,0
44320,44359,1,0.5,0
162597,19771,0,0.076923,0
194215,42356,0,0.2,0
11170,43076,0,0.020408,0
140404,7343,0,0.5,0
202978,13310,0,0.111111,0
186877,11367,0,1.0,1
188841,7963,0,1.0,1
74621,14947,0,1.0,1
53036,42736,0,0.5,0
183970,24852,0,0.111111,0
203033,38383,0,0.5,0
53302,49235,0,0.111111,0
30127,44882,0,0.25,0
61429,1158,0,1.0,1
54112,21137,0,0.125,0
4198,29212,0,0.2,0
120119,45747,0,0.166667,0
67161,30492,0,0.058824,0
72089,46709,0,0.142857,0
203998,31343,0,1.0,1
189680,13249,0,0.015873,0
133331,18175,0,1.0,1
71839,6638,0,0.04,0
201142,26723,0,0.333333,0
96355,35140,0,0.5,0
135386,1559,0,0.166667,0
177719,32455,0,0.125,0
137814,23288,0,0.066667,0
171358,28849,0,1.0,1
102270,30480,0,0.333333,0
36653,6336,0,0.333333,0
131077,30744,0,0.166667,0
16406,39106,0,0.083333,0
10928,47766,1,1.0,1
155947,32197,0,1.0,1
138603,40555,0,0.5,0
177764,34217,0,0.25,0
104581,25588,0,0.0625,0
98303,6105,0,0.1,0
134108,10172,0,0.027778,0
144863,34126,0,0.2,0
197277,2295,0,0.166667,0
114582,8349,0,0.25,0
163295,11777,0,0.033333,0
105033,43435,0,0.076923,0
185835,34126,0,0.25,0
19916,42500,0,0.055556,0
97264,22620,0,0.043478,0
138409,44795,0,1.0,1
181932,31523,0,0.5,0
75990,3917,0,0.5,0
19186,19057,0,0.333333,0
94823,13527,0,1.0,1
95309,31553,0,0.05,0
97947,44628,0,1.0,1
196996,4947,0,0.25,0
174205,14852,0,0.030303,0
58375,20321,0,0.043478,0
53102,45747,0,0.166667,0
178877,40377,0,0.166667,0
198993,605,0,0.066667,0
85613,23399,0,0.142857,0
190003,42500,0,0.25,0
19882,16953,0,0.333333,0
166291,937,0,0.25,0
88982,18234,0,1.0,1
92864,47817,0,0.125,0
44718,9803,0,0.25,0
49232,2692,0,0.333333,0
55961,42768,0,0.25,0
48077,26395,0,1.0,1
105825,13328,1,0.166667,0
117380,48265,0,0.071429,0
36691,23236,0,0.142857,0
23808,41874,0,0.066667,0
169800,36735,0,0.043478,0
88752,5097,1,0.333333,0
205787,49215,0,0.037037,0
138130,7371,0,0.5,0
196590,7864,0,0.5,0
126303,39275,0,0.25,0
124064,37067,0,1.0,1
174450,27966,0,0.111111,0
23241,34582,0,0.090909,0
40422,13646,0,0.055556,0
94832,28983,0,0.076923,0
148467,34969,1,0.25,0
23350,40199,0,0.2,0
181399,20178,0,0.5,0
172275,12312,0,0.038462,0
204326,39993,0,0.333333,0
174737,260,0,0.071429,0
24000,3990,0,0.25,0
127455,46667,0,0.090909,0
109601,26683,0,0.333333,0
125535,26620,0,0.25,0
178340,35199,0,0.5,0
26120,4897,0,0.25,0
11828,24184,1,0.083333,0
154812,34358,0,0.055556,0
91945,16953,0,1.0,1
139770,26298,0,0.016393,0
28963,11005,0,0.166667,0
171823,46266,0,0.333333,0
170787,1957,0,0.071429,0
65964,43376,0,1.0,1
111837,546,0,0.111111,0
81706,42847,0,0.037037,0
2886,47144,0,0.333333,0
28345,5024,0,0.021739,0
124737,30265,0,0.0625,0
134063,18201,0,0.05,0
60011,34887,0,0.166667,0
64173,21940,0,0.083333,0
30804,1402,1,0.125,0
41508,47180,0,0.166667,0
128915,14720,0,0.333333,0
35401,26638,0,0.055556,0
86408,8861,0,0.5,0
166566,16943,0,1.0,1
41478,28792,0,0.037037,0
202453,40396,0,0.058824,0
101908,23405,0,0.1,0
143074,41290,0,0.058824,0
83597,39922,0,0.125,0
110068,42513,0,0.5,0
140889,38003,1,0.5,0
131610,26857,0,0.1,0
83362,11707,0,0.038462,0
105852,6873,0,0.047619,0
132826,31634,0,0.25,0
15096,40604,0,0.090909,0
193372,47248,0,0.333333,0
162377,7948,0,0.25,0
77299,40593,0,0.2,0
26339,18465,0,0.333333,0
71659,10151,0,0.2,0
59509,1117,0,0.03125,0
42054,22699,0,0.2,0
130571,32163,0,0.125,0
190676,25072,0,0.013514,0
123095,25828,0,0.071429,0
14039,47209,0,0.166667,0
152139,15424,0,0.25,0
201791,47766,0,0.333333,0
25289,26691,1,0.142857,0
156955,28413,0,1.0,1
195843,23106,0,0.125,0
204524,41364,0,0.2,0
22360,19057,1,1.0,1
103748,24382,0,0.071429,0
27743,36793,1,0.142857,0
186227,9178,0,0.2,0
90334,5240,0,0.142857,0
81880,26940,0,0.333333,0
11789,13389,0,0.5,0
30134,14704,0,0.333333,0
118165,6991,0,0.333333,0
177881,21616,0,0.2,0
153519,25936,0,1.0,1
143692,46359,0,0.030303,0
107270,24041,0,0.25,0
14097,46667,0,0.043478,0
109715,24186,1,1.0,1
143142,26088,0,0.025,0
756,13988,0,0.5,0
41348,32478,0,0.5,0
190542,29795,0,0.05,0
204524,3793,0,0.2,0
157997,10246,0,0.5,0
5157,46979,0,0.5,0
115446,43857,0,1.0,1
153435,3142,0,0.034483,0
89768,23543,0,0.052632,0
194153,35199,0,0.038462,0
69652,26664,0,0.5,0
41965,48491,0,1.0,1
82818,11538,0,0.058824,0
105706,25919,0,1.0,1
118942,48679,0,0.333333,0
113532,5450,0,0.2,0
105428,26768,0,0.1,0
36328,26209,1,0.5,0
53555,2979,0,0.5,0
147855,27433,0,0.025,0
112022,42244,0,0.027778,0
155723,45906,0,0.142857,0
188943,24476,0,0.5,0
35422,47766,0,1.0,1
63698,40541,0,0.5,0
109932,31717,0,1.0,1
29041,2180,0,0.018182,0
76927,18070,0,0.5,0
189363,22750,0,0.333333,0
28453,39083,0,0.071429,0
128713,24482,0,0.5,0
192256,17284,0,0.142857,0
168096,14678,0,0.5,0
200156,26668,0,0.05,0
157328,10960,0,0.5,0
40520,7606,0,0.5,0
123894,1685,0,0.2,0
86615,11352,0,0.027027,0
80249,4799,0,0.333333,0
186444,22007,0,0.05,0
109279,42397,0,0.018182,0
191460,30442,0,1.0,1
122810,43772,0,1.0,1
81603,38970,0,0.071429,0
3275,26209,0,0.083333,0
2518,33716,1,0.333333,0
92645,2275,0,0.055556,0
63687,5636,0,0.058824,0
169468,5646,0,0.090909,0
135759,34126,0,0.166667,0
76323,7948,0,0.25,0
5246,33787,0,0.111111,0
69022,29607,0,0.025641,0
146787,44142,0,0.333333,0
204056,27521,0,0.166667,0
133427,12341,0,0.055556,0
148383,16797,0,0.333333,0
15778,47626,0,0.2,0
134239,34234,0,0.25,0
99628,14761,0,0.2,0
128210,15599,0,0.071429,0
165919,19155,0,1.0,1
183422,15290,0,1.0,1
100531,7131,0,0.5,0
167860,8075,1,0.166667,0
196602,31871,0,0.090909,0
40322,3014,0,0.25,0
13615,22987,0,0.083333,0
94789,46979,0,0.125,0
173013,30966,0,0.026316,0
18611,12080,0,0.333333,0
202020,7969,0,0.5,0
34628,5383,0,0.041667,0
300,11100,0,0.026316,0
190887,38231,0,0.025641,0
171423,24852,1,0.5,0
194084,15740,0,0.1,0
50168,43129,0,0.047619,0
131570,24184,0,0.1,0
73596,44075,0,0.333333,0
131899,21948,0,0.25,0
175960,32734,0,0.5,0
59325,9881,0,0.083333,0
15138,15932,0,1.0,1
68716,31343,0,0.018868,0
91957,22247,0,0.333333,0
28340,29251,0,0.333333,0
125976,20549,0,0.142857,0
82525,7303,0,0.016393,0
32067,43920,0,0.066667,0
63165,45066,0,1.0,1
64995,38693,0,0.142857,0
136468,11068,1,0.25,0
117633,44371,0,0.25,0
74174,7175,0,0.076923,0
98333,3438,0,0.111111,0
121981,37067,0,1.0,1
147841,10246,0,0.333333,0
32888,24852,0,0.033333,0
74158,1025,0,0.03125,0
95845,25101,0,0.333333,0
55040,20039,0,0.055556,0
65633,9387,0,1.0,1
192440,7170,1,0.5,0
156421,264,0,0.083333,0
167996,5373,0,0.5,0
137597,12033,0,0.076923,0
137351,32523,0,1.0,1
188224,12409,0,1.0,1
136679,43867,0,0.111111,0
137808,11352,0,0.1,0
11203,7695,0,1.0,1
29449,43881,0,0.090909,0
56422,40709,0,0.047619,0
120526,9076,0,0.2,0
192976,7751,0,0.041667,0
86091,32838,0,1.0,1
140753,28934,0,0.011905,0
138727,27705,0,0.071429,0
32567,26080,0,0.041667,0
200792,16535,1,0.5,0
27241,4605,0,1.0,1
110123,39275,0,1.0,1
137729,41581,0,0.1,0
136314,9507,0,0.090909,0
7264,41757,0,0.083333,0
145281,39984,0,0.1,0
180143,49608,0,0.043478,0
119037,24489,0,0.083333,0
151943,45253,1,0.2,0
42344,45104,0,0.166667,0
58788,48174,0,0.03125,0
173435,42450,0,0.142857,0
21637,13984,1,0.166667,0
44023,29363,0,0.142857,0
64279,9439,0,0.25,0
36336,28464,0,0.076923,0
111166,36035,0,0.25,0
38348,29075,0,0.25,0
161568,11301,0,0.027778,0
101814,8277,0,0.25,0
97764,28156,0,0.052632,0
57103,6394,0,0.1,0
55284,38164,0,1.0,1
78320,9397,0,0.125,0
152403,35004,0,0.111111,0
22983,4541,0,0.019608,0
179460,47766,0,0.090909,0
93608,9327,0,0.5,0
186075,5450,0,0.333333,0
101459,26298,0,0.026316,0
85444,38609,0,0.071429,0
28591,24204,0,0.058824,0
52757,19906,0,0.0625,0
185941,45211,0,0.25,0
53071,27696,1,0.5,0
124563,39055,0,0.5,0
109357,2639,0,0.125,0
1423,39408,0,0.333333,0
9767,45121,0,0.333333,0
188524,3529,1,1.0,1
95991,19811,0,0.25,0
147824,37528,0,0.111111,0
130741,48364,0,0.023256,0
14509,26800,0,0.058824,0
142077,47759,1,1.0,1
112325,38383,0,1.0,1
53343,2966,0,0.04,0
199488,44197,0,0.333333,0
107911,49621,0,0.035714,0
83878,26457,0,0.083333,0
148735,13431,0,0.5,0
145236,39275,1,1.0,1
175993,32124,0,0.2,0
655,49111,0,0.016667,0
60554,17794,0,0.125,0
136754,47626,1,0.333333,0
117752,34427,0,1.0,1
144640,38777,0,0.5,0
28641,20955,0,0.5,0
37777,44142,1,1.0,1
23817,24852,1,1.0,1
88424,13176,1,1.0,1
52068,46654,0,0.1,0
151763,890,0,0.066667,0
151271,17956,0,0.5,0
135429,49383,1,1.0,1
178284,27845,0,1.0,1
11527,39475,1,0.25,0
124968,10371,0,0.020833,0
157934,34530,0,0.333333,0
205326,45061,0,0.5,0
58774,47652,0,1.0,1
157431,5856,0,0.333333,0
159840,27044,0,0.111111,0
65493,40604,0,0.5,0
64433,23644,0,0.25,0
127255,26165,0,1.0,1
188224,27344,0,0.1,0
57695,5769,0,0.25,0
15012,2514,0,0.04,0
52011,3240,0,0.166667,0
178833,43961,0,1.0,1
142755,37053,0,0.111111,0
19039,42193,0,1.0,1
145096,35887,0,0.2,0
464,43295,0,0.026316,0
104179,12013,0,1.0,1
136926,11457,0,0.2,0
154842,43122,0,0.066667,0
38763,23516,0,0.083333,0
181719,47626,1,0.25,0
205893,34004,0,0.125,0
92401,18140,0,0.021739,0
120230,4376,0,0.019608,0
58124,22151,0,0.5,0
131699,184,0,0.05,0
97596,21405,0,1.0,1
70278,45495,0,0.011628,0
177032,45535,0,0.058824,0
107806,33016,0,1.0,1
84854,28204,0,0.071429,0
155274,27845,0,0.5,0
154277,21769,0,0.071429,0
145403,33198,0,1.0,1
171699,5373,0,1.0,1
118209,45005,0,1.0,1
166702,38293,0,1.0,1
169194,26283,0,0.125,0
99124,10473,0,0.5,0
169450,4920,0,0.125,0
91103,26629,0,0.5,0
125474,41950,0,0.5,0
132819,343,0,1.0,1
58583,40396,0,1.0,1
135057,32689,0,0.25,0
77644,28939,0,0.041667,0
109634,2846,0,0.333333,0
161033,43721,0,0.333333,0
131719,35194,0,0.25,0
188524,45116,0,0.25,0
132776,2309,0,0.25,0
134744,10749,0,0.055556,0
185215,11326,0,0.111111,0
196601,45364,0,1.0,1
195227,34582,0,0.029412,0
76180,42265,1,0.5,0
128635,3599,0,0.052632,0
52227,4565,0,0.5,0
96192,5228,0,0.010753,0
179460,29987,0,0.25,0
150982,28199,0,0.25,0
26515,26586,0,0.25,0
156916,49520,0,0.090909,0
188321,38892,0,0.2,0
114532,1364,0,0.05,0
8365,20840,0,0.333333,0
17662,29307,0,0.5,0
120627,45566,0,1.0,1
126449,49158,0,0.111111,0
44538,38293,0,0.125,0
204548,22220,0,0.5,0
79826,15543,0,0.038462,0
143962,13431,0,0.333333,0
20872,6689,0,0.166667,0
49181,23165,0,0.04,0
41094,5067,0,1.0,1
191530,5450,1,0.5,0
154072,17468,0,0.111111,0
89885,42828,0,1.0,1
125609,41220,0,1.0,1
66622,22504,0,0.083333,0
38588,28204,0,0.083333,0
156622,31717,1,0.5,0
160378,46473,0,0.076923,0
8843,12092,0,0.027778,0
19693,43122,0,0.022727,0
123289,18079,0,1.0,1
164900,34005,0,0.090909,0
170346,16913,0,0.5,0
105033,46572,1,0.142857,0
136575,28278,0,0.125,0
181650,27548,0,0.142857,0
178535,34278,0,0.5,0
99942,27958,0,1.0,1
148343,44396,0,0.5,0
165220,11782,0,0.016949,0
37121,47993,0,0.2,0
180177,6166,0,1.0,1
116129,31945,0,0.04,0
67042,5696,0,0.055556,0
151742,40256,0,0.033333,0
131979,43692,0,0.071429,0
200565,24816,0,0.333333,0
159057,38015,0,0.028571,0
125420,38777,0,0.04,0
161465,17313,0,1.0,1
188799,26783,0,0.333333,0
82423,30849,1,1.0,1
95565,27681,0,0.027778,0
200286,12271,0,0.090909,0
204046,7010,0,0.333333,0
31963,11526,0,0.019231,0
128200,15937,0,1.0,1
3480,26165,0,0.111111,0
123697,45619,0,1.0,1
200442,21903,0,0.090909,0
177408,5258,0,0.5,0
159923,10867,0,0.1,0
187894,22825,0,0.25,0
74157,12456,0,1.0,1
124806,43507,0,0.25,0
161678,2131,0,0.076923,0
71993,45842,0,0.083333,0
51353,24838,0,0.5,0
184573,20126,0,0.166667,0
155943,48287,0,0.5,0
172153,35652,0,0.2,0
84115,37524,0,0.2,0
122985,14136,1,0.333333,0
131226,645,0,0.333333,0
23189,5760,0,0.111111,0
171540,33127,0,0.041667,0
106433,1938,0,0.333333,0
141982,29589,0,0.5,0
67338,23753,0,0.333333,0
161136,9510,0,0.5,0
70733,19678,0,0.5,0
139527,25890,0,0.083333,0
89518,7970,0,0.5,0
36478,46530,0,0.1,0
161094,4796,0,1.0,1
101372,31215,0,1.0,1
101439,44753,0,0.0625,0
201149,11688,0,0.25,0
124473,34126,0,0.125,0
65156,33614,0,0.058824,0
49145,17948,0,0.05,0
161488,25087,0,0.076923,0
160485,23991,0,0.066667,0
8665,39046,1,0.5,0
205944,3399,0,0.2,0
106978,49044,0,1.0,1
58117,36135,0,0.5,0
7678,5743,0,0.333333,0
40235,18762,0,0.25,0
30134,16986,0,0.1,0
43672,8869,0,0.071429,0
114979,32734,0,0.027778,0
32186,20211,0,0.041667,0
152380,20345,0,0.043478,0
190012,1819,1,0.04,0
168478,45013,0,1.0,1
30042,30336,0,0.03125,0
175897,27737,0,1.0,1
22056,1117,0,0.5,0
40608,27511,0,0.333333,0
110774,2295,0,0.2,0
153856,10848,0,0.111111,0
146323,47362,0,0.333333,0
91193,44987,0,0.02439,0
50876,32782,0,0.333333,0
41718,36441,1,1.0,1
53976,539,0,0.1,0
82539,13363,0,0.083333,0
47101,36772,0,1.0,1
199643,15601,0,0.5,0
3858,27156,0,0.166667,0
161758,13176,1,0.25,0
24950,42828,0,0.083333,0
60649,47672,0,0.055556,0
17995,29487,0,1.0,1
12149,42768,0,0.25,0
143598,7762,0,0.333333,0
108048,34027,0,0.125,0
83736,23026,0,1.0,1
157787,32402,0,0.037037,0
190304,23537,0,0.047619,0
47433,4006,0,0.111111,0
89734,17366,0,0.045455,0
82938,41290,0,0.166667,0
39920,32912,0,1.0,1
145503,18288,0,0.125,0
8774,30338,0,1.0,1
60764,31073,0,0.1,0
167098,38650,0,0.05,0
172748,24024,0,0.017857,0
49619,8192,0,0.111111,0
154409,19660,1,0.071429,0
57097,16696,0,0.04,0
193943,5899,0,0.166667,0
165699,29747,0,0.125,0
185032,7896,0,0.047619,0
206201,29487,0,0.05,0
52888,12545,0,0.1,0
15479,38159,0,0.025641,0
185660,5412,0,0.166667,0
186563,8193,0,0.125,0
145283,12911,1,0.05,0
21267,38944,0,0.058824,0
14078,15902,0,0.25,0
158808,22141,0,0.2,0
93906,30450,0,1.0,1
120757,44799,0,1.0,1
35529,34126,0,0.03125,0
152538,45223,0,0.013514,0
202983,24830,0,0.5,0
22643,26209,0,0.111111,0
77882,26209,1,0.5,0
23919,36005,0,0.5,0
108739,31215,0,0.045455,0
126800,34590,0,0.5,0
97855,31933,0,0.032258,0
38814,21195,0,1.0,1
162140,44053,0,0.011111,0
90841,43768,0,0.25,0
122273,48142,1,1.0,1
188221,38426,0,0.090909,0
115909,204,0,0.125,0
189895,6999,0,0.025,0
180425,5785,0,0.333333,0
93756,31506,0,0.041667,0
87398,26260,0,1.0,1
24541,34358,0,0.043478,0
190156,11180,0,0.083333,0
145503,24670,1,0.0625,0
98725,1875,0,0.25,0
79887,20468,0,0.125,0
65685,10644,0,0.333333,0
35155,38666,0,0.015873,0
112730,19057,1,1.0,1
71105,16759,0,1.0,1
11261,20123,0,0.03125,0
181652,3055,0,0.083333,0
181045,39922,0,0.05,0
6454,21137,1,1.0,1
83420,33290,0,0.5,0
136855,47766,0,0.142857,0
174603,36036,0,0.333333,0
5850,29934,0,0.5,0
15007,13431,0,0.125,0
97309,41220,0,0.333333,0
31459,36601,0,0.166667,0
61765,42265,0,0.142857,0
145451,38298,0,0.041667,0
5964,17616,1,1.0,1
57363,32689,0,0.142857,0
126435,1986,0,0.2,0
181729,19706,0,0.017544,0
7843,39428,0,0.083333,0
56848,13512,0,0.333333,0
133078,32525,0,1.0,1
66477,40587,0,0.2,0
31885,6533,0,0.333333,0
166322,5258,0,0.111111,0
123608,15527,0,0.047619,0
153245,7413,0,0.5,0
170359,12521,0,0.066667,0
204570,45007,0,0.333333,0
78927,47630,0,0.5,0
54283,30391,1,0.333333,0
111418,13627,0,0.166667,0
63912,2726,0,0.1,0
141210,10644,0,0.04,0
93922,27845,0,0.05,0
4100,47761,0,0.111111,0
79472,9076,0,0.5,0
99520,33731,0,0.125,0
92535,28199,0,1.0,1
92217,22065,0,0.166667,0
161894,15683,0,0.5,0
155153,890,0,0.333333,0
77664,14992,0,0.166667,0
13615,9366,0,0.083333,0
148618,27104,0,0.058824,0
56412,35124,0,0.037037,0
102186,27179,0,0.076923,0
134355,6994,0,1.0,1
146572,46175,0,0.5,0
188732,4799,1,0.333333,0
23692,20292,0,0.2,0
79679,40154,0,0.083333,0
17121,21137,1,0.090909,0
147087,28928,0,0.25,0
187979,15860,0,0.1,0
80090,13108,0,0.166667,0
115365,23765,0,0.25,0
63801,29223,0,0.2,0
105298,19863,0,0.125,0
151805,47526,0,0.076923,0
146057,11182,0,0.111111,0
100789,18531,0,0.25,0
131883,30021,0,0.166667,0
65526,30072,0,0.5,0
145281,13984,0,0.076923,0
146047,40574,0,0.043478,0
181395,22255,0,0.5,0
194652,16234,0,1.0,1
162597,31433,0,0.142857,0
183353,25705,0,0.125,0
124503,15294,0,0.333333,0
166534,31326,0,0.5,0
25937,21497,0,1.0,1
140404,8732,0,0.5,0
139966,29418,0,0.142857,0
160079,6750,0,0.25,0
62509,27336,0,0.0625,0
134456,10613,0,0.166667,0
147855,2086,0,0.017857,0
81444,9020,1,1.0,1
163167,22630,0,0.090909,0
104973,7483,0,0.166667,0
95573,2722,0,1.0,1
185883,18523,0,0.333333,0
49653,41242,0,0.5,0
15229,22224,0,0.125,0
3566,49352,0,1.0,1
39896,7952,0,0.5,0
199717,28199,0,0.25,0
120928,45763,1,1.0,1
70948,12140,0,0.333333,0
51728,10054,0,0.166667,0
51911,34974,0,0.333333,0
154260,21115,0,0.25,0
35382,14962,0,0.071429,0
71416,16759,0,0.25,0
18190,28465,0,0.090909,0
131050,18159,0,0.027778,0
33653,16797,0,1.0,1
77519,25931,1,1.0,1
177633,39021,0,0.333333,0
173675,3896,0,0.333333,0
126419,13870,0,0.052632,0
141592,35921,0,0.1,0
153730,39921,0,0.090909,0
194374,10765,0,0.026316,0
141756,17758,0,0.016667,0
128420,9366,0,0.5,0
102749,8193,0,0.5,0
119851,17199,0,1.0,1
151050,47734,0,0.043478,0
123259,24852,1,1.0,1
133016,33701,0,0.166667,0
195948,5876,0,0.5,0
199005,39275,0,0.333333,0
139647,23909,0,0.125,0
31782,39728,1,0.166667,0
188184,24852,0,0.035714,0
171980,4792,0,0.1,0
62355,15527,0,0.015152,0
53084,38118,0,0.5,0
37511,38456,0,0.333333,0
156208,45453,0,0.333333,0
58919,6104,0,0.047619,0
107936,16971,0,0.047619,0
92959,8230,0,0.333333,0
80985,29934,0,0.083333,0
49590,3682,0,0.5,0
194483,13176,1,1.0,1
79351,18811,0,0.052632,0
146796,47766,0,0.038462,0
91568,8518,1,0.333333,0
203998,27344,0,0.083333,0
201505,17971,0,0.333333,0
180456,3999,0,0.142857,0
111737,22883,0,0.5,0
55058,9076,0,1.0,1
154409,49075,0,1.0,1
165789,6046,0,0.333333,0
200755,24035,1,0.333333,0
88441,30489,0,0.083333,0
40237,44471,0,0.333333,0
143627,17948,0,0.333333,0
74969,43961,0,0.090909,0
130614,42508,0,0.25,0
34667,18987,0,0.5,0
46737,48761,0,0.2,0
18383,29736,0,0.03125,0
35269,32557,0,0.03125,0
6837,19446,0,0.083333,0
193298,29650,0,0.083333,0
56904,12576,1,0.166667,0
64356,28741,0,0.25,0
187445,48099,0,0.047619,0
190887,36070,0,1.0,1
43120,26273,0,0.090909,0
48426,12606,0,0.5,0
155117,5120,0,0.015873,0
67226,46316,0,0.019231,0
138208,35000,0,0.5,0
176427,20977,0,0.111111,0
127487,44604,0,0.066667,0
86171,24810,0,0.2,0
78498,3873,0,1.0,1
67534,23535,0,0.037037,0
102494,4565,0,0.333333,0
44070,34429,0,0.2,0
70356,12206,0,0.5,0
61658,40804,0,0.2,0
43182,38205,0,0.030303,0
26087,30599,0,1.0,1
13017,16525,0,0.333333,0
15599,21417,0,0.333333,0
108790,23909,0,0.333333,0
179677,44229,0,0.125,0
159413,9020,1,1.0,1
13280,23645,0,0.166667,0
88536,18580,0,0.111111,0
140097,7746,0,0.0625,0
95845,34335,0,0.029412,0
43863,22362,0,0.071429,0
94997,20327,0,0.111111,0
113113,6698,1,1.0,1
128930,8725,0,0.125,0
24610,30696,0,0.5,0
75764,37464,0,0.333333,0
21632,18523,1,1.0,1
42068,32368,0,0.333333,0
14231,5161,0,0.027778,0
112511,44786,0,0.111111,0
126230,1503,0,0.033333,0
116156,12157,0,0.5,0
99845,5640,0,0.033333,0
81537,38273,0,1.0,1
7637,16797,0,0.142857,0
160010,4605,1,0.5,0
104981,26856,0,0.090909,0
28140,34951,0,0.083333,0
74094,47504,0,0.25,0
132115,15392,0,0.166667,0
74621,43768,1,1.0,1
158808,12674,0,0.25,0
175296,39990,0,1.0,1
62673,3550,0,0.076923,0
125512,35535,0,0.2,0
193625,44310,1,0.111111,0
14664,29668,0,0.111111,0
148812,4167,0,0.166667,0
1194,38847,0,0.5,0
85895,46175,0,0.076923,0
170323,5460,0,0.5,0
8512,33120,0,0.0625,0
109127,12324,0,0.083333,0
49898,27086,0,0.142857,0
37596,12013,0,0.25,0
188318,16759,0,1.0,1
133801,47630,0,1.0,1
121596,40706,0,0.1,0
152928,41198,0,0.045455,0
130563,39928,0,1.0,1
69991,35749,0,0.5,0
45195,39275,0,0.047619,0
86907,48988,0,1.0,1
36497,18557,0,0.04,0
4534,127,0,0.2,0
95676,26861,0,0.0625,0
193690,13540,0,1.0,1
27666,8744,0,0.2,0
74705,25659,0,0.0625,0
57887,8149,0,0.25,0
31707,22367,0,0.333333,0
172107,35502,0,0.333333,0
34124,36005,0,0.5,0
117616,41844,0,1.0,1
5541,39928,0,0.1,0
187254,13435,0,0.142857,0
142330,4920,0,0.5,0
165096,2966,0,0.047619,0
143427,43385,0,0.055556,0
48032,38890,0,0.0625,0
26821,39982,1,0.142857,0
7850,41787,0,0.25,0
181090,24645,0,1.0,1
147539,18027,1,0.5,0
133364,20052,0,0.076923,0
70575,11819,0,1.0,1
7315,19519,0,0.0625,0
48320,12703,0,0.055556,0
123608,37220,0,0.090909,0
66286,23202,0,0.052632,0
94926,44666,0,1.0,1
3501,49424,0,0.25,0
43467,23115,0,0.5,0
122671,5212,0,1.0,1
109686,45878,0,0.055556,0
122096,41560,0,0.027778,0
83524,17129,0,0.125,0
128218,41844,0,0.0625,0
101249,21573,0,0.166667,0
4053,47866,0,0.5,0
76621,20734,0,0.125,0
37410,44788,0,0.04,0
45639,23854,0,0.016393,0
4195,3468,0,0.5,0
1303,2713,0,1.0,1
127486,23405,0,0.333333,0
43868,14477,0,0.5,0
129876,18625,0,0.058824,0
137425,1819,0,0.5,0
184906,2716,0,0.05,0
36478,24489,0,0.142857,0
12344,40614,0,0.111111,0
107005,46906,0,0.5,0
126886,10155,0,0.1,0
27952,2275,0,0.333333,0
49895,9098,0,0.111111,0
118545,18071,0,0.5,0
27414,633,0,0.125,0
183038,45007,0,0.2,0
198099,46175,0,0.05,0
180289,21903,0,0.5,0
26755,33401,0,1.0,1
170285,31343,0,0.5,0
9943,20609,0,0.5,0
107783,35252,0,0.052632,0
160277,48866,0,0.333333,0
24032,27966,0,0.166667,0
19442,39097,0,0.333333,0
181409,46720,0,0.04,0
45217,760,0,0.076923,0
194088,18770,0,0.5,0
132856,21870,0,0.041667,0
14330,44359,0,0.166667,0
16168,8075,0,1.0,1
5479,24810,0,0.083333,0
9124,36553,0,0.166667,0
186546,5194,0,0.2,0
201402,22935,0,0.166667,0
140113,48144,0,0.142857,0
55086,424,0,0.142857,0
118843,23178,0,0.090909,0
42555,12955,0,0.043478,0
135235,16014,0,0.333333,0
125128,12078,0,0.125,0
27045,35951,0,0.125,0
202915,25767,0,0.142857,0
129450,41823,0,0.25,0
46275,14074,0,0.5,0
80544,44765,0,1.0,1
20027,41396,0,0.5,0
42555,25535,0,0.017241,0
199817,13176,1,0.166667,0
32548,44294,0,0.111111,0
93817,46088,0,0.111111,0
4362,14651,0,0.142857,0
85464,15945,0,0.5,0
172882,22035,1,0.5,0
138105,46724,0,1.0,1
142969,25659,0,0.111111,0
151028,31020,0,0.090909,0
154965,29941,0,1.0,1
58417,21709,0,1.0,1
125671,22497,0,0.2,0
172766,35108,0,0.25,0
105203,47940,0,1.0,1
1982,21067,0,0.043478,0
27959,20168,0,0.25,0
67064,29363,0,0.333333,0
32632,8518,0,0.166667,0
101663,12669,0,0.142857,0
203072,43512,0,0.045455,0
136608,31562,0,0.25,0
68178,24759,0,0.0625,0
40440,41362,1,1.0,1
146163,22122,0,0.047619,0
186227,39799,0,0.015385,0
187408,8380,0,1.0,1
72213,44449,0,0.1,0
44209,10017,0,0.5,0
24629,48865,1,0.333333,0
129006,27744,0,1.0,1
190267,21365,0,0.5,0
141316,34871,0,1.0,1
72467,5744,1,1.0,1
127202,21903,0,0.333333,0
105647,42611,0,0.166667,0
135594,34243,0,0.5,0
107472,3145,0,0.071429,0
155221,31343,0,0.5,0
107208,5933,0,0.111111,0
46028,21137,0,0.2,0
26435,8006,0,0.333333,0
83619,41909,1,0.2,0
41314,39275,0,0.1,0
75897,27086,0,0.5,0
168846,11366,0,0.5,0
193719,13176,1,1.0,1
115958,44325,1,1.0,1
4936,5475,1,0.25,0
77788,34092,0,0.014493,0
158475,11777,0,0.333333,0
25651,12732,0,0.5,0
26931,37722,0,0.5,0
95498,47652,0,0.058824,0
127547,20169,0,0.043478,0
195944,46667,0,0.333333,0
181409,25346,1,0.333333,0
100737,49111,0,0.333333,0
114197,41874,0,0.047619,0
152871,41844,0,0.166667,0
24342,41920,0,1.0,1
76809,15097,0,0.2,0
186825,42701,0,1.0,1
98350,8424,0,1.0,1
195227,47284,0,0.090909,0
77453,21616,0,0.066667,0
164285,33000,0,0.142857,0
11221,12341,0,0.333333,0
98200,44201,0,0.25,0
177097,8518,0,0.333333,0
183955,47717,0,0.333333,0
49545,13834,0,0.022727,0
191944,29662,0,0.25,0
141685,25584,0,0.111111,0
176315,15200,0,0.5,0
115786,5353,0,0.02381,0
179849,33768,0,0.032258,0
130522,39448,0,0.111111,0
50477,21681,0,0.026316,0
18812,19895,0,0.1,0
115301,28568,0,0.333333,0
174348,13176,0,0.2,0
5197,25533,0,1.0,1
190719,40233,0,0.5,0
74088,34969,0,0.076923,0
37610,22935,0,1.0,1
105695,810,0,0.1,0
8832,3464,0,0.011628,0
60818,7673,0,0.043478,0
7228,8615,0,0.125,0
14512,23233,0,0.333333,0
199399,47209,0,0.25,0
26693,15721,0,0.012346,0
74948,32935,0,0.026316,0
67263,11577,0,0.045455,0
35182,2050,0,0.166667,0
183125,45723,0,0.037037,0
55253,9963,0,1.0,1
205961,33120,1,0.5,0
170682,35851,0,0.333333,0
140395,7632,0,0.014286,0
123807,46505,0,0.333333,0
133549,2314,0,0.058824,0
173083,28278,0,1.0,1
106823,21616,0,0.019608,0
78721,44667,0,1.0,1
46001,16323,0,0.25,0
32186,1939,0,0.066667,0
43186,35003,0,0.066667,0
109929,30257,0,0.25,0
117736,22058,0,0.027778,0
65495,9689,0,0.018868,0
51616,23579,0,0.076923,0
51778,12572,0,0.2,0
54120,38650,0,0.333333,0
137720,39664,1,1.0,1
166566,22565,0,0.066667,0
121555,4210,0,0.25,0
148250,23620,0,0.071429,0
64302,726,0,0.052632,0
8817,38273,0,0.076923,0
10141,27344,0,0.0625,0
74301,28934,0,0.2,0
110568,41259,0,0.1,0
132866,11136,0,0.5,0
1264,6795,0,0.041667,0
108474,33000,0,1.0,1
352,44683,0,0.25,0
196445,47114,0,0.25,0
80568,19048,0,0.5,0
94847,23734,0,0.1,0
141685,23938,0,0.333333,0
143175,29204,0,0.142857,0
131403,17559,0,0.333333,0
29459,15872,0,1.0,1
25145,939,0,0.2,0
122721,16617,0,0.058824,0
5891,11154,0,0.5,0
149981,34668,0,0.019231,0
189669,49496,0,0.5,0
95879,26209,0,0.1,0
54097,7413,0,1.0,1
147580,5011,0,0.166667,0
88126,48214,0,0.04,0
36631,22281,0,1.0,1
45501,9387,0,0.25,0
6264,43352,0,0.2,0
130543,34358,0,0.125,0
87835,39664,0,0.1,0
104245,6991,0,1.0,1
62329,3539,0,0.026316,0
79202,5621,0,0.5,0
39438,23687,0,0.090909,0
76685,15236,0,0.071429,0
89804,30482,0,0.142857,0
10443,33846,0,0.142857,0
201155,45243,0,0.1,0
84170,33499,0,1.0,1
99509,22598,0,0.333333,0
148618,25190,0,0.071429,0
105286,33731,0,0.25,0
130944,6760,1,1.0,1
62646,23341,0,0.090909,0
97581,47526,0,0.071429,0
32842,41597,0,1.0,1
29603,16732,0,0.166667,0
67345,44359,0,0.125,0
6248,49320,0,0.142857,0
143111,46346,1,0.5,0
37538,15902,0,1.0,1
3120,29941,0,0.041667,0
56269,7863,0,0.25,0
31807,28331,0,0.5,0
95468,39700,0,0.111111,0
198727,27117,0,0.2,0
132497,43986,0,0.333333,0
157431,41950,0,0.111111,0
75707,24964,0,1.0,1
173433,7131,0,0.333333,0
157716,34358,0,1.0,1
161980,20520,0,1.0,1
103618,16456,0,0.058824,0
54842,49683,0,0.2,0
131610,47805,0,0.142857,0
86649,27336,0,0.023256,0
116966,42265,0,0.333333,0
186283,28916,0,0.166667,0
73583,48775,1,1.0,1
91373,8057,0,0.058824,0
12273,6615,0,0.058824,0
160274,36691,0,0.5,0
99346,43789,0,0.25,0
158660,49683,0,1.0,1
101358,41950,0,0.1,0
29476,23405,0,0.333333,0
73122,45957,0,0.071429,0
162712,10895,0,0.333333,0
11455,27845,0,0.333333,0
185042,23001,0,0.125,0
36369,5479,0,0.25,0
199328,47639,1,1.0,1
73075,17303,0,0.1,0
135968,14612,0,0.166667,0
84363,25965,0,0.066667,0
134860,18629,0,1.0,1
17442,42139,0,0.25,0
20797,46906,0,0.333333,0
9829,7916,0,0.025641,0
35880,3702,0,0.0625,0
60609,48104,0,1.0,1
159753,41773,0,0.055556,0
158073,2535,0,0.5,0
103547,33621,0,0.038462,0
111728,12962,0,0.05,0
92750,10258,0,0.5,0
194889,47626,1,0.5,0
197376,40571,0,0.045455,0
10971,44765,0,0.166667,0
16505,22935,1,1.0,1
65094,43409,0,0.25,0
182560,41808,0,0.333333,0
97526,30774,0,0.026316,0
172755,21616,0,0.083333,0
173781,11580,0,0.5,0
73946,21083,0,0.04,0
199181,38775,0,1.0,1
94926,46979,0,0.071429,0
71301,36639,0,0.25,0
117211,16797,0,0.166667,0
25204,28289,0,0.333333,0
8717,7146,1,0.5,0
101210,22963,0,1.0,1
204342,3631,0,0.25,0
105489,12813,0,1.0,1
177263,14536,0,0.166667,0
35265,24852,0,0.5,0
64961,34126,0,0.076923,0
198291,8224,0,0.166667,0
40235,47757,0,1.0,1
181321,35951,0,0.2,0
121020,14147,0,0.25,0
115020,34134,0,0.083333,0
180692,46703,0,0.125,0
67596,7185,0,0.034483,0
148131,4799,0,0.333333,0
171037,17745,0,0.1,0
30064,39561,0,0.333333,0
42107,25466,0,1.0,1
196222,38067,0,0.021277,0
138734,19679,0,1.0,1
69464,6286,0,0.090909,0
134154,36406,0,0.038462,0
66517,8475,0,0.2,0
65099,12341,0,0.5,0
172783,17825,0,0.25,0
73007,6729,1,1.0,1
179838,38341,1,1.0,1
9291,23400,0,0.125,0
137043,38271,0,0.142857,0
14481,45066,0,0.166667,0
172714,11250,0,0.25,0
56096,11688,0,0.02439,0
1648,38108,0,1.0,1
194412,36178,0,0.047619,0
125409,47154,0,0.333333,0
107678,2770,0,0.1,0
31773,35140,0,0.076923,0
182391,16797,0,1.0,1
58143,19057,0,0.25,0
24912,26940,0,0.2,0
75912,33156,1,0.1,0
47461,20738,0,1.0,1
26522,30233,0,1.0,1
68344,38689,1,1.0,1
187210,8859,1,1.0,1
55896,21775,0,0.076923,0
31164,4605,0,0.333333,0
199174,47766,0,1.0,1
110133,8412,0,0.2,0
24777,1301,0,0.041667,0
174406,48095,0,0.125,0
51880,17794,0,0.071429,0
195671,6991,0,0.025641,0
102586,27966,0,1.0,1
203318,15392,0,0.058824,0
26001,591,0,0.25,0
167190,4799,0,0.037037,0
22952,8637,0,1.0,1
74861,15486,0,0.055556,0
137448,38273,0,0.021277,0
36972,49608,0,0.016393,0
154050,37646,0,0.333333,0
197760,31100,0,0.090909,0
25766,14284,0,0.04,0
203960,26668,0,0.2,0
141844,3717,0,0.090909,0
191944,27521,0,1.0,1
182657,46906,1,1.0,1
173982,47388,0,0.013514,0
68157,26834,0,0.333333,0
100330,41716,1,0.5,0
100898,9020,0,0.1,0
5870,32184,0,0.333333,0
177733,39794,0,0.333333,0
199327,23594,0,0.022222,0
142612,42579,0,1.0,1
111719,27966,0,0.166667,0
174830,21910,0,0.5,0
106352,18718,0,0.166667,0
165078,38609,0,1.0,1
109350,22046,0,0.333333,0
140260,7781,0,1.0,1
157934,12703,0,0.25,0
182977,9766,0,0.25,0
187799,45149,0,0.2,0
84120,29139,0,0.166667,0
168630,19057,0,0.022727,0
28227,21729,0,0.076923,0
8052,40709,0,0.5,0
12348,47209,0,0.142857,0
128585,7916,0,0.1,0
83763,7746,0,0.052632,0
83659,47516,0,0.5,0
4388,49683,0,0.2,0
185959,2964,0,0.125,0
41398,7010,0,1.0,1
193647,8193,0,0.025641,0
53548,2447,0,0.5,0
177691,31114,0,0.090909,0
196119,34584,0,0.1,0
19753,47521,0,0.2,0
72135,11265,0,0.1,0
18376,49198,0,0.076923,0
154757,21951,0,0.142857,0
84532,11941,0,0.071429,0
48125,9648,0,0.333333,0
67489,45066,0,0.142857,0
57354,8424,0,1.0,1
44008,24557,1,0.25,0
42582,6602,0,0.333333,0
70427,4054,0,0.071429,0
49431,25347,0,0.125,0
92893,2295,0,1.0,1
117357,8294,0,0.125,0
71622,18689,0,0.0625,0
165716,17200,0,1.0,1
127325,23178,0,1.0,1
167099,42333,0,0.166667,0
185359,20904,0,0.25,0
49791,11068,0,0.142857,0
128132,19674,1,0.111111,0
92258,44359,0,1.0,1
169024,35762,0,0.166667,0
58102,48610,0,0.1,0
157404,6184,1,1.0,1
167595,43076,0,0.030303,0
73532,31264,0,0.1,0
144517,38228,0,0.5,0
157144,14645,0,1.0,1
126558,19660,0,0.1,0
77571,18479,0,0.0625,0
165505,28199,0,0.333333,0
42341,38383,0,0.333333,0
110033,6390,0,0.015625,0
205565,19767,0,0.25,0
193134,28123,0,0.333333,0
198183,30489,0,0.25,0
149422,21616,0,0.037037,0
149748,5876,0,0.142857,0
57287,149,0,0.2,0
10925,13984,0,0.019608,0
21515,810,0,0.333333,0
16958,4302,0,0.076923,0
199180,24248,0,0.090909,0
41602,8424,0,0.333333,0
75456,2099,0,0.2,0
180116,5971,0,0.5,0
11802,8424,0,0.333333,0
23283,23731,0,1.0,1
32431,2597,0,0.5,0
141533,12945,0,0.25,0
128802,46906,0,1.0,1
77614,36550,0,0.333333,0
108854,34126,1,0.333333,0
190902,26209,0,1.0,1
49099,21903,0,1.0,1
169280,44882,0,0.076923,0
114225,7963,0,1.0,1
52919,32585,0,0.125,0
42783,13949,0,0.333333,0
25288,33768,0,1.0,1
63783,33716,0,0.2,0
33655,39799,0,0.1,0
57226,13717,0,1.0,1
167573,21616,0,1.0,1
202235,49176,0,1.0,1
198949,26604,0,1.0,1
30265,6638,0,0.333333,0
53671,6343,0,1.0,1
28294,40299,0,1.0,1
134191,19759,0,0.166667,0
182669,30764,0,0.1,0
173662,9807,0,0.055556,0
8365,43635,0,0.066667,0
118223,42625,0,0.066667,0
60821,35108,0,1.0,1
92932,43621,0,0.1,0
150768,1000,0,0.5,0
71310,35004,0,0.2,0
119966,44449,0,0.25,0
161619,43113,1,1.0,1
175454,40332,0,1.0,1
129234,28798,0,0.083333,0
79714,44961,0,0.125,0
190253,5322,0,0.045455,0
59095,26568,0,0.083333,0
195573,18656,0,0.2,0
150284,19443,0,0.333333,0
123920,28204,0,0.333333,0
51531,7649,0,0.052632,0
64246,8112,0,0.333333,0
169444,10060,0,0.166667,0
32968,16521,0,0.2,0
613,32134,0,1.0,1
74461,48717,0,0.2,0
54181,13176,0,0.5,0
97965,20632,0,0.066667,0
62834,3265,0,0.5,0
181646,17008,0,0.111111,0
12319,49383,0,0.02,0
65819,21184,0,0.083333,0
112707,44661,0,0.111111,0
118341,25691,0,0.166667,0
185719,37552,0,0.125,0
142523,35140,0,0.083333,0
177942,1999,0,0.125,0
20498,45578,0,1.0,1
134891,23909,0,1.0,1
109037,21137,0,1.0,1
100394,8518,0,0.333333,0
49633,27104,0,0.25,0
199678,9871,0,1.0,1
7549,2081,0,0.166667,0
160926,27999,0,0.125,0
117182,21019,0,1.0,1
2273,42828,0,0.25,0
185527,38650,0,1.0,1
172936,48370,0,0.333333,0
22484,34969,0,0.05,0
76107,23565,0,0.333333,0
113366,49296,0,0.25,0
24532,27440,0,0.25,0
178966,12385,0,0.011765,0
154792,48395,0,1.0,1
30012,14159,0,0.5,0
143701,39275,0,1.0,1
123544,5240,0,0.333333,0
170810,2314,0,0.2,0
182841,16262,0,0.142857,0
114229,23957,0,0.014706,0
186604,7403,0,0.090909,0
171008,18389,0,0.125,0
17121,35547,0,0.5,0
50180,49683,1,1.0,1
194432,36085,0,0.019608,0
121020,21137,0,0.25,0
187565,33401,0,0.2,0
139877,16797,0,0.076923,0
137435,20754,0,0.026316,0
55236,39928,0,0.2,0
83514,10749,0,1.0,1
97309,5134,0,0.03125,0
95264,3732,1,0.2,0
178443,26128,0,0.047619,0
172786,29447,1,0.5,0
199851,48733,1,0.5,0
4395,15290,0,0.25,0
103951,20842,0,0.014493,0
130936,28527,0,0.333333,0
109686,36599,0,0.066667,0
160022,36221,0,0.04,0
96577,3800,0,0.047619,0
154637,8939,0,0.2,0
50669,1025,0,0.25,0
110442,47141,0,0.012195,0
78934,13245,0,0.2,0
106423,47403,0,0.142857,0
90356,44389,0,0.333333,0
201640,14621,0,0.166667,0
101976,49185,0,0.023256,0
142794,46720,0,0.125,0
156613,16145,0,1.0,1
202252,27470,1,1.0,1
27592,16797,0,0.142857,0
186287,22935,0,0.5,0
10901,46979,0,1.0,1
144871,5303,0,0.142857,0
154063,23001,0,0.055556,0
194505,37288,0,0.047619,0
38720,16278,0,0.028571,0
101383,23165,0,0.058824,0
144305,33000,0,0.111111,0
140817,34656,1,0.333333,0
112674,41273,0,0.5,0
67259,36177,1,1.0,1
113176,24964,0,0.333333,0
73362,47516,0,0.333333,0
20700,46676,0,0.083333,0
26336,23898,0,0.333333,0
70799,47766,0,0.071429,0
81126,11973,0,0.25,0
14573,31717,0,0.090909,0
180803,1925,0,0.333333,0
127124,22736,0,0.0625,0
113310,47216,0,1.0,1
140866,47626,0,0.066667,0
47069,45002,0,0.02439,0
185215,42345,0,0.25,0
116217,47357,0,0.25,0
140316,45064,0,1.0,1
124710,5890,0,0.055556,0
154835,5450,0,0.2,0
60611,21938,0,0.25,0
41602,45774,0,0.25,0
9777,16797,0,1.0,1
53818,13176,0,1.0,1
161341,3969,0,0.333333,0
35576,4428,0,0.5,0
150101,25890,0,0.5,0
116309,27086,0,0.111111,0
166693,30489,0,0.111111,0
74009,46667,0,0.066667,0
112435,48335,0,0.25,0
202713,28934,0,0.027027,0
89556,35424,0,1.0,1
97822,39275,0,0.1,0
152795,17258,0,1.0,1
79151,37053,1,0.5,0
195434,19385,0,0.05,0
194140,41149,0,0.066667,0
41210,46969,0,0.25,0
68107,5214,0,1.0,1
144965,47766,0,0.5,0
110067,32110,0,0.166667,0
34970,31964,0,0.066667,0
81388,5380,0,0.2,0
189238,46616,0,0.066667,0
4518,26157,0,0.076923,0
92707,19660,1,1.0,1
89511,44457,0,0.034483,0
18805,46059,0,0.166667,0
119884,42445,0,0.142857,0
139426,14381,0,0.166667,0
51784,49131,0,0.25,0
59095,7054,0,0.047619,0
5203,5933,0,1.0,1
163383,32360,0,0.038462,0
78084,3808,0,0.5,0
96903,210,1,1.0,1
19916,26348,0,0.142857,0
166255,15904,0,0.125,0
56280,4605,0,0.333333,0
47948,21948,0,0.111111,0
66142,49481,0,0.125,0
6837,21704,0,0.125,0
172277,3442,0,0.125,0
171175,18288,0,0.058824,0
50621,21077,0,0.5,0
6417,26300,0,1.0,1
70381,44359,0,0.1,0
50830,2314,0,0.066667,0
82380,47119,1,1.0,1
185996,23909,0,0.083333,0
83202,41351,0,0.066667,0
127072,6795,1,0.111111,0
117908,2012,0,0.333333,0
120867,31343,0,0.111111,0
182045,20277,0,0.125,0
81625,33120,0,0.25,0
61850,44142,0,0.25,0
145851,277,0,0.166667,0
17509,28199,0,0.25,0
196604,47626,0,0.142857,0
164445,13242,0,0.2,0
40650,34625,0,1.0,1
97401,5605,0,0.018868,0
179253,12955,0,0.090909,0
116966,35547,0,0.333333,0
60362,1819,0,0.142857,0
74053,35734,0,0.142857,0
144869,24413,0,0.071429,0
88418,13198,0,0.076923,0
199767,41618,0,1.0,1
8563,41844,0,0.125,0
29265,5077,0,1.0,1
38826,13885,0,0.5,0
114516,7948,0,0.5,0
192289,27105,0,0.142857,0
29012,12409,0,0.111111,0
82818,33647,0,0.058824,0
18680,45066,0,0.25,0
195183,6631,0,0.333333,0
11250,10831,0,0.25,0
86463,2228,0,0.1,0
201833,40310,0,1.0,1
171557,17708,0,0.022222,0
79597,32079,0,1.0,1
98347,10831,0,0.2,0
140014,21351,0,0.066667,0
124893,13431,0,0.333333,0
66706,29307,0,1.0,1
28649,26604,0,0.333333,0
156665,10534,0,0.0625,0
91843,10957,1,1.0,1
9699,17360,0,1.0,1
101862,34519,0,0.25,0
46146,24390,0,0.090909,0
45268,43875,0,0.25,0
35406,12312,0,0.2,0
152592,42244,0,0.2,0
60040,7751,0,0.083333,0
54154,26317,0,0.090909,0
48610,35547,0,1.0,1
13522,46134,0,0.090909,0
68157,26576,0,0.1,0
204046,21938,0,0.25,0
177942,11005,0,0.2,0
152871,4009,0,0.058824,0
15160,30041,0,0.055556,0
146146,24413,0,0.066667,0
138762,25371,0,0.017857,0
31405,21174,0,0.032258,0
43381,47766,0,1.0,1
119113,27629,0,0.166667,0
199855,26131,0,0.071429,0
36824,36135,0,0.023256,0
132919,12427,0,0.034483,0
204638,27628,0,0.142857,0
173475,27521,0,0.1,0
60627,41006,0,0.041667,0
169150,34358,0,0.25,0
133018,28842,0,0.083333,0
191710,21903,0,0.25,0
70078,8654,0,0.111111,0
44108,47479,0,1.0,1
120117,28443,1,1.0,1
200820,28518,0,0.25,0
137814,31557,0,0.066667,0
107018,5451,0,0.5,0
190497,42265,0,0.166667,0
153343,31248,0,0.142857,0
132624,25199,0,0.25,0
1584,26317,0,1.0,1
26488,20670,0,0.166667,0
138731,32205,0,0.0625,0
91580,30746,1,1.0,1
10372,23588,0,0.111111,0
179206,12743,0,0.333333,0
16219,4470,0,1.0,1
16945,5878,0,0.333333,0
190519,32177,0,0.066667,0
89230,33636,0,1.0,1
130267,16464,0,0.05,0
152709,22671,0,0.076923,0
78084,22161,0,1.0,1
64120,8555,0,0.083333,0
83652,30271,0,0.071429,0
102549,29553,0,1.0,1
140269,35548,0,0.2,0
128473,14874,0,0.047619,0
84056,41148,0,0.25,0
127135,3931,0,0.25,0
161622,41811,0,0.333333,0
39752,42356,0,0.142857,0
109071,37029,1,1.0,1
115586,49174,0,0.142857,0
80653,28842,0,0.333333,0
121828,19894,1,1.0,1
54836,6105,1,1.0,1
120455,5785,0,0.111111,0
3275,28601,0,0.5,0
25467,7350,0,1.0,1
118816,39623,0,0.25,0
127497,46025,0,0.5,0
66758,31611,0,0.083333,0
101923,44661,0,0.333333,0
119146,40174,0,0.041667,0
91249,34175,0,0.2,0
195434,18376,0,0.2,0
203998,7177,0,0.090909,0
181479,5077,0,0.333333,0
204759,30305,0,0.125,0
153785,44310,1,1.0,1
120630,41593,0,1.0,1
69718,24852,0,0.25,0
25283,49198,0,0.1,0
142427,31955,0,0.015625,0
91682,42398,0,0.25,0
75111,21903,0,1.0,1
19498,41950,0,0.166667,0
135078,1463,0,0.111111,0
102655,49174,0,0.015873,0
128060,39097,0,0.166667,0
92022,15802,0,0.166667,0
13000,14927,0,0.166667,0
188267,27325,0,0.2,0
190404,49175,0,0.25,0
15559,43668,0,0.111111,0
103606,18359,0,0.0625,0
140006,20785,0,0.142857,0
26995,45948,0,0.5,0
101394,12431,0,0.05,0
82689,29987,1,0.5,0
186995,37646,0,0.076923,0
20501,21804,0,1.0,1
193700,3142,0,0.052632,0
120728,46802,0,0.2,0
64035,43086,0,1.0,1
103618,11006,0,0.5,0
130806,33279,0,0.333333,0
21189,10749,0,0.5,0
22506,40203,0,0.022222,0
35807,35939,0,0.125,0
105093,38779,0,0.333333,0
53001,32650,0,0.013333,0
162361,25640,0,0.166667,0
104124,24964,0,0.2,0
92399,17550,0,0.0625,0
78550,39275,0,0.052632,0
98005,4938,0,0.142857,0
117382,31662,0,1.0,1
187544,39993,0,0.25,0
197219,45819,0,0.333333,0
204823,9076,0,0.25,0
192487,34593,0,0.25,0
171855,31553,0,1.0,1
19958,20549,0,0.052632,0
97545,39558,0,0.1,0
167409,40878,0,0.25,0
43264,49620,0,0.5,0
29606,12341,1,0.5,0
65638,43352,0,0.25,0
155621,2825,0,1.0,1
18747,33808,0,1.0,1
150785,16541,1,0.5,0
178080,44325,0,0.021739,0
131246,40706,0,0.047619,0
88986,22206,0,0.071429,0
74158,44683,0,0.142857,0
32798,39275,0,1.0,1
193679,13997,0,0.125,0
92872,6846,0,0.2,0
182743,26209,0,0.2,0
37650,34433,0,0.052632,0
87672,26209,0,0.037037,0
18482,24427,0,0.04,0
113696,11869,0,0.166667,0
61626,4705,0,0.333333,0
187814,11827,0,0.041667,0
166976,15872,0,1.0,1
199776,27156,0,0.166667,0
138164,33129,0,0.5,0
153694,17157,0,1.0,1
75223,39984,0,0.0625,0
63688,17819,0,0.03125,0
25900,22206,0,0.111111,0
125182,36534,0,0.333333,0
109904,40571,0,0.090909,0
34179,45683,0,0.047619,0
112405,6474,0,0.125,0
95911,47196,0,1.0,1
50843,11090,0,0.2,0
91992,45683,0,0.05,0
71103,32537,0,0.1,0
136723,29662,0,0.166667,0
60112,43858,0,0.166667,0
111042,13966,0,1.0,1
165852,31683,0,0.076923,0
24337,41527,0,0.0625,0
117733,46616,0,0.090909,0
195990,4754,0,0.083333,0
134958,4500,0,1.0,1
171344,47185,0,0.5,0
205086,32478,1,0.333333,0
146000,7673,0,0.5,0
54628,49621,0,0.5,0
41898,24197,0,0.043478,0
105132,22890,0,0.333333,0
68495,13536,1,0.25,0
37676,40706,0,1.0,1
175809,15202,0,0.333333,0
104907,44912,0,0.333333,0
843,3896,0,0.5,0
163761,48765,0,0.038462,0
135893,21187,0,0.5,0
110442,22959,1,0.5,0
110315,18531,1,0.25,0
114963,33745,0,0.052632,0
9662,46402,0,1.0,1
130966,35149,0,0.25,0
53615,34551,0,0.25,0
49846,42460,0,0.5,0
86637,15478,0,0.5,0
174447,39408,0,0.25,0
198896,13575,0,0.026316,0
23350,23440,0,0.142857,0
190682,5450,0,1.0,1
47584,38739,0,0.058824,0
177889,19272,0,0.021277,0
140079,7969,0,0.333333,0
51206,28547,0,1.0,1
163406,47626,0,1.0,1
28759,29432,0,0.055556,0
101525,45664,0,0.333333,0
121202,41665,1,1.0,1
192818,10017,0,0.166667,0
30137,24184,0,0.333333,0
190798,8518,0,1.0,1
196408,5684,0,1.0,1
74469,4428,0,0.058824,0
184197,4605,1,0.2,0
86012,45200,0,0.333333,0
97168,34234,0,0.017544,0
6018,12910,0,1.0,1
95242,7478,0,0.5,0
176687,2535,0,0.5,0
113052,18727,0,0.5,0
160961,27392,0,0.03125,0
21507,13851,0,0.166667,0
39793,10957,0,0.25,0
78867,49075,0,0.035714,0
127523,44628,0,0.013699,0
10519,46047,0,0.020833,0
125355,45007,0,0.0625,0
127359,32099,0,1.0,1
143369,34946,0,0.071429,0
23280,36011,0,0.027027,0
19921,8320,0,0.125,0
115547,5757,0,0.5,0
150897,37646,0,0.2,0
3376,41787,0,0.333333,0
66984,27966,0,1.0,1
185909,40571,0,0.5,0
68160,12118,0,0.037037,0
122346,26219,0,0.2,0
96308,47626,0,0.142857,0
150982,6150,1,0.2,0
173945,20323,0,0.25,0
39832,21903,0,1.0,1
201947,31338,0,0.5,0
48369,27171,0,0.142857,0
31564,15519,0,0.5,0
85141,27796,0,0.5,0
106724,12813,0,0.1,0
172233,36923,0,0.142857,0
193708,34371,0,1.0,1
195527,25659,0,0.090909,0
172131,12078,0,1.0,1
76323,7923,0,0.035714,0
201014,3634,0,0.083333,0
24529,36082,0,0.090909,0
140702,23543,0,0.05,0
140292,9390,0,0.017544,0
46691,41006,0,0.027778,0
164858,48885,0,0.25,0
97319,5785,0,0.142857,0
10738,25659,0,0.1,0
1992,19976,0,0.090909,0
124352,6721,0,0.058824,0
139302,35898,0,0.066667,0
120157,31717,1,1.0,1
76323,43920,0,0.25,0
136370,28427,1,1.0,1
7878,44323,0,0.111111,0
164440,46505,0,0.5,0
121467,42699,0,0.5,0
56077,44628,0,0.2,0
110521,21603,1,1.0,1
77598,41844,0,0.5,0
86121,20995,0,0.166667,0
7006,37158,0,0.2,0
178367,41570,0,0.25,0
25425,8518,0,1.0,1
57752,9366,0,0.142857,0
23023,27881,0,0.037037,0
148237,11755,0,0.5,0
111073,14877,0,0.02439,0
148358,14126,0,0.029412,0
45195,37766,0,1.0,1
163506,40629,0,0.043478,0
92710,8803,0,0.166667,0
102127,45371,0,0.5,0
176504,44632,0,1.0,1
141879,11869,0,1.0,1
167988,11009,0,0.125,0
173488,46906,0,0.111111,0
180309,42282,1,0.142857,0
51770,37053,0,0.25,0
118837,29268,0,1.0,1
86693,21137,0,0.5,0
67975,9515,0,0.25,0
47940,36389,0,0.2,0
111128,17461,0,0.035714,0
171091,12285,0,0.111111,0
101496,40587,0,0.333333,0
188943,18200,0,0.5,0
38873,14540,0,0.027027,0
833,46820,1,0.1,0
28442,17568,0,0.142857,0
9566,27548,0,1.0,1
119424,37557,0,0.04,0
25471,15284,0,0.071429,0
79154,24989,0,0.166667,0
152547,31759,0,0.076923,0
175922,21137,0,0.111111,0
186227,48559,0,0.013699,0
103318,29127,0,0.066667,0
151737,24716,0,0.25,0
86907,33324,0,0.166667,0
160804,45321,0,0.2,0
19646,7628,0,1.0,1
162366,10831,0,0.5,0
201825,27104,1,0.25,0
197100,45007,0,0.026316,0
57272,22825,0,0.333333,0
202695,261,0,0.0625,0
136573,12493,0,0.142857,0
186227,7175,0,0.066667,0
117733,28928,0,0.2,0
200095,30287,0,0.25,0
37924,8239,0,0.5,0
110374,39812,0,0.142857,0
121097,39071,0,0.333333,0
31147,47537,0,0.5,0
70265,29565,0,0.5,0
21632,42106,0,0.037037,0
45582,9387,0,0.1,0
60624,19261,0,0.047619,0
78073,32734,0,1.0,1
38873,21903,0,0.028571,0
147290,1263,0,0.142857,0
4904,4605,0,0.076923,0
124501,17858,0,0.25,0
3571,21841,1,1.0,1
75863,49659,0,0.125,0
149143,16797,0,0.333333,0
194792,9464,0,0.090909,0
205031,45007,0,0.142857,0
187650,39812,0,0.035714,0
90208,39619,0,1.0,1
58936,44795,0,0.25,0
109806,36117,1,0.5,0
85464,27897,0,0.166667,0
4388,34969,0,1.0,1
171730,40490,0,0.5,0
56406,41950,0,1.0,1
198013,6994,0,0.052632,0
142050,27521,0,1.0,1
85257,11798,0,0.333333,0
10810,45748,0,0.25,0
136882,15672,0,0.5,0
138722,38583,0,0.083333,0
139483,30639,0,0.166667,0
146426,881,0,0.058824,0
146067,38293,0,0.2,0
78084,13230,0,1.0,1
16103,7461,0,0.142857,0
157339,34356,0,0.027778,0
43072,28465,0,0.066667,0
90520,26723,0,0.076923,0
66973,3480,0,0.333333,0
14133,21137,0,1.0,1
172755,40063,0,0.111111,0
85576,47014,0,0.041667,0
15503,6383,0,0.25,0
53535,15130,1,1.0,1
99277,19992,0,0.058824,0
34299,5250,0,0.5,0
143552,40706,0,0.029412,0
59354,29334,0,0.045455,0
84847,19048,0,0.125,0
188684,16462,0,0.142857,0
100936,43643,0,0.1,0
16219,34145,0,1.0,1
146826,5312,0,0.25,0
128941,21917,0,1.0,1
87063,46853,1,0.5,0
12661,669,0,0.076923,0
173435,38452,1,0.5,0
95879,20114,0,0.111111,0
153092,3957,0,0.333333,0
103493,49144,0,1.0,1
197970,21194,0,0.018519,0
146604,41950,0,1.0,1
39752,2097,0,0.076923,0
48308,6104,0,0.25,0
66631,32478,0,0.041667,0
49175,3990,0,0.2,0
22447,10749,0,0.166667,0
45410,42828,0,0.5,0
49543,22548,0,0.25,0
57177,18811,0,1.0,1
37915,34079,0,1.0,1
70495,5038,0,0.333333,0
145136,5794,0,0.166667,0
40210,12254,0,0.033333,0
119112,8955,0,0.5,0
30614,31844,0,0.032258,0
109650,42936,0,0.125,0
129116,33462,0,0.5,0
33736,24622,0,0.5,0
135238,16797,1,0.2,0
156668,20995,0,0.166667,0
130304,17824,0,0.090909,0
165707,10312,0,0.333333,0
159620,6187,0,0.02,0
114817,17619,0,0.090909,0
151418,2180,0,0.071429,0
128561,32184,0,0.02439,0
14392,28600,0,0.038462,0
148170,30353,1,0.333333,0
6419,32689,1,1.0,1
166717,46516,0,1.0,1
84412,16349,0,1.0,1
24873,20685,0,0.028571,0
161548,18659,0,0.166667,0
129050,36189,0,0.125,0
53004,24852,1,1.0,1
96193,40338,0,0.5,0
199369,18358,0,0.25,0
91406,24221,0,0.071429,0
199357,34243,0,0.04,0
142635,29987,0,0.05,0
35050,24035,0,1.0,1
112730,47626,0,0.333333,0
160507,32831,0,0.045455,0
82516,17526,0,0.045455,0
27518,16213,0,1.0,1
124132,33731,0,0.02439,0
141459,28204,0,0.5,0
176948,25408,0,0.142857,0
159101,5077,0,0.5,0
183569,30962,0,0.045455,0
114800,12409,0,0.142857,0
27952,49201,0,0.022727,0
139527,12015,0,0.047619,0
26443,25435,0,0.076923,0
19093,19283,0,0.5,0
26409,39099,0,0.5,0
182518,2443,0,0.125,0
57027,24390,0,0.030303,0
58129,37766,0,0.5,0
110374,44580,0,1.0,1
115904,41831,0,0.0625,0
55458,36695,0,0.166667,0
42676,46676,0,0.029412,0
149089,18479,1,0.125,0
145067,34214,0,0.066667,0
128215,10034,0,0.25,0
15586,5876,0,0.052632,0
55101,35050,0,0.142857,0
22140,24810,0,0.142857,0
10738,29398,0,0.023256,0
88273,44683,0,0.5,0
1401,2708,0,0.090909,0
25205,43654,0,0.027778,0
144305,41658,0,1.0,1
160379,12592,0,1.0,1
138115,47059,0,0.5,0
170364,38374,0,0.5,0
51719,44670,0,0.1,0
20962,38456,0,0.058824,0
51019,16349,0,0.2,0
60650,26604,0,0.05,0
21101,17008,0,1.0,1
118871,1787,0,0.1,0
170364,25919,0,1.0,1
49181,1203,0,0.041667,0
100536,9155,0,0.052632,0
72160,42240,0,1.0,1
188696,10017,1,0.333333,0
200508,22935,0,0.1,0
92880,32476,0,0.043478,0
97401,18288,0,0.019231,0
23797,20843,0,0.047619,0
12115,24750,0,0.025641,0
64047,27158,0,0.333333,0
192609,12456,0,0.045455,0
65243,25670,0,0.05,0
155042,42617,0,0.045455,0
138935,39821,0,0.076923,0
173426,41463,0,0.166667,0
140852,47962,0,0.0625,0
106093,29334,0,0.052632,0
164304,49030,0,0.1,0
108393,44728,0,1.0,1
56961,4853,1,1.0,1
30614,40678,0,0.5,0
88132,16823,0,0.5,0
165594,19340,0,0.333333,0
32694,37511,0,0.333333,0
117078,43713,0,0.25,0
11742,16759,0,0.5,0
58052,19446,0,0.0625,0
21647,10768,0,0.047619,0
199892,11408,0,0.076923,0
58765,27325,0,1.0,1
34696,10673,0,0.25,0
78139,6101,0,0.333333,0
95471,24185,0,0.5,0
119398,14992,0,0.1,0
127666,13380,0,0.25,0
76149,40268,0,0.052632,0
135429,30288,0,0.333333,0
44804,22935,0,0.333333,0
181892,4605,0,0.166667,0
135283,13369,0,1.0,1
53184,14705,0,0.333333,0
3779,24852,0,1.0,1
96954,28123,0,0.083333,0
193647,30849,0,0.010309,0
160656,14280,0,1.0,1
162834,29871,0,0.142857,0
149349,25,0,0.5,0
100176,19057,0,0.2,0
35404,691,0,0.0625,0
101231,4781,1,1.0,1
162693,48299,0,0.25,0
135662,26422,0,1.0,1
190562,18852,0,0.5,0
65065,32685,0,0.023256,0
80726,4857,0,0.5,0
142650,10755,1,0.05,0
152078,30066,0,0.1,0
22504,41474,0,0.018182,0
4788,4421,0,0.25,0
41602,33438,0,0.090909,0
121731,5971,0,0.333333,0
71151,13829,0,0.045455,0
30556,28603,0,1.0,1
50906,25965,0,0.25,0
94653,30363,0,0.2,0
78866,10212,0,0.25,0
25495,27796,0,0.076923,0
77590,37594,0,0.142857,0
82382,23734,0,1.0,1
178720,27783,0,0.142857,0
40279,311,0,0.015625,0
15454,45613,0,0.055556,0
154060,5818,0,0.090909,0
176404,28849,0,1.0,1
206045,28204,0,0.04,0
137532,31865,1,0.0625,0
139683,34099,0,0.058824,0
28815,7501,0,0.25,0
38365,4957,0,0.25,0
111782,40593,0,0.090909,0
96618,45066,0,1.0,1
66320,31654,0,0.5,0
141787,34220,0,0.2,0
5338,17149,0,0.029412,0
123235,22883,0,1.0,1
5844,25824,0,0.166667,0
153835,18434,1,0.125,0
154063,48645,0,0.027778,0
60554,12385,0,0.071429,0
72420,36004,0,0.166667,0
198102,43352,0,0.25,0
184881,41330,0,0.017544,0
55824,27690,0,1.0,1
183250,122,0,0.055556,0
103408,17862,0,0.333333,0
184306,2315,0,0.111111,0
135758,24184,0,0.142857,0
128849,49583,0,0.25,0
23029,21938,0,0.0125,0
99788,49075,0,0.0625,0
71731,2017,0,0.03125,0
68444,16249,1,1.0,1
163096,21376,0,0.052632,0
188318,26283,0,0.058824,0
9628,34545,0,0.25,0
29449,35336,0,0.055556,0
173177,35068,0,0.5,0
3443,14084,0,0.25,0
77012,36070,0,0.125,0
144940,49140,0,0.111111,0
29671,21472,0,1.0,1
99575,32467,0,0.090909,0
101012,14712,0,0.166667,0
147515,26767,0,1.0,1
186140,19627,1,1.0,1
101265,46906,0,0.5,0
141990,23765,0,1.0,1
86322,42445,0,0.017544,0
47461,2092,0,0.010989,0
137443,24852,1,1.0,1
16726,22745,0,1.0,1
204241,13176,0,0.125,0
51069,34584,0,0.02,0
139516,10243,0,0.25,0
53239,40001,1,1.0,1
93922,15610,0,0.047619,0
100730,46703,0,0.25,0
191563,40517,0,1.0,1
146904,20842,0,0.166667,0
6417,25745,0,0.014493,0
47076,7212,0,0.011905,0
24587,4446,0,0.038462,0
26225,19677,1,0.5,0
197558,6860,0,0.034483,0
185441,45495,0,0.052632,0
6837,24852,0,1.0,1
133665,12099,1,1.0,1
19581,46906,0,0.071429,0
141787,24020,0,0.333333,0
46826,17948,0,0.2,0
200108,35217,0,0.166667,0
46822,27463,0,1.0,1
203595,260,0,0.5,0
86968,24356,0,0.5,0
98163,34956,0,0.142857,0
84099,39558,0,0.1,0
71515,15891,0,0.090909,0
14737,49235,0,0.034483,0
4477,27596,0,0.028571,0
160749,41273,0,0.083333,0
168493,480,0,0.111111,0
188186,21137,0,0.076923,0
154771,26452,0,0.142857,0
112933,25067,0,0.5,0
8426,31343,0,0.5,0
160244,12016,0,0.066667,0
50796,40063,0,0.1,0
188390,45669,0,0.035714,0
80179,20549,0,0.015385,0
32980,31553,0,0.25,0
199180,23744,0,0.0625,0
110220,45757,0,0.166667,0
113241,1695,0,0.041667,0
12586,16349,0,0.333333,0
98617,9203,1,0.25,0
108196,35045,0,0.25,0
127625,30620,0,0.125,0
162566,44799,0,0.333333,0
36986,1025,0,0.333333,0
167824,15359,1,0.5,0
16837,3631,0,1.0,1
163096,8193,0,0.083333,0
9150,48438,0,0.2,0
54698,4942,0,0.142857,0
52133,29107,0,0.5,0
117736,36865,0,0.066667,0
123306,39275,1,1.0,1
151378,31391,0,0.333333,0
84615,17123,0,0.090909,0
93502,33957,0,0.019231,0
169635,27966,0,0.076923,0
72537,5077,0,0.333333,0
37777,20120,0,0.333333,0
77429,5390,0,0.035714,0
53004,25718,0,0.111111,0
203318,29722,0,0.125,0
12721,26405,0,0.166667,0
33470,10082,0,1.0,1
103703,1757,0,0.333333,0
50930,47526,0,0.125,0
6141,21903,0,0.090909,0
131348,27570,0,0.125,0
155428,21903,0,0.333333,0
96126,11068,0,0.25,0
105538,38739,0,0.333333,0
164677,25493,1,1.0,1
116219,42585,0,1.0,1
162350,2855,0,0.111111,0
53683,44765,1,0.5,0
178250,3583,0,0.25,0
69883,12341,0,0.2,0
198629,37388,0,1.0,1
3990,21461,0,0.333333,0
69116,3280,0,0.333333,0
112598,45002,0,0.25,0
140844,26209,0,0.333333,0
185546,35956,0,0.2,0
149159,7413,0,1.0,1
181528,28476,0,0.058824,0
173112,46175,0,0.083333,0
88091,33705,0,0.125,0
98199,44566,0,1.0,1
190713,33745,0,0.1,0
154826,27968,0,0.5,0
37502,23405,0,1.0,1
141939,10814,0,0.25,0
101975,33552,0,0.111111,0
23461,31872,0,0.333333,0
156581,7509,0,0.037037,0
91031,47672,0,0.111111,0
97345,42139,0,1.0,1
151994,16797,0,0.166667,0
5287,781,0,0.022727,0
76121,8174,0,0.333333,0
68835,27548,0,0.090909,0
143526,25671,0,0.035714,0
151089,35199,0,1.0,1
182440,40681,0,0.5,0
98491,30855,0,0.05,0
14577,13560,0,0.111111,0
94618,10749,0,0.1,0
107629,14129,0,0.0625,0
144836,32303,0,0.142857,0
190043,2447,0,0.142857,0
66304,34582,0,0.071429,0
196116,6046,0,1.0,1
188791,42736,1,0.25,0
127359,41966,0,0.043478,0
105805,20995,0,0.052632,0
151714,38531,0,0.5,0
32798,44632,0,1.0,1
203181,17429,0,0.083333,0
141844,21616,0,0.5,0
132919,26767,0,0.142857,0
148836,25745,0,0.166667,0
183691,19677,0,0.2,0
16958,3874,0,0.5,0
86951,35725,0,0.5,0
8492,3992,0,0.034483,0
31773,35951,0,0.076923,0
186696,34126,0,0.25,0
205821,34551,0,0.142857,0
142400,35748,0,0.038462,0
178791,33081,0,0.111111,0
35201,16145,0,0.0625,0
85827,20507,0,0.5,0
163464,30731,0,0.5,0
142863,12324,1,0.333333,0
80144,13885,0,0.02,0
167314,36186,0,0.2,0
101465,26301,0,0.25,0
203492,13380,0,1.0,1
156148,6473,1,1.0,1
58813,44089,0,0.25,0
198932,45007,0,0.125,0
41424,34668,0,0.142857,0
71,7911,0,0.125,0
36059,14852,0,0.2,0
53280,11121,0,1.0,1
117635,19706,0,0.333333,0
204307,32819,0,1.0,1
147618,44325,0,0.058824,0
179728,24830,0,1.0,1
150893,2314,0,0.071429,0
90669,41720,0,0.142857,0
71913,44142,0,0.5,0
55058,24622,0,0.25,0
106161,311,0,0.033333,0
188576,36307,0,1.0,1
186075,15987,0,0.5,0
203607,2380,0,0.125,0
93570,24964,0,0.125,0
57250,48634,1,0.5,0
142417,31726,0,0.25,0
7569,7969,0,0.2,0
160724,30057,0,0.2,0
133780,6873,0,0.045455,0
162614,42701,0,0.111111,0
31634,48523,0,0.166667,0
196674,14929,0,0.333333,0
126833,24184,1,1.0,1
1833,12779,1,0.333333,0
5589,4920,0,0.016949,0
194861,31486,0,0.1,0
180610,39993,0,0.25,0
181920,18159,0,0.090909,0
116553,23747,0,1.0,1
170542,48527,0,1.0,1
125769,25949,0,0.5,0
121036,27471,0,0.055556,0
180905,39275,0,0.038462,0
204937,40604,0,0.25,0
64879,35370,0,0.2,0
160166,14332,0,0.1,0
32517,30371,1,0.5,0
60627,22400,0,0.0625,0
71922,11996,0,0.2,0
73080,28785,0,0.022727,0
171616,38371,0,0.2,0
131459,21344,0,0.333333,0
187953,47089,0,0.071429,0
75988,39408,0,0.5,0
4131,4481,0,1.0,1
168449,4920,0,0.083333,0
203416,47766,0,0.5,0
4395,40332,0,0.5,0
127313,22952,0,0.038462,0
161895,40310,0,0.5,0
127746,41220,0,0.5,0
146833,10574,0,0.125,0
49983,23848,0,0.25,0
129015,605,0,0.166667,0
84588,26486,0,0.111111,0
84103,39929,0,0.166667,0
131794,37687,0,0.5,0
101136,35547,1,1.0,1
49470,14126,0,1.0,1
190862,45633,0,0.142857,0
167972,43087,0,0.5,0
92823,44359,0,1.0,1
133304,40516,0,0.5,0
58306,41960,1,1.0,1
78670,37654,0,0.125,0
199074,432,0,0.25,0
139086,42356,0,0.5,0
80747,33540,0,0.142857,0
71863,45,0,0.142857,0
104018,29460,0,0.142857,0
202799,34126,0,0.25,0
147885,35536,0,0.02439,0
140292,5892,0,0.016129,0
204536,5621,0,0.027778,0
175768,19057,0,0.142857,0
203721,45578,0,0.066667,0
161339,41570,0,0.045455,0
203507,5031,0,1.0,1
20031,11679,0,0.1,0
69173,18411,0,0.010753,0
168708,13225,0,1.0,1
186997,24841,0,0.5,0
31402,48679,1,0.111111,0
898,12614,0,0.033333,0
109415,19389,0,0.076923,0
72968,46962,0,0.055556,0
122361,7021,0,0.045455,0
195400,27695,1,1.0,1
53020,13660,0,0.125,0
56539,35042,0,0.2,0
204928,9225,0,0.111111,0
80423,7361,0,0.041667,0
172297,45599,0,0.2,0
124178,6871,0,0.333333,0
38235,35430,1,1.0,1
177224,46527,0,0.166667,0
156784,42757,0,0.090909,0
38316,36684,0,0.5,0
17059,19190,0,0.333333,0
106823,30489,0,1.0,1
2646,10798,0,0.25,0
180185,35494,0,0.076923,0
66621,5214,0,0.015385,0
178547,22963,0,0.1,0
53303,14351,0,0.333333,0
7526,3339,0,0.1,0
182179,23622,0,0.5,0
34635,12289,0,0.333333,0
21553,13176,0,1.0,1
95879,25890,0,0.333333,0
78670,34350,0,0.04,0
174908,34243,0,0.333333,0
43535,13163,0,0.333333,0
52167,29121,0,0.041667,0
148627,311,0,0.333333,0
82544,21511,0,0.037037,0
100565,21282,0,0.5,0
116063,1335,0,0.052632,0
193301,32109,0,0.111111,0
84845,25890,0,0.125,0
101602,15261,0,0.090909,0
31564,33572,0,1.0,1
127034,21543,0,0.029412,0
167294,14852,0,1.0,1
191334,35522,0,0.013514,0
135172,4145,0,1.0,1
130373,2109,0,0.333333,0
41939,42063,0,0.333333,0
106161,40334,0,0.026316,0
156905,45938,0,0.125,0
73947,28204,0,0.076923,0
149617,33825,0,1.0,1
89220,25247,0,0.333333,0
169409,39024,0,0.142857,0
132972,47526,0,0.111111,0
118672,28601,0,0.142857,0
67829,49683,0,0.030303,0
42029,26604,0,0.25,0
163023,10644,0,1.0,1
101911,44486,0,0.2,0
91486,27323,0,0.125,0
25067,14901,0,0.0625,0
113257,8205,0,0.142857,0
22707,6871,0,0.052632,0
125665,5652,0,0.5,0
18951,48364,0,1.0,1
112210,36640,0,1.0,1
59023,24964,0,0.0625,0
77434,27663,0,1.0,1
68165,43961,0,0.142857,0
8775,17794,0,0.1,0
75789,36809,0,0.038462,0
96001,18599,0,0.2,0
21686,3083,0,0.02439,0
107251,40198,0,0.25,0
105626,27690,0,0.030303,0
172357,29740,0,0.142857,0
162722,36735,0,0.019231,0
162677,8903,0,0.25,0
112511,20114,0,0.090909,0
111345,31343,0,0.5,0
49323,38558,1,0.5,0
205261,3829,0,0.052632,0
178739,27337,0,0.047619,0
71532,38015,0,0.090909,0
77275,47766,1,0.5,0
88093,15438,0,1.0,1
149499,4675,0,0.066667,0
6668,40761,0,0.333333,0
6527,33548,0,0.021739,0
196314,1202,0,0.010638,0
103003,2180,0,0.1,0
60604,38288,0,0.05,0
91840,5097,0,0.333333,0
197970,33953,0,0.0625,0
51443,43319,0,1.0,1
52194,27240,0,0.030303,0
11496,43721,0,0.25,0
153760,27370,0,0.125,0
133951,7854,0,0.142857,0
51531,28123,0,0.5,0
128380,44910,0,0.142857,0
4281,48523,0,0.018182,0
154621,46906,0,0.5,0
165095,14061,0,0.5,0
127735,26209,0,0.5,0
119781,49030,1,1.0,1
113591,47209,0,0.142857,0
131819,45603,0,0.333333,0
31456,27521,0,0.2,0
133246,17948,0,0.25,0
90216,11247,0,0.027027,0
44070,44293,0,0.058824,0
189430,49533,0,1.0,1
145437,4149,0,0.1,0
38281,8021,0,1.0,1
43608,31486,0,0.076923,0
162533,8694,0,0.0625,0
9213,18027,0,0.142857,0
88668,39108,1,1.0,1
128998,26592,0,0.083333,0
49695,31801,0,0.071429,0
136559,47156,0,0.5,0
49277,11631,0,1.0,1
155666,38164,0,0.5,0
136801,42447,0,0.02439,0
159797,25647,0,0.5,0
160926,35221,1,0.25,0
150533,18159,0,0.5,0
104186,19019,0,0.25,0
178966,2533,0,0.125,0
121090,13960,0,0.5,0
5848,42265,0,0.05,0
152235,37687,0,1.0,1
184881,45007,0,0.090909,0
25095,48370,0,0.5,0
83562,37933,0,0.015873,0
95402,38077,0,0.076923,0
109805,42625,0,1.0,1
117211,32650,0,0.5,0
18986,1940,0,0.125,0
139495,4544,0,0.022727,0
200416,21614,0,0.022727,0
22763,15386,0,1.0,1
168948,6184,0,1.0,1
162791,10895,0,0.5,0
134295,26104,0,0.076923,0
145654,21292,0,0.2,0
205563,12670,0,0.058824,0
160245,9934,0,0.03125,0
2248,23516,0,0.333333,0
145488,13042,0,1.0,1
16604,33352,0,0.2,0
37773,21903,0,0.5,0
123372,18656,0,1.0,1
134963,47284,0,0.333333,0
178080,32163,0,0.014286,0
112327,22825,0,0.076923,0
3480,23296,0,0.125,0
115621,34270,0,0.333333,0
54698,7781,0,0.25,0
37557,38293,0,0.058824,0
19141,12442,0,0.058824,0
144785,45570,0,0.125,0
186085,2237,0,0.1,0
93649,17553,0,0.142857,0
117708,2596,0,0.333333,0
171439,39059,0,0.2,0
30265,20382,0,0.066667,0
194576,10243,0,0.071429,0
38696,27336,0,1.0,1
104691,36615,0,0.5,0
121436,7930,0,0.071429,0
121766,19389,0,0.166667,0
133223,21137,0,0.111111,0
163102,1846,0,0.018182,0
139205,12167,0,0.076923,0
179323,18394,1,1.0,1
73680,8006,0,0.2,0
147575,20324,0,0.111111,0
195869,17119,0,0.111111,0
202394,10644,1,0.035714,0
151574,26425,0,0.03125,0
37809,22677,0,0.055556,0
158554,4699,0,0.166667,0
82544,46906,0,0.125,0
81603,33043,0,0.0625,0
103890,38118,0,0.034483,0
78879,2846,0,0.012346,0
81603,18288,1,1.0,1
99337,31651,0,0.5,0
135459,42625,0,1.0,1
135561,22395,0,0.047619,0
204165,43123,0,0.25,0
68294,28123,0,0.5,0
111618,48657,0,0.071429,0
104244,47626,0,0.066667,0
138839,27104,0,0.125,0
185454,43961,0,0.058824,0
70692,23576,0,0.25,0
173207,27243,0,0.333333,0
42906,17025,0,0.5,0
204076,39408,0,1.0,1
22292,13984,0,1.0,1
132654,18439,1,1.0,1
129474,39479,0,0.037037,0
48320,23375,0,1.0,1
156699,21268,0,0.076923,0
159240,24333,1,1.0,1
134153,19057,0,0.333333,0
7699,1219,0,0.111111,0
142746,20842,0,0.083333,0
85778,15200,1,0.25,0
169692,36393,0,0.166667,0
120488,9036,0,0.016667,0
12833,42013,0,0.076923,0
160556,17576,0,0.071429,0
182558,48034,0,0.012658,0
149647,44461,0,1.0,1
31939,12381,0,0.02381,0
6321,16965,0,0.5,0
131501,6343,0,0.066667,0
100330,5876,0,0.166667,0
181405,29251,0,0.05,0
72764,28443,0,0.1,0
111902,44560,0,0.333333,0
185127,37524,0,1.0,1
146625,7704,0,0.012048,0
147826,27336,0,0.166667,0
16345,40545,0,0.05,0
14747,37001,0,0.047619,0
184834,7598,0,0.333333,0
137850,26209,0,0.071429,0
77989,5390,0,0.25,0
99471,36640,0,0.1,0
74570,43789,0,0.125,0
202568,30135,0,1.0,1
15229,4302,0,0.014493,0
183345,5479,0,0.5,0
127034,39639,0,0.5,0
160294,22713,0,0.25,0
103547,9058,0,0.04,0
28435,8174,0,0.142857,0
94285,49383,0,0.066667,0
91377,25753,0,1.0,1
200789,45005,0,0.5,0
48744,10070,0,0.043478,0
50721,7021,0,0.166667,0
130687,14197,0,0.1,0
64470,29744,0,0.5,0
178791,14419,0,0.142857,0
124220,49497,0,0.142857,0
126230,24521,1,0.5,0
9036,36076,0,0.25,0
134776,27104,0,0.2,0
202558,40914,0,0.0625,0
165585,24009,0,0.333333,0
122883,95,0,0.083333,0
108472,33671,0,0.055556,0
82585,45616,0,1.0,1
57800,39024,0,0.055556,0
53507,21903,0,1.0,1
137104,5373,0,1.0,1
153743,24852,0,1.0,1
104167,41828,0,0.333333,0
75912,21616,0,1.0,1
54135,9955,0,1.0,1
59985,45504,0,1.0,1
3485,9547,0,0.025641,0
133592,42858,0,0.333333,0
58701,38274,0,0.333333,0
5189,20178,0,0.015625,0
196314,11542,0,0.125,0
121860,12246,0,0.5,0
24268,123,0,0.333333,0
141321,35217,0,0.058824,0
174991,5612,0,0.090909,0
201308,27323,0,0.333333,0
95477,33000,1,0.125,0
68308,26344,0,1.0,1
3649,33682,0,1.0,1
162312,45253,0,0.5,0
128332,17122,1,1.0,1
167263,34358,0,0.333333,0
64223,47209,0,0.035714,0
124250,30233,1,1.0,1
193735,37460,0,0.25,0
21463,44359,0,0.047619,0
132638,10246,0,1.0,1
36478,30500,0,0.1,0
63254,12916,0,0.111111,0
72683,33552,0,0.142857,0
127673,18465,0,1.0,1
182607,22524,0,0.04,0
80750,47485,0,1.0,1
189926,46516,0,0.5,0
38032,41,0,0.142857,0
158384,46932,0,0.333333,0
121486,22417,0,0.2,0
203565,9390,0,0.5,0
161264,44359,0,0.166667,0
171386,38689,0,0.333333,0
174215,26152,0,0.5,0
28470,29127,0,0.027778,0
157279,41373,0,0.333333,0
